#include <lvgl.h>

static const uint8_t velaguard_img_alarm_clock_0_data[] =
{
  0x00, 0x00, 0x00, 0x00, 0x00, 0x00, 0x00, 0x00, 0x00, 0x00, 0x00, 0x00, 0x00, 0x00, 0x00, 0x00,
  0x00, 0x00, 0x00, 0x00, 0x00, 0x00, 0x00, 0x00, 0x00, 0x00, 0x00, 0x00, 0x00, 0x00, 0x00, 0x00,
  0x00, 0x00, 0x00, 0x00, 0x00, 0x00, 0x00, 0x00, 0x00, 0x00, 0x00, 0x00, 0x00, 0x00, 0x00, 0x00,
  0x00, 0x00, 0x00, 0x00, 0x00, 0x00, 0x00, 0x00, 0x00, 0x00, 0x00, 0x00, 0x00, 0x00, 0x00, 0x00,
  0x00, 0x00, 0x00, 0x00, 0x00, 0x00, 0x00, 0x00, 0x00, 0x00, 0x00, 0x00, 0x00, 0x00, 0x00, 0x00,
  0x00, 0x00, 0x00, 0x00, 0x00, 0x00, 0x00, 0x00, 0x00, 0x00, 0x00, 0x00, 0x00, 0x00, 0x00, 0x00,
  0x00, 0x00, 0x00, 0x00, 0x00, 0x00, 0x00, 0x00, 0x00, 0x00, 0x00, 0x00, 0x00, 0x00, 0x00, 0x00,
  0x00, 0x00, 0x00, 0x00, 0x00, 0x00, 0x00, 0x00, 0x00, 0x00, 0x00, 0x00, 0x00, 0x00, 0x00, 0x00,
  0x00, 0x00, 0x00, 0x00, 0x00, 0x00, 0x00, 0x00, 0x00, 0x00, 0x00, 0x00, 0x00, 0x00, 0x00, 0x00,
  0x00, 0x00, 0x00, 0x00, 0x00, 0x00, 0x00, 0x00, 0x00, 0x00, 0x00, 0x00, 0x00, 0x00, 0x00, 0x00,
  0x00, 0x00, 0x00, 0x00, 0x00, 0x00, 0x00, 0x00, 0x00, 0x00, 0x00, 0x00, 0x00, 0x00, 0x00, 0x00,
  0x00, 0x00, 0x00, 0x00, 0x00, 0x00, 0x00, 0x00, 0x00, 0x00, 0x00, 0x00, 0x00, 0x00, 0x00, 0x00,
  0x00, 0x00, 0x00, 0x00, 0x00, 0x00, 0x00, 0x00, 0x00, 0x00, 0x00, 0x00, 0x00, 0x00, 0x00, 0x00,
  0x00, 0x00, 0x00, 0x00, 0x00, 0x00, 0x00, 0x00, 0x00, 0x00, 0x00, 0x00, 0x00, 0x00, 0x00, 0x00,
  0x00, 0x00, 0x00, 0x00, 0x00, 0x00, 0x00, 0x00, 0x00, 0x00, 0x00, 0x00, 0x00, 0x00, 0x00, 0x00,
  0x00, 0x00, 0x00, 0x00, 0x00, 0x00, 0x00, 0x00, 0x00, 0x00, 0x00, 0x00, 0x00, 0x00, 0x00, 0x00,
  0x00, 0x00, 0x00, 0x00, 0x00, 0x00, 0x00, 0x00, 0x00, 0x00, 0x00, 0x00, 0x00, 0x00, 0x00, 0x00,
  0x00, 0x00, 0x00, 0x00, 0x00, 0x00, 0x00, 0x00, 0x00, 0x00, 0x00, 0x00, 0x00, 0x00, 0x00, 0x00,
  0x00, 0x00, 0x00, 0x00, 0x00, 0x00, 0x00, 0x00, 0x00, 0x00, 0x00, 0x00, 0x00, 0x00, 0x00, 0x00,
  0x00, 0x00, 0x00, 0x00, 0x00, 0x00, 0x00, 0x00, 0x00, 0x00, 0x00, 0x00, 0x00, 0x00, 0x00, 0x00,
  0x00, 0x00, 0x00, 0x00, 0x00, 0x00, 0x00, 0x00, 0x00, 0x00, 0x00, 0x00, 0x00, 0x00, 0x00, 0x00,
  0x00, 0x00, 0x00, 0x00, 0x00, 0x00, 0x00, 0x00, 0x00, 0x00, 0x00, 0x00, 0x00, 0x00, 0x00, 0x00,
  0x00, 0x00, 0x00, 0x00, 0x00, 0x00, 0x00, 0x00, 0x00, 0x00, 0x00, 0x00, 0x00, 0x00, 0x00, 0x00,
  0x00, 0x00, 0x00, 0x00, 0x00, 0x00, 0x00, 0x00, 0x00, 0x00, 0x00, 0x00, 0x00, 0x00, 0x00, 0x00,
  0x00, 0x00, 0x00, 0x00, 0x00, 0x00, 0x00, 0x00, 0x00, 0x00, 0x00, 0x00, 0x00, 0x00, 0x00, 0x00,
  0x00, 0x00, 0x00, 0x00, 0x00, 0x00, 0x00, 0x00, 0x00, 0x00, 0x00, 0x00, 0x00, 0x00, 0x00, 0x00,
  0x00, 0x00, 0x00, 0x00, 0x00, 0x00, 0x00, 0x00, 0x00, 0x00, 0x00, 0x00, 0x00, 0x00, 0x00, 0x00,
  0x00, 0x00, 0x00, 0x00, 0x00, 0x00, 0x00, 0x00, 0x00, 0x00, 0x00, 0x00, 0x00, 0x00, 0x00, 0x00,
  0x00, 0x00, 0x00, 0x00, 0x00, 0x00, 0x00, 0x00, 0x00, 0x00, 0x00, 0x00, 0x00, 0x00, 0x00, 0x00,
  0x00, 0x00, 0x00, 0x00, 0x00, 0x00, 0x00, 0x00, 0x00, 0x00, 0x00, 0x00, 0x00, 0x00, 0x00, 0x00,
  0x00, 0x00, 0x00, 0x00, 0x00, 0x00, 0x00, 0x00, 0x00, 0x00, 0x00, 0x00, 0x00, 0x00, 0x00, 0x00,
  0x00, 0x00, 0x00, 0x00, 0x00, 0x00, 0x00, 0x00, 0x00, 0x00, 0x00, 0x00, 0x00, 0x00, 0x00, 0x00,
  0x00, 0x00, 0x00, 0x00, 0x00, 0x00, 0x00, 0x00, 0x00, 0x00, 0x00, 0x00, 0x00, 0x00, 0x00, 0x00,
  0x00, 0x00, 0x00, 0x00, 0x00, 0x00, 0x00, 0x00, 0x00, 0x00, 0x00, 0x00, 0x00, 0x00, 0x00, 0x00,
  0x00, 0x00, 0x00, 0x00, 0x00, 0x00, 0x00, 0x00, 0x00, 0x00, 0x00, 0x00, 0x00, 0x00, 0x00, 0x00,
  0x00, 0x00, 0x00, 0x00, 0x00, 0x00, 0x00, 0x00, 0x00, 0x00, 0x00, 0x00, 0x00, 0x00, 0x00, 0x00,
  0x00, 0x00, 0x00, 0x00, 0x00, 0x00, 0x00, 0x00, 0x00, 0x00, 0x00, 0x00, 0x00, 0x00, 0x00, 0x00,
  0x00, 0x00, 0x00, 0x00, 0x00, 0x00, 0x00, 0x00, 0x00, 0x00, 0x00, 0x00, 0x00, 0x00, 0x00, 0x00,
  0x00, 0x00, 0x00, 0x00, 0x00, 0x00, 0x00, 0x00, 0x00, 0x00, 0x00, 0x00, 0x00, 0x00, 0x00, 0x00,
  0x00, 0x00, 0x00, 0x00, 0x00, 0x00, 0x00, 0x00, 0x00, 0x00, 0x00, 0x00, 0x00, 0x00, 0x00, 0x00,
  0x00, 0x00, 0x00, 0x00, 0x00, 0x00, 0x00, 0x00, 0x00, 0x00, 0x00, 0x00, 0x00, 0x00, 0x00, 0x00,
  0x00, 0x00, 0x00, 0x00, 0x00, 0x00, 0x00, 0x00, 0x00, 0x00, 0x00, 0x00, 0x00, 0x00, 0x00, 0x00,
  0x00, 0x00, 0x00, 0x00, 0x00, 0x00, 0x00, 0x00, 0x00, 0x00, 0x00, 0x00, 0x00, 0x00, 0x00, 0x00,
  0x00, 0x00, 0x00, 0x00, 0x00, 0x00, 0x00, 0x00, 0x00, 0x00, 0x00, 0x00, 0x00, 0x00, 0x00, 0x00,
  0x00, 0x00, 0x00, 0x00, 0x00, 0x00, 0x00, 0x00, 0x00, 0x00, 0x00, 0x00, 0x00, 0x00, 0x00, 0x00,
  0x00, 0x00, 0x00, 0x00, 0x00, 0x00, 0x00, 0x00, 0x00, 0x00, 0x00, 0x00, 0x00, 0x00, 0x00, 0x00,
  0x00, 0x00, 0x00, 0x00, 0x00, 0x00, 0x00, 0x00, 0x00, 0x00, 0x00, 0x00, 0x00, 0x00, 0x00, 0x00,
  0x00, 0x00, 0x00, 0x00, 0x00, 0x00, 0x00, 0x00, 0x00, 0x00, 0x00, 0x00, 0x00, 0x00, 0x00, 0x00,
  0x00, 0x00, 0x00, 0x00, 0x00, 0x00, 0x00, 0x00, 0x00, 0x00, 0x00, 0x00, 0x00, 0x00, 0x00, 0x00,
  0x00, 0x00, 0x00, 0x00, 0x00, 0x00, 0x00, 0x00, 0x00, 0x00, 0x00, 0x00, 0x00, 0x00, 0x00, 0x00,
  0x00, 0x00, 0x00, 0x00, 0x00, 0x00, 0x00, 0x00, 0x00, 0x00, 0x00, 0x00, 0x00, 0x00, 0x00, 0x00,
  0x00, 0x00, 0x00, 0x00, 0x00, 0x00, 0x00, 0x00, 0x00, 0x00, 0x00, 0x00, 0x00, 0x00, 0x00, 0x00,
  0x00, 0x00, 0x00, 0x00, 0x00, 0x00, 0x00, 0x00, 0x00, 0x00, 0x00, 0x00, 0x00, 0x00, 0x00, 0x00,
  0x00, 0x00, 0x00, 0x00, 0x00, 0x00, 0x00, 0x00, 0x00, 0x00, 0x00, 0x00, 0x00, 0x00, 0x00, 0x00,
  0x00, 0x00, 0x00, 0x00, 0x00, 0x00, 0x00, 0x00, 0x00, 0x00, 0x00, 0x00, 0x00, 0x00, 0x00, 0x00,
  0x00, 0x00, 0x00, 0x00, 0x00, 0x00, 0x00, 0x00, 0x00, 0x00, 0x00, 0x00, 0x00, 0x00, 0x00, 0x00,
  0x00, 0x00, 0x00, 0x00, 0x00, 0x00, 0x00, 0x00, 0x00, 0x00, 0x00, 0x00, 0x00, 0x00, 0x00, 0x00,
  0x00, 0x00, 0x00, 0x00, 0x00, 0x00, 0x00, 0x00, 0x00, 0x00, 0x00, 0x00, 0x00, 0x00, 0x00, 0x00,
  0x00, 0x00, 0x00, 0x00, 0x00, 0x00, 0x00, 0x00, 0x00, 0x00, 0x00, 0x00, 0x00, 0x00, 0x00, 0x00,
  0x00, 0x00, 0x00, 0x00, 0x00, 0x00, 0x00, 0x00, 0x00, 0x00, 0x00, 0x00, 0x00, 0x00, 0x00, 0x00,
  0x00, 0x00, 0x00, 0x00, 0x00, 0x00, 0x00, 0x00, 0x00, 0x00, 0x00, 0x00, 0x00, 0x00, 0x00, 0x00,
  0x00, 0x00, 0x00, 0x00, 0x00, 0x00, 0x00, 0x00, 0x00, 0x00, 0x00, 0x00, 0x00, 0x00, 0x00, 0x00,
  0x00, 0x00, 0x00, 0x00, 0x00, 0x00, 0x00, 0x00, 0x00, 0x00, 0x00, 0x00, 0x00, 0x00, 0x00, 0x00,
  0x00, 0x00, 0x00, 0x00, 0x00, 0x00, 0x00, 0x00, 0x00, 0x00, 0x00, 0x00, 0x00, 0x00, 0x00, 0x00,
  0x00, 0x00, 0x00, 0x00, 0x00, 0x00, 0x00, 0x00, 0x00, 0x00, 0x00, 0x00, 0x00, 0x00, 0x00, 0x00,
  0x00, 0x00, 0x00, 0x00, 0x00, 0x00, 0x00, 0x00, 0x00, 0x00, 0x00, 0x00, 0x00, 0x00, 0x00, 0x00,
  0x00, 0x00, 0x00, 0x00, 0x00, 0x00, 0x00, 0x00, 0x00, 0x00, 0x00, 0x00, 0x00, 0x00, 0x00, 0x00,
  0x00, 0x00, 0x00, 0x00, 0x00, 0x00, 0x00, 0x00, 0x00, 0x00, 0x00, 0x00, 0x00, 0x00, 0x00, 0x00,
  0x00, 0x00, 0x00, 0x00, 0x00, 0x00, 0x00, 0x00, 0x00, 0x00, 0x00, 0x00, 0x00, 0x00, 0x00, 0x00,
  0x00, 0x00, 0x00, 0x00, 0x00, 0x00, 0x00, 0x00, 0x00, 0x00, 0x00, 0x00, 0x00, 0x00, 0x00, 0x00,
  0x00, 0x00, 0x00, 0x00, 0x00, 0x00, 0x00, 0x00, 0x00, 0x00, 0x00, 0x00, 0x00, 0x00, 0x00, 0x00,
  0x00, 0x00, 0x00, 0x00, 0x00, 0x00, 0x00, 0x00, 0x00, 0x00, 0x00, 0x00, 0x00, 0x00, 0x00, 0x00,
  0x00, 0x00, 0x00, 0x00, 0x00, 0x00, 0x00, 0x00, 0x00, 0x00, 0x00, 0x00, 0x00, 0x00, 0x00, 0x00,
  0x00, 0x00, 0x00, 0x00, 0x00, 0x00, 0x00, 0x00, 0x00, 0x00, 0x00, 0x00, 0x00, 0x00, 0x00, 0x00,
  0x00, 0x00, 0x00, 0x00, 0x00, 0x00, 0x00, 0x00, 0x00, 0x00, 0x00, 0x00, 0x00, 0x00, 0x00, 0x00,
  0x00, 0x00, 0x00, 0x00, 0x00, 0x00, 0x00, 0x00, 0x00, 0x00, 0x00, 0x00, 0x00, 0x00, 0x00, 0x00,
  0x00, 0x00, 0x00, 0x00, 0x00, 0xff, 0xff, 0x01, 0x55, 0xff, 0xff, 0x03, 0x55, 0xff, 0xff, 0x03,
  0x55, 0xff, 0xff, 0x03, 0x55, 0xff, 0xff, 0x03, 0x00, 0xff, 0xff, 0x01, 0x00, 0x00, 0x00, 0x00,
  0x00, 0x00, 0x00, 0x00, 0x00, 0x00, 0x00, 0x00, 0x00, 0x00, 0x00, 0x00, 0x00, 0x00, 0x00, 0x00,
  0x00, 0x00, 0x00, 0x00, 0x00, 0x00, 0x00, 0x00, 0x00, 0x00, 0x00, 0x00, 0x00, 0x00, 0x00, 0x00,
  0x00, 0x00, 0x00, 0x00, 0x00, 0x00, 0x00, 0x00, 0x00, 0x00, 0x00, 0x00, 0x00, 0x00, 0x00, 0x00,
  0x00, 0x00, 0x00, 0x00, 0x00, 0x00, 0x00, 0x00, 0x00, 0x00, 0x00, 0x00, 0x00, 0x00, 0x00, 0x00,
  0x00, 0x00, 0x00, 0x00, 0x00, 0x00, 0x00, 0x00, 0x00, 0x00, 0x00, 0x00, 0x00, 0x00, 0x00, 0x00,
  0x00, 0x00, 0x00, 0x00, 0x00, 0x00, 0x00, 0x00, 0x00, 0x00, 0x00, 0x00, 0x00, 0x00, 0x00, 0x00,
  0x00, 0x00, 0x00, 0x00, 0x00, 0x00, 0x00, 0x00, 0x00, 0x00, 0x00, 0x00, 0x00, 0x00, 0x00, 0x00,
  0x00, 0x00, 0x00, 0x00, 0x00, 0x00, 0x00, 0x00, 0x00, 0x00, 0x00, 0x00, 0x00, 0x00, 0x00, 0x00,
  0x00, 0x00, 0x00, 0x00, 0x00, 0x00, 0x00, 0x00, 0x00, 0x00, 0x00, 0x00, 0x00, 0x00, 0x00, 0x00,
  0x00, 0x00, 0x00, 0x00, 0x00, 0x00, 0x00, 0x00, 0x00, 0x00, 0x00, 0x00, 0x00, 0x00, 0x00, 0x00,
  0x00, 0x00, 0x00, 0x00, 0x00, 0x00, 0x00, 0x00, 0x00, 0x00, 0x00, 0x00, 0x00, 0x00, 0x00, 0x00,
  0x00, 0x00, 0x00, 0x00, 0x00, 0x00, 0x00, 0x00, 0x00, 0x00, 0x00, 0x00, 0x00, 0x00, 0x00, 0x00,
  0x00, 0x00, 0x00, 0x00, 0x00, 0x00, 0x00, 0x00, 0x00, 0x00, 0x00, 0x00, 0x00, 0x00, 0x00, 0x00,
  0x00, 0x00, 0x00, 0x00, 0x00, 0x00, 0x00, 0x00, 0x00, 0x00, 0x00, 0x00, 0x00, 0x00, 0x00, 0x00,
  0x00, 0x00, 0x00, 0x00, 0x00, 0x00, 0x00, 0x00, 0x00, 0x00, 0x00, 0x00, 0x00, 0x00, 0x00, 0x00,
  0x00, 0x00, 0x00, 0x00, 0x00, 0x00, 0x00, 0x00, 0x00, 0x00, 0x00, 0x00, 0x00, 0x00, 0x00, 0x00,
  0x00, 0x00, 0x00, 0x00, 0x00, 0x00, 0x00, 0x00, 0x00, 0x00, 0x00, 0x00, 0x00, 0x00, 0x00, 0x00,
  0x00, 0x00, 0x00, 0x00, 0x00, 0x00, 0x00, 0x00, 0x00, 0x00, 0x00, 0x00, 0x00, 0x00, 0x00, 0x00,
  0x00, 0x00, 0x00, 0x00, 0x00, 0x00, 0x00, 0x00, 0x00, 0x00, 0x00, 0x00, 0x00, 0x00, 0x00, 0x00,
  0x00, 0x00, 0x00, 0x00, 0x00, 0x00, 0x00, 0x00, 0x00, 0x00, 0x00, 0x00, 0x00, 0x00, 0x00, 0x00,
  0x55, 0xaa, 0xff, 0x03, 0x00, 0x00, 0x00, 0x00, 0x00, 0x00, 0x00, 0x00, 0x00, 0x00, 0x00, 0x00,
  0x00, 0x00, 0x00, 0x00, 0x00, 0x00, 0x00, 0x00, 0x00, 0x00, 0x00, 0x00, 0x55, 0xaa, 0xff, 0x03,
  0x00, 0x00, 0x00, 0x00, 0x00, 0x00, 0x00, 0x00, 0x00, 0x00, 0x00, 0x00, 0x00, 0x00, 0x00, 0x00,
  0x00, 0x00, 0x00, 0x00, 0x00, 0x00, 0x00, 0x00, 0x00, 0x00, 0x00, 0x00, 0x00, 0x00, 0x00, 0x00,
  0x00, 0x00, 0x00, 0x00, 0x00, 0x00, 0x00, 0x00, 0x00, 0x00, 0x00, 0x00, 0x00, 0x00, 0x00, 0x00,
  0x00, 0x00, 0x00, 0x00, 0x00, 0x00, 0x00, 0x00, 0x00, 0x00, 0x00, 0x00, 0x00, 0x00, 0x00, 0x00,
  0x00, 0x00, 0x00, 0x00, 0x00, 0x00, 0x00, 0x00, 0x00, 0x00, 0x00, 0x00, 0x00, 0x00, 0x00, 0x00,
  0x00, 0x00, 0x00, 0x00, 0x00, 0x00, 0x00, 0x00, 0x00, 0x00, 0x00, 0x00, 0x00, 0x00, 0x00, 0x00,
  0x00, 0x00, 0x00, 0x00, 0x00, 0x00, 0x00, 0x00, 0x00, 0x00, 0x00, 0x00, 0x00, 0x00, 0x00, 0x00,
  0x00, 0x00, 0x00, 0x00, 0x00, 0x00, 0x00, 0x00, 0x00, 0x00, 0x00, 0x00, 0x00, 0x00, 0x00, 0x00,
  0x00, 0x00, 0x00, 0x00, 0x00, 0x00, 0x00, 0x00, 0x00, 0x00, 0x00, 0x00, 0x00, 0x00, 0x00, 0x00,
  0x00, 0x00, 0x00, 0x00, 0x00, 0x00, 0x00, 0x00, 0x00, 0x00, 0x00, 0x00, 0x00, 0x00, 0x00, 0x00,
  0x00, 0x00, 0x00, 0x00, 0x00, 0x00, 0x00, 0x00, 0x00, 0x00, 0x00, 0x00, 0x00, 0x00, 0x00, 0x00,
  0x00, 0x00, 0x00, 0x00, 0x00, 0x00, 0x00, 0x00, 0x00, 0x00, 0x00, 0x00, 0x00, 0x00, 0x00, 0x00,
  0x00, 0x00, 0x00, 0x00, 0x00, 0x00, 0x00, 0x00, 0x00, 0x00, 0x00, 0x00, 0x00, 0x00, 0x00, 0x00,
  0x00, 0x00, 0x00, 0x00, 0x00, 0x00, 0x00, 0x00, 0x00, 0x00, 0x00, 0x00, 0x00, 0x00, 0x00, 0x00,
  0x00, 0x00, 0x00, 0x00, 0x00, 0x00, 0x00, 0x00, 0x00, 0x00, 0x00, 0x00, 0x00, 0x00, 0x00, 0x00,
  0x00, 0x00, 0x00, 0x00, 0x00, 0x00, 0x00, 0x00, 0x00, 0x00, 0x00, 0x00, 0x00, 0x00, 0x00, 0x00,
  0x00, 0x00, 0x00, 0x00, 0x00, 0x00, 0x00, 0x00, 0x00, 0x00, 0x00, 0x00, 0x00, 0x00, 0x00, 0x00,
  0x00, 0x00, 0x00, 0x00, 0x00, 0x00, 0x00, 0x00, 0x00, 0x00, 0x00, 0x00, 0x00, 0x00, 0x00, 0x00,
  0x00, 0x00, 0x00, 0x00, 0x00, 0x00, 0x00, 0x00, 0x00, 0x00, 0x00, 0x00, 0x00, 0x00, 0x00, 0x00,
  0x00, 0x00, 0x00, 0x00, 0x00, 0x00, 0x00, 0x00, 0x00, 0x00, 0x00, 0x00, 0x7f, 0xff, 0xff, 0x02,
  0x00, 0x00, 0x00, 0x00, 0x63, 0xc6, 0xff, 0x12, 0x64, 0xce, 0xff, 0x54, 0x63, 0xcb, 0xff, 0x7b,
  0x63, 0xcb, 0xff, 0x7b, 0x64, 0xce, 0xff, 0x54, 0x63, 0xc6, 0xff, 0x12, 0x00, 0x00, 0x00, 0x00,
  0x7f, 0xff, 0xff, 0x02, 0x00, 0x00, 0x00, 0x00, 0x00, 0x00, 0x00, 0x00, 0x00, 0x00, 0x00, 0x00,
  0x00, 0x00, 0x00, 0x00, 0x00, 0x00, 0x00, 0x00, 0x00, 0x00, 0x00, 0x00, 0x00, 0x00, 0x00, 0x00,
  0x00, 0x00, 0x00, 0x00, 0x00, 0x00, 0x00, 0x00, 0x00, 0x00, 0x00, 0x00, 0x00, 0x00, 0x00, 0x00,
  0x00, 0x00, 0x00, 0x00, 0x00, 0x00, 0x00, 0x00, 0x00, 0x00, 0x00, 0x00, 0x00, 0x00, 0x00, 0x00,
  0x00, 0x00, 0x00, 0x00, 0x00, 0x00, 0x00, 0x00, 0x00, 0x00, 0x00, 0x00, 0x00, 0x00, 0x00, 0x00,
  0x00, 0x00, 0x00, 0x00, 0x00, 0x00, 0x00, 0x00, 0x00, 0x00, 0x00, 0x00, 0x00, 0x00, 0x00, 0x00,
  0x00, 0x00, 0x00, 0x00, 0x00, 0x00, 0x00, 0x00, 0x00, 0x00, 0x00, 0x00, 0x00, 0x00, 0x00, 0x00,
  0x00, 0x00, 0x00, 0x00, 0x00, 0x00, 0x00, 0x00, 0x00, 0x00, 0x00, 0x00, 0x00, 0x00, 0x00, 0x00,
  0x00, 0x00, 0x00, 0x00, 0x00, 0x00, 0x00, 0x00, 0x00, 0x00, 0x00, 0x00, 0x00, 0x00, 0x00, 0x00,
  0x00, 0x00, 0x00, 0x00, 0x00, 0x00, 0x00, 0x00, 0x00, 0x00, 0x00, 0x00, 0x00, 0x00, 0x00, 0x00,
  0x00, 0x00, 0x00, 0x00, 0x00, 0x00, 0x00, 0x00, 0x00, 0x00, 0x00, 0x00, 0x00, 0x00, 0x00, 0x00,
  0x00, 0x00, 0x00, 0x00, 0x00, 0x00, 0x00, 0x00, 0x00, 0x00, 0x00, 0x00, 0x00, 0x00, 0x00, 0x00,
  0x00, 0x00, 0x00, 0x00, 0x00, 0x00, 0x00, 0x00, 0x00, 0x00, 0x00, 0x00, 0x00, 0x00, 0x00, 0x00,
  0x00, 0x00, 0x00, 0x00, 0x00, 0x00, 0x00, 0x00, 0x00, 0x00, 0x00, 0x00, 0x00, 0x00, 0x00, 0x00,
  0x00, 0x00, 0x00, 0x00, 0x00, 0x00, 0x00, 0x00, 0x00, 0x00, 0x00, 0x00, 0x00, 0x00, 0x00, 0x00,
  0x00, 0x00, 0x00, 0x00, 0x00, 0x00, 0x00, 0x00, 0x00, 0x00, 0x00, 0x00, 0x00, 0x00, 0x00, 0x00,
  0x00, 0x00, 0x00, 0x00, 0x00, 0x00, 0x00, 0x00, 0x00, 0x00, 0x00, 0x00, 0x00, 0x00, 0x00, 0x00,
  0x00, 0x00, 0x00, 0x00, 0x00, 0x00, 0x00, 0x00, 0x00, 0x00, 0x00, 0x00, 0x00, 0x00, 0x00, 0x00,
  0x00, 0x00, 0x00, 0x00, 0x00, 0x00, 0x00, 0x00, 0x00, 0x00, 0x00, 0x00, 0x00, 0x00, 0x00, 0x00,
  0x00, 0x00, 0x00, 0x00, 0x00, 0x00, 0x00, 0x00, 0x7f, 0xff, 0xff, 0x02, 0x00, 0x00, 0x00, 0x00,
  0x63, 0xcc, 0xff, 0x64, 0x66, 0xd0, 0xff, 0xe2, 0x6a, 0xd7, 0xff, 0xff, 0x6a, 0xd8, 0xff, 0xff,
  0x6a, 0xd8, 0xff, 0xff, 0x6a, 0xd7, 0xff, 0xff, 0x66, 0xd0, 0xff, 0xe2, 0x63, 0xcc, 0xff, 0x64,
  0x00, 0x00, 0x00, 0x00, 0x7f, 0xff, 0xff, 0x02, 0x00, 0x00, 0x00, 0x00, 0x00, 0x00, 0x00, 0x00,
  0x00, 0x00, 0x00, 0x00, 0x00, 0x00, 0x00, 0x00, 0x00, 0x00, 0x00, 0x00, 0x00, 0x00, 0x00, 0x00,
  0x00, 0x00, 0x00, 0x00, 0x00, 0x00, 0x00, 0x00, 0x00, 0x00, 0x00, 0x00, 0x00, 0x00, 0x00, 0x00,
  0x00, 0x00, 0x00, 0x00, 0x00, 0x00, 0x00, 0x00, 0x00, 0x00, 0x00, 0x00, 0x00, 0x00, 0x00, 0x00,
  0x00, 0x00, 0x00, 0x00, 0x00, 0x00, 0x00, 0x00, 0x00, 0x00, 0x00, 0x00, 0x00, 0x00, 0x00, 0x00,
  0x00, 0x00, 0x00, 0x00, 0x00, 0x00, 0x00, 0x00, 0x00, 0x00, 0x00, 0x00, 0x00, 0x00, 0x00, 0x00,
  0x00, 0x00, 0x00, 0x00, 0x00, 0x00, 0x00, 0x00, 0x00, 0x00, 0x00, 0x00, 0x00, 0x00, 0x00, 0x00,
  0x00, 0x00, 0x00, 0x00, 0x00, 0x00, 0x00, 0x00, 0x00, 0x00, 0x00, 0x00, 0x00, 0x00, 0x00, 0x00,
  0x00, 0x00, 0x00, 0x00, 0x00, 0x00, 0x00, 0x00, 0x00, 0x00, 0x00, 0x00, 0x00, 0x00, 0x00, 0x00,
  0x00, 0x00, 0x00, 0x00, 0x00, 0x00, 0x00, 0x00, 0x00, 0x00, 0x00, 0x00, 0x00, 0x00, 0x00, 0x00,
  0x00, 0x00, 0x00, 0x00, 0x00, 0x00, 0x00, 0x00, 0x00, 0x00, 0x00, 0x00, 0x00, 0x00, 0x00, 0x00,
  0x00, 0x00, 0x00, 0x00, 0x00, 0x00, 0x00, 0x00, 0x00, 0x00, 0x00, 0x00, 0x00, 0x00, 0x00, 0x00,
  0x00, 0x00, 0x00, 0x00, 0x00, 0x00, 0x00, 0x00, 0x00, 0x00, 0x00, 0x00, 0x00, 0x00, 0x00, 0x00,
  0x00, 0x00, 0x00, 0x00, 0x00, 0x00, 0x00, 0x00, 0x00, 0x00, 0x00, 0x00, 0x00, 0x00, 0x00, 0x00,
  0x00, 0x00, 0x00, 0x00, 0x00, 0x00, 0x00, 0x00, 0x00, 0x00, 0x00, 0x00, 0x00, 0x00, 0x00, 0x00,
  0x00, 0x00, 0x00, 0x00, 0x00, 0x00, 0x00, 0x00, 0x00, 0x00, 0x00, 0x00, 0x00, 0x00, 0x00, 0x00,
  0x00, 0x00, 0x00, 0x00, 0x00, 0x00, 0x00, 0x00, 0x00, 0x00, 0x00, 0x00, 0x00, 0x00, 0x00, 0x00,
  0x00, 0x00, 0x00, 0x00, 0x00, 0x00, 0x00, 0x00, 0x00, 0x00, 0x00, 0x00, 0x00, 0x00, 0x00, 0x00,
  0x00, 0x00, 0x00, 0x00, 0x00, 0x00, 0x00, 0x00, 0x00, 0x00, 0x00, 0x00, 0x00, 0x00, 0x00, 0x00,
  0x00, 0x00, 0x00, 0x00, 0x7f, 0xff, 0xff, 0x02, 0x00, 0x00, 0x00, 0x00, 0x64, 0xca, 0xff, 0x75,
  0x6a, 0xd9, 0xff, 0xff, 0x67, 0xd1, 0xff, 0xff, 0x64, 0xcc, 0xff, 0xfb, 0x64, 0xcb, 0xff, 0xfc,
  0x64, 0xcb, 0xff, 0xfc, 0x64, 0xcc, 0xff, 0xfb, 0x67, 0xd1, 0xff, 0xff, 0x6a, 0xd9, 0xff, 0xff,
  0x64, 0xca, 0xff, 0x75, 0x00, 0x00, 0x00, 0x00, 0x7f, 0xff, 0xff, 0x02, 0x00, 0x00, 0x00, 0x00,
  0x00, 0x00, 0x00, 0x00, 0x00, 0x00, 0x00, 0x00, 0x00, 0x00, 0x00, 0x00, 0x00, 0x00, 0x00, 0x00,
  0x00, 0x00, 0x00, 0x00, 0x00, 0x00, 0x00, 0x00, 0x00, 0x00, 0x00, 0x00, 0x00, 0x00, 0x00, 0x00,
  0x00, 0x00, 0x00, 0x00, 0x00, 0x00, 0x00, 0x00, 0x00, 0x00, 0x00, 0x00, 0x00, 0x00, 0x00, 0x00,
  0x00, 0x00, 0x00, 0x00, 0x00, 0x00, 0x00, 0x00, 0x00, 0x00, 0x00, 0x00, 0x00, 0x00, 0x00, 0x00,
  0x00, 0x00, 0x00, 0x00, 0x00, 0x00, 0x00, 0x00, 0x00, 0x00, 0x00, 0x00, 0x00, 0x00, 0x00, 0x00,
  0x00, 0x00, 0x00, 0x00, 0x00, 0x00, 0x00, 0x00, 0x00, 0x00, 0x00, 0x00, 0x00, 0x00, 0x00, 0x00,
  0x00, 0x00, 0x00, 0x00, 0x00, 0x00, 0x00, 0x00, 0x00, 0x00, 0x00, 0x00, 0x00, 0x00, 0x00, 0x00,
  0x00, 0x00, 0x00, 0x00, 0x00, 0x00, 0x00, 0x00, 0x00, 0x00, 0x00, 0x00, 0x00, 0x00, 0x00, 0x00,
  0x00, 0x00, 0x00, 0x00, 0x00, 0x00, 0x00, 0x00, 0x00, 0x00, 0x00, 0x00, 0x00, 0x00, 0x00, 0x00,
  0x00, 0x00, 0x00, 0x00, 0x00, 0x00, 0x00, 0x00, 0x00, 0x00, 0x00, 0x00, 0x00, 0x00, 0x00, 0x00,
  0x00, 0x00, 0x00, 0x00, 0x00, 0x00, 0x00, 0x00, 0x00, 0x00, 0x00, 0x00, 0x00, 0x00, 0x00, 0x00,
  0x00, 0x00, 0x00, 0x00, 0x00, 0x00, 0x00, 0x00, 0x00, 0x00, 0x00, 0x00, 0x00, 0x00, 0x00, 0x00,
  0x00, 0x00, 0x00, 0x00, 0x00, 0x00, 0x00, 0x00, 0x00, 0x00, 0x00, 0x00, 0x00, 0x00, 0x00, 0x00,
  0x00, 0x00, 0x00, 0x00, 0x00, 0x00, 0x00, 0x00, 0x00, 0x00, 0x00, 0x00, 0x00, 0x00, 0x00, 0x00,
  0x00, 0x00, 0x00, 0x00, 0x00, 0x00, 0x00, 0x00, 0x00, 0x00, 0x00, 0x00, 0x00, 0x00, 0x00, 0x00,
  0x00, 0x00, 0x00, 0x00, 0x00, 0x00, 0x00, 0x00, 0x00, 0x00, 0x00, 0x00, 0x00, 0x00, 0x00, 0x00,
  0x00, 0x00, 0x00, 0x00, 0x00, 0x00, 0x00, 0x00, 0x00, 0x00, 0x00, 0x00, 0x00, 0x00, 0x00, 0x00,
  0x00, 0x00, 0x00, 0x00, 0x00, 0x00, 0x00, 0x00, 0x00, 0x00, 0x00, 0x00, 0x00, 0x00, 0x00, 0x00,
  0x7f, 0xff, 0xff, 0x02, 0x00, 0x00, 0x00, 0x00, 0x66, 0xcc, 0xff, 0x3c, 0x67, 0xd2, 0xff, 0xff,
  0x65, 0xce, 0xff, 0xfc, 0x63, 0xcb, 0xff, 0xfd, 0x64, 0xcc, 0xff, 0xff, 0x64, 0xcc, 0xff, 0xff,
  0x64, 0xcc, 0xff, 0xff, 0x64, 0xcc, 0xff, 0xff, 0x63, 0xcb, 0xff, 0xfd, 0x65, 0xce, 0xff, 0xfc,
  0x67, 0xd2, 0xff, 0xff, 0x66, 0xcc, 0xff, 0x3c, 0x00, 0x00, 0x00, 0x00, 0x7f, 0xff, 0xff, 0x02,
  0x00, 0x00, 0x00, 0x00, 0x00, 0x00, 0x00, 0x00, 0x00, 0x00, 0x00, 0x00, 0x00, 0x00, 0x00, 0x00,
  0x00, 0x00, 0x00, 0x00, 0x00, 0x00, 0x00, 0x00, 0x00, 0x00, 0x00, 0x00, 0x00, 0x00, 0x00, 0x00,
  0x00, 0x00, 0x00, 0x00, 0x00, 0x00, 0x00, 0x00, 0x00, 0x00, 0x00, 0x00, 0x00, 0x00, 0x00, 0x00,
  0x00, 0x00, 0x00, 0x00, 0x00, 0x00, 0x00, 0x00, 0x00, 0x00, 0x00, 0x00, 0x00, 0x00, 0x00, 0x00,
  0x00, 0x00, 0x00, 0x00, 0x00, 0x00, 0x00, 0x00, 0x00, 0x00, 0x00, 0x00, 0x00, 0x00, 0x00, 0x00,
  0x00, 0x00, 0x00, 0x00, 0x00, 0x00, 0x00, 0x00, 0x00, 0x00, 0x00, 0x00, 0x00, 0x00, 0x00, 0x00,
  0x00, 0x00, 0x00, 0x00, 0x00, 0x00, 0x00, 0x00, 0x00, 0x00, 0x00, 0x00, 0x00, 0x00, 0x00, 0x00,
  0x00, 0x00, 0x00, 0x00, 0x00, 0x00, 0x00, 0x00, 0x00, 0x00, 0x00, 0x00, 0x00, 0x00, 0x00, 0x00,
  0x00, 0x00, 0x00, 0x00, 0x00, 0x00, 0x00, 0x00, 0x00, 0x00, 0x00, 0x00, 0x00, 0x00, 0x00, 0x00,
  0x00, 0x00, 0x00, 0x00, 0x00, 0x00, 0x00, 0x00, 0x00, 0x00, 0x00, 0x00, 0x00, 0x00, 0x00, 0x00,
  0x00, 0x00, 0x00, 0x00, 0x00, 0x00, 0x00, 0x00, 0x00, 0x00, 0x00, 0x00, 0x00, 0x00, 0x00, 0x00,
  0x00, 0x00, 0x00, 0x00, 0x00, 0x00, 0x00, 0x00, 0x00, 0x00, 0x00, 0x00, 0x00, 0x00, 0x00, 0x00,
  0x00, 0x00, 0x00, 0x00, 0x00, 0x00, 0x00, 0x00, 0x00, 0x00, 0x00, 0x00, 0x00, 0x00, 0x00, 0x00,
  0x00, 0x00, 0x00, 0x00, 0x00, 0x00, 0x00, 0x00, 0x00, 0x00, 0x00, 0x00, 0x00, 0x00, 0x00, 0x00,
  0x00, 0x00, 0x00, 0x00, 0x00, 0x00, 0x00, 0x00, 0x00, 0x00, 0x00, 0x00, 0x00, 0x00, 0x00, 0x00,
  0x00, 0x00, 0x00, 0x00, 0x00, 0x00, 0x00, 0x00, 0x00, 0x00, 0x00, 0x00, 0x00, 0x00, 0x00, 0x00,
  0x00, 0x00, 0x00, 0x00, 0x00, 0x00, 0x00, 0x00, 0x00, 0x00, 0x00, 0x00, 0x00, 0x00, 0x00, 0x00,
  0x00, 0x00, 0x00, 0x00, 0x00, 0x00, 0x00, 0x00, 0x00, 0x00, 0x00, 0x00, 0x00, 0x00, 0x00, 0x00,
  0x7f, 0xff, 0xff, 0x02, 0x00, 0x00, 0x00, 0x00, 0x64, 0xcb, 0xff, 0xad, 0x6a, 0xd8, 0xff, 0xff,
  0x64, 0xcb, 0xff, 0xfb, 0x64, 0xcc, 0xff, 0xff, 0x64, 0xcc, 0xff, 0xff, 0x64, 0xcc, 0xff, 0xff,
  0x64, 0xcc, 0xff, 0xff, 0x64, 0xcc, 0xff, 0xff, 0x64, 0xcc, 0xff, 0xff, 0x64, 0xcb, 0xff, 0xfb,
  0x6a, 0xd8, 0xff, 0xff, 0x64, 0xcb, 0xff, 0xad, 0x00, 0x00, 0x00, 0x00, 0x7f, 0xff, 0xff, 0x02,
  0x00, 0x00, 0x00, 0x00, 0x00, 0x00, 0x00, 0x00, 0x00, 0x00, 0x00, 0x00, 0x00, 0x00, 0x00, 0x00,
  0x00, 0x00, 0x00, 0x00, 0x00, 0x00, 0x00, 0x00, 0x00, 0x00, 0x00, 0x00, 0x00, 0x00, 0x00, 0x00,
  0x00, 0x00, 0x00, 0x00, 0x00, 0x00, 0x00, 0x00, 0x00, 0x00, 0x00, 0x00, 0x00, 0x00, 0x00, 0x00,
  0x00, 0x00, 0x00, 0x00, 0x00, 0x00, 0x00, 0x00, 0x00, 0x00, 0x00, 0x00, 0x00, 0x00, 0x00, 0x00,
  0x00, 0x00, 0x00, 0x00, 0x00, 0x00, 0x00, 0x00, 0x00, 0x00, 0x00, 0x00, 0x00, 0x00, 0x00, 0x00,
  0x00, 0x00, 0x00, 0x00, 0x00, 0x00, 0x00, 0x00, 0x00, 0x00, 0x00, 0x00, 0x00, 0x00, 0x00, 0x00,
  0x00, 0x00, 0x00, 0x00, 0x00, 0x00, 0x00, 0x00, 0x00, 0x00, 0x00, 0x00, 0x00, 0x00, 0x00, 0x00,
  0x00, 0x00, 0x00, 0x00, 0x00, 0x00, 0x00, 0x00, 0x00, 0x00, 0x00, 0x00, 0x00, 0x00, 0x00, 0x00,
  0x00, 0x00, 0x00, 0x00, 0x00, 0x00, 0x00, 0x00, 0x00, 0x00, 0x00, 0x00, 0x00, 0x00, 0x00, 0x00,
  0x00, 0x00, 0x00, 0x00, 0x00, 0x00, 0x00, 0x00, 0x00, 0x00, 0x00, 0x00, 0x00, 0x00, 0x00, 0x00,
  0x00, 0x00, 0x00, 0x00, 0x00, 0x00, 0x00, 0x00, 0x00, 0x00, 0x00, 0x00, 0x00, 0x00, 0x00, 0x00,
  0x00, 0x00, 0x00, 0x00, 0x00, 0x00, 0x00, 0x00, 0x00, 0x00, 0x00, 0x00, 0x00, 0x00, 0x00, 0x00,
  0x00, 0x00, 0x00, 0x00, 0x00, 0x00, 0x00, 0x00, 0x00, 0x00, 0x00, 0x00, 0x00, 0x00, 0x00, 0x00,
  0x00, 0x00, 0x00, 0x00, 0x00, 0x00, 0x00, 0x00, 0x00, 0x00, 0x00, 0x00, 0x00, 0x00, 0x00, 0x00,
  0x00, 0x00, 0x00, 0x00, 0x00, 0x00, 0x00, 0x00, 0x00, 0x00, 0x00, 0x00, 0x00, 0x00, 0x00, 0x00,
  0x00, 0x00, 0x00, 0x00, 0x00, 0x00, 0x00, 0x00, 0x00, 0x00, 0x00, 0x00, 0x00, 0x00, 0x00, 0x00,
  0x00, 0x00, 0x00, 0x00, 0x00, 0x00, 0x00, 0x00, 0x00, 0x00, 0x00, 0x00, 0x00, 0x00, 0x00, 0x00,
  0x00, 0x00, 0x00, 0x00, 0x00, 0x00, 0x00, 0x00, 0x00, 0x00, 0x00, 0x00, 0x00, 0xff, 0xff, 0x01,
  0x00, 0x00, 0x00, 0x00, 0x5b, 0xc8, 0xff, 0x0e, 0x64, 0xcb, 0xff, 0xe0, 0x67, 0xd2, 0xff, 0xff,
  0x63, 0xcc, 0xff, 0xfd, 0x64, 0xcc, 0xff, 0xff, 0x64, 0xcc, 0xff, 0xff, 0x64, 0xcc, 0xff, 0xff,
  0x64, 0xcc, 0xff, 0xff, 0x64, 0xcc, 0xff, 0xff, 0x64, 0xcc, 0xff, 0xff, 0x63, 0xcc, 0xff, 0xfd,
  0x67, 0xd2, 0xff, 0xff, 0x64, 0xcb, 0xff, 0xe0, 0x62, 0xc4, 0xff, 0x0d, 0x00, 0x00, 0x00, 0x00,
  0x00, 0xff, 0xff, 0x01, 0x00, 0x00, 0x00, 0x00, 0x00, 0x00, 0x00, 0x00, 0x00, 0x00, 0x00, 0x00,
  0x00, 0x00, 0x00, 0x00, 0x00, 0x00, 0x00, 0x00, 0x00, 0x00, 0x00, 0x00, 0x00, 0x00, 0x00, 0x00,
  0x00, 0x00, 0x00, 0x00, 0x00, 0x00, 0x00, 0x00, 0x00, 0x00, 0x00, 0x00, 0x00, 0x00, 0x00, 0x00,
  0x00, 0x00, 0x00, 0x00, 0x00, 0x00, 0x00, 0x00, 0x00, 0x00, 0x00, 0x00, 0x00, 0x00, 0x00, 0x00,
  0x00, 0x00, 0x00, 0x00, 0x00, 0x00, 0x00, 0x00, 0x00, 0x00, 0x00, 0x00, 0x00, 0x00, 0x00, 0x00,
  0x00, 0x00, 0x00, 0x00, 0x00, 0x00, 0x00, 0x00, 0x00, 0x00, 0x00, 0x00, 0x00, 0x00, 0x00, 0x00,
  0x00, 0x00, 0x00, 0x00, 0x00, 0x00, 0x00, 0x00, 0x00, 0x00, 0x00, 0x00, 0x00, 0x00, 0x00, 0x00,
  0x00, 0x00, 0x00, 0x00, 0x00, 0x00, 0x00, 0x00, 0x00, 0x00, 0x00, 0x00, 0x00, 0x00, 0x00, 0x00,
  0x00, 0x00, 0x00, 0x00, 0x00, 0x00, 0x00, 0x00, 0x00, 0x00, 0x00, 0x00, 0x00, 0x00, 0x00, 0x00,
  0x00, 0x00, 0x00, 0x00, 0x00, 0x00, 0x00, 0x00, 0x00, 0x00, 0x00, 0x00, 0x00, 0x00, 0x00, 0x00,
  0x00, 0x00, 0x00, 0x00, 0x00, 0x00, 0x00, 0x00, 0x00, 0x00, 0x00, 0x00, 0x00, 0x00, 0x00, 0x00,
  0x00, 0x00, 0x00, 0x00, 0x00, 0x00, 0x00, 0x00, 0x00, 0x00, 0x00, 0x00, 0x00, 0x00, 0x00, 0x00,
  0x00, 0x00, 0x00, 0x00, 0x00, 0x00, 0x00, 0x00, 0x00, 0x00, 0x00, 0x00, 0x00, 0x00, 0x00, 0x00,
  0x00, 0x00, 0x00, 0x00, 0x00, 0x00, 0x00, 0x00, 0x00, 0x00, 0x00, 0x00, 0x00, 0x00, 0x00, 0x00,
  0x00, 0x00, 0x00, 0x00, 0x00, 0x00, 0x00, 0x00, 0x00, 0x00, 0x00, 0x00, 0x00, 0x00, 0x00, 0x00,
  0x00, 0x00, 0x00, 0x00, 0x00, 0x00, 0x00, 0x00, 0x00, 0x00, 0x00, 0x00, 0x00, 0x00, 0x00, 0x00,
  0x00, 0x00, 0x00, 0x00, 0x00, 0x00, 0x00, 0x00, 0x00, 0x00, 0x00, 0x00, 0x00, 0x00, 0x00, 0x00,
  0x00, 0x00, 0x00, 0x00, 0x00, 0x00, 0x00, 0x00, 0x00, 0x00, 0x00, 0x00, 0x66, 0x99, 0xff, 0x05,
  0x55, 0xff, 0xff, 0x03, 0x5f, 0xc9, 0xff, 0x18, 0x63, 0xcb, 0xff, 0xea, 0x66, 0xcf, 0xff, 0xff,
  0x63, 0xcb, 0xff, 0xfe, 0x64, 0xcc, 0xff, 0xff, 0x64, 0xcc, 0xff, 0xff, 0x64, 0xcb, 0xff, 0xff,
  0x64, 0xcb, 0xff, 0xff, 0x64, 0xcc, 0xff, 0xff, 0x64, 0xcc, 0xff, 0xff, 0x63, 0xcb, 0xff, 0xfe,
  0x66, 0xcf, 0xff, 0xff, 0x63, 0xcc, 0xff, 0xeb, 0x5e, 0xc6, 0xff, 0x1b, 0x3f, 0xbf, 0xff, 0x04,
  0x7f, 0x7f, 0xff, 0x04, 0x00, 0x00, 0x00, 0x00, 0x00, 0x00, 0x00, 0x00, 0x00, 0x00, 0x00, 0x00,
  0x00, 0x00, 0x00, 0x00, 0x00, 0x00, 0x00, 0x00, 0x00, 0x00, 0x00, 0x00, 0x00, 0x00, 0x00, 0x00,
  0x00, 0x00, 0x00, 0x00, 0x00, 0x00, 0x00, 0x00, 0x00, 0x00, 0x00, 0x00, 0x00, 0x00, 0x00, 0x00,
  0x00, 0x00, 0x00, 0x00, 0x00, 0x00, 0x00, 0x00, 0x00, 0x00, 0x00, 0x00, 0x00, 0x00, 0x00, 0x00,
  0x00, 0x00, 0x00, 0x00, 0x00, 0x00, 0x00, 0x00, 0x00, 0x00, 0x00, 0x00, 0x00, 0x00, 0x00, 0x00,
  0x00, 0x00, 0x00, 0x00, 0x00, 0x00, 0x00, 0x00, 0x00, 0x00, 0x00, 0x00, 0x00, 0x00, 0x00, 0x00,
  0x00, 0x00, 0x00, 0x00, 0x00, 0x00, 0x00, 0x00, 0x00, 0x00, 0x00, 0x00, 0x00, 0x00, 0x00, 0x00,
  0x00, 0x00, 0x00, 0x00, 0x00, 0x00, 0x00, 0x00, 0x00, 0x00, 0x00, 0x00, 0x00, 0x00, 0x00, 0x00,
  0x00, 0x00, 0x00, 0x00, 0x00, 0x00, 0x00, 0x00, 0x00, 0x00, 0x00, 0x00, 0x00, 0x00, 0x00, 0x00,
  0x00, 0x00, 0x00, 0x00, 0x00, 0x00, 0x00, 0x00, 0x00, 0x00, 0x00, 0x00, 0x00, 0x00, 0x00, 0x00,
  0x00, 0x00, 0x00, 0x00, 0x00, 0x00, 0x00, 0x00, 0x00, 0x00, 0x00, 0x00, 0x00, 0x00, 0x00, 0x00,
  0x00, 0x00, 0x00, 0x00, 0x00, 0x00, 0x00, 0x00, 0x00, 0x00, 0x00, 0x00, 0x00, 0x00, 0x00, 0x00,
  0x00, 0x00, 0x00, 0x00, 0x00, 0x00, 0x00, 0x00, 0x00, 0x00, 0x00, 0x00, 0x00, 0x00, 0x00, 0x00,
  0x00, 0x00, 0x00, 0x00, 0x00, 0x00, 0x00, 0x00, 0x00, 0x00, 0x00, 0x00, 0x00, 0x00, 0x00, 0x00,
  0x00, 0x00, 0x00, 0x00, 0x00, 0x00, 0x00, 0x00, 0x00, 0x00, 0x00, 0x00, 0x00, 0x00, 0x00, 0x00,
  0x00, 0x00, 0x00, 0x00, 0x00, 0x00, 0x00, 0x00, 0x00, 0x00, 0x00, 0x00, 0x00, 0x00, 0x00, 0x00,
  0x00, 0x00, 0x00, 0x00, 0x00, 0x00, 0x00, 0x00, 0x00, 0x00, 0x00, 0x00, 0x00, 0x00, 0x00, 0x00,
  0x00, 0xff, 0xff, 0x01, 0x7f, 0xbf, 0xff, 0x04, 0x00, 0xff, 0xff, 0x01, 0x00, 0x00, 0x00, 0x00,
  0x00, 0x00, 0x00, 0x00, 0x66, 0xcc, 0xff, 0x14, 0x65, 0xcb, 0xff, 0xe7, 0x68, 0xd0, 0xff, 0xff,
  0x66, 0xca, 0xff, 0xfe, 0x67, 0xcd, 0xff, 0xff, 0x68, 0xcd, 0xff, 0xff, 0x68, 0xcd, 0xff, 0xff,
  0x68, 0xcd, 0xff, 0xff, 0x67, 0xcd, 0xff, 0xff, 0x67, 0xcc, 0xff, 0xff, 0x66, 0xca, 0xff, 0xfe,
  0x68, 0xd1, 0xff, 0xff, 0x64, 0xcb, 0xff, 0xe2, 0x55, 0xc6, 0xff, 0x09, 0x00, 0x00, 0x00, 0x00,
  0x00, 0x00, 0x00, 0x00, 0x7f, 0xff, 0xff, 0x02, 0x55, 0xaa, 0xff, 0x03, 0x00, 0x00, 0x00, 0x00,
  0x00, 0x00, 0x00, 0x00, 0x00, 0x00, 0x00, 0x00, 0x00, 0x00, 0x00, 0x00, 0x00, 0x00, 0x00, 0x00,
  0x00, 0x00, 0x00, 0x00, 0x00, 0x00, 0x00, 0x00, 0x00, 0x00, 0x00, 0x00, 0x00, 0x00, 0x00, 0x00,
  0x00, 0x00, 0x00, 0x00, 0x00, 0x00, 0x00, 0x00, 0x00, 0x00, 0x00, 0x00, 0x00, 0x00, 0x00, 0x00,
  0x00, 0x00, 0x00, 0x00, 0x00, 0x00, 0x00, 0x00, 0x00, 0x00, 0x00, 0x00, 0x00, 0x00, 0x00, 0x00,
  0x00, 0x00, 0x00, 0x00, 0x00, 0x00, 0x00, 0x00, 0x00, 0x00, 0x00, 0x00, 0x00, 0x00, 0x00, 0x00,
  0x00, 0x00, 0x00, 0x00, 0x00, 0x00, 0x00, 0x00, 0x00, 0x00, 0x00, 0x00, 0x00, 0x00, 0x00, 0x00,
  0x00, 0x00, 0x00, 0x00, 0x00, 0x00, 0x00, 0x00, 0x00, 0x00, 0x00, 0x00, 0x00, 0x00, 0x00, 0x00,
  0x00, 0x00, 0x00, 0x00, 0x00, 0x00, 0x00, 0x00, 0x00, 0x00, 0x00, 0x00, 0x00, 0x00, 0x00, 0x00,
  0x00, 0x00, 0x00, 0x00, 0x00, 0x00, 0x00, 0x00, 0x00, 0x00, 0x00, 0x00, 0x00, 0x00, 0x00, 0x00,
  0x00, 0x00, 0x00, 0x00, 0x00, 0x00, 0x00, 0x00, 0x00, 0x00, 0x00, 0x00, 0x00, 0x00, 0x00, 0x00,
  0x00, 0x00, 0x00, 0x00, 0x00, 0x00, 0x00, 0x00, 0x00, 0x00, 0x00, 0x00, 0x00, 0x00, 0x00, 0x00,
  0x00, 0x00, 0x00, 0x00, 0x00, 0x00, 0x00, 0x00, 0x00, 0x00, 0x00, 0x00, 0x00, 0x00, 0x00, 0x00,
  0x00, 0x00, 0x00, 0x00, 0x00, 0x00, 0x00, 0x00, 0x00, 0x00, 0x00, 0x00, 0x00, 0x00, 0x00, 0x00,
  0x00, 0x00, 0x00, 0x00, 0x00, 0x00, 0x00, 0x00, 0x00, 0x00, 0x00, 0x00, 0x00, 0x00, 0x00, 0x00,
  0x00, 0x00, 0x00, 0x00, 0x00, 0x00, 0x00, 0x00, 0x00, 0x00, 0x00, 0x00, 0x00, 0x00, 0x00, 0x00,
  0x00, 0x00, 0x00, 0x00, 0x00, 0x00, 0x00, 0x00, 0x00, 0xff, 0xff, 0x01, 0x7f, 0xbf, 0xff, 0x04,
  0x00, 0x00, 0x00, 0x00, 0x00, 0x00, 0x00, 0x00, 0x00, 0x00, 0x00, 0x00, 0x6b, 0xcb, 0xff, 0x45,
  0x6a, 0xd0, 0xff, 0x90, 0x6a, 0xd0, 0xff, 0xd7, 0x69, 0xcd, 0xff, 0xfe, 0x69, 0xce, 0xff, 0xff,
  0x69, 0xce, 0xff, 0xff, 0x69, 0xce, 0xff, 0xff, 0x69, 0xce, 0xff, 0xff, 0x69, 0xce, 0xff, 0xff,
  0x69, 0xce, 0xff, 0xff, 0x69, 0xce, 0xff, 0xff, 0x69, 0xce, 0xff, 0xff, 0x69, 0xce, 0xff, 0xff,
  0x6a, 0xce, 0xff, 0xff, 0x69, 0xcd, 0xff, 0xfa, 0x69, 0xcc, 0xff, 0xc9, 0x68, 0xcc, 0xff, 0x75,
  0x6a, 0xc6, 0xff, 0x24, 0x00, 0x00, 0x00, 0x00, 0x00, 0x00, 0x00, 0x00, 0x7f, 0xff, 0xff, 0x02,
  0x7f, 0x7f, 0xff, 0x02, 0x00, 0x00, 0x00, 0x00, 0x00, 0x00, 0x00, 0x00, 0x00, 0x00, 0x00, 0x00,
  0x00, 0x00, 0x00, 0x00, 0x00, 0x00, 0x00, 0x00, 0x00, 0x00, 0x00, 0x00, 0x00, 0x00, 0x00, 0x00,
  0x00, 0x00, 0x00, 0x00, 0x00, 0x00, 0x00, 0x00, 0x00, 0x00, 0x00, 0x00, 0x00, 0x00, 0x00, 0x00,
  0x00, 0x00, 0x00, 0x00, 0x00, 0x00, 0x00, 0x00, 0x00, 0x00, 0x00, 0x00, 0x00, 0x00, 0x00, 0x00,
  0x00, 0x00, 0x00, 0x00, 0x00, 0x00, 0x00, 0x00, 0x00, 0x00, 0x00, 0x00, 0x00, 0x00, 0x00, 0x00,
  0x00, 0x00, 0x00, 0x00, 0x00, 0x00, 0x00, 0x00, 0x00, 0x00, 0x00, 0x00, 0x00, 0x00, 0x00, 0x00,
  0x00, 0x00, 0x00, 0x00, 0x00, 0x00, 0x00, 0x00, 0x00, 0x00, 0x00, 0x00, 0x00, 0x00, 0x00, 0x00,
  0x00, 0x00, 0x00, 0x00, 0x00, 0x00, 0x00, 0x00, 0x00, 0x00, 0x00, 0x00, 0x00, 0x00, 0x00, 0x00,
  0x00, 0x00, 0x00, 0x00, 0x00, 0x00, 0x00, 0x00, 0x00, 0x00, 0x00, 0x00, 0x00, 0x00, 0x00, 0x00,
  0x00, 0x00, 0x00, 0x00, 0x00, 0x00, 0x00, 0x00, 0x00, 0x00, 0x00, 0x00, 0x00, 0x00, 0x00, 0x00,
  0x00, 0x00, 0x00, 0x00, 0x00, 0x00, 0x00, 0x00, 0x00, 0x00, 0x00, 0x00, 0x00, 0x00, 0x00, 0x00,
  0x00, 0x00, 0x00, 0x00, 0x00, 0x00, 0x00, 0x00, 0x00, 0x00, 0x00, 0x00, 0x00, 0x00, 0x00, 0x00,
  0x00, 0x00, 0x00, 0x00, 0x00, 0x00, 0x00, 0x00, 0x00, 0x00, 0x00, 0x00, 0x00, 0x00, 0x00, 0x00,
  0x00, 0x00, 0x00, 0x00, 0x00, 0x00, 0x00, 0x00, 0x00, 0x00, 0x00, 0x00, 0x00, 0x00, 0x00, 0x00,
  0x00, 0x00, 0x00, 0x00, 0x00, 0x00, 0x00, 0x00, 0x00, 0x00, 0x00, 0x00, 0x00, 0x00, 0x00, 0x00,
  0x00, 0x00, 0x00, 0x00, 0x55, 0xaa, 0xff, 0x03, 0x00, 0x00, 0x00, 0x00, 0x00, 0x00, 0x00, 0x00,
  0x5b, 0xb6, 0xff, 0x0e, 0x69, 0xce, 0xff, 0x6a, 0x6b, 0xd0, 0xff, 0xbe, 0x6d, 0xd6, 0xff, 0xff,
  0x70, 0xdb, 0xff, 0xff, 0x6c, 0xd5, 0xff, 0xff, 0x69, 0xce, 0xff, 0xff, 0x69, 0xce, 0xff, 0xff,
  0x69, 0xce, 0xff, 0xff, 0x69, 0xce, 0xff, 0xff, 0x69, 0xce, 0xff, 0xff, 0x69, 0xce, 0xff, 0xff,
  0x69, 0xce, 0xff, 0xff, 0x69, 0xce, 0xff, 0xff, 0x69, 0xce, 0xff, 0xff, 0x69, 0xce, 0xff, 0xff,
  0x69, 0xce, 0xff, 0xff, 0x69, 0xcf, 0xff, 0xff, 0x6e, 0xd7, 0xff, 0xff, 0x70, 0xdc, 0xff, 0xff,
  0x68, 0xce, 0xff, 0xf3, 0x6b, 0xd1, 0xff, 0xa8, 0x63, 0xc3, 0xff, 0x40, 0x00, 0x00, 0x00, 0x00,
  0x00, 0x00, 0x00, 0x00, 0x55, 0xaa, 0xff, 0x03, 0x00, 0xff, 0xff, 0x01, 0x00, 0x00, 0x00, 0x00,
  0x00, 0x00, 0x00, 0x00, 0x00, 0x00, 0x00, 0x00, 0x00, 0x00, 0x00, 0x00, 0x00, 0x00, 0x00, 0x00,
  0x00, 0x00, 0x00, 0x00, 0x00, 0x00, 0x00, 0x00, 0x00, 0x00, 0x00, 0x00, 0x00, 0x00, 0x00, 0x00,
  0x00, 0x00, 0x00, 0x00, 0x00, 0x00, 0x00, 0x00, 0x00, 0x00, 0x00, 0x00, 0x00, 0x00, 0x00, 0x00,
  0x00, 0x00, 0x00, 0x00, 0x00, 0x00, 0x00, 0x00, 0x00, 0x00, 0x00, 0x00, 0x00, 0x00, 0x00, 0x00,
  0x00, 0x00, 0x00, 0x00, 0x00, 0x00, 0x00, 0x00, 0x00, 0x00, 0x00, 0x00, 0x00, 0x00, 0x00, 0x00,
  0x00, 0x00, 0x00, 0x00, 0x00, 0x00, 0x00, 0x00, 0x00, 0x00, 0x00, 0x00, 0x00, 0x00, 0x00, 0x00,
  0x00, 0x00, 0x00, 0x00, 0x00, 0x00, 0x00, 0x00, 0x00, 0x00, 0x00, 0x00, 0x00, 0x00, 0x00, 0x00,
  0x00, 0x00, 0x00, 0x00, 0x00, 0x00, 0x00, 0x00, 0x00, 0x00, 0x00, 0x00, 0x00, 0x00, 0x00, 0x00,
  0x00, 0x00, 0x00, 0x00, 0x00, 0x00, 0x00, 0x00, 0x00, 0x00, 0x00, 0x00, 0x00, 0x00, 0x00, 0x00,
  0x00, 0x00, 0x00, 0x00, 0x00, 0x00, 0x00, 0x00, 0x00, 0x00, 0x00, 0x00, 0x00, 0x00, 0x00, 0x00,
  0x00, 0x00, 0x00, 0x00, 0x00, 0x00, 0x00, 0x00, 0x00, 0x00, 0x00, 0x00, 0x00, 0x00, 0x00, 0x00,
  0x00, 0x00, 0x00, 0x00, 0x00, 0x00, 0x00, 0x00, 0x00, 0x00, 0x00, 0x00, 0x00, 0x00, 0x00, 0x00,
  0x00, 0x00, 0x00, 0x00, 0x00, 0x00, 0x00, 0x00, 0x00, 0x00, 0x00, 0x00, 0x00, 0x00, 0x00, 0x00,
  0x00, 0x00, 0x00, 0x00, 0x00, 0x00, 0x00, 0x00, 0x00, 0x00, 0x00, 0x00, 0x00, 0xff, 0xff, 0x01,
  0x55, 0xff, 0xff, 0x03, 0x00, 0x00, 0x00, 0x00, 0x55, 0xaa, 0xff, 0x09, 0x6a, 0xd0, 0xff, 0x73,
  0x6b, 0xd2, 0xff, 0xdf, 0x71, 0xdd, 0xff, 0xff, 0x6e, 0xd8, 0xff, 0xff, 0x67, 0xcc, 0xff, 0xfe,
  0x68, 0xcc, 0xff, 0xfc, 0x68, 0xce, 0xff, 0xfd, 0x69, 0xce, 0xff, 0xff, 0x69, 0xce, 0xff, 0xff,
  0x69, 0xce, 0xff, 0xff, 0x69, 0xce, 0xff, 0xff, 0x69, 0xce, 0xff, 0xff, 0x69, 0xce, 0xff, 0xff,
  0x69, 0xce, 0xff, 0xff, 0x69, 0xce, 0xff, 0xff, 0x69, 0xce, 0xff, 0xff, 0x69, 0xce, 0xff, 0xff,
  0x69, 0xce, 0xff, 0xff, 0x69, 0xce, 0xff, 0xff, 0x68, 0xcd, 0xff, 0xfd, 0x68, 0xcf, 0xff, 0xfb,
  0x69, 0xca, 0xff, 0xff, 0x6e, 0xce, 0xff, 0xff, 0x68, 0xbe, 0xff, 0xff, 0x69, 0xbe, 0xff, 0xa5,
  0x69, 0xbe, 0xff, 0x33, 0x00, 0x00, 0x00, 0x00, 0x00, 0x00, 0x00, 0x00, 0x55, 0xaa, 0xff, 0x03,
  0x00, 0x00, 0x00, 0x00, 0x00, 0x00, 0x00, 0x00, 0x00, 0x00, 0x00, 0x00, 0x00, 0x00, 0x00, 0x00,
  0x00, 0x00, 0x00, 0x00, 0x00, 0x00, 0x00, 0x00, 0x00, 0x00, 0x00, 0x00, 0x00, 0x00, 0x00, 0x00,
  0x00, 0x00, 0x00, 0x00, 0x00, 0x00, 0x00, 0x00, 0x00, 0x00, 0x00, 0x00, 0x00, 0x00, 0x00, 0x00,
  0x00, 0x00, 0x00, 0x00, 0x00, 0x00, 0x00, 0x00, 0x00, 0x00, 0x00, 0x00, 0x00, 0x00, 0x00, 0x00,
  0x00, 0x00, 0x00, 0x00, 0x00, 0x00, 0x00, 0x00, 0x00, 0x00, 0x00, 0x00, 0x00, 0x00, 0x00, 0x00,
  0x00, 0x00, 0x00, 0x00, 0x00, 0x00, 0x00, 0x00, 0x00, 0x00, 0x00, 0x00, 0x00, 0x00, 0x00, 0x00,
  0x00, 0x00, 0x00, 0x00, 0x00, 0x00, 0x00, 0x00, 0x00, 0x00, 0x00, 0x00, 0x00, 0x00, 0x00, 0x00,
  0x00, 0x00, 0x00, 0x00, 0x00, 0x00, 0x00, 0x00, 0x00, 0x00, 0x00, 0x00, 0x00, 0x00, 0x00, 0x00,
  0x00, 0x00, 0x00, 0x00, 0x00, 0x00, 0x00, 0x00, 0x00, 0x00, 0x00, 0x00, 0x00, 0x00, 0x00, 0x00,
  0x00, 0x00, 0x00, 0x00, 0x00, 0x00, 0x00, 0x00, 0x00, 0x00, 0x00, 0x00, 0x00, 0x00, 0x00, 0x00,
  0x00, 0x00, 0x00, 0x00, 0x00, 0x00, 0x00, 0x00, 0x00, 0x00, 0x00, 0x00, 0x00, 0x00, 0x00, 0x00,
  0x00, 0x00, 0x00, 0x00, 0x00, 0x00, 0x00, 0x00, 0x00, 0x00, 0x00, 0x00, 0x00, 0x00, 0x00, 0x00,
  0x00, 0x00, 0x00, 0x00, 0x00, 0x00, 0x00, 0x00, 0x00, 0x00, 0x00, 0x00, 0x00, 0x00, 0x00, 0x00,
  0x00, 0x00, 0x00, 0x00, 0x00, 0x00, 0x00, 0x00, 0x7f, 0x7f, 0xff, 0x02, 0x00, 0x00, 0x00, 0x00,
  0x00, 0x00, 0x00, 0x00, 0x69, 0xcc, 0xff, 0x50, 0x69, 0xcf, 0xff, 0xd5, 0x70, 0xdc, 0xff, 0xff,
  0x6c, 0xd3, 0xff, 0xff, 0x68, 0xcd, 0xff, 0xfb, 0x67, 0xcc, 0xff, 0xfd, 0x6d, 0xd1, 0xff, 0xff,
  0x6c, 0xd1, 0xff, 0xff, 0x69, 0xce, 0xff, 0xff, 0x69, 0xce, 0xff, 0xff, 0x69, 0xce, 0xff, 0xff,
  0x69, 0xce, 0xff, 0xff, 0x69, 0xce, 0xff, 0xff, 0x69, 0xce, 0xff, 0xff, 0x69, 0xce, 0xff, 0xff,
  0x69, 0xce, 0xff, 0xff, 0x69, 0xce, 0xff, 0xff, 0x69, 0xce, 0xff, 0xff, 0x69, 0xce, 0xff, 0xff,
  0x69, 0xce, 0xff, 0xff, 0x69, 0xcf, 0xff, 0xff, 0x69, 0xcd, 0xff, 0xff, 0x68, 0xc2, 0xff, 0xff,
  0x67, 0xba, 0xff, 0xfe, 0x66, 0xba, 0xff, 0xfc, 0x67, 0xbc, 0xff, 0xfe, 0x6d, 0xc7, 0xff, 0xff,
  0x69, 0xc0, 0xff, 0xfa, 0x68, 0xbb, 0xff, 0x98, 0x66, 0xbb, 0xff, 0x0f, 0x00, 0x00, 0x00, 0x00,
  0x55, 0xaa, 0xff, 0x03, 0x00, 0x00, 0x00, 0x00, 0x00, 0x00, 0x00, 0x00, 0x00, 0x00, 0x00, 0x00,
  0x00, 0x00, 0x00, 0x00, 0x00, 0x00, 0x00, 0x00, 0x00, 0x00, 0x00, 0x00, 0x00, 0x00, 0x00, 0x00,
  0x00, 0x00, 0x00, 0x00, 0x00, 0x00, 0x00, 0x00, 0x00, 0x00, 0x00, 0x00, 0x00, 0x00, 0x00, 0x00,
  0x00, 0x00, 0x00, 0x00, 0x00, 0x00, 0x00, 0x00, 0x00, 0x00, 0x00, 0x00, 0x00, 0x00, 0x00, 0x00,
  0x00, 0x00, 0x00, 0x00, 0x00, 0x00, 0x00, 0x00, 0x00, 0x00, 0x00, 0x00, 0x00, 0x00, 0x00, 0x00,
  0x00, 0x00, 0x00, 0x00, 0x00, 0x00, 0x00, 0x00, 0x00, 0x00, 0x00, 0x00, 0x00, 0x00, 0x00, 0x00,
  0x00, 0x00, 0x00, 0x00, 0x00, 0x00, 0x00, 0x00, 0x00, 0x00, 0x00, 0x00, 0x00, 0x00, 0x00, 0x00,
  0x00, 0x00, 0x00, 0x00, 0x00, 0x00, 0x00, 0x00, 0x00, 0x00, 0x00, 0x00, 0x00, 0x00, 0x00, 0x00,
  0x00, 0x00, 0x00, 0x00, 0x00, 0x00, 0x00, 0x00, 0x00, 0x00, 0x00, 0x00, 0x00, 0x00, 0x00, 0x00,
  0x00, 0x00, 0x00, 0x00, 0x00, 0x00, 0x00, 0x00, 0x00, 0x00, 0x00, 0x00, 0x00, 0x00, 0x00, 0x00,
  0x00, 0x00, 0x00, 0x00, 0x00, 0x00, 0x00, 0x00, 0x00, 0x00, 0x00, 0x00, 0x00, 0x00, 0x00, 0x00,
  0x00, 0x00, 0x00, 0x00, 0x00, 0x00, 0x00, 0x00, 0x00, 0x00, 0x00, 0x00, 0x00, 0x00, 0x00, 0x00,
  0x00, 0x00, 0x00, 0x00, 0x00, 0x00, 0x00, 0x00, 0x00, 0x00, 0x00, 0x00, 0x00, 0x00, 0x00, 0x00,
  0x00, 0x00, 0x00, 0x00, 0x55, 0xff, 0xff, 0x03, 0x00, 0x00, 0x00, 0x00, 0x63, 0xb8, 0xff, 0x12,
  0x69, 0xce, 0xff, 0x99, 0x6d, 0xd6, 0xff, 0xff, 0x6d, 0xd5, 0xff, 0xff, 0x68, 0xce, 0xff, 0xfb,
  0x67, 0xcc, 0xff, 0xfe, 0x6a, 0xcf, 0xff, 0xff, 0x73, 0xd6, 0xff, 0xff, 0x79, 0xdb, 0xff, 0xff,
  0x78, 0xda, 0xff, 0xff, 0x6c, 0xd0, 0xff, 0xff, 0x69, 0xce, 0xff, 0xff, 0x69, 0xce, 0xff, 0xff,
  0x69, 0xce, 0xff, 0xff, 0x69, 0xce, 0xff, 0xff, 0x69, 0xce, 0xff, 0xff, 0x69, 0xce, 0xff, 0xff,
  0x69, 0xce, 0xff, 0xff, 0x69, 0xce, 0xff, 0xff, 0x69, 0xce, 0xff, 0xff, 0x69, 0xce, 0xff, 0xff,
  0x69, 0xce, 0xff, 0xff, 0x69, 0xcd, 0xff, 0xff, 0x67, 0xc0, 0xff, 0xff, 0x67, 0xba, 0xff, 0xff,
  0x67, 0xbc, 0xff, 0xff, 0x67, 0xbc, 0xff, 0xff, 0x67, 0xbc, 0xff, 0xff, 0x67, 0xbb, 0xff, 0xfc,
  0x67, 0xbc, 0xff, 0xff, 0x6d, 0xc7, 0xff, 0xff, 0x68, 0xbe, 0xff, 0xda, 0x65, 0xbc, 0xff, 0x49,
  0x00, 0x00, 0x00, 0x00, 0x55, 0xaa, 0xff, 0x03, 0x00, 0xff, 0xff, 0x01, 0x00, 0x00, 0x00, 0x00,
  0x00, 0x00, 0x00, 0x00, 0x00, 0x00, 0x00, 0x00, 0x00, 0x00, 0x00, 0x00, 0x00, 0x00, 0x00, 0x00,
  0x00, 0x00, 0x00, 0x00, 0x00, 0x00, 0x00, 0x00, 0x00, 0x00, 0x00, 0x00, 0x00, 0x00, 0x00, 0x00,
  0x00, 0x00, 0x00, 0x00, 0x00, 0x00, 0x00, 0x00, 0x00, 0x00, 0x00, 0x00, 0x00, 0x00, 0x00, 0x00,
  0x00, 0x00, 0x00, 0x00, 0x00, 0x00, 0x00, 0x00, 0x00, 0x00, 0x00, 0x00, 0x00, 0x00, 0x00, 0x00,
  0x00, 0x00, 0x00, 0x00, 0x00, 0x00, 0x00, 0x00, 0x00, 0x00, 0x00, 0x00, 0x00, 0x00, 0x00, 0x00,
  0x00, 0x00, 0x00, 0x00, 0x00, 0x00, 0x00, 0x00, 0x00, 0x00, 0x00, 0x00, 0x00, 0x00, 0x00, 0x00,
  0x00, 0x00, 0x00, 0x00, 0x00, 0x00, 0x00, 0x00, 0x00, 0x00, 0x00, 0x00, 0x00, 0x00, 0x00, 0x00,
  0x00, 0x00, 0x00, 0x00, 0x00, 0x00, 0x00, 0x00, 0x00, 0x00, 0x00, 0x00, 0x00, 0x00, 0x00, 0x00,
  0x00, 0x00, 0x00, 0x00, 0x00, 0x00, 0x00, 0x00, 0x00, 0x00, 0x00, 0x00, 0x00, 0x00, 0x00, 0x00,
  0x00, 0x00, 0x00, 0x00, 0x00, 0x00, 0x00, 0x00, 0x00, 0x00, 0x00, 0x00, 0x00, 0x00, 0x00, 0x00,
  0x00, 0x00, 0x00, 0x00, 0x00, 0x00, 0x00, 0x00, 0x00, 0x00, 0x00, 0x00, 0x00, 0x00, 0x00, 0x00,
  0x00, 0x00, 0x00, 0x00, 0x00, 0x00, 0x00, 0x00, 0x00, 0x00, 0x00, 0x00, 0x00, 0x00, 0x00, 0x00,
  0x7f, 0xff, 0xff, 0x02, 0x00, 0x00, 0x00, 0x00, 0x69, 0xc1, 0xff, 0x1d, 0x6a, 0xcf, 0xff, 0xd0,
  0x72, 0xde, 0xff, 0xff, 0x68, 0xcd, 0xff, 0xfd, 0x68, 0xcd, 0xff, 0xfd, 0x68, 0xce, 0xff, 0xff,
  0x6b, 0xd0, 0xff, 0xff, 0x76, 0xd8, 0xff, 0xff, 0x79, 0xdb, 0xff, 0xff, 0x79, 0xda, 0xff, 0xff,
  0x76, 0xd9, 0xff, 0xff, 0x6b, 0xcf, 0xff, 0xff, 0x68, 0xcd, 0xff, 0xff, 0x69, 0xce, 0xff, 0xff,
  0x69, 0xce, 0xff, 0xff, 0x69, 0xce, 0xff, 0xff, 0x69, 0xce, 0xff, 0xff, 0x69, 0xce, 0xff, 0xff,
  0x69, 0xce, 0xff, 0xff, 0x69, 0xce, 0xff, 0xff, 0x69, 0xce, 0xff, 0xff, 0x69, 0xce, 0xff, 0xff,
  0x69, 0xcf, 0xff, 0xff, 0x68, 0xc4, 0xff, 0xff, 0x67, 0xba, 0xff, 0xff, 0x67, 0xbc, 0xff, 0xff,
  0x67, 0xbc, 0xff, 0xff, 0x67, 0xbc, 0xff, 0xff, 0x67, 0xbc, 0xff, 0xff, 0x67, 0xbc, 0xff, 0xff,
  0x67, 0xbc, 0xff, 0xfe, 0x67, 0xbb, 0xff, 0xfc, 0x6a, 0xc1, 0xff, 0xff, 0x6b, 0xc3, 0xff, 0xff,
  0x67, 0xba, 0xff, 0x83, 0x00, 0x00, 0x00, 0x00, 0x00, 0x00, 0xff, 0x01, 0x00, 0xff, 0xff, 0x01,
  0x00, 0x00, 0x00, 0x00, 0x00, 0x00, 0x00, 0x00, 0x00, 0x00, 0x00, 0x00, 0x00, 0x00, 0x00, 0x00,
  0x00, 0x00, 0x00, 0x00, 0x00, 0x00, 0x00, 0x00, 0x00, 0x00, 0x00, 0x00, 0x00, 0x00, 0x00, 0x00,
  0x00, 0x00, 0x00, 0x00, 0x00, 0x00, 0x00, 0x00, 0x00, 0x00, 0x00, 0x00, 0x00, 0x00, 0x00, 0x00,
  0x00, 0x00, 0x00, 0x00, 0x00, 0x00, 0x00, 0x00, 0x00, 0x00, 0x00, 0x00, 0x00, 0x00, 0x00, 0x00,
  0x00, 0x00, 0x00, 0x00, 0x00, 0x00, 0x00, 0x00, 0x00, 0x00, 0x00, 0x00, 0x00, 0x00, 0x00, 0x00,
  0x00, 0x00, 0x00, 0x00, 0x00, 0x00, 0x00, 0x00, 0x00, 0x00, 0x00, 0x00, 0x00, 0x00, 0x00, 0x00,
  0x00, 0x00, 0x00, 0x00, 0x00, 0x00, 0x00, 0x00, 0x00, 0x00, 0x00, 0x00, 0x00, 0x00, 0x00, 0x00,
  0x00, 0x00, 0x00, 0x00, 0x00, 0x00, 0x00, 0x00, 0x00, 0x00, 0x00, 0x00, 0x00, 0x00, 0x00, 0x00,
  0x00, 0x00, 0x00, 0x00, 0x00, 0x00, 0x00, 0x00, 0x00, 0x00, 0x00, 0x00, 0x00, 0x00, 0x00, 0x00,
  0x00, 0x00, 0x00, 0x00, 0x00, 0x00, 0x00, 0x00, 0x00, 0x00, 0x00, 0x00, 0x00, 0x00, 0x00, 0x00,
  0x00, 0x00, 0x00, 0x00, 0x00, 0x00, 0x00, 0x00, 0x00, 0x00, 0x00, 0x00, 0x00, 0x00, 0x00, 0x00,
  0x00, 0x00, 0x00, 0x00, 0x00, 0x00, 0x00, 0x00, 0x00, 0x00, 0x00, 0x00, 0x55, 0xaa, 0xff, 0x03,
  0x00, 0x00, 0x00, 0x00, 0x62, 0xc5, 0xff, 0x2c, 0x6a, 0xd1, 0xff, 0xe1, 0x6e, 0xd9, 0xff, 0xff,
  0x69, 0xce, 0xff, 0xfa, 0x69, 0xce, 0xff, 0xff, 0x68, 0xce, 0xff, 0xff, 0x6b, 0xd0, 0xff, 0xff,
  0x77, 0xd9, 0xff, 0xff, 0x79, 0xdb, 0xff, 0xff, 0x78, 0xda, 0xff, 0xff, 0x75, 0xd8, 0xff, 0xff,
  0x6b, 0xcf, 0xff, 0xff, 0x68, 0xcd, 0xff, 0xff, 0x69, 0xce, 0xff, 0xff, 0x69, 0xce, 0xff, 0xff,
  0x69, 0xce, 0xff, 0xff, 0x69, 0xce, 0xff, 0xff, 0x69, 0xce, 0xff, 0xff, 0x69, 0xce, 0xff, 0xff,
  0x69, 0xce, 0xff, 0xff, 0x69, 0xce, 0xff, 0xff, 0x69, 0xce, 0xff, 0xff, 0x69, 0xcf, 0xff, 0xff,
  0x69, 0xcb, 0xff, 0xff, 0x67, 0xbc, 0xff, 0xff, 0x67, 0xbc, 0xff, 0xff, 0x67, 0xbc, 0xff, 0xff,
  0x67, 0xbc, 0xff, 0xff, 0x67, 0xbc, 0xff, 0xff, 0x67, 0xbc, 0xff, 0xff, 0x67, 0xbc, 0xff, 0xff,
  0x67, 0xbc, 0xff, 0xff, 0x67, 0xbc, 0xff, 0xff, 0x66, 0xbb, 0xff, 0xfd, 0x67, 0xbc, 0xff, 0xfe,
  0x6c, 0xc5, 0xff, 0xff, 0x66, 0xbb, 0xff, 0x96, 0x55, 0xaa, 0xff, 0x06, 0x7f, 0x7f, 0xff, 0x02,
  0x00, 0xff, 0xff, 0x01, 0x00, 0x00, 0x00, 0x00, 0x00, 0x00, 0x00, 0x00, 0x00, 0x00, 0x00, 0x00,
  0x00, 0x00, 0x00, 0x00, 0x00, 0x00, 0x00, 0x00, 0x00, 0x00, 0x00, 0x00, 0x00, 0x00, 0x00, 0x00,
  0x00, 0x00, 0x00, 0x00, 0x00, 0x00, 0x00, 0x00, 0x00, 0x00, 0x00, 0x00, 0x00, 0x00, 0x00, 0x00,
  0x00, 0x00, 0x00, 0x00, 0x00, 0x00, 0x00, 0x00, 0x00, 0x00, 0x00, 0x00, 0x00, 0x00, 0x00, 0x00,
  0x00, 0x00, 0x00, 0x00, 0x00, 0x00, 0x00, 0x00, 0x00, 0x00, 0x00, 0x00, 0x00, 0x00, 0x00, 0x00,
  0x00, 0x00, 0x00, 0x00, 0x00, 0x00, 0x00, 0x00, 0x00, 0x00, 0x00, 0x00, 0x00, 0x00, 0x00, 0x00,
  0x00, 0x00, 0x00, 0x00, 0x00, 0x00, 0x00, 0x00, 0x00, 0x00, 0x00, 0x00, 0x00, 0x00, 0x00, 0x00,
  0x00, 0x00, 0x00, 0x00, 0x00, 0x00, 0x00, 0x00, 0x00, 0x00, 0x00, 0x00, 0x00, 0x00, 0x00, 0x00,
  0x00, 0x00, 0x00, 0x00, 0x00, 0x00, 0x00, 0x00, 0x00, 0x00, 0x00, 0x00, 0x00, 0x00, 0x00, 0x00,
  0x00, 0x00, 0x00, 0x00, 0x00, 0x00, 0x00, 0x00, 0x00, 0x00, 0x00, 0x00, 0x00, 0x00, 0x00, 0x00,
  0x00, 0x00, 0x00, 0x00, 0x00, 0x00, 0x00, 0x00, 0x00, 0x00, 0x00, 0x00, 0x00, 0x00, 0x00, 0x00,
  0x00, 0x00, 0x00, 0x00, 0x00, 0x00, 0x00, 0x00, 0x7f, 0xff, 0xff, 0x02, 0x00, 0x00, 0x00, 0x00,
  0x67, 0xc7, 0xff, 0x20, 0x6b, 0xd2, 0xff, 0xe4, 0x6e, 0xd7, 0xff, 0xff, 0x68, 0xcd, 0xff, 0xfb,
  0x69, 0xce, 0xff, 0xff, 0x69, 0xce, 0xff, 0xff, 0x6a, 0xcf, 0xff, 0xff, 0x76, 0xd8, 0xff, 0xff,
  0x78, 0xda, 0xff, 0xff, 0x78, 0xda, 0xff, 0xff, 0x75, 0xd8, 0xff, 0xff, 0x6a, 0xce, 0xff, 0xff,
  0x68, 0xcd, 0xff, 0xff, 0x69, 0xce, 0xff, 0xff, 0x69, 0xce, 0xff, 0xff, 0x69, 0xce, 0xff, 0xff,
  0x69, 0xce, 0xff, 0xff, 0x69, 0xce, 0xff, 0xff, 0x69, 0xce, 0xff, 0xff, 0x69, 0xce, 0xff, 0xff,
  0x69, 0xce, 0xff, 0xff, 0x69, 0xce, 0xff, 0xff, 0x69, 0xce, 0xff, 0xff, 0x69, 0xcf, 0xff, 0xff,
  0x68, 0xc6, 0xff, 0xff, 0x67, 0xbb, 0xff, 0xff, 0x67, 0xbc, 0xff, 0xff, 0x67, 0xbc, 0xff, 0xff,
  0x67, 0xbc, 0xff, 0xff, 0x67, 0xbc, 0xff, 0xff, 0x67, 0xbc, 0xff, 0xff, 0x67, 0xbc, 0xff, 0xff,
  0x67, 0xbc, 0xff, 0xff, 0x67, 0xbc, 0xff, 0xff, 0x67, 0xbc, 0xff, 0xff, 0x67, 0xbb, 0xff, 0xfe,
  0x67, 0xbc, 0xff, 0xfb, 0x6f, 0xca, 0xff, 0xff, 0x67, 0xbb, 0xff, 0x94, 0x00, 0x00, 0x00, 0x00,
  0x55, 0xaa, 0xff, 0x03, 0x00, 0x00, 0x00, 0x00, 0x00, 0x00, 0x00, 0x00, 0x00, 0x00, 0x00, 0x00,
  0x00, 0x00, 0x00, 0x00, 0x00, 0x00, 0x00, 0x00, 0x00, 0x00, 0x00, 0x00, 0x00, 0x00, 0x00, 0x00,
  0x00, 0x00, 0x00, 0x00, 0x00, 0x00, 0x00, 0x00, 0x00, 0x00, 0x00, 0x00, 0x00, 0x00, 0x00, 0x00,
  0x00, 0x00, 0x00, 0x00, 0x00, 0x00, 0x00, 0x00, 0x00, 0x00, 0x00, 0x00, 0x00, 0x00, 0x00, 0x00,
  0x00, 0x00, 0x00, 0x00, 0x00, 0x00, 0x00, 0x00, 0x00, 0x00, 0x00, 0x00, 0x00, 0x00, 0x00, 0x00,
  0x00, 0x00, 0x00, 0x00, 0x00, 0x00, 0x00, 0x00, 0x00, 0x00, 0x00, 0x00, 0x00, 0x00, 0x00, 0x00,
  0x00, 0x00, 0x00, 0x00, 0x00, 0x00, 0x00, 0x00, 0x00, 0x00, 0x00, 0x00, 0x00, 0x00, 0x00, 0x00,
  0x00, 0x00, 0x00, 0x00, 0x00, 0x00, 0x00, 0x00, 0x00, 0x00, 0x00, 0x00, 0x00, 0x00, 0x00, 0x00,
  0x00, 0x00, 0x00, 0x00, 0x00, 0x00, 0x00, 0x00, 0x00, 0x00, 0x00, 0x00, 0x00, 0x00, 0x00, 0x00,
  0x00, 0x00, 0x00, 0x00, 0x00, 0x00, 0x00, 0x00, 0x00, 0x00, 0x00, 0x00, 0x00, 0x00, 0x00, 0x00,
  0x00, 0x00, 0x00, 0x00, 0x00, 0x00, 0x00, 0x00, 0x00, 0x00, 0x00, 0x00, 0x00, 0x00, 0x00, 0x00,
  0x00, 0x00, 0x00, 0x00, 0x00, 0xff, 0xff, 0x01, 0x7f, 0xff, 0xff, 0x02, 0x69, 0xc3, 0xff, 0x11,
  0x68, 0xcd, 0xff, 0xd2, 0x6e, 0xd9, 0xff, 0xff, 0x68, 0xcd, 0xff, 0xfb, 0x69, 0xce, 0xff, 0xff,
  0x69, 0xce, 0xff, 0xff, 0x69, 0xce, 0xff, 0xff, 0x74, 0xd7, 0xff, 0xff, 0x79, 0xdb, 0xff, 0xff,
  0x78, 0xda, 0xff, 0xff, 0x77, 0xd9, 0xff, 0xff, 0x6b, 0xd0, 0xff, 0xff, 0x68, 0xcd, 0xff, 0xff,
  0x69, 0xce, 0xff, 0xff, 0x69, 0xce, 0xff, 0xff, 0x69, 0xce, 0xff, 0xff, 0x69, 0xce, 0xff, 0xff,
  0x69, 0xce, 0xff, 0xff, 0x69, 0xce, 0xff, 0xff, 0x69, 0xce, 0xff, 0xff, 0x69, 0xce, 0xff, 0xff,
  0x69, 0xce, 0xff, 0xff, 0x69, 0xce, 0xff, 0xff, 0x69, 0xce, 0xff, 0xff, 0x69, 0xcf, 0xff, 0xff,
  0x68, 0xc3, 0xff, 0xff, 0x67, 0xbb, 0xff, 0xff, 0x67, 0xbc, 0xff, 0xff, 0x67, 0xbc, 0xff, 0xff,
  0x67, 0xbc, 0xff, 0xff, 0x67, 0xbc, 0xff, 0xff, 0x67, 0xbc, 0xff, 0xff, 0x67, 0xbc, 0xff, 0xff,
  0x67, 0xbc, 0xff, 0xff, 0x67, 0xbc, 0xff, 0xff, 0x67, 0xbc, 0xff, 0xff, 0x67, 0xbc, 0xff, 0xff,
  0x67, 0xbc, 0xff, 0xfe, 0x68, 0xbc, 0xff, 0xfa, 0x6d, 0xc7, 0xff, 0xff, 0x66, 0xbb, 0xff, 0x6d,
  0x00, 0x00, 0x00, 0x00, 0x55, 0xaa, 0xff, 0x03, 0x00, 0x00, 0x00, 0x00, 0x00, 0x00, 0x00, 0x00,
  0x00, 0x00, 0x00, 0x00, 0x00, 0x00, 0x00, 0x00, 0x00, 0x00, 0x00, 0x00, 0x00, 0x00, 0x00, 0x00,
  0x00, 0x00, 0x00, 0x00, 0x00, 0x00, 0x00, 0x00, 0x00, 0x00, 0x00, 0x00, 0x00, 0x00, 0x00, 0x00,
  0x00, 0x00, 0x00, 0x00, 0x00, 0x00, 0x00, 0x00, 0x00, 0x00, 0x00, 0x00, 0x00, 0x00, 0x00, 0x00,
  0x00, 0x00, 0x00, 0x00, 0x00, 0x00, 0x00, 0x00, 0x00, 0x00, 0x00, 0x00, 0x00, 0x00, 0x00, 0x00,
  0x00, 0x00, 0x00, 0x00, 0x00, 0x00, 0x00, 0x00, 0x00, 0x00, 0x00, 0x00, 0x00, 0x00, 0x00, 0x00,
  0x00, 0x00, 0x00, 0x00, 0x00, 0x00, 0x00, 0x00, 0x00, 0x00, 0x00, 0x00, 0x00, 0x00, 0x00, 0x00,
  0x00, 0x00, 0x00, 0x00, 0x00, 0x00, 0x00, 0x00, 0x00, 0x00, 0x00, 0x00, 0x00, 0x00, 0x00, 0x00,
  0x00, 0x00, 0x00, 0x00, 0x00, 0x00, 0x00, 0x00, 0x00, 0x00, 0x00, 0x00, 0x00, 0x00, 0x00, 0x00,
  0x00, 0x00, 0x00, 0x00, 0x00, 0x00, 0x00, 0x00, 0x00, 0x00, 0x00, 0x00, 0x00, 0x00, 0x00, 0x00,
  0x00, 0x00, 0x00, 0x00, 0x00, 0x00, 0x00, 0x00, 0x00, 0x00, 0x00, 0x00, 0x00, 0x00, 0x00, 0x00,
  0x00, 0x00, 0x00, 0x00, 0x55, 0xff, 0xff, 0x03, 0x00, 0x00, 0x00, 0x00, 0x67, 0xca, 0xff, 0x96,
  0x72, 0xdf, 0xff, 0xff, 0x69, 0xce, 0xff, 0xfa, 0x69, 0xce, 0xff, 0xff, 0x69, 0xce, 0xff, 0xff,
  0x68, 0xcd, 0xff, 0xff, 0x71, 0xd4, 0xff, 0xff, 0x79, 0xdb, 0xff, 0xff, 0x78, 0xda, 0xff, 0xff,
  0x78, 0xda, 0xff, 0xff, 0x6c, 0xd1, 0xff, 0xff, 0x68, 0xcd, 0xff, 0xff, 0x69, 0xce, 0xff, 0xff,
  0x69, 0xce, 0xff, 0xff, 0x69, 0xce, 0xff, 0xff, 0x69, 0xce, 0xff, 0xff, 0x69, 0xce, 0xff, 0xff,
  0x69, 0xce, 0xff, 0xff, 0x69, 0xce, 0xff, 0xff, 0x69, 0xce, 0xff, 0xff, 0x69, 0xce, 0xff, 0xff,
  0x69, 0xce, 0xff, 0xff, 0x69, 0xce, 0xff, 0xff, 0x69, 0xce, 0xff, 0xff, 0x69, 0xcf, 0xff, 0xff,
  0x68, 0xc1, 0xff, 0xff, 0x67, 0xbb, 0xff, 0xff, 0x67, 0xbc, 0xff, 0xff, 0x67, 0xbc, 0xff, 0xff,
  0x67, 0xbc, 0xff, 0xff, 0x67, 0xbc, 0xff, 0xff, 0x67, 0xbc, 0xff, 0xff, 0x67, 0xbc, 0xff, 0xff,
  0x67, 0xbc, 0xff, 0xff, 0x67, 0xbc, 0xff, 0xff, 0x67, 0xbc, 0xff, 0xff, 0x67, 0xbc, 0xff, 0xff,
  0x67, 0xbc, 0xff, 0xff, 0x66, 0xbb, 0xff, 0xfe, 0x68, 0xbe, 0xff, 0xfd, 0x69, 0xbf, 0xff, 0xfa,
  0x68, 0xbf, 0xff, 0x38, 0x00, 0x00, 0x00, 0x00, 0x55, 0xaa, 0xff, 0x03, 0x00, 0x00, 0x00, 0x00,
  0x00, 0x00, 0x00, 0x00, 0x00, 0x00, 0x00, 0x00, 0x00, 0x00, 0x00, 0x00, 0x00, 0x00, 0x00, 0x00,
  0x00, 0x00, 0x00, 0x00, 0x00, 0x00, 0x00, 0x00, 0x00, 0x00, 0x00, 0x00, 0x00, 0x00, 0x00, 0x00,
  0x00, 0x00, 0x00, 0x00, 0x00, 0x00, 0x00, 0x00, 0x00, 0x00, 0x00, 0x00, 0x00, 0x00, 0x00, 0x00,
  0x00, 0x00, 0x00, 0x00, 0x00, 0x00, 0x00, 0x00, 0x00, 0x00, 0x00, 0x00, 0x00, 0x00, 0x00, 0x00,
  0x00, 0x00, 0x00, 0x00, 0x00, 0x00, 0x00, 0x00, 0x00, 0x00, 0x00, 0x00, 0x00, 0x00, 0x00, 0x00,
  0x00, 0x00, 0x00, 0x00, 0x00, 0x00, 0x00, 0x00, 0x00, 0x00, 0x00, 0x00, 0x00, 0x00, 0x00, 0x00,
  0x00, 0x00, 0x00, 0x00, 0x00, 0x00, 0x00, 0x00, 0x00, 0x00, 0x00, 0x00, 0x00, 0x00, 0x00, 0x00,
  0x00, 0x00, 0x00, 0x00, 0x00, 0x00, 0x00, 0x00, 0x00, 0x00, 0x00, 0x00, 0x00, 0x00, 0x00, 0x00,
  0x00, 0x00, 0x00, 0x00, 0x00, 0x00, 0x00, 0x00, 0x00, 0x00, 0x00, 0x00, 0x00, 0x00, 0x00, 0x00,
  0x00, 0x00, 0x00, 0x00, 0x00, 0x00, 0x00, 0x00, 0x00, 0x00, 0x00, 0x00, 0x00, 0x00, 0x00, 0x00,
  0x7f, 0xff, 0xff, 0x02, 0x00, 0x00, 0xff, 0x01, 0x6a, 0xc9, 0xff, 0x2b, 0x6a, 0xd1, 0xff, 0xfb,
  0x6a, 0xcf, 0xff, 0xfc, 0x69, 0xce, 0xff, 0xfe, 0x69, 0xce, 0xff, 0xff, 0x68, 0xcd, 0xff, 0xff,
  0x6c, 0xd0, 0xff, 0xff, 0x78, 0xda, 0xff, 0xff, 0x78, 0xda, 0xff, 0xff, 0x79, 0xdb, 0xff, 0xff,
  0x72, 0xd5, 0xff, 0xff, 0x68, 0xcd, 0xff, 0xff, 0x69, 0xce, 0xff, 0xff, 0x69, 0xce, 0xff, 0xff,
  0x69, 0xce, 0xff, 0xff, 0x69, 0xce, 0xff, 0xff, 0x69, 0xce, 0xff, 0xff, 0x69, 0xce, 0xff, 0xff,
  0x69, 0xce, 0xff, 0xff, 0x69, 0xce, 0xff, 0xff, 0x69, 0xce, 0xff, 0xff, 0x69, 0xce, 0xff, 0xff,
  0x69, 0xce, 0xff, 0xff, 0x69, 0xce, 0xff, 0xff, 0x69, 0xce, 0xff, 0xff, 0x69, 0xcf, 0xff, 0xff,
  0x68, 0xc1, 0xff, 0xff, 0x67, 0xbb, 0xff, 0xff, 0x67, 0xbc, 0xff, 0xff, 0x67, 0xbc, 0xff, 0xff,
  0x67, 0xbc, 0xff, 0xff, 0x67, 0xbc, 0xff, 0xff, 0x67, 0xbc, 0xff, 0xff, 0x67, 0xbc, 0xff, 0xff,
  0x67, 0xbc, 0xff, 0xff, 0x67, 0xbc, 0xff, 0xff, 0x67, 0xbc, 0xff, 0xff, 0x67, 0xbc, 0xff, 0xff,
  0x67, 0xbc, 0xff, 0xff, 0x67, 0xbc, 0xff, 0xff, 0x67, 0xbb, 0xff, 0xfc, 0x6c, 0xc5, 0xff, 0xff,
  0x66, 0xbb, 0xff, 0xbd, 0x00, 0x00, 0x00, 0x00, 0x00, 0x7f, 0xff, 0x02, 0x00, 0x00, 0x00, 0x00,
  0x00, 0x00, 0x00, 0x00, 0x00, 0x00, 0x00, 0x00, 0x00, 0x00, 0x00, 0x00, 0x00, 0x00, 0x00, 0x00,
  0x00, 0x00, 0x00, 0x00, 0x00, 0x00, 0x00, 0x00, 0x00, 0x00, 0x00, 0x00, 0x00, 0x00, 0x00, 0x00,
  0x00, 0x00, 0x00, 0x00, 0x00, 0x00, 0x00, 0x00, 0x00, 0x00, 0x00, 0x00, 0x00, 0x00, 0x00, 0x00,
  0x00, 0x00, 0x00, 0x00, 0x00, 0x00, 0x00, 0x00, 0x00, 0x00, 0x00, 0x00, 0x00, 0x00, 0x00, 0x00,
  0x00, 0x00, 0x00, 0x00, 0x00, 0x00, 0x00, 0x00, 0x00, 0x00, 0x00, 0x00, 0x00, 0x00, 0x00, 0x00,
  0x00, 0x00, 0x00, 0x00, 0x00, 0x00, 0x00, 0x00, 0x00, 0x00, 0x00, 0x00, 0x00, 0x00, 0x00, 0x00,
  0x00, 0x00, 0x00, 0x00, 0x00, 0x00, 0x00, 0x00, 0x00, 0x00, 0x00, 0x00, 0x00, 0x00, 0x00, 0x00,
  0x00, 0x00, 0x00, 0x00, 0x00, 0x00, 0x00, 0x00, 0x00, 0x00, 0x00, 0x00, 0x00, 0x00, 0x00, 0x00,
  0x00, 0x00, 0x00, 0x00, 0x00, 0x00, 0x00, 0x00, 0x00, 0x00, 0x00, 0x00, 0x00, 0x00, 0x00, 0x00,
  0x00, 0x00, 0x00, 0x00, 0x00, 0x00, 0x00, 0x00, 0x00, 0x00, 0x00, 0x00, 0x00, 0x00, 0x00, 0x00,
  0x7f, 0xff, 0xff, 0x02, 0x00, 0x00, 0x00, 0x00, 0x67, 0xcb, 0xff, 0xb6, 0x6f, 0xd9, 0xff, 0xff,
  0x68, 0xcd, 0xff, 0xfc, 0x69, 0xce, 0xff, 0xff, 0x69, 0xce, 0xff, 0xff, 0x69, 0xce, 0xff, 0xff,
  0x75, 0xd7, 0xff, 0xff, 0x79, 0xdb, 0xff, 0xff, 0x78, 0xda, 0xff, 0xff, 0x77, 0xd9, 0xff, 0xff,
  0x6b, 0xcf, 0xff, 0xff, 0x69, 0xce, 0xff, 0xff, 0x69, 0xce, 0xff, 0xff, 0x69, 0xce, 0xff, 0xff,
  0x69, 0xce, 0xff, 0xff, 0x69, 0xce, 0xff, 0xff, 0x69, 0xce, 0xff, 0xff, 0x69, 0xce, 0xff, 0xff,
  0x69, 0xce, 0xff, 0xff, 0x69, 0xce, 0xff, 0xff, 0x69, 0xce, 0xff, 0xff, 0x69, 0xce, 0xff, 0xff,
  0x69, 0xce, 0xff, 0xff, 0x69, 0xce, 0xff, 0xff, 0x69, 0xce, 0xff, 0xff, 0x69, 0xcf, 0xff, 0xff,
  0x68, 0xc2, 0xff, 0xff, 0x67, 0xbb, 0xff, 0xff, 0x67, 0xbc, 0xff, 0xff, 0x67, 0xbc, 0xff, 0xff,
  0x67, 0xbc, 0xff, 0xff, 0x67, 0xbc, 0xff, 0xff, 0x67, 0xbc, 0xff, 0xff, 0x67, 0xbc, 0xff, 0xff,
  0x67, 0xbc, 0xff, 0xff, 0x67, 0xbc, 0xff, 0xff, 0x67, 0xbc, 0xff, 0xff, 0x67, 0xbc, 0xff, 0xff,
  0x67, 0xbc, 0xff, 0xff, 0x67, 0xbc, 0xff, 0xff, 0x67, 0xbc, 0xff, 0xff, 0x67, 0xbc, 0xff, 0xfc,
  0x6b, 0xc4, 0xff, 0xff, 0x65, 0xba, 0xff, 0x4e, 0x00, 0x00, 0x00, 0x00, 0x55, 0xaa, 0xff, 0x03,
  0x00, 0x00, 0x00, 0x00, 0x00, 0x00, 0x00, 0x00, 0x00, 0x00, 0x00, 0x00, 0x00, 0x00, 0x00, 0x00,
  0x00, 0x00, 0x00, 0x00, 0x00, 0x00, 0x00, 0x00, 0x00, 0x00, 0x00, 0x00, 0x00, 0x00, 0x00, 0x00,
  0x00, 0x00, 0x00, 0x00, 0x00, 0x00, 0x00, 0x00, 0x00, 0x00, 0x00, 0x00, 0x00, 0x00, 0x00, 0x00,
  0x00, 0x00, 0x00, 0x00, 0x00, 0x00, 0x00, 0x00, 0x00, 0x00, 0x00, 0x00, 0x00, 0x00, 0x00, 0x00,
  0x00, 0x00, 0x00, 0x00, 0x00, 0x00, 0x00, 0x00, 0x00, 0x00, 0x00, 0x00, 0x00, 0x00, 0x00, 0x00,
  0x00, 0x00, 0x00, 0x00, 0x00, 0x00, 0x00, 0x00, 0x00, 0x00, 0x00, 0x00, 0x00, 0x00, 0x00, 0x00,
  0x00, 0x00, 0x00, 0x00, 0x00, 0x00, 0x00, 0x00, 0x00, 0x00, 0x00, 0x00, 0x00, 0x00, 0x00, 0x00,
  0x00, 0x00, 0x00, 0x00, 0x00, 0x00, 0x00, 0x00, 0x00, 0x00, 0x00, 0x00, 0x00, 0x00, 0x00, 0x00,
  0x00, 0x00, 0x00, 0x00, 0x00, 0x00, 0x00, 0x00, 0x00, 0x00, 0x00, 0x00, 0x00, 0x00, 0x00, 0x00,
  0x00, 0x00, 0x00, 0x00, 0x00, 0x00, 0x00, 0x00, 0x00, 0x00, 0x00, 0x00, 0x7f, 0xff, 0xff, 0x02,
  0x00, 0x00, 0x00, 0x00, 0x67, 0xc8, 0xff, 0x2a, 0x6a, 0xd1, 0xff, 0xfb, 0x6a, 0xce, 0xff, 0xfe,
  0x69, 0xce, 0xff, 0xfe, 0x69, 0xce, 0xff, 0xff, 0x68, 0xcd, 0xff, 0xff, 0x6e, 0xd2, 0xff, 0xff,
  0x79, 0xdb, 0xff, 0xff, 0x78, 0xda, 0xff, 0xff, 0x79, 0xdb, 0xff, 0xff, 0x70, 0xd3, 0xff, 0xff,
  0x68, 0xcd, 0xff, 0xff, 0x69, 0xce, 0xff, 0xff, 0x69, 0xce, 0xff, 0xff, 0x69, 0xce, 0xff, 0xff,
  0x69, 0xce, 0xff, 0xff, 0x69, 0xce, 0xff, 0xff, 0x69, 0xce, 0xff, 0xff, 0x69, 0xce, 0xff, 0xff,
  0x69, 0xce, 0xff, 0xff, 0x69, 0xce, 0xff, 0xff, 0x69, 0xce, 0xff, 0xff, 0x69, 0xce, 0xff, 0xff,
  0x69, 0xce, 0xff, 0xff, 0x69, 0xce, 0xff, 0xff, 0x69, 0xce, 0xff, 0xff, 0x69, 0xcf, 0xff, 0xff,
  0x68, 0xc4, 0xff, 0xff, 0x67, 0xbb, 0xff, 0xff, 0x67, 0xbc, 0xff, 0xff, 0x67, 0xbc, 0xff, 0xff,
  0x67, 0xbc, 0xff, 0xff, 0x67, 0xbc, 0xff, 0xff, 0x67, 0xbc, 0xff, 0xff, 0x67, 0xbc, 0xff, 0xff,
  0x67, 0xbc, 0xff, 0xff, 0x67, 0xbc, 0xff, 0xff, 0x67, 0xbc, 0xff, 0xff, 0x67, 0xbc, 0xff, 0xff,
  0x67, 0xbc, 0xff, 0xff, 0x67, 0xbc, 0xff, 0xff, 0x67, 0xbc, 0xff, 0xff, 0x67, 0xbb, 0xff, 0xfb,
  0x6d, 0xc7, 0xff, 0xfe, 0x67, 0xbc, 0xff, 0xb7, 0x00, 0x00, 0x00, 0x00, 0x7f, 0x7f, 0xff, 0x02,
  0x00, 0x00, 0x00, 0x00, 0x00, 0x00, 0x00, 0x00, 0x00, 0x00, 0x00, 0x00, 0x00, 0x00, 0x00, 0x00,
  0x00, 0x00, 0x00, 0x00, 0x00, 0x00, 0x00, 0x00, 0x00, 0x00, 0x00, 0x00, 0x00, 0x00, 0x00, 0x00,
  0x00, 0x00, 0x00, 0x00, 0x00, 0x00, 0x00, 0x00, 0x00, 0x00, 0x00, 0x00, 0x00, 0x00, 0x00, 0x00,
  0x00, 0x00, 0x00, 0x00, 0x00, 0x00, 0x00, 0x00, 0x00, 0x00, 0x00, 0x00, 0x00, 0x00, 0x00, 0x00,
  0x00, 0x00, 0x00, 0x00, 0x00, 0x00, 0x00, 0x00, 0x00, 0x00, 0x00, 0x00, 0x00, 0x00, 0x00, 0x00,
  0x00, 0x00, 0x00, 0x00, 0x00, 0x00, 0x00, 0x00, 0x00, 0x00, 0x00, 0x00, 0x00, 0x00, 0x00, 0x00,
  0x00, 0x00, 0x00, 0x00, 0x00, 0x00, 0x00, 0x00, 0x00, 0x00, 0x00, 0x00, 0x00, 0x00, 0x00, 0x00,
  0x00, 0x00, 0x00, 0x00, 0x00, 0x00, 0x00, 0x00, 0x00, 0x00, 0x00, 0x00, 0x00, 0x00, 0x00, 0x00,
  0x00, 0x00, 0x00, 0x00, 0x00, 0x00, 0x00, 0x00, 0x00, 0x00, 0x00, 0x00, 0x00, 0x00, 0x00, 0x00,
  0x00, 0x00, 0x00, 0x00, 0x00, 0x00, 0x00, 0x00, 0x00, 0x00, 0x00, 0x00, 0x7f, 0xbf, 0xff, 0x04,
  0x00, 0xff, 0xff, 0x01, 0x69, 0xc9, 0xff, 0x77, 0x70, 0xdc, 0xff, 0xff, 0x68, 0xce, 0xff, 0xfb,
  0x69, 0xce, 0xff, 0xff, 0x69, 0xce, 0xff, 0xff, 0x69, 0xce, 0xff, 0xff, 0x75, 0xd8, 0xff, 0xff,
  0x79, 0xda, 0xff, 0xff, 0x78, 0xda, 0xff, 0xff, 0x77, 0xd9, 0xff, 0xff, 0x6a, 0xcf, 0xff, 0xff,
  0x69, 0xce, 0xff, 0xff, 0x69, 0xce, 0xff, 0xff, 0x69, 0xce, 0xff, 0xff, 0x69, 0xce, 0xff, 0xff,
  0x69, 0xce, 0xff, 0xff, 0x69, 0xce, 0xff, 0xff, 0x69, 0xce, 0xff, 0xff, 0x69, 0xce, 0xff, 0xff,
  0x69, 0xce, 0xff, 0xff, 0x69, 0xce, 0xff, 0xff, 0x69, 0xce, 0xff, 0xff, 0x69, 0xce, 0xff, 0xff,
  0x69, 0xce, 0xff, 0xff, 0x69, 0xce, 0xff, 0xff, 0x69, 0xce, 0xff, 0xff, 0x69, 0xcf, 0xff, 0xff,
  0x68, 0xc5, 0xff, 0xff, 0x67, 0xbb, 0xff, 0xff, 0x67, 0xbc, 0xff, 0xff, 0x67, 0xbc, 0xff, 0xff,
  0x67, 0xbc, 0xff, 0xff, 0x67, 0xbc, 0xff, 0xff, 0x67, 0xbc, 0xff, 0xff, 0x67, 0xbc, 0xff, 0xff,
  0x67, 0xbc, 0xff, 0xff, 0x67, 0xbc, 0xff, 0xff, 0x67, 0xbc, 0xff, 0xff, 0x67, 0xbc, 0xff, 0xff,
  0x67, 0xbc, 0xff, 0xff, 0x67, 0xbc, 0xff, 0xff, 0x67, 0xbc, 0xff, 0xff, 0x67, 0xbb, 0xff, 0xfe,
  0x68, 0xbe, 0xff, 0xff, 0x67, 0xbb, 0xff, 0xf2, 0x66, 0xbb, 0xff, 0x1e, 0x00, 0x00, 0x00, 0x00,
  0x7f, 0x7f, 0xff, 0x02, 0x00, 0x00, 0x00, 0x00, 0x00, 0x00, 0x00, 0x00, 0x00, 0x00, 0x00, 0x00,
  0x00, 0x00, 0x00, 0x00, 0x00, 0x00, 0x00, 0x00, 0x00, 0x00, 0x00, 0x00, 0x00, 0x00, 0x00, 0x00,
  0x00, 0x00, 0x00, 0x00, 0x00, 0x00, 0x00, 0x00, 0x00, 0x00, 0x00, 0x00, 0x00, 0x00, 0x00, 0x00,
  0x00, 0x00, 0x00, 0x00, 0x00, 0x00, 0x00, 0x00, 0x00, 0x00, 0x00, 0x00, 0x00, 0x00, 0x00, 0x00,
  0x00, 0x00, 0x00, 0x00, 0x00, 0x00, 0x00, 0x00, 0x00, 0x00, 0x00, 0x00, 0x00, 0x00, 0x00, 0x00,
  0x00, 0x00, 0x00, 0x00, 0x00, 0x00, 0x00, 0x00, 0x00, 0x00, 0x00, 0x00, 0x00, 0x00, 0x00, 0x00,
  0x00, 0x00, 0x00, 0x00, 0x00, 0x00, 0x00, 0x00, 0x00, 0x00, 0x00, 0x00, 0x00, 0x00, 0x00, 0x00,
  0x00, 0x00, 0x00, 0x00, 0x00, 0x00, 0x00, 0x00, 0x00, 0x00, 0x00, 0x00, 0x00, 0x00, 0x00, 0x00,
  0x00, 0x00, 0x00, 0x00, 0x00, 0x00, 0x00, 0x00, 0x00, 0x00, 0x00, 0x00, 0x00, 0x00, 0x00, 0x00,
  0x00, 0x00, 0x00, 0x00, 0x00, 0x00, 0x00, 0x00, 0x00, 0x00, 0x00, 0x00, 0xff, 0xff, 0xff, 0x01,
  0x00, 0x00, 0x00, 0x00, 0x68, 0xcc, 0xff, 0xbc, 0x6f, 0xd8, 0xff, 0xff, 0x69, 0xce, 0xff, 0xfc,
  0x69, 0xce, 0xff, 0xff, 0x68, 0xcd, 0xff, 0xff, 0x6d, 0xd2, 0xff, 0xff, 0x79, 0xdb, 0xff, 0xff,
  0x78, 0xda, 0xff, 0xff, 0x79, 0xdb, 0xff, 0xff, 0x71, 0xd5, 0xff, 0xff, 0x68, 0xcd, 0xff, 0xff,
  0x69, 0xce, 0xff, 0xff, 0x69, 0xce, 0xff, 0xff, 0x69, 0xce, 0xff, 0xff, 0x69, 0xce, 0xff, 0xff,
  0x69, 0xce, 0xff, 0xff, 0x69, 0xce, 0xff, 0xff, 0x69, 0xce, 0xff, 0xff, 0x69, 0xce, 0xff, 0xff,
  0x69, 0xce, 0xff, 0xff, 0x69, 0xce, 0xff, 0xff, 0x69, 0xce, 0xff, 0xff, 0x69, 0xce, 0xff, 0xff,
  0x69, 0xce, 0xff, 0xff, 0x69, 0xce, 0xff, 0xff, 0x69, 0xce, 0xff, 0xff, 0x69, 0xcf, 0xff, 0xff,
  0x68, 0xc6, 0xff, 0xff, 0x67, 0xbb, 0xff, 0xff, 0x67, 0xbc, 0xff, 0xff, 0x67, 0xbc, 0xff, 0xff,
  0x67, 0xbc, 0xff, 0xff, 0x67, 0xbc, 0xff, 0xff, 0x67, 0xbc, 0xff, 0xff, 0x67, 0xbc, 0xff, 0xff,
  0x67, 0xbc, 0xff, 0xff, 0x67, 0xbc, 0xff, 0xff, 0x67, 0xbc, 0xff, 0xff, 0x67, 0xbc, 0xff, 0xff,
  0x67, 0xbc, 0xff, 0xff, 0x67, 0xbc, 0xff, 0xff, 0x67, 0xbc, 0xff, 0xff, 0x67, 0xbc, 0xff, 0xff,
  0x67, 0xbc, 0xff, 0xfc, 0x6c, 0xc5, 0xff, 0xff, 0x67, 0xbc, 0xff, 0x54, 0x00, 0x00, 0x00, 0x00,
  0x3f, 0xbf, 0xff, 0x04, 0x00, 0x00, 0x00, 0x00, 0x00, 0x00, 0x00, 0x00, 0x00, 0x00, 0x00, 0x00,
  0x00, 0x00, 0x00, 0x00, 0x00, 0x00, 0x00, 0x00, 0x00, 0x00, 0x00, 0x00, 0x00, 0x00, 0x00, 0x00,
  0x00, 0x00, 0x00, 0x00, 0x00, 0x00, 0x00, 0x00, 0x00, 0x00, 0x00, 0x00, 0x00, 0x00, 0x00, 0x00,
  0x00, 0x00, 0x00, 0x00, 0x00, 0x00, 0x00, 0x00, 0x00, 0x00, 0x00, 0x00, 0x00, 0x00, 0x00, 0x00,
  0x00, 0x00, 0x00, 0x00, 0x00, 0x00, 0x00, 0x00, 0x00, 0x00, 0x00, 0x00, 0x00, 0x00, 0x00, 0x00,
  0x00, 0x00, 0x00, 0x00, 0x00, 0x00, 0x00, 0x00, 0x00, 0x00, 0x00, 0x00, 0x00, 0x00, 0x00, 0x00,
  0x00, 0x00, 0x00, 0x00, 0x00, 0x00, 0x00, 0x00, 0x00, 0x00, 0x00, 0x00, 0x00, 0x00, 0x00, 0x00,
  0x00, 0x00, 0x00, 0x00, 0x00, 0x00, 0x00, 0x00, 0x00, 0x00, 0x00, 0x00, 0x00, 0x00, 0x00, 0x00,
  0x00, 0x00, 0x00, 0x00, 0x00, 0x00, 0x00, 0x00, 0x00, 0x00, 0x00, 0x00, 0x00, 0x00, 0x00, 0x00,
  0x00, 0x00, 0x00, 0x00, 0x00, 0x00, 0x00, 0x00, 0x00, 0x00, 0xff, 0x01, 0x00, 0x00, 0x00, 0x00,
  0x62, 0xc4, 0xff, 0x0d, 0x68, 0xcd, 0xff, 0xe6, 0x6c, 0xd3, 0xff, 0xff, 0x68, 0xcd, 0xff, 0xfd,
  0x69, 0xce, 0xff, 0xff, 0x68, 0xcd, 0xff, 0xff, 0x74, 0xd6, 0xff, 0xff, 0x79, 0xdb, 0xff, 0xff,
  0x78, 0xda, 0xff, 0xff, 0x78, 0xda, 0xff, 0xff, 0x6c, 0xd0, 0xff, 0xff, 0x68, 0xce, 0xff, 0xff,
  0x69, 0xce, 0xff, 0xff, 0x69, 0xce, 0xff, 0xff, 0x69, 0xce, 0xff, 0xff, 0x69, 0xce, 0xff, 0xff,
  0x69, 0xce, 0xff, 0xff, 0x69, 0xce, 0xff, 0xff, 0x69, 0xce, 0xff, 0xff, 0x69, 0xce, 0xff, 0xff,
  0x69, 0xce, 0xff, 0xff, 0x69, 0xce, 0xff, 0xff, 0x69, 0xce, 0xff, 0xff, 0x69, 0xce, 0xff, 0xff,
  0x69, 0xce, 0xff, 0xff, 0x69, 0xce, 0xff, 0xff, 0x69, 0xce, 0xff, 0xff, 0x69, 0xcf, 0xff, 0xff,
  0x68, 0xc7, 0xff, 0xff, 0x67, 0xbb, 0xff, 0xff, 0x67, 0xbc, 0xff, 0xff, 0x67, 0xbc, 0xff, 0xff,
  0x67, 0xbc, 0xff, 0xff, 0x67, 0xbc, 0xff, 0xff, 0x67, 0xbc, 0xff, 0xff, 0x67, 0xbc, 0xff, 0xff,
  0x67, 0xbc, 0xff, 0xff, 0x67, 0xbc, 0xff, 0xff, 0x67, 0xbc, 0xff, 0xff, 0x67, 0xbc, 0xff, 0xff,
  0x67, 0xbc, 0xff, 0xff, 0x67, 0xbc, 0xff, 0xff, 0x67, 0xbc, 0xff, 0xff, 0x67, 0xbc, 0xff, 0xff,
  0x67, 0xbb, 0xff, 0xfb, 0x6e, 0xc8, 0xff, 0xff, 0x66, 0xba, 0xff, 0x8e, 0x00, 0x00, 0x00, 0x00,
  0x55, 0xaa, 0xff, 0x03, 0x00, 0x00, 0x00, 0x00, 0x00, 0x00, 0x00, 0x00, 0x00, 0x00, 0x00, 0x00,
  0x00, 0x00, 0x00, 0x00, 0x00, 0x00, 0x00, 0x00, 0x00, 0x00, 0x00, 0x00, 0x00, 0x00, 0x00, 0x00,
  0x00, 0x00, 0x00, 0x00, 0x00, 0x00, 0x00, 0x00, 0x00, 0x00, 0x00, 0x00, 0x00, 0x00, 0x00, 0x00,
  0x00, 0x00, 0x00, 0x00, 0x00, 0x00, 0x00, 0x00, 0x00, 0x00, 0x00, 0x00, 0x00, 0x00, 0x00, 0x00,
  0x00, 0x00, 0x00, 0x00, 0x00, 0x00, 0x00, 0x00, 0x00, 0x00, 0x00, 0x00, 0x00, 0x00, 0x00, 0x00,
  0x00, 0x00, 0x00, 0x00, 0x00, 0x00, 0x00, 0x00, 0x00, 0x00, 0x00, 0x00, 0x00, 0x00, 0x00, 0x00,
  0x00, 0x00, 0x00, 0x00, 0x00, 0x00, 0x00, 0x00, 0x00, 0x00, 0x00, 0x00, 0x00, 0x00, 0x00, 0x00,
  0x00, 0x00, 0x00, 0x00, 0x00, 0x00, 0x00, 0x00, 0x00, 0x00, 0x00, 0x00, 0x00, 0x00, 0x00, 0x00,
  0x00, 0x00, 0x00, 0x00, 0x00, 0x00, 0x00, 0x00, 0x00, 0x00, 0x00, 0x00, 0x00, 0x00, 0x00, 0x00,
  0x00, 0x00, 0x00, 0x00, 0x00, 0x00, 0x00, 0x00, 0x55, 0xff, 0xff, 0x03, 0x00, 0x00, 0x00, 0x00,
  0x68, 0xc4, 0xff, 0x3d, 0x6a, 0xd0, 0xff, 0xfe, 0x69, 0xce, 0xff, 0xfe, 0x69, 0xce, 0xff, 0xff,
  0x69, 0xce, 0xff, 0xff, 0x6b, 0xcf, 0xff, 0xff, 0x77, 0xda, 0xff, 0xff, 0x78, 0xda, 0xff, 0xff,
  0x79, 0xda, 0xff, 0xff, 0x75, 0xd7, 0xff, 0xff, 0x69, 0xce, 0xff, 0xff, 0x69, 0xce, 0xff, 0xff,
  0x69, 0xce, 0xff, 0xff, 0x69, 0xce, 0xff, 0xff, 0x69, 0xce, 0xff, 0xff, 0x69, 0xce, 0xff, 0xff,
  0x69, 0xce, 0xff, 0xff, 0x69, 0xce, 0xff, 0xff, 0x69, 0xce, 0xff, 0xff, 0x69, 0xce, 0xff, 0xff,
  0x69, 0xce, 0xff, 0xff, 0x69, 0xce, 0xff, 0xff, 0x69, 0xce, 0xff, 0xff, 0x69, 0xce, 0xff, 0xff,
  0x69, 0xce, 0xff, 0xff, 0x69, 0xce, 0xff, 0xff, 0x69, 0xce, 0xff, 0xff, 0x69, 0xcf, 0xff, 0xff,
  0x69, 0xc9, 0xff, 0xff, 0x67, 0xbb, 0xff, 0xff, 0x67, 0xbc, 0xff, 0xff, 0x67, 0xbc, 0xff, 0xff,
  0x67, 0xbc, 0xff, 0xff, 0x67, 0xbc, 0xff, 0xff, 0x67, 0xbc, 0xff, 0xff, 0x67, 0xbc, 0xff, 0xff,
  0x67, 0xbc, 0xff, 0xff, 0x67, 0xbc, 0xff, 0xff, 0x67, 0xbc, 0xff, 0xff, 0x67, 0xbc, 0xff, 0xff,
  0x67, 0xbc, 0xff, 0xff, 0x67, 0xbc, 0xff, 0xff, 0x67, 0xbc, 0xff, 0xff, 0x67, 0xbc, 0xff, 0xff,
  0x67, 0xbc, 0xff, 0xfc, 0x6c, 0xc6, 0xff, 0xff, 0x67, 0xbd, 0xff, 0xb6, 0x00, 0x00, 0x00, 0x00,
  0x00, 0xff, 0xff, 0x01, 0x00, 0x00, 0x00, 0x00, 0x00, 0x00, 0x00, 0x00, 0x00, 0x00, 0x00, 0x00,
  0x00, 0x00, 0x00, 0x00, 0x00, 0x00, 0x00, 0x00, 0x00, 0x00, 0x00, 0x00, 0x00, 0x00, 0x00, 0x00,
  0x00, 0x00, 0x00, 0x00, 0x00, 0x00, 0x00, 0x00, 0x00, 0x00, 0x00, 0x00, 0x00, 0x00, 0x00, 0x00,
  0x00, 0x00, 0x00, 0x00, 0x00, 0x00, 0x00, 0x00, 0x00, 0x00, 0x00, 0x00, 0x00, 0x00, 0x00, 0x00,
  0x00, 0x00, 0x00, 0x00, 0x00, 0x00, 0x00, 0x00, 0x00, 0x00, 0x00, 0x00, 0x00, 0x00, 0x00, 0x00,
  0x00, 0x00, 0x00, 0x00, 0x00, 0x00, 0x00, 0x00, 0x00, 0x00, 0x00, 0x00, 0x00, 0x00, 0x00, 0x00,
  0x00, 0x00, 0x00, 0x00, 0x00, 0x00, 0x00, 0x00, 0x00, 0x00, 0x00, 0x00, 0x00, 0x00, 0x00, 0x00,
  0x00, 0x00, 0x00, 0x00, 0x00, 0x00, 0x00, 0x00, 0x00, 0x00, 0x00, 0x00, 0x00, 0x00, 0x00, 0x00,
  0x00, 0x00, 0x00, 0x00, 0x00, 0x00, 0x00, 0x00, 0x00, 0x00, 0x00, 0x00, 0x00, 0x00, 0x00, 0x00,
  0x00, 0x00, 0x00, 0x00, 0x00, 0x00, 0x00, 0x00, 0x3f, 0xbf, 0xff, 0x04, 0x00, 0x00, 0x00, 0x00,
  0x67, 0xcb, 0xff, 0x4a, 0x6f, 0xda, 0xff, 0xff, 0x69, 0xce, 0xff, 0xfc, 0x69, 0xce, 0xff, 0xff,
  0x68, 0xcd, 0xff, 0xff, 0x6f, 0xd3, 0xff, 0xff, 0x79, 0xdb, 0xff, 0xff, 0x78, 0xda, 0xff, 0xff,
  0x79, 0xdb, 0xff, 0xff, 0x71, 0xd5, 0xff, 0xff, 0x68, 0xcd, 0xff, 0xff, 0x69, 0xce, 0xff, 0xff,
  0x69, 0xce, 0xff, 0xff, 0x69, 0xce, 0xff, 0xff, 0x69, 0xce, 0xff, 0xff, 0x69, 0xce, 0xff, 0xff,
  0x69, 0xce, 0xff, 0xff, 0x69, 0xce, 0xff, 0xff, 0x69, 0xce, 0xff, 0xff, 0x69, 0xce, 0xff, 0xff,
  0x69, 0xce, 0xff, 0xff, 0x69, 0xce, 0xff, 0xff, 0x69, 0xce, 0xff, 0xff, 0x69, 0xce, 0xff, 0xff,
  0x69, 0xce, 0xff, 0xff, 0x69, 0xce, 0xff, 0xff, 0x69, 0xce, 0xff, 0xff, 0x69, 0xcf, 0xff, 0xff,
  0x69, 0xca, 0xff, 0xff, 0x67, 0xbb, 0xff, 0xff, 0x67, 0xbc, 0xff, 0xff, 0x67, 0xbc, 0xff, 0xff,
  0x67, 0xbc, 0xff, 0xff, 0x67, 0xbc, 0xff, 0xff, 0x67, 0xbc, 0xff, 0xff, 0x67, 0xbc, 0xff, 0xff,
  0x67, 0xbc, 0xff, 0xff, 0x67, 0xbc, 0xff, 0xff, 0x67, 0xbc, 0xff, 0xff, 0x67, 0xbc, 0xff, 0xff,
  0x67, 0xbc, 0xff, 0xff, 0x67, 0xbc, 0xff, 0xff, 0x67, 0xbc, 0xff, 0xff, 0x67, 0xbc, 0xff, 0xff,
  0x66, 0xbc, 0xff, 0xfd, 0x6a, 0xc2, 0xff, 0xff, 0x66, 0xbc, 0xff, 0xdd, 0x6d, 0xb6, 0xff, 0x07,
  0x00, 0x00, 0x00, 0x00, 0x00, 0xff, 0xff, 0x01, 0x00, 0x00, 0x00, 0x00, 0x00, 0x00, 0x00, 0x00,
  0x00, 0x00, 0x00, 0x00, 0x00, 0x00, 0x00, 0x00, 0x00, 0x00, 0x00, 0x00, 0x00, 0x00, 0x00, 0x00,
  0x00, 0x00, 0x00, 0x00, 0x00, 0x00, 0x00, 0x00, 0x00, 0x00, 0x00, 0x00, 0x00, 0x00, 0x00, 0x00,
  0x00, 0x00, 0x00, 0x00, 0x00, 0x00, 0x00, 0x00, 0x00, 0x00, 0x00, 0x00, 0x00, 0x00, 0x00, 0x00,
  0x00, 0x00, 0x00, 0x00, 0x00, 0x00, 0x00, 0x00, 0x00, 0x00, 0x00, 0x00, 0x00, 0x00, 0x00, 0x00,
  0x00, 0x00, 0x00, 0x00, 0x00, 0x00, 0x00, 0x00, 0x00, 0x00, 0x00, 0x00, 0x00, 0x00, 0x00, 0x00,
  0x00, 0x00, 0x00, 0x00, 0x00, 0x00, 0x00, 0x00, 0x00, 0x00, 0x00, 0x00, 0x00, 0x00, 0x00, 0x00,
  0x00, 0x00, 0x00, 0x00, 0x00, 0x00, 0x00, 0x00, 0x00, 0x00, 0x00, 0x00, 0x00, 0x00, 0x00, 0x00,
  0x00, 0x00, 0x00, 0x00, 0x00, 0x00, 0x00, 0x00, 0x00, 0x00, 0x00, 0x00, 0x00, 0x00, 0x00, 0x00,
  0x00, 0x00, 0x00, 0x00, 0x00, 0x00, 0x00, 0x00, 0x55, 0xff, 0xff, 0x03, 0x00, 0x00, 0x00, 0x00,
  0x66, 0xcb, 0xff, 0x7c, 0x6f, 0xdb, 0xff, 0xff, 0x69, 0xcd, 0xff, 0xfc, 0x69, 0xce, 0xff, 0xff,
  0x69, 0xce, 0xff, 0xff, 0x73, 0xd6, 0xff, 0xff, 0x79, 0xdb, 0xff, 0xff, 0x78, 0xda, 0xff, 0xff,
  0x78, 0xda, 0xff, 0xff, 0x6d, 0xd1, 0xff, 0xff, 0x68, 0xcd, 0xff, 0xff, 0x69, 0xce, 0xff, 0xff,
  0x69, 0xce, 0xff, 0xff, 0x69, 0xce, 0xff, 0xff, 0x69, 0xce, 0xff, 0xff, 0x69, 0xce, 0xff, 0xff,
  0x69, 0xce, 0xff, 0xff, 0x69, 0xce, 0xff, 0xff, 0x69, 0xce, 0xff, 0xff, 0x69, 0xce, 0xff, 0xff,
  0x69, 0xce, 0xff, 0xff, 0x69, 0xce, 0xff, 0xff, 0x69, 0xce, 0xff, 0xff, 0x69, 0xce, 0xff, 0xff,
  0x69, 0xce, 0xff, 0xff, 0x69, 0xce, 0xff, 0xff, 0x69, 0xce, 0xff, 0xff, 0x69, 0xcf, 0xff, 0xff,
  0x69, 0xcb, 0xff, 0xff, 0x67, 0xbc, 0xff, 0xff, 0x67, 0xbc, 0xff, 0xff, 0x67, 0xbc, 0xff, 0xff,
  0x67, 0xbc, 0xff, 0xff, 0x67, 0xbc, 0xff, 0xff, 0x67, 0xbc, 0xff, 0xff, 0x67, 0xbc, 0xff, 0xff,
  0x67, 0xbc, 0xff, 0xff, 0x67, 0xbc, 0xff, 0xff, 0x67, 0xbc, 0xff, 0xff, 0x67, 0xbc, 0xff, 0xff,
  0x67, 0xbc, 0xff, 0xff, 0x67, 0xbc, 0xff, 0xff, 0x67, 0xbc, 0xff, 0xff, 0x67, 0xbc, 0xff, 0xff,
  0x67, 0xbb, 0xff, 0xfe, 0x68, 0xbe, 0xff, 0xff, 0x66, 0xbb, 0xff, 0xf4, 0x66, 0xbd, 0xff, 0x23,
  0x00, 0x00, 0x00, 0x00, 0x7f, 0x7f, 0xff, 0x02, 0x00, 0x00, 0x00, 0x00, 0x00, 0x00, 0x00, 0x00,
  0x00, 0x00, 0x00, 0x00, 0x00, 0x00, 0x00, 0x00, 0x00, 0x00, 0x00, 0x00, 0x00, 0x00, 0x00, 0x00,
  0x00, 0x00, 0x00, 0x00, 0x00, 0x00, 0x00, 0x00, 0x00, 0x00, 0x00, 0x00, 0x00, 0x00, 0x00, 0x00,
  0x00, 0x00, 0x00, 0x00, 0x00, 0x00, 0x00, 0x00, 0x00, 0x00, 0x00, 0x00, 0x00, 0x00, 0x00, 0x00,
  0x00, 0x00, 0x00, 0x00, 0x00, 0x00, 0x00, 0x00, 0x00, 0x00, 0x00, 0x00, 0x00, 0x00, 0x00, 0x00,
  0x00, 0x00, 0x00, 0x00, 0x00, 0x00, 0x00, 0x00, 0x00, 0x00, 0x00, 0x00, 0x00, 0x00, 0x00, 0x00,
  0x00, 0x00, 0x00, 0x00, 0x00, 0x00, 0x00, 0x00, 0x00, 0x00, 0x00, 0x00, 0x00, 0x00, 0x00, 0x00,
  0x00, 0x00, 0x00, 0x00, 0x00, 0x00, 0x00, 0x00, 0x00, 0x00, 0x00, 0x00, 0x00, 0x00, 0x00, 0x00,
  0x00, 0x00, 0x00, 0x00, 0x00, 0x00, 0x00, 0x00, 0x00, 0x00, 0x00, 0x00, 0x00, 0x00, 0x00, 0x00,
  0x00, 0x00, 0x00, 0x00, 0x00, 0x00, 0x00, 0x00, 0x55, 0xaa, 0xff, 0x03, 0x00, 0x00, 0x00, 0x00,
  0x68, 0xcb, 0xff, 0xad, 0x6f, 0xda, 0xff, 0xff, 0x69, 0xcd, 0xff, 0xfc, 0x69, 0xce, 0xff, 0xff,
  0x6a, 0xce, 0xff, 0xff, 0x77, 0xd9, 0xff, 0xff, 0x78, 0xda, 0xff, 0xff, 0x78, 0xda, 0xff, 0xff,
  0x77, 0xda, 0xff, 0xff, 0x6a, 0xcf, 0xff, 0xff, 0x69, 0xce, 0xff, 0xff, 0x69, 0xce, 0xff, 0xff,
  0x69, 0xce, 0xff, 0xff, 0x69, 0xce, 0xff, 0xff, 0x69, 0xce, 0xff, 0xff, 0x69, 0xce, 0xff, 0xff,
  0x69, 0xce, 0xff, 0xff, 0x69, 0xce, 0xff, 0xff, 0x69, 0xce, 0xff, 0xff, 0x69, 0xce, 0xff, 0xff,
  0x69, 0xce, 0xff, 0xff, 0x69, 0xce, 0xff, 0xff, 0x69, 0xce, 0xff, 0xff, 0x69, 0xce, 0xff, 0xff,
  0x69, 0xce, 0xff, 0xff, 0x69, 0xce, 0xff, 0xff, 0x69, 0xce, 0xff, 0xff, 0x69, 0xcf, 0xff, 0xff,
  0x69, 0xcb, 0xff, 0xff, 0x67, 0xbc, 0xff, 0xff, 0x67, 0xbc, 0xff, 0xff, 0x67, 0xbc, 0xff, 0xff,
  0x67, 0xbc, 0xff, 0xff, 0x67, 0xbc, 0xff, 0xff, 0x67, 0xbc, 0xff, 0xff, 0x67, 0xbc, 0xff, 0xff,
  0x67, 0xbc, 0xff, 0xff, 0x67, 0xbc, 0xff, 0xff, 0x67, 0xbc, 0xff, 0xff, 0x67, 0xbc, 0xff, 0xff,
  0x67, 0xbc, 0xff, 0xff, 0x67, 0xbc, 0xff, 0xff, 0x67, 0xbc, 0xff, 0xff, 0x67, 0xbc, 0xff, 0xff,
  0x67, 0xbc, 0xff, 0xff, 0x67, 0xbb, 0xff, 0xfe, 0x69, 0xc0, 0xff, 0xfe, 0x66, 0xb9, 0xff, 0x3e,
  0x00, 0x00, 0x00, 0x00, 0x55, 0xaa, 0xff, 0x03, 0x00, 0x00, 0x00, 0x00, 0x00, 0x00, 0x00, 0x00,
  0x00, 0x00, 0x00, 0x00, 0x00, 0x00, 0x00, 0x00, 0x00, 0x00, 0x00, 0x00, 0x00, 0x00, 0x00, 0x00,
  0x00, 0x00, 0x00, 0x00, 0x00, 0x00, 0x00, 0x00, 0x00, 0x00, 0x00, 0x00, 0x00, 0x00, 0x00, 0x00,
  0x00, 0x00, 0x00, 0x00, 0x00, 0x00, 0x00, 0x00, 0x00, 0x00, 0x00, 0x00, 0x00, 0x00, 0x00, 0x00,
  0x00, 0x00, 0x00, 0x00, 0x00, 0x00, 0x00, 0x00, 0x00, 0x00, 0x00, 0x00, 0x00, 0x00, 0x00, 0x00,
  0x00, 0x00, 0x00, 0x00, 0x00, 0x00, 0x00, 0x00, 0x00, 0x00, 0x00, 0x00, 0x00, 0x00, 0x00, 0x00,
  0x00, 0x00, 0x00, 0x00, 0x00, 0x00, 0x00, 0x00, 0x00, 0x00, 0x00, 0x00, 0x00, 0x00, 0x00, 0x00,
  0x00, 0x00, 0x00, 0x00, 0x00, 0x00, 0x00, 0x00, 0x00, 0x00, 0x00, 0x00, 0x00, 0x00, 0x00, 0x00,
  0x00, 0x00, 0x00, 0x00, 0x00, 0x00, 0x00, 0x00, 0x00, 0x00, 0x00, 0x00, 0x00, 0x00, 0x00, 0x00,
  0x00, 0x00, 0x00, 0x00, 0x00, 0x00, 0x00, 0x00, 0x55, 0xaa, 0xff, 0x03, 0x00, 0x00, 0x00, 0x00,
  0x69, 0xce, 0xff, 0xbd, 0x6f, 0xda, 0xff, 0xff, 0x69, 0xce, 0xff, 0xfc, 0x68, 0xcd, 0xff, 0xff,
  0x6d, 0xd1, 0xff, 0xff, 0x78, 0xda, 0xff, 0xff, 0x78, 0xda, 0xff, 0xff, 0x79, 0xda, 0xff, 0xff,
  0x76, 0xd8, 0xff, 0xff, 0x69, 0xce, 0xff, 0xff, 0x69, 0xce, 0xff, 0xff, 0x69, 0xce, 0xff, 0xff,
  0x69, 0xce, 0xff, 0xff, 0x69, 0xce, 0xff, 0xff, 0x69, 0xce, 0xff, 0xff, 0x69, 0xce, 0xff, 0xff,
  0x69, 0xce, 0xff, 0xff, 0x69, 0xce, 0xff, 0xff, 0x69, 0xce, 0xff, 0xff, 0x69, 0xce, 0xff, 0xff,
  0x69, 0xce, 0xff, 0xff, 0x69, 0xce, 0xff, 0xff, 0x69, 0xce, 0xff, 0xff, 0x69, 0xce, 0xff, 0xff,
  0x69, 0xce, 0xff, 0xff, 0x69, 0xce, 0xff, 0xff, 0x69, 0xce, 0xff, 0xff, 0x69, 0xce, 0xff, 0xff,
  0x69, 0xcc, 0xff, 0xff, 0x67, 0xbd, 0xff, 0xff, 0x67, 0xbc, 0xff, 0xff, 0x67, 0xbc, 0xff, 0xff,
  0x67, 0xbc, 0xff, 0xff, 0x67, 0xbc, 0xff, 0xff, 0x67, 0xbc, 0xff, 0xff, 0x67, 0xbc, 0xff, 0xff,
  0x67, 0xbc, 0xff, 0xff, 0x67, 0xbc, 0xff, 0xff, 0x67, 0xbc, 0xff, 0xff, 0x67, 0xbc, 0xff, 0xff,
  0x67, 0xbc, 0xff, 0xff, 0x67, 0xbc, 0xff, 0xff, 0x67, 0xbc, 0xff, 0xff, 0x67, 0xbc, 0xff, 0xff,
  0x67, 0xbc, 0xff, 0xff, 0x67, 0xbb, 0xff, 0xfb, 0x6e, 0xc9, 0xff, 0xff, 0x67, 0xbb, 0xff, 0x5e,
  0x00, 0x00, 0x00, 0x00, 0x55, 0xff, 0xff, 0x03, 0x00, 0x00, 0x00, 0x00, 0x00, 0x00, 0x00, 0x00,
  0x00, 0x00, 0x00, 0x00, 0x00, 0x00, 0x00, 0x00, 0x00, 0x00, 0x00, 0x00, 0x00, 0x00, 0x00, 0x00,
  0x00, 0x00, 0x00, 0x00, 0x00, 0x00, 0x00, 0x00, 0x00, 0x00, 0x00, 0x00, 0x00, 0x00, 0x00, 0x00,
  0x00, 0x00, 0x00, 0x00, 0x00, 0x00, 0x00, 0x00, 0x00, 0x00, 0x00, 0x00, 0x00, 0x00, 0x00, 0x00,
  0x00, 0x00, 0x00, 0x00, 0x00, 0x00, 0x00, 0x00, 0x00, 0x00, 0x00, 0x00, 0x00, 0x00, 0x00, 0x00,
  0x00, 0x00, 0x00, 0x00, 0x00, 0x00, 0x00, 0x00, 0x00, 0x00, 0x00, 0x00, 0x00, 0x00, 0x00, 0x00,
  0x00, 0x00, 0x00, 0x00, 0x00, 0x00, 0x00, 0x00, 0x00, 0x00, 0x00, 0x00, 0x00, 0x00, 0x00, 0x00,
  0x00, 0x00, 0x00, 0x00, 0x00, 0x00, 0x00, 0x00, 0x00, 0x00, 0x00, 0x00, 0x00, 0x00, 0x00, 0x00,
  0x00, 0x00, 0x00, 0x00, 0x00, 0x00, 0x00, 0x00, 0x00, 0x00, 0x00, 0x00, 0x00, 0x00, 0x00, 0x00,
  0x00, 0x00, 0x00, 0x00, 0xff, 0xff, 0xff, 0x01, 0x00, 0xff, 0xff, 0x01, 0x63, 0xc6, 0xff, 0x12,
  0x68, 0xcd, 0xff, 0xde, 0x6c, 0xd4, 0xff, 0xff, 0x69, 0xce, 0xff, 0xfd, 0x68, 0xcd, 0xff, 0xff,
  0x6f, 0xd3, 0xff, 0xff, 0x79, 0xdb, 0xff, 0xff, 0x78, 0xda, 0xff, 0xff, 0x79, 0xdb, 0xff, 0xff,
  0x73, 0xd6, 0xff, 0xff, 0x68, 0xce, 0xff, 0xff, 0x69, 0xce, 0xff, 0xff, 0x69, 0xce, 0xff, 0xff,
  0x69, 0xce, 0xff, 0xff, 0x69, 0xce, 0xff, 0xff, 0x69, 0xce, 0xff, 0xff, 0x69, 0xce, 0xff, 0xff,
  0x69, 0xce, 0xff, 0xff, 0x69, 0xce, 0xff, 0xff, 0x69, 0xce, 0xff, 0xff, 0x69, 0xce, 0xff, 0xff,
  0x69, 0xce, 0xff, 0xff, 0x69, 0xce, 0xff, 0xff, 0x69, 0xce, 0xff, 0xff, 0x69, 0xce, 0xff, 0xff,
  0x69, 0xce, 0xff, 0xff, 0x69, 0xce, 0xff, 0xff, 0x69, 0xce, 0xff, 0xff, 0x69, 0xce, 0xff, 0xff,
  0x69, 0xcd, 0xff, 0xff, 0x67, 0xbe, 0xff, 0xff, 0x67, 0xbc, 0xff, 0xff, 0x67, 0xbc, 0xff, 0xff,
  0x67, 0xbc, 0xff, 0xff, 0x67, 0xbc, 0xff, 0xff, 0x67, 0xbc, 0xff, 0xff, 0x67, 0xbc, 0xff, 0xff,
  0x67, 0xbc, 0xff, 0xff, 0x67, 0xbc, 0xff, 0xff, 0x67, 0xbc, 0xff, 0xff, 0x67, 0xbc, 0xff, 0xff,
  0x67, 0xbc, 0xff, 0xff, 0x67, 0xbc, 0xff, 0xff, 0x67, 0xbc, 0xff, 0xff, 0x67, 0xbc, 0xff, 0xff,
  0x67, 0xbc, 0xff, 0xff, 0x67, 0xbb, 0xff, 0xfc, 0x6d, 0xc7, 0xff, 0xff, 0x67, 0xbb, 0xff, 0x88,
  0x00, 0x00, 0x00, 0x00, 0x55, 0xaa, 0xff, 0x03, 0x00, 0x00, 0x00, 0x00, 0x00, 0x00, 0x00, 0x00,
  0x00, 0x00, 0x00, 0x00, 0x00, 0x00, 0x00, 0x00, 0x00, 0x00, 0x00, 0x00, 0x00, 0x00, 0x00, 0x00,
  0x00, 0x00, 0x00, 0x00, 0x00, 0x00, 0x00, 0x00, 0x00, 0x00, 0x00, 0x00, 0x00, 0x00, 0x00, 0x00,
  0x00, 0x00, 0x00, 0x00, 0x00, 0x00, 0x00, 0x00, 0x00, 0x00, 0x00, 0x00, 0x00, 0x00, 0x00, 0x00,
  0x00, 0x00, 0x00, 0x00, 0x00, 0x00, 0x00, 0x00, 0x00, 0x00, 0x00, 0x00, 0x00, 0x00, 0x00, 0x00,
  0x00, 0x00, 0x00, 0x00, 0x00, 0x00, 0x00, 0x00, 0x00, 0x00, 0x00, 0x00, 0x00, 0x00, 0x00, 0x00,
  0x00, 0x00, 0x00, 0x00, 0x00, 0x00, 0x00, 0x00, 0x00, 0x00, 0x00, 0x00, 0x00, 0x00, 0x00, 0x00,
  0x00, 0x00, 0x00, 0x00, 0x00, 0x00, 0x00, 0x00, 0x00, 0x00, 0x00, 0x00, 0x00, 0x00, 0x00, 0x00,
  0x00, 0x00, 0x00, 0x00, 0x00, 0x00, 0x00, 0x00, 0x00, 0x00, 0x00, 0x00, 0x00, 0x00, 0x00, 0x00,
  0x00, 0x00, 0x00, 0x00, 0x7f, 0xff, 0xff, 0x02, 0x00, 0x00, 0x00, 0x00, 0x67, 0xc8, 0xff, 0x2a,
  0x68, 0xcc, 0xff, 0xfd, 0x69, 0xcf, 0xff, 0xff, 0x69, 0xce, 0xff, 0xff, 0x68, 0xcd, 0xff, 0xff,
  0x73, 0xd6, 0xff, 0xff, 0x79, 0xdb, 0xff, 0xff, 0x78, 0xda, 0xff, 0xff, 0x79, 0xdb, 0xff, 0xff,
  0x72, 0xd5, 0xff, 0xff, 0x68, 0xcd, 0xff, 0xff, 0x69, 0xce, 0xff, 0xff, 0x69, 0xce, 0xff, 0xff,
  0x69, 0xce, 0xff, 0xff, 0x69, 0xce, 0xff, 0xff, 0x69, 0xce, 0xff, 0xff, 0x69, 0xce, 0xff, 0xff,
  0x69, 0xce, 0xff, 0xff, 0x69, 0xce, 0xff, 0xff, 0x69, 0xce, 0xff, 0xff, 0x69, 0xce, 0xff, 0xff,
  0x69, 0xce, 0xff, 0xff, 0x69, 0xce, 0xff, 0xff, 0x69, 0xce, 0xff, 0xff, 0x69, 0xce, 0xff, 0xff,
  0x69, 0xce, 0xff, 0xff, 0x69, 0xce, 0xff, 0xff, 0x69, 0xce, 0xff, 0xff, 0x69, 0xce, 0xff, 0xff,
  0x69, 0xcd, 0xff, 0xff, 0x67, 0xbe, 0xff, 0xff, 0x67, 0xbb, 0xff, 0xff, 0x67, 0xbc, 0xff, 0xff,
  0x67, 0xbc, 0xff, 0xff, 0x67, 0xbc, 0xff, 0xff, 0x67, 0xbc, 0xff, 0xff, 0x67, 0xbc, 0xff, 0xff,
  0x67, 0xbc, 0xff, 0xff, 0x67, 0xbc, 0xff, 0xff, 0x67, 0xbc, 0xff, 0xff, 0x67, 0xbc, 0xff, 0xff,
  0x67, 0xbc, 0xff, 0xff, 0x67, 0xbc, 0xff, 0xff, 0x67, 0xbc, 0xff, 0xff, 0x67, 0xbc, 0xff, 0xff,
  0x67, 0xbc, 0xff, 0xff, 0x67, 0xbc, 0xff, 0xfc, 0x6d, 0xc7, 0xff, 0xff, 0x67, 0xbc, 0xff, 0xac,
  0x00, 0x00, 0x00, 0x00, 0x55, 0xaa, 0xff, 0x03, 0x00, 0x00, 0x00, 0x00, 0x00, 0x00, 0x00, 0x00,
  0x00, 0x00, 0x00, 0x00, 0x00, 0x00, 0x00, 0x00, 0x00, 0x00, 0x00, 0x00, 0x00, 0x00, 0x00, 0x00,
  0x00, 0x00, 0x00, 0x00, 0x00, 0x00, 0x00, 0x00, 0x00, 0x00, 0x00, 0x00, 0x00, 0x00, 0x00, 0x00,
  0x00, 0x00, 0x00, 0x00, 0x00, 0x00, 0x00, 0x00, 0x00, 0x00, 0x00, 0x00, 0x00, 0x00, 0x00, 0x00,
  0x00, 0x00, 0x00, 0x00, 0x00, 0x00, 0x00, 0x00, 0x00, 0x00, 0x00, 0x00, 0x00, 0x00, 0x00, 0x00,
  0x00, 0x00, 0x00, 0x00, 0x00, 0x00, 0x00, 0x00, 0x00, 0x00, 0x00, 0x00, 0x00, 0x00, 0x00, 0x00,
  0x00, 0x00, 0x00, 0x00, 0x00, 0x00, 0x00, 0x00, 0x00, 0x00, 0x00, 0x00, 0x00, 0x00, 0x00, 0x00,
  0x00, 0x00, 0x00, 0x00, 0x00, 0x00, 0x00, 0x00, 0x00, 0x00, 0x00, 0x00, 0x00, 0x00, 0x00, 0x00,
  0x00, 0x00, 0x00, 0x00, 0x00, 0x00, 0x00, 0x00, 0x00, 0x00, 0x00, 0x00, 0x00, 0x00, 0x00, 0x00,
  0x00, 0x00, 0x00, 0x00, 0x55, 0xaa, 0xff, 0x03, 0x00, 0x00, 0x00, 0x00, 0x69, 0xcd, 0xff, 0x33,
  0x6c, 0xd4, 0xff, 0xff, 0x68, 0xce, 0xff, 0xfd, 0x69, 0xce, 0xff, 0xff, 0x68, 0xce, 0xff, 0xff,
  0x75, 0xd8, 0xff, 0xff, 0x79, 0xdb, 0xff, 0xff, 0x78, 0xda, 0xff, 0xff, 0x79, 0xdb, 0xff, 0xff,
  0x71, 0xd5, 0xff, 0xff, 0x68, 0xcd, 0xff, 0xff, 0x69, 0xce, 0xff, 0xff, 0x69, 0xce, 0xff, 0xff,
  0x69, 0xce, 0xff, 0xff, 0x69, 0xce, 0xff, 0xff, 0x69, 0xce, 0xff, 0xff, 0x69, 0xce, 0xff, 0xff,
  0x69, 0xce, 0xff, 0xff, 0x69, 0xce, 0xff, 0xff, 0x69, 0xce, 0xff, 0xff, 0x69, 0xce, 0xff, 0xff,
  0x69, 0xce, 0xff, 0xff, 0x69, 0xce, 0xff, 0xff, 0x69, 0xce, 0xff, 0xff, 0x69, 0xce, 0xff, 0xff,
  0x69, 0xce, 0xff, 0xff, 0x69, 0xce, 0xff, 0xff, 0x69, 0xce, 0xff, 0xff, 0x69, 0xce, 0xff, 0xff,
  0x69, 0xcd, 0xff, 0xff, 0x67, 0xbf, 0xff, 0xff, 0x67, 0xbb, 0xff, 0xff, 0x67, 0xbc, 0xff, 0xff,
  0x67, 0xbc, 0xff, 0xff, 0x67, 0xbc, 0xff, 0xff, 0x67, 0xbc, 0xff, 0xff, 0x67, 0xbc, 0xff, 0xff,
  0x67, 0xbc, 0xff, 0xff, 0x67, 0xbc, 0xff, 0xff, 0x67, 0xbc, 0xff, 0xff, 0x67, 0xbc, 0xff, 0xff,
  0x67, 0xbc, 0xff, 0xff, 0x67, 0xbc, 0xff, 0xff, 0x67, 0xbc, 0xff, 0xff, 0x67, 0xbc, 0xff, 0xff,
  0x67, 0xbc, 0xff, 0xff, 0x67, 0xbc, 0xff, 0xfc, 0x6c, 0xc4, 0xff, 0xff, 0x66, 0xbb, 0xff, 0xcc,
  0xff, 0xff, 0xff, 0x01, 0x00, 0xff, 0xff, 0x01, 0x00, 0x00, 0x00, 0x00, 0x00, 0x00, 0x00, 0x00,
  0x00, 0x00, 0x00, 0x00, 0x00, 0x00, 0x00, 0x00, 0x00, 0x00, 0x00, 0x00, 0x00, 0x00, 0x00, 0x00,
  0x00, 0x00, 0x00, 0x00, 0x00, 0x00, 0x00, 0x00, 0x00, 0x00, 0x00, 0x00, 0x00, 0x00, 0x00, 0x00,
  0x00, 0x00, 0x00, 0x00, 0x00, 0x00, 0x00, 0x00, 0x00, 0x00, 0x00, 0x00, 0x00, 0x00, 0x00, 0x00,
  0x00, 0x00, 0x00, 0x00, 0x00, 0x00, 0x00, 0x00, 0x00, 0x00, 0x00, 0x00, 0x00, 0x00, 0x00, 0x00,
  0x00, 0x00, 0x00, 0x00, 0x00, 0x00, 0x00, 0x00, 0x00, 0x00, 0x00, 0x00, 0x00, 0x00, 0x00, 0x00,
  0x00, 0x00, 0x00, 0x00, 0x00, 0x00, 0x00, 0x00, 0x00, 0x00, 0x00, 0x00, 0x00, 0x00, 0x00, 0x00,
  0x00, 0x00, 0x00, 0x00, 0x00, 0x00, 0x00, 0x00, 0x00, 0x00, 0x00, 0x00, 0x00, 0x00, 0x00, 0x00,
  0x00, 0x00, 0x00, 0x00, 0x00, 0x00, 0x00, 0x00, 0x00, 0x00, 0x00, 0x00, 0x00, 0x00, 0x00, 0x00,
  0x00, 0x00, 0x00, 0x00, 0x3f, 0xbf, 0xff, 0x04, 0x00, 0x00, 0x00, 0x00, 0x66, 0xca, 0xff, 0x66,
  0x6f, 0xd9, 0xff, 0xff, 0x69, 0xce, 0xff, 0xfc, 0x69, 0xce, 0xff, 0xff, 0x6a, 0xce, 0xff, 0xff,
  0x76, 0xd8, 0xff, 0xff, 0x78, 0xda, 0xff, 0xff, 0x78, 0xda, 0xff, 0xff, 0x79, 0xdb, 0xff, 0xff,
  0x6f, 0xd3, 0xff, 0xff, 0x68, 0xcd, 0xff, 0xff, 0x69, 0xce, 0xff, 0xff, 0x69, 0xce, 0xff, 0xff,
  0x69, 0xce, 0xff, 0xff, 0x69, 0xce, 0xff, 0xff, 0x69, 0xce, 0xff, 0xff, 0x69, 0xce, 0xff, 0xff,
  0x69, 0xce, 0xff, 0xff, 0x69, 0xce, 0xff, 0xff, 0x69, 0xce, 0xff, 0xff, 0x69, 0xce, 0xff, 0xff,
  0x69, 0xce, 0xff, 0xff, 0x69, 0xce, 0xff, 0xff, 0x69, 0xce, 0xff, 0xff, 0x69, 0xce, 0xff, 0xff,
  0x69, 0xce, 0xff, 0xff, 0x69, 0xce, 0xff, 0xff, 0x69, 0xce, 0xff, 0xff, 0x69, 0xce, 0xff, 0xff,
  0x69, 0xce, 0xff, 0xff, 0x68, 0xc0, 0xff, 0xff, 0x67, 0xbb, 0xff, 0xff, 0x67, 0xbc, 0xff, 0xff,
  0x67, 0xbc, 0xff, 0xff, 0x67, 0xbc, 0xff, 0xff, 0x67, 0xbc, 0xff, 0xff, 0x67, 0xbc, 0xff, 0xff,
  0x67, 0xbc, 0xff, 0xff, 0x67, 0xbc, 0xff, 0xff, 0x67, 0xbc, 0xff, 0xff, 0x67, 0xbc, 0xff, 0xff,
  0x67, 0xbc, 0xff, 0xff, 0x67, 0xbc, 0xff, 0xff, 0x67, 0xbc, 0xff, 0xff, 0x67, 0xbc, 0xff, 0xff,
  0x67, 0xbc, 0xff, 0xff, 0x66, 0xbc, 0xff, 0xfd, 0x69, 0xc0, 0xff, 0xff, 0x66, 0xbc, 0xff, 0xe5,
  0x66, 0xbf, 0xff, 0x14, 0x00, 0x00, 0x00, 0x00, 0xff, 0xff, 0xff, 0x01, 0x00, 0x00, 0x00, 0x00,
  0x00, 0x00, 0x00, 0x00, 0x00, 0x00, 0x00, 0x00, 0x00, 0x00, 0x00, 0x00, 0x00, 0x00, 0x00, 0x00,
  0x00, 0x00, 0x00, 0x00, 0x00, 0x00, 0x00, 0x00, 0x00, 0x00, 0x00, 0x00, 0x00, 0x00, 0x00, 0x00,
  0x00, 0x00, 0x00, 0x00, 0x00, 0x00, 0x00, 0x00, 0x00, 0x00, 0x00, 0x00, 0x00, 0x00, 0x00, 0x00,
  0x00, 0x00, 0x00, 0x00, 0x00, 0x00, 0x00, 0x00, 0x00, 0x00, 0x00, 0x00, 0x00, 0x00, 0x00, 0x00,
  0x00, 0x00, 0x00, 0x00, 0x00, 0x00, 0x00, 0x00, 0x00, 0x00, 0x00, 0x00, 0x00, 0x00, 0x00, 0x00,
  0x00, 0x00, 0x00, 0x00, 0x00, 0x00, 0x00, 0x00, 0x00, 0x00, 0x00, 0x00, 0x00, 0x00, 0x00, 0x00,
  0x00, 0x00, 0x00, 0x00, 0x00, 0x00, 0x00, 0x00, 0x00, 0x00, 0x00, 0x00, 0x00, 0x00, 0x00, 0x00,
  0x00, 0x00, 0x00, 0x00, 0x00, 0x00, 0x00, 0x00, 0x00, 0x00, 0x00, 0x00, 0x00, 0x00, 0x00, 0x00,
  0x00, 0x00, 0x00, 0x00, 0x7f, 0xbf, 0xff, 0x04, 0x00, 0x00, 0x00, 0x00, 0x68, 0xca, 0xff, 0x92,
  0x70, 0xdb, 0xff, 0xff, 0x69, 0xce, 0xff, 0xfb, 0x69, 0xce, 0xff, 0xff, 0x6b, 0xcf, 0xff, 0xff,
  0x77, 0xd9, 0xff, 0xff, 0x78, 0xda, 0xff, 0xff, 0x78, 0xda, 0xff, 0xff, 0x79, 0xdb, 0xff, 0xff,
  0x6f, 0xd3, 0xff, 0xff, 0x68, 0xcd, 0xff, 0xff, 0x69, 0xce, 0xff, 0xff, 0x69, 0xce, 0xff, 0xff,
  0x69, 0xce, 0xff, 0xff, 0x69, 0xce, 0xff, 0xff, 0x69, 0xce, 0xff, 0xff, 0x69, 0xce, 0xff, 0xff,
  0x69, 0xce, 0xff, 0xff, 0x69, 0xce, 0xff, 0xff, 0x69, 0xce, 0xff, 0xff, 0x69, 0xce, 0xff, 0xff,
  0x69, 0xce, 0xff, 0xff, 0x69, 0xce, 0xff, 0xff, 0x69, 0xce, 0xff, 0xff, 0x69, 0xce, 0xff, 0xff,
  0x69, 0xce, 0xff, 0xff, 0x69, 0xce, 0xff, 0xff, 0x69, 0xce, 0xff, 0xff, 0x69, 0xce, 0xff, 0xff,
  0x69, 0xcf, 0xff, 0xff, 0x68, 0xc0, 0xff, 0xff, 0x67, 0xbb, 0xff, 0xff, 0x67, 0xbc, 0xff, 0xff,
  0x67, 0xbc, 0xff, 0xff, 0x67, 0xbc, 0xff, 0xff, 0x67, 0xbc, 0xff, 0xff, 0x67, 0xbc, 0xff, 0xff,
  0x67, 0xbc, 0xff, 0xff, 0x67, 0xbc, 0xff, 0xff, 0x67, 0xbc, 0xff, 0xff, 0x67, 0xbc, 0xff, 0xff,
  0x67, 0xbc, 0xff, 0xff, 0x67, 0xbc, 0xff, 0xff, 0x67, 0xbc, 0xff, 0xff, 0x67, 0xbc, 0xff, 0xff,
  0x67, 0xbc, 0xff, 0xff, 0x67, 0xbc, 0xff, 0xff, 0x67, 0xbc, 0xff, 0xff, 0x66, 0xbb, 0xff, 0xfe,
  0x67, 0xbc, 0xff, 0x2a, 0x00, 0x00, 0x00, 0x00, 0x7f, 0xff, 0xff, 0x02, 0x00, 0x00, 0x00, 0x00,
  0x00, 0x00, 0x00, 0x00, 0x00, 0x00, 0x00, 0x00, 0x00, 0x00, 0x00, 0x00, 0x00, 0x00, 0x00, 0x00,
  0x00, 0x00, 0x00, 0x00, 0x00, 0x00, 0x00, 0x00, 0x00, 0x00, 0x00, 0x00, 0x00, 0x00, 0x00, 0x00,
  0x00, 0x00, 0x00, 0x00, 0x00, 0x00, 0x00, 0x00, 0x00, 0x00, 0x00, 0x00, 0x00, 0x00, 0x00, 0x00,
  0x00, 0x00, 0x00, 0x00, 0x00, 0x00, 0x00, 0x00, 0x00, 0x00, 0x00, 0x00, 0x00, 0x00, 0x00, 0x00,
  0x00, 0x00, 0x00, 0x00, 0x00, 0x00, 0x00, 0x00, 0x00, 0x00, 0x00, 0x00, 0x00, 0x00, 0x00, 0x00,
  0x00, 0x00, 0x00, 0x00, 0x00, 0x00, 0x00, 0x00, 0x00, 0x00, 0x00, 0x00, 0x00, 0x00, 0x00, 0x00,
  0x00, 0x00, 0x00, 0x00, 0x00, 0x00, 0x00, 0x00, 0x00, 0x00, 0x00, 0x00, 0x00, 0x00, 0x00, 0x00,
  0x00, 0x00, 0x00, 0x00, 0x00, 0x00, 0x00, 0x00, 0x00, 0x00, 0x00, 0x00, 0x00, 0x00, 0x00, 0x00,
  0x00, 0x00, 0x00, 0x00, 0x7f, 0xbf, 0xff, 0x04, 0x00, 0x00, 0x00, 0x00, 0x68, 0xcc, 0xff, 0xa3,
  0x70, 0xdc, 0xff, 0xff, 0x69, 0xce, 0xff, 0xfb, 0x68, 0xce, 0xff, 0xff, 0x6c, 0xd0, 0xff, 0xff,
  0x78, 0xda, 0xff, 0xff, 0x78, 0xda, 0xff, 0xff, 0x78, 0xda, 0xff, 0xff, 0x79, 0xda, 0xff, 0xff,
  0x6e, 0xd2, 0xff, 0xff, 0x68, 0xcd, 0xff, 0xff, 0x69, 0xce, 0xff, 0xff, 0x69, 0xce, 0xff, 0xff,
  0x69, 0xce, 0xff, 0xff, 0x69, 0xce, 0xff, 0xff, 0x69, 0xce, 0xff, 0xff, 0x69, 0xce, 0xff, 0xff,
  0x69, 0xce, 0xff, 0xff, 0x69, 0xce, 0xff, 0xff, 0x69, 0xce, 0xff, 0xff, 0x69, 0xce, 0xff, 0xff,
  0x69, 0xce, 0xff, 0xff, 0x69, 0xce, 0xff, 0xff, 0x69, 0xce, 0xff, 0xff, 0x69, 0xce, 0xff, 0xff,
  0x69, 0xce, 0xff, 0xff, 0x69, 0xce, 0xff, 0xff, 0x69, 0xce, 0xff, 0xff, 0x69, 0xce, 0xff, 0xff,
  0x69, 0xcf, 0xff, 0xff, 0x68, 0xc0, 0xff, 0xff, 0x67, 0xbb, 0xff, 0xff, 0x67, 0xbc, 0xff, 0xff,
  0x67, 0xbc, 0xff, 0xff, 0x67, 0xbc, 0xff, 0xff, 0x67, 0xbc, 0xff, 0xff, 0x67, 0xbc, 0xff, 0xff,
  0x67, 0xbc, 0xff, 0xff, 0x67, 0xbc, 0xff, 0xff, 0x67, 0xbc, 0xff, 0xff, 0x67, 0xbc, 0xff, 0xff,
  0x67, 0xbc, 0xff, 0xff, 0x67, 0xbc, 0xff, 0xff, 0x67, 0xbc, 0xff, 0xff, 0x67, 0xbc, 0xff, 0xff,
  0x67, 0xbc, 0xff, 0xff, 0x67, 0xbc, 0xff, 0xff, 0x66, 0xbb, 0xff, 0xfd, 0x6b, 0xc3, 0xff, 0xff,
  0x67, 0xb8, 0xff, 0x45, 0x00, 0x00, 0x00, 0x00, 0x55, 0xaa, 0xff, 0x03, 0x00, 0x00, 0x00, 0x00,
  0x00, 0x00, 0x00, 0x00, 0x00, 0x00, 0x00, 0x00, 0x00, 0x00, 0x00, 0x00, 0x00, 0x00, 0x00, 0x00,
  0x00, 0x00, 0x00, 0x00, 0x00, 0x00, 0x00, 0x00, 0x00, 0x00, 0x00, 0x00, 0x00, 0x00, 0x00, 0x00,
  0x00, 0x00, 0x00, 0x00, 0x00, 0x00, 0x00, 0x00, 0x00, 0x00, 0x00, 0x00, 0x00, 0x00, 0x00, 0x00,
  0x00, 0x00, 0x00, 0x00, 0x00, 0x00, 0x00, 0x00, 0x00, 0x00, 0x00, 0x00, 0x00, 0x00, 0x00, 0x00,
  0x00, 0x00, 0x00, 0x00, 0x00, 0x00, 0x00, 0x00, 0x00, 0x00, 0x00, 0x00, 0x00, 0x00, 0x00, 0x00,
  0x00, 0x00, 0x00, 0x00, 0x00, 0x00, 0x00, 0x00, 0x00, 0x00, 0x00, 0x00, 0x00, 0x00, 0x00, 0x00,
  0x00, 0x00, 0x00, 0x00, 0x00, 0x00, 0x00, 0x00, 0x00, 0x00, 0x00, 0x00, 0x00, 0x00, 0x00, 0x00,
  0x00, 0x00, 0x00, 0x00, 0x00, 0x00, 0x00, 0x00, 0x00, 0x00, 0x00, 0x00, 0x00, 0x00, 0x00, 0x00,
  0x00, 0xff, 0xff, 0x01, 0x00, 0x00, 0x00, 0x00, 0x5f, 0xbf, 0xff, 0x08, 0x68, 0xcc, 0xff, 0xd1,
  0x6d, 0xd6, 0xff, 0xff, 0x68, 0xcd, 0xff, 0xfd, 0x68, 0xcd, 0xff, 0xff, 0x6c, 0xd1, 0xff, 0xff,
  0x79, 0xdb, 0xff, 0xff, 0x78, 0xda, 0xff, 0xff, 0x78, 0xda, 0xff, 0xff, 0x79, 0xda, 0xff, 0xff,
  0x6e, 0xd2, 0xff, 0xff, 0x68, 0xcd, 0xff, 0xff, 0x69, 0xce, 0xff, 0xff, 0x69, 0xce, 0xff, 0xff,
  0x69, 0xce, 0xff, 0xff, 0x69, 0xce, 0xff, 0xff, 0x69, 0xce, 0xff, 0xff, 0x69, 0xce, 0xff, 0xff,
  0x69, 0xce, 0xff, 0xff, 0x69, 0xce, 0xff, 0xff, 0x69, 0xce, 0xff, 0xff, 0x69, 0xce, 0xff, 0xff,
  0x69, 0xce, 0xff, 0xff, 0x69, 0xce, 0xff, 0xff, 0x69, 0xce, 0xff, 0xff, 0x69, 0xce, 0xff, 0xff,
  0x69, 0xce, 0xff, 0xff, 0x69, 0xce, 0xff, 0xff, 0x69, 0xce, 0xff, 0xff, 0x69, 0xce, 0xff, 0xff,
  0x69, 0xcf, 0xff, 0xff, 0x68, 0xc1, 0xff, 0xff, 0x67, 0xbb, 0xff, 0xff, 0x67, 0xbc, 0xff, 0xff,
  0x67, 0xbc, 0xff, 0xff, 0x67, 0xbc, 0xff, 0xff, 0x67, 0xbc, 0xff, 0xff, 0x67, 0xbc, 0xff, 0xff,
  0x67, 0xbc, 0xff, 0xff, 0x67, 0xbc, 0xff, 0xff, 0x67, 0xbc, 0xff, 0xff, 0x67, 0xbc, 0xff, 0xff,
  0x67, 0xbc, 0xff, 0xff, 0x67, 0xbc, 0xff, 0xff, 0x67, 0xbc, 0xff, 0xff, 0x67, 0xbc, 0xff, 0xff,
  0x67, 0xbc, 0xff, 0xff, 0x67, 0xbc, 0xff, 0xff, 0x67, 0xbc, 0xff, 0xfc, 0x6d, 0xc7, 0xff, 0xff,
  0x66, 0xbc, 0xff, 0x73, 0x00, 0x00, 0x00, 0x00, 0x3f, 0xbf, 0xff, 0x04, 0x00, 0x00, 0x00, 0x00,
  0x00, 0x00, 0x00, 0x00, 0x00, 0x00, 0x00, 0x00, 0x00, 0x00, 0x00, 0x00, 0x00, 0x00, 0x00, 0x00,
  0x00, 0x00, 0x00, 0x00, 0x00, 0x00, 0x00, 0x00, 0x00, 0x00, 0x00, 0x00, 0x00, 0x00, 0x00, 0x00,
  0x00, 0x00, 0x00, 0x00, 0x00, 0x00, 0x00, 0x00, 0x00, 0x00, 0x00, 0x00, 0x00, 0x00, 0x00, 0x00,
  0x00, 0x00, 0x00, 0x00, 0x00, 0x00, 0x00, 0x00, 0x00, 0x00, 0x00, 0x00, 0x00, 0x00, 0x00, 0x00,
  0x00, 0x00, 0x00, 0x00, 0x00, 0x00, 0x00, 0x00, 0x00, 0x00, 0x00, 0x00, 0x00, 0x00, 0x00, 0x00,
  0x00, 0x00, 0x00, 0x00, 0x00, 0x00, 0x00, 0x00, 0x00, 0x00, 0x00, 0x00, 0x00, 0x00, 0x00, 0x00,
  0x00, 0x00, 0x00, 0x00, 0x00, 0x00, 0x00, 0x00, 0x00, 0x00, 0x00, 0x00, 0x00, 0x00, 0x00, 0x00,
  0x00, 0x00, 0x00, 0x00, 0x00, 0x00, 0x00, 0x00, 0x00, 0x00, 0x00, 0x00, 0x00, 0x00, 0x00, 0x00,
  0xff, 0xff, 0xff, 0x01, 0x00, 0x00, 0x00, 0x00, 0x66, 0xcc, 0xff, 0x14, 0x67, 0xcc, 0xff, 0xf3,
  0x6b, 0xd0, 0xff, 0xff, 0x69, 0xcd, 0xff, 0xfe, 0x68, 0xcd, 0xff, 0xff, 0x6e, 0xd1, 0xff, 0xff,
  0x79, 0xdb, 0xff, 0xff, 0x78, 0xda, 0xff, 0xff, 0x78, 0xda, 0xff, 0xff, 0x79, 0xdb, 0xff, 0xff,
  0x6f, 0xd3, 0xff, 0xff, 0x68, 0xcd, 0xff, 0xff, 0x69, 0xce, 0xff, 0xff, 0x69, 0xce, 0xff, 0xff,
  0x69, 0xce, 0xff, 0xff, 0x69, 0xce, 0xff, 0xff, 0x69, 0xce, 0xff, 0xff, 0x69, 0xce, 0xff, 0xff,
  0x69, 0xce, 0xff, 0xff, 0x69, 0xce, 0xff, 0xff, 0x69, 0xce, 0xff, 0xff, 0x69, 0xce, 0xff, 0xff,
  0x69, 0xce, 0xff, 0xff, 0x69, 0xce, 0xff, 0xff, 0x69, 0xce, 0xff, 0xff, 0x69, 0xce, 0xff, 0xff,
  0x69, 0xce, 0xff, 0xff, 0x69, 0xce, 0xff, 0xff, 0x69, 0xce, 0xff, 0xff, 0x69, 0xce, 0xff, 0xff,
  0x69, 0xcf, 0xff, 0xff, 0x68, 0xc2, 0xff, 0xff, 0x67, 0xbb, 0xff, 0xff, 0x67, 0xbc, 0xff, 0xff,
  0x67, 0xbc, 0xff, 0xff, 0x67, 0xbc, 0xff, 0xff, 0x67, 0xbc, 0xff, 0xff, 0x67, 0xbc, 0xff, 0xff,
  0x67, 0xbc, 0xff, 0xff, 0x67, 0xbc, 0xff, 0xff, 0x67, 0xbc, 0xff, 0xff, 0x67, 0xbc, 0xff, 0xff,
  0x67, 0xbc, 0xff, 0xff, 0x67, 0xbc, 0xff, 0xff, 0x67, 0xbc, 0xff, 0xff, 0x67, 0xbc, 0xff, 0xff,
  0x67, 0xbc, 0xff, 0xff, 0x67, 0xbc, 0xff, 0xff, 0x67, 0xbb, 0xff, 0xfb, 0x6d, 0xc8, 0xff, 0xff,
  0x67, 0xbb, 0xff, 0x96, 0x00, 0x00, 0x00, 0x00, 0x7f, 0xbf, 0xff, 0x04, 0x00, 0x00, 0x00, 0x00,
  0x00, 0x00, 0x00, 0x00, 0x00, 0x00, 0x00, 0x00, 0x00, 0x00, 0x00, 0x00, 0x00, 0x00, 0x00, 0x00,
  0x00, 0x00, 0x00, 0x00, 0x00, 0x00, 0x00, 0x00, 0x00, 0x00, 0x00, 0x00, 0x00, 0x00, 0x00, 0x00,
  0x00, 0x00, 0x00, 0x00, 0x00, 0x00, 0x00, 0x00, 0x00, 0x00, 0x00, 0x00, 0x00, 0x00, 0x00, 0x00,
  0x00, 0x00, 0x00, 0x00, 0x00, 0x00, 0x00, 0x00, 0x00, 0x00, 0x00, 0x00, 0x00, 0x00, 0x00, 0x00,
  0x00, 0x00, 0x00, 0x00, 0x00, 0x00, 0x00, 0x00, 0x00, 0x00, 0x00, 0x00, 0x00, 0x00, 0x00, 0x00,
  0x00, 0x00, 0x00, 0x00, 0x00, 0x00, 0x00, 0x00, 0x00, 0x00, 0x00, 0x00, 0x00, 0x00, 0x00, 0x00,
  0x00, 0x00, 0x00, 0x00, 0x00, 0x00, 0x00, 0x00, 0x00, 0x00, 0x00, 0x00, 0x00, 0x00, 0x00, 0x00,
  0x00, 0x00, 0x00, 0x00, 0x00, 0x00, 0x00, 0x00, 0x00, 0x00, 0x00, 0x00, 0x00, 0x00, 0x00, 0x00,
  0x55, 0xaa, 0xff, 0x03, 0x00, 0x00, 0x00, 0x00, 0x67, 0xc8, 0xff, 0x2f, 0x69, 0xcf, 0xff, 0xfd,
  0x69, 0xce, 0xff, 0xff, 0x69, 0xce, 0xff, 0xfe, 0x68, 0xcd, 0xff, 0xff, 0x6e, 0xd1, 0xff, 0xff,
  0x79, 0xdb, 0xff, 0xff, 0x78, 0xda, 0xff, 0xff, 0x78, 0xda, 0xff, 0xff, 0x79, 0xdb, 0xff, 0xff,
  0x6f, 0xd3, 0xff, 0xff, 0x68, 0xcd, 0xff, 0xff, 0x69, 0xce, 0xff, 0xff, 0x69, 0xce, 0xff, 0xff,
  0x69, 0xce, 0xff, 0xff, 0x69, 0xce, 0xff, 0xff, 0x69, 0xce, 0xff, 0xff, 0x69, 0xce, 0xff, 0xff,
  0x69, 0xce, 0xff, 0xff, 0x69, 0xce, 0xff, 0xff, 0x69, 0xce, 0xff, 0xff, 0x69, 0xce, 0xff, 0xff,
  0x69, 0xce, 0xff, 0xff, 0x69, 0xce, 0xff, 0xff, 0x69, 0xce, 0xff, 0xff, 0x69, 0xce, 0xff, 0xff,
  0x69, 0xce, 0xff, 0xff, 0x69, 0xce, 0xff, 0xff, 0x69, 0xce, 0xff, 0xff, 0x69, 0xce, 0xff, 0xff,
  0x69, 0xcf, 0xff, 0xff, 0x68, 0xc2, 0xff, 0xff, 0x67, 0xbb, 0xff, 0xff, 0x67, 0xbc, 0xff, 0xff,
  0x67, 0xbc, 0xff, 0xff, 0x67, 0xbc, 0xff, 0xff, 0x67, 0xbc, 0xff, 0xff, 0x67, 0xbc, 0xff, 0xff,
  0x67, 0xbc, 0xff, 0xff, 0x67, 0xbc, 0xff, 0xff, 0x67, 0xbc, 0xff, 0xff, 0x67, 0xbc, 0xff, 0xff,
  0x67, 0xbc, 0xff, 0xff, 0x67, 0xbc, 0xff, 0xff, 0x67, 0xbc, 0xff, 0xff, 0x67, 0xbc, 0xff, 0xff,
  0x67, 0xbc, 0xff, 0xff, 0x67, 0xbc, 0xff, 0xff, 0x67, 0xbc, 0xff, 0xfc, 0x6c, 0xc6, 0xff, 0xff,
  0x66, 0xba, 0xff, 0xbf, 0x00, 0xff, 0xff, 0x01, 0xff, 0xff, 0xff, 0x01, 0x00, 0x00, 0x00, 0x00,
  0x00, 0x00, 0x00, 0x00, 0x00, 0x00, 0x00, 0x00, 0x00, 0x00, 0x00, 0x00, 0x00, 0x00, 0x00, 0x00,
  0x00, 0x00, 0x00, 0x00, 0x00, 0x00, 0x00, 0x00, 0x00, 0x00, 0x00, 0x00, 0x00, 0x00, 0x00, 0x00,
  0x00, 0x00, 0x00, 0x00, 0x00, 0x00, 0x00, 0x00, 0x00, 0x00, 0x00, 0x00, 0x00, 0x00, 0x00, 0x00,
  0x00, 0x00, 0x00, 0x00, 0x00, 0x00, 0x00, 0x00, 0x00, 0x00, 0x00, 0x00, 0x00, 0x00, 0x00, 0x00,
  0x00, 0x00, 0x00, 0x00, 0x00, 0x00, 0x00, 0x00, 0x00, 0x00, 0x00, 0x00, 0x00, 0x00, 0x00, 0x00,
  0x00, 0x00, 0x00, 0x00, 0x00, 0x00, 0x00, 0x00, 0x00, 0x00, 0x00, 0x00, 0x00, 0x00, 0x00, 0x00,
  0x00, 0x00, 0x00, 0x00, 0x00, 0x00, 0x00, 0x00, 0x00, 0x00, 0x00, 0x00, 0x00, 0x00, 0x00, 0x00,
  0x00, 0x00, 0x00, 0x00, 0x00, 0x00, 0x00, 0x00, 0x00, 0x00, 0x00, 0x00, 0x00, 0x00, 0x00, 0x00,
  0x7f, 0xbf, 0xff, 0x04, 0x00, 0x00, 0x00, 0x00, 0x66, 0xc8, 0xff, 0x6b, 0x6f, 0xda, 0xff, 0xff,
  0x68, 0xcd, 0xff, 0xfc, 0x69, 0xce, 0xff, 0xff, 0x68, 0xcd, 0xff, 0xff, 0x6e, 0xd1, 0xff, 0xff,
  0x79, 0xdb, 0xff, 0xff, 0x78, 0xda, 0xff, 0xff, 0x78, 0xda, 0xff, 0xff, 0x79, 0xdb, 0xff, 0xff,
  0x70, 0xd4, 0xff, 0xff, 0x68, 0xcd, 0xff, 0xff, 0x69, 0xce, 0xff, 0xff, 0x69, 0xce, 0xff, 0xff,
  0x69, 0xce, 0xff, 0xff, 0x69, 0xce, 0xff, 0xff, 0x69, 0xce, 0xff, 0xff, 0x69, 0xce, 0xff, 0xff,
  0x69, 0xce, 0xff, 0xff, 0x69, 0xce, 0xff, 0xff, 0x69, 0xce, 0xff, 0xff, 0x69, 0xce, 0xff, 0xff,
  0x69, 0xce, 0xff, 0xff, 0x69, 0xce, 0xff, 0xff, 0x69, 0xce, 0xff, 0xff, 0x69, 0xce, 0xff, 0xff,
  0x69, 0xce, 0xff, 0xff, 0x69, 0xce, 0xff, 0xff, 0x69, 0xce, 0xff, 0xff, 0x69, 0xce, 0xff, 0xff,
  0x69, 0xcf, 0xff, 0xff, 0x68, 0xc3, 0xff, 0xff, 0x67, 0xbb, 0xff, 0xff, 0x67, 0xbc, 0xff, 0xff,
  0x67, 0xbc, 0xff, 0xff, 0x67, 0xbc, 0xff, 0xff, 0x67, 0xbc, 0xff, 0xff, 0x67, 0xbc, 0xff, 0xff,
  0x67, 0xbc, 0xff, 0xff, 0x67, 0xbc, 0xff, 0xff, 0x67, 0xbc, 0xff, 0xff, 0x67, 0xbc, 0xff, 0xff,
  0x67, 0xbc, 0xff, 0xff, 0x67, 0xbc, 0xff, 0xff, 0x67, 0xbc, 0xff, 0xff, 0x67, 0xbc, 0xff, 0xff,
  0x67, 0xbc, 0xff, 0xff, 0x67, 0xbc, 0xff, 0xff, 0x66, 0xbb, 0xff, 0xfe, 0x69, 0xbf, 0xff, 0xff,
  0x66, 0xbb, 0xff, 0xea, 0x69, 0xc3, 0xff, 0x11, 0x00, 0x00, 0x00, 0x00, 0x00, 0xff, 0xff, 0x01,
  0x00, 0x00, 0x00, 0x00, 0x00, 0x00, 0x00, 0x00, 0x00, 0x00, 0x00, 0x00, 0x00, 0x00, 0x00, 0x00,
  0x00, 0x00, 0x00, 0x00, 0x00, 0x00, 0x00, 0x00, 0x00, 0x00, 0x00, 0x00, 0x00, 0x00, 0x00, 0x00,
  0x00, 0x00, 0x00, 0x00, 0x00, 0x00, 0x00, 0x00, 0x00, 0x00, 0x00, 0x00, 0x00, 0x00, 0x00, 0x00,
  0x00, 0x00, 0x00, 0x00, 0x00, 0x00, 0x00, 0x00, 0x00, 0x00, 0x00, 0x00, 0x00, 0x00, 0x00, 0x00,
  0x00, 0x00, 0x00, 0x00, 0x00, 0x00, 0x00, 0x00, 0x00, 0x00, 0x00, 0x00, 0x00, 0x00, 0x00, 0x00,
  0x00, 0x00, 0x00, 0x00, 0x00, 0x00, 0x00, 0x00, 0x00, 0x00, 0x00, 0x00, 0x00, 0x00, 0x00, 0x00,
  0x00, 0x00, 0x00, 0x00, 0x00, 0x00, 0x00, 0x00, 0x00, 0x00, 0x00, 0x00, 0x00, 0x00, 0x00, 0x00,
  0x00, 0x00, 0x00, 0x00, 0x00, 0x00, 0x00, 0x00, 0x00, 0x00, 0x00, 0x00, 0x00, 0x00, 0x00, 0x00,
  0x7f, 0xbf, 0xff, 0x04, 0x00, 0x00, 0x00, 0x00, 0x68, 0xcd, 0xff, 0x8b, 0x71, 0xdd, 0xff, 0xff,
  0x69, 0xce, 0xff, 0xfa, 0x69, 0xce, 0xff, 0xff, 0x68, 0xcd, 0xff, 0xff, 0x6e, 0xd1, 0xff, 0xff,
  0x79, 0xdb, 0xff, 0xff, 0x78, 0xda, 0xff, 0xff, 0x78, 0xda, 0xff, 0xff, 0x79, 0xdb, 0xff, 0xff,
  0x72, 0xd5, 0xff, 0xff, 0x68, 0xcd, 0xff, 0xff, 0x69, 0xce, 0xff, 0xff, 0x69, 0xce, 0xff, 0xff,
  0x69, 0xce, 0xff, 0xff, 0x69, 0xce, 0xff, 0xff, 0x69, 0xce, 0xff, 0xff, 0x69, 0xce, 0xff, 0xff,
  0x69, 0xce, 0xff, 0xff, 0x69, 0xce, 0xff, 0xff, 0x69, 0xce, 0xff, 0xff, 0x69, 0xce, 0xff, 0xff,
  0x69, 0xce, 0xff, 0xff, 0x69, 0xce, 0xff, 0xff, 0x69, 0xce, 0xff, 0xff, 0x69, 0xce, 0xff, 0xff,
  0x69, 0xce, 0xff, 0xff, 0x69, 0xce, 0xff, 0xff, 0x69, 0xce, 0xff, 0xff, 0x69, 0xce, 0xff, 0xff,
  0x69, 0xcf, 0xff, 0xff, 0x68, 0xc3, 0xff, 0xff, 0x67, 0xbb, 0xff, 0xff, 0x67, 0xbc, 0xff, 0xff,
  0x67, 0xbc, 0xff, 0xff, 0x67, 0xbc, 0xff, 0xff, 0x67, 0xbc, 0xff, 0xff, 0x67, 0xbc, 0xff, 0xff,
  0x67, 0xbc, 0xff, 0xff, 0x67, 0xbc, 0xff, 0xff, 0x67, 0xbc, 0xff, 0xff, 0x67, 0xbc, 0xff, 0xff,
  0x67, 0xbc, 0xff, 0xff, 0x67, 0xbc, 0xff, 0xff, 0x67, 0xbc, 0xff, 0xff, 0x67, 0xbc, 0xff, 0xff,
  0x67, 0xbc, 0xff, 0xff, 0x67, 0xbc, 0xff, 0xff, 0x67, 0xbc, 0xff, 0xff, 0x67, 0xbc, 0xff, 0xff,
  0x68, 0xbd, 0xff, 0xff, 0x66, 0xbc, 0xff, 0x32, 0x00, 0x00, 0x00, 0x00, 0x7f, 0x7f, 0xff, 0x02,
  0x00, 0x00, 0x00, 0x00, 0x00, 0x00, 0x00, 0x00, 0x00, 0x00, 0x00, 0x00, 0x00, 0x00, 0x00, 0x00,
  0x00, 0x00, 0x00, 0x00, 0x00, 0x00, 0x00, 0x00, 0x00, 0x00, 0x00, 0x00, 0x00, 0x00, 0x00, 0x00,
  0x00, 0x00, 0x00, 0x00, 0x00, 0x00, 0x00, 0x00, 0x00, 0x00, 0x00, 0x00, 0x00, 0x00, 0x00, 0x00,
  0x00, 0x00, 0x00, 0x00, 0x00, 0x00, 0x00, 0x00, 0x00, 0x00, 0x00, 0x00, 0x00, 0x00, 0x00, 0x00,
  0x00, 0x00, 0x00, 0x00, 0x00, 0x00, 0x00, 0x00, 0x00, 0x00, 0x00, 0x00, 0x00, 0x00, 0x00, 0x00,
  0x00, 0x00, 0x00, 0x00, 0x00, 0x00, 0x00, 0x00, 0x00, 0x00, 0x00, 0x00, 0x00, 0x00, 0x00, 0x00,
  0x00, 0x00, 0x00, 0x00, 0x00, 0x00, 0x00, 0x00, 0x00, 0x00, 0x00, 0x00, 0x00, 0x00, 0x00, 0x00,
  0x00, 0x00, 0x00, 0x00, 0x00, 0x00, 0x00, 0x00, 0x00, 0x00, 0x00, 0x00, 0x00, 0xff, 0xff, 0x01,
  0x00, 0x00, 0x00, 0x00, 0x00, 0x00, 0x00, 0x00, 0x68, 0xcb, 0xff, 0xd6, 0x6c, 0xd5, 0xff, 0xff,
  0x68, 0xcd, 0xff, 0xfd, 0x69, 0xce, 0xff, 0xff, 0x68, 0xcd, 0xff, 0xff, 0x6e, 0xd1, 0xff, 0xff,
  0x79, 0xdb, 0xff, 0xff, 0x78, 0xda, 0xff, 0xff, 0x78, 0xda, 0xff, 0xff, 0x79, 0xdb, 0xff, 0xff,
  0x73, 0xd6, 0xff, 0xff, 0x68, 0xcd, 0xff, 0xff, 0x69, 0xce, 0xff, 0xff, 0x69, 0xce, 0xff, 0xff,
  0x69, 0xce, 0xff, 0xff, 0x69, 0xce, 0xff, 0xff, 0x69, 0xce, 0xff, 0xff, 0x69, 0xce, 0xff, 0xff,
  0x69, 0xce, 0xff, 0xff, 0x69, 0xce, 0xff, 0xff, 0x69, 0xce, 0xff, 0xff, 0x69, 0xce, 0xff, 0xff,
  0x69, 0xce, 0xff, 0xff, 0x69, 0xce, 0xff, 0xff, 0x69, 0xce, 0xff, 0xff, 0x69, 0xce, 0xff, 0xff,
  0x69, 0xce, 0xff, 0xff, 0x69, 0xce, 0xff, 0xff, 0x69, 0xce, 0xff, 0xff, 0x69, 0xce, 0xff, 0xff,
  0x69, 0xcf, 0xff, 0xff, 0x68, 0xc4, 0xff, 0xff, 0x67, 0xbb, 0xff, 0xff, 0x67, 0xbc, 0xff, 0xff,
  0x67, 0xbc, 0xff, 0xff, 0x67, 0xbc, 0xff, 0xff, 0x67, 0xbc, 0xff, 0xff, 0x67, 0xbc, 0xff, 0xff,
  0x67, 0xbc, 0xff, 0xff, 0x67, 0xbc, 0xff, 0xff, 0x67, 0xbc, 0xff, 0xff, 0x67, 0xbc, 0xff, 0xff,
  0x67, 0xbc, 0xff, 0xff, 0x67, 0xbc, 0xff, 0xff, 0x67, 0xbc, 0xff, 0xff, 0x67, 0xbc, 0xff, 0xff,
  0x67, 0xbc, 0xff, 0xff, 0x67, 0xbc, 0xff, 0xff, 0x67, 0xbc, 0xff, 0xff, 0x67, 0xbc, 0xff, 0xfc,
  0x6c, 0xc6, 0xff, 0xff, 0x66, 0xbc, 0xff, 0x64, 0x00, 0x00, 0xff, 0x01, 0x7f, 0xbf, 0xff, 0x04,
  0x00, 0x00, 0x00, 0x00, 0x00, 0x00, 0x00, 0x00, 0x00, 0x00, 0x00, 0x00, 0x00, 0x00, 0x00, 0x00,
  0x00, 0x00, 0x00, 0x00, 0x00, 0x00, 0x00, 0x00, 0x00, 0x00, 0x00, 0x00, 0x00, 0x00, 0x00, 0x00,
  0x00, 0x00, 0x00, 0x00, 0x00, 0x00, 0x00, 0x00, 0x00, 0x00, 0x00, 0x00, 0x00, 0x00, 0x00, 0x00,
  0x00, 0x00, 0x00, 0x00, 0x00, 0x00, 0x00, 0x00, 0x00, 0x00, 0x00, 0x00, 0x00, 0x00, 0x00, 0x00,
  0x00, 0x00, 0x00, 0x00, 0x00, 0x00, 0x00, 0x00, 0x00, 0x00, 0x00, 0x00, 0x00, 0x00, 0x00, 0x00,
  0x00, 0x00, 0x00, 0x00, 0x00, 0x00, 0x00, 0x00, 0x00, 0x00, 0x00, 0x00, 0x00, 0x00, 0x00, 0x00,
  0x00, 0x00, 0x00, 0x00, 0x00, 0x00, 0x00, 0x00, 0x00, 0x00, 0x00, 0x00, 0x00, 0x00, 0x00, 0x00,
  0x00, 0x00, 0x00, 0x00, 0x00, 0x00, 0x00, 0x00, 0x00, 0x00, 0x00, 0x00, 0x00, 0x7f, 0xff, 0x02,
  0x00, 0x00, 0x00, 0x00, 0x64, 0xc8, 0xff, 0x1c, 0x68, 0xce, 0xff, 0xf3, 0x6a, 0xd1, 0xff, 0xff,
  0x68, 0xcd, 0xff, 0xfe, 0x69, 0xce, 0xff, 0xff, 0x68, 0xcd, 0xff, 0xff, 0x6d, 0xd1, 0xff, 0xff,
  0x79, 0xdb, 0xff, 0xff, 0x78, 0xda, 0xff, 0xff, 0x78, 0xda, 0xff, 0xff, 0x79, 0xdb, 0xff, 0xff,
  0x74, 0xd7, 0xff, 0xff, 0x69, 0xce, 0xff, 0xff, 0x69, 0xce, 0xff, 0xff, 0x69, 0xce, 0xff, 0xff,
  0x69, 0xce, 0xff, 0xff, 0x69, 0xce, 0xff, 0xff, 0x69, 0xce, 0xff, 0xff, 0x69, 0xce, 0xff, 0xff,
  0x69, 0xce, 0xff, 0xff, 0x69, 0xce, 0xff, 0xff, 0x69, 0xce, 0xff, 0xff, 0x69, 0xce, 0xff, 0xff,
  0x69, 0xce, 0xff, 0xff, 0x69, 0xce, 0xff, 0xff, 0x69, 0xce, 0xff, 0xff, 0x69, 0xce, 0xff, 0xff,
  0x69, 0xce, 0xff, 0xff, 0x69, 0xce, 0xff, 0xff, 0x69, 0xce, 0xff, 0xff, 0x69, 0xce, 0xff, 0xff,
  0x69, 0xcf, 0xff, 0xff, 0x68, 0xc4, 0xff, 0xff, 0x67, 0xbb, 0xff, 0xff, 0x67, 0xbc, 0xff, 0xff,
  0x67, 0xbc, 0xff, 0xff, 0x67, 0xbc, 0xff, 0xff, 0x67, 0xbc, 0xff, 0xff, 0x67, 0xbc, 0xff, 0xff,
  0x67, 0xbc, 0xff, 0xff, 0x67, 0xbc, 0xff, 0xff, 0x67, 0xbc, 0xff, 0xff, 0x67, 0xbc, 0xff, 0xff,
  0x67, 0xbc, 0xff, 0xff, 0x67, 0xbc, 0xff, 0xff, 0x67, 0xbc, 0xff, 0xff, 0x67, 0xbc, 0xff, 0xff,
  0x67, 0xbc, 0xff, 0xff, 0x67, 0xbc, 0xff, 0xff, 0x67, 0xbc, 0xff, 0xff, 0x66, 0xbb, 0xff, 0xfb,
  0x6e, 0xc8, 0xff, 0xff, 0x67, 0xbc, 0xff, 0xa0, 0x00, 0x00, 0x00, 0x00, 0x55, 0xaa, 0xff, 0x03,
  0x00, 0x00, 0x00, 0x00, 0x00, 0x00, 0x00, 0x00, 0x00, 0x00, 0x00, 0x00, 0x00, 0x00, 0x00, 0x00,
  0x00, 0x00, 0x00, 0x00, 0x00, 0x00, 0x00, 0x00, 0x00, 0x00, 0x00, 0x00, 0x00, 0x00, 0x00, 0x00,
  0x00, 0x00, 0x00, 0x00, 0x00, 0x00, 0x00, 0x00, 0x00, 0x00, 0x00, 0x00, 0x00, 0x00, 0x00, 0x00,
  0x00, 0x00, 0x00, 0x00, 0x00, 0x00, 0x00, 0x00, 0x00, 0x00, 0x00, 0x00, 0x00, 0x00, 0x00, 0x00,
  0x00, 0x00, 0x00, 0x00, 0x00, 0x00, 0x00, 0x00, 0x00, 0x00, 0x00, 0x00, 0x00, 0x00, 0x00, 0x00,
  0x00, 0x00, 0x00, 0x00, 0x00, 0x00, 0x00, 0x00, 0x00, 0x00, 0x00, 0x00, 0x00, 0x00, 0x00, 0x00,
  0x00, 0x00, 0x00, 0x00, 0x00, 0x00, 0x00, 0x00, 0x00, 0x00, 0x00, 0x00, 0x00, 0x00, 0x00, 0x00,
  0x00, 0x00, 0x00, 0x00, 0x00, 0x00, 0x00, 0x00, 0x00, 0x00, 0x00, 0x00, 0x7f, 0xbf, 0xff, 0x04,
  0x00, 0xff, 0xff, 0x01, 0x69, 0xca, 0xff, 0x61, 0x70, 0xda, 0xff, 0xff, 0x69, 0xcd, 0xff, 0xfc,
  0x69, 0xce, 0xff, 0xff, 0x69, 0xce, 0xff, 0xff, 0x68, 0xcd, 0xff, 0xff, 0x6d, 0xd1, 0xff, 0xff,
  0x79, 0xdb, 0xff, 0xff, 0x78, 0xda, 0xff, 0xff, 0x78, 0xda, 0xff, 0xff, 0x79, 0xdb, 0xff, 0xff,
  0x74, 0xd7, 0xff, 0xff, 0x69, 0xce, 0xff, 0xff, 0x69, 0xce, 0xff, 0xff, 0x69, 0xce, 0xff, 0xff,
  0x69, 0xce, 0xff, 0xff, 0x69, 0xce, 0xff, 0xff, 0x69, 0xce, 0xff, 0xff, 0x69, 0xce, 0xff, 0xff,
  0x69, 0xce, 0xff, 0xff, 0x69, 0xce, 0xff, 0xff, 0x69, 0xce, 0xff, 0xff, 0x69, 0xce, 0xff, 0xff,
  0x69, 0xce, 0xff, 0xff, 0x69, 0xce, 0xff, 0xff, 0x69, 0xce, 0xff, 0xff, 0x69, 0xce, 0xff, 0xff,
  0x69, 0xce, 0xff, 0xff, 0x69, 0xce, 0xff, 0xff, 0x69, 0xce, 0xff, 0xff, 0x69, 0xce, 0xff, 0xff,
  0x69, 0xcf, 0xff, 0xff, 0x68, 0xc4, 0xff, 0xff, 0x67, 0xbb, 0xff, 0xff, 0x67, 0xbc, 0xff, 0xff,
  0x67, 0xbc, 0xff, 0xff, 0x67, 0xbc, 0xff, 0xff, 0x67, 0xbc, 0xff, 0xff, 0x67, 0xbc, 0xff, 0xff,
  0x67, 0xbc, 0xff, 0xff, 0x67, 0xbc, 0xff, 0xff, 0x67, 0xbc, 0xff, 0xff, 0x67, 0xbc, 0xff, 0xff,
  0x67, 0xbc, 0xff, 0xff, 0x67, 0xbc, 0xff, 0xff, 0x67, 0xbc, 0xff, 0xff, 0x67, 0xbc, 0xff, 0xff,
  0x67, 0xbc, 0xff, 0xff, 0x67, 0xbc, 0xff, 0xff, 0x67, 0xbc, 0xff, 0xff, 0x67, 0xbc, 0xff, 0xfd,
  0x69, 0xc0, 0xff, 0xff, 0x66, 0xbb, 0xff, 0xe7, 0x6f, 0xbf, 0xff, 0x10, 0x00, 0x00, 0x00, 0x00,
  0x00, 0x00, 0xff, 0x01, 0x00, 0x00, 0x00, 0x00, 0x00, 0x00, 0x00, 0x00, 0x00, 0x00, 0x00, 0x00,
  0x00, 0x00, 0x00, 0x00, 0x00, 0x00, 0x00, 0x00, 0x00, 0x00, 0x00, 0x00, 0x00, 0x00, 0x00, 0x00,
  0x00, 0x00, 0x00, 0x00, 0x00, 0x00, 0x00, 0x00, 0x00, 0x00, 0x00, 0x00, 0x00, 0x00, 0x00, 0x00,
  0x00, 0x00, 0x00, 0x00, 0x00, 0x00, 0x00, 0x00, 0x00, 0x00, 0x00, 0x00, 0x00, 0x00, 0x00, 0x00,
  0x00, 0x00, 0x00, 0x00, 0x00, 0x00, 0x00, 0x00, 0x00, 0x00, 0x00, 0x00, 0x00, 0x00, 0x00, 0x00,
  0x00, 0x00, 0x00, 0x00, 0x00, 0x00, 0x00, 0x00, 0x00, 0x00, 0x00, 0x00, 0x00, 0x00, 0x00, 0x00,
  0x00, 0x00, 0x00, 0x00, 0x00, 0x00, 0x00, 0x00, 0x00, 0x00, 0x00, 0x00, 0x00, 0x00, 0x00, 0x00,
  0x00, 0x00, 0x00, 0x00, 0x00, 0x00, 0x00, 0x00, 0x00, 0x00, 0x00, 0x00, 0x7f, 0xff, 0xff, 0x02,
  0x00, 0x00, 0x00, 0x00, 0x68, 0xcb, 0xff, 0xa4, 0x6f, 0xdb, 0xff, 0xff, 0x69, 0xcd, 0xff, 0xfc,
  0x69, 0xce, 0xff, 0xff, 0x69, 0xce, 0xff, 0xff, 0x69, 0xce, 0xff, 0xff, 0x6a, 0xce, 0xff, 0xff,
  0x75, 0xd7, 0xff, 0xff, 0x7a, 0xdb, 0xff, 0xff, 0x79, 0xdb, 0xff, 0xff, 0x79, 0xdb, 0xff, 0xff,
  0x6f, 0xd3, 0xff, 0xff, 0x68, 0xcd, 0xff, 0xff, 0x69, 0xce, 0xff, 0xff, 0x69, 0xce, 0xff, 0xff,
  0x69, 0xce, 0xff, 0xff, 0x69, 0xce, 0xff, 0xff, 0x69, 0xce, 0xff, 0xff, 0x69, 0xce, 0xff, 0xff,
  0x69, 0xce, 0xff, 0xff, 0x69, 0xce, 0xff, 0xff, 0x69, 0xce, 0xff, 0xff, 0x69, 0xce, 0xff, 0xff,
  0x69, 0xce, 0xff, 0xff, 0x69, 0xce, 0xff, 0xff, 0x69, 0xce, 0xff, 0xff, 0x69, 0xce, 0xff, 0xff,
  0x69, 0xce, 0xff, 0xff, 0x69, 0xce, 0xff, 0xff, 0x69, 0xce, 0xff, 0xff, 0x69, 0xce, 0xff, 0xff,
  0x69, 0xcf, 0xff, 0xff, 0x68, 0xc4, 0xff, 0xff, 0x67, 0xba, 0xff, 0xff, 0x67, 0xbb, 0xff, 0xff,
  0x67, 0xbb, 0xff, 0xff, 0x67, 0xbb, 0xff, 0xff, 0x67, 0xbb, 0xff, 0xff, 0x67, 0xbb, 0xff, 0xff,
  0x67, 0xbb, 0xff, 0xff, 0x67, 0xbb, 0xff, 0xff, 0x67, 0xbc, 0xff, 0xff, 0x67, 0xbc, 0xff, 0xff,
  0x67, 0xbc, 0xff, 0xff, 0x67, 0xbc, 0xff, 0xff, 0x67, 0xbc, 0xff, 0xff, 0x67, 0xbc, 0xff, 0xff,
  0x67, 0xbc, 0xff, 0xff, 0x67, 0xbc, 0xff, 0xff, 0x67, 0xbc, 0xff, 0xff, 0x67, 0xbc, 0xff, 0xff,
  0x67, 0xbb, 0xff, 0xfe, 0x6a, 0xc1, 0xff, 0xff, 0x69, 0xbc, 0xff, 0x41, 0x00, 0xff, 0xff, 0x01,
  0x55, 0xff, 0xff, 0x03, 0x00, 0x00, 0x00, 0x00, 0x00, 0x00, 0x00, 0x00, 0x00, 0x00, 0x00, 0x00,
  0x00, 0x00, 0x00, 0x00, 0x00, 0x00, 0x00, 0x00, 0x00, 0x00, 0x00, 0x00, 0x00, 0x00, 0x00, 0x00,
  0x00, 0x00, 0x00, 0x00, 0x00, 0x00, 0x00, 0x00, 0x00, 0x00, 0x00, 0x00, 0x00, 0x00, 0x00, 0x00,
  0x00, 0x00, 0x00, 0x00, 0x00, 0x00, 0x00, 0x00, 0x00, 0x00, 0x00, 0x00, 0x00, 0x00, 0x00, 0x00,
  0x00, 0x00, 0x00, 0x00, 0x00, 0x00, 0x00, 0x00, 0x00, 0x00, 0x00, 0x00, 0x00, 0x00, 0x00, 0x00,
  0x00, 0x00, 0x00, 0x00, 0x00, 0x00, 0x00, 0x00, 0x00, 0x00, 0x00, 0x00, 0x00, 0x00, 0x00, 0x00,
  0x00, 0x00, 0x00, 0x00, 0x00, 0x00, 0x00, 0x00, 0x00, 0x00, 0x00, 0x00, 0x00, 0x00, 0x00, 0x00,
  0x00, 0x00, 0x00, 0x00, 0x00, 0x00, 0x00, 0x00, 0x7f, 0x7f, 0xff, 0x02, 0x00, 0xff, 0xff, 0x01,
  0x69, 0xca, 0xff, 0x1d, 0x69, 0xce, 0xff, 0xf1, 0x6b, 0xd1, 0xff, 0xff, 0x69, 0xcd, 0xff, 0xfe,
  0x69, 0xce, 0xff, 0xff, 0x69, 0xce, 0xff, 0xff, 0x69, 0xce, 0xff, 0xff, 0x68, 0xcd, 0xff, 0xff,
  0x6a, 0xce, 0xff, 0xff, 0x70, 0xd4, 0xff, 0xff, 0x73, 0xd7, 0xff, 0xff, 0x6e, 0xd2, 0xff, 0xff,
  0x69, 0xce, 0xff, 0xff, 0x69, 0xcd, 0xff, 0xff, 0x69, 0xcd, 0xff, 0xff, 0x69, 0xcd, 0xff, 0xff,
  0x69, 0xcd, 0xff, 0xff, 0x69, 0xcc, 0xff, 0xff, 0x69, 0xcc, 0xff, 0xff, 0x69, 0xcb, 0xff, 0xff,
  0x69, 0xcb, 0xff, 0xff, 0x6a, 0xcb, 0xff, 0xff, 0x6a, 0xca, 0xff, 0xff, 0x6a, 0xca, 0xff, 0xff,
  0x6a, 0xca, 0xff, 0xff, 0x6a, 0xca, 0xff, 0xff, 0x6a, 0xca, 0xff, 0xff, 0x6a, 0xca, 0xff, 0xff,
  0x6a, 0xca, 0xff, 0xff, 0x6a, 0xca, 0xff, 0xff, 0x6a, 0xca, 0xff, 0xff, 0x6a, 0xca, 0xff, 0xff,
  0x6a, 0xcb, 0xff, 0xff, 0x69, 0xc8, 0xff, 0xff, 0x69, 0xc4, 0xff, 0xff, 0x69, 0xc4, 0xff, 0xff,
  0x69, 0xc3, 0xff, 0xff, 0x68, 0xc2, 0xff, 0xff, 0x68, 0xc1, 0xff, 0xff, 0x68, 0xc0, 0xff, 0xff,
  0x68, 0xbf, 0xff, 0xff, 0x68, 0xbe, 0xff, 0xff, 0x68, 0xbe, 0xff, 0xff, 0x67, 0xbc, 0xff, 0xff,
  0x67, 0xbc, 0xff, 0xff, 0x67, 0xbb, 0xff, 0xff, 0x67, 0xbb, 0xff, 0xff, 0x67, 0xbb, 0xff, 0xff,
  0x67, 0xbc, 0xff, 0xff, 0x67, 0xbc, 0xff, 0xff, 0x67, 0xbc, 0xff, 0xff, 0x67, 0xbc, 0xff, 0xff,
  0x67, 0xbc, 0xff, 0xfc, 0x6d, 0xc7, 0xff, 0xff, 0x67, 0xba, 0xff, 0x99, 0x00, 0x00, 0x00, 0x00,
  0x55, 0xaa, 0xff, 0x03, 0x00, 0x00, 0x00, 0x00, 0x00, 0x00, 0x00, 0x00, 0x00, 0x00, 0x00, 0x00,
  0x00, 0x00, 0x00, 0x00, 0x00, 0x00, 0x00, 0x00, 0x00, 0x00, 0x00, 0x00, 0x00, 0x00, 0x00, 0x00,
  0x00, 0x00, 0x00, 0x00, 0x00, 0x00, 0x00, 0x00, 0x00, 0x00, 0x00, 0x00, 0x00, 0x00, 0x00, 0x00,
  0x00, 0x00, 0x00, 0x00, 0x00, 0x00, 0x00, 0x00, 0x00, 0x00, 0x00, 0x00, 0x00, 0x00, 0x00, 0x00,
  0x00, 0x00, 0x00, 0x00, 0x00, 0x00, 0x00, 0x00, 0x00, 0x00, 0x00, 0x00, 0x00, 0x00, 0x00, 0x00,
  0x00, 0x00, 0x00, 0x00, 0x00, 0x00, 0x00, 0x00, 0x00, 0x00, 0x00, 0x00, 0x00, 0x00, 0x00, 0x00,
  0x00, 0x00, 0x00, 0x00, 0x00, 0x00, 0x00, 0x00, 0x00, 0x00, 0x00, 0x00, 0x00, 0x00, 0x00, 0x00,
  0x00, 0x00, 0x00, 0x00, 0x00, 0x00, 0x00, 0x00, 0x7f, 0xff, 0xff, 0x04, 0x00, 0x00, 0x00, 0x00,
  0x67, 0xcb, 0xff, 0x67, 0x70, 0xdb, 0xff, 0xff, 0x69, 0xcc, 0xff, 0xfc, 0x68, 0xce, 0xff, 0xff,
  0x68, 0xcd, 0xff, 0xff, 0x69, 0xce, 0xff, 0xff, 0x6a, 0xcf, 0xff, 0xff, 0x6c, 0xcf, 0xff, 0xff,
  0x6d, 0xd2, 0xff, 0xff, 0x6b, 0xce, 0xff, 0xff, 0x68, 0xca, 0xff, 0xff, 0x69, 0xc9, 0xff, 0xff,
  0x6a, 0xca, 0xff, 0xff, 0x6a, 0xc9, 0xff, 0xff, 0x6a, 0xc9, 0xff, 0xff, 0x6a, 0xc9, 0xff, 0xff,
  0x6a, 0xc9, 0xff, 0xff, 0x6a, 0xc9, 0xff, 0xff, 0x6a, 0xc9, 0xff, 0xff, 0x6a, 0xc9, 0xff, 0xff,
  0x6a, 0xc9, 0xff, 0xff, 0x6a, 0xc9, 0xff, 0xff, 0x6a, 0xc9, 0xff, 0xff, 0x6a, 0xc9, 0xff, 0xff,
  0x6a, 0xc9, 0xff, 0xff, 0x6a, 0xc9, 0xff, 0xff, 0x6a, 0xc9, 0xff, 0xff, 0x6a, 0xc9, 0xff, 0xff,
  0x6a, 0xc9, 0xff, 0xff, 0x6a, 0xc9, 0xff, 0xff, 0x6a, 0xc9, 0xff, 0xff, 0x6a, 0xc9, 0xff, 0xff,
  0x6a, 0xc9, 0xff, 0xff, 0x6a, 0xc9, 0xff, 0xff, 0x6a, 0xca, 0xff, 0xff, 0x6a, 0xca, 0xff, 0xff,
  0x6a, 0xca, 0xff, 0xff, 0x6a, 0xca, 0xff, 0xff, 0x6a, 0xca, 0xff, 0xff, 0x6a, 0xca, 0xff, 0xff,
  0x6a, 0xca, 0xff, 0xff, 0x6a, 0xc9, 0xff, 0xff, 0x6a, 0xc8, 0xff, 0xff, 0x6a, 0xc7, 0xff, 0xff,
  0x69, 0xc5, 0xff, 0xff, 0x69, 0xc4, 0xff, 0xff, 0x69, 0xc2, 0xff, 0xff, 0x68, 0xc0, 0xff, 0xff,
  0x67, 0xbe, 0xff, 0xff, 0x67, 0xbc, 0xff, 0xff, 0x67, 0xbc, 0xff, 0xff, 0x67, 0xbb, 0xff, 0xff,
  0x66, 0xbc, 0xff, 0xfd, 0x69, 0xbf, 0xff, 0xff, 0x67, 0xbc, 0xff, 0xed, 0x63, 0xbc, 0xff, 0x17,
  0x55, 0xaa, 0xff, 0x03, 0x7f, 0xff, 0xff, 0x02, 0x00, 0x00, 0x00, 0x00, 0x00, 0x00, 0x00, 0x00,
  0x00, 0x00, 0x00, 0x00, 0x00, 0x00, 0x00, 0x00, 0x00, 0x00, 0x00, 0x00, 0x00, 0x00, 0x00, 0x00,
  0x00, 0x00, 0x00, 0x00, 0x00, 0x00, 0x00, 0x00, 0x00, 0x00, 0x00, 0x00, 0x00, 0x00, 0x00, 0x00,
  0x00, 0x00, 0x00, 0x00, 0x00, 0x00, 0x00, 0x00, 0x00, 0x00, 0x00, 0x00, 0x00, 0x00, 0x00, 0x00,
  0x00, 0x00, 0x00, 0x00, 0x00, 0x00, 0x00, 0x00, 0x00, 0x00, 0x00, 0x00, 0x00, 0x00, 0x00, 0x00,
  0x00, 0x00, 0x00, 0x00, 0x00, 0x00, 0x00, 0x00, 0x00, 0x00, 0x00, 0x00, 0x00, 0x00, 0x00, 0x00,
  0x00, 0x00, 0x00, 0x00, 0x00, 0x00, 0x00, 0x00, 0x00, 0x00, 0x00, 0x00, 0x00, 0x00, 0x00, 0x00,
  0x7f, 0xff, 0xff, 0x02, 0x7f, 0xbf, 0xff, 0x04, 0x00, 0x00, 0x00, 0x00, 0x00, 0x00, 0xff, 0x01,
  0x68, 0xcd, 0xff, 0xd7, 0x6d, 0xd5, 0xff, 0xfe, 0x6a, 0xce, 0xff, 0xfd, 0x6e, 0xd1, 0xff, 0xff,
  0x70, 0xd3, 0xff, 0xff, 0x73, 0xd4, 0xff, 0xff, 0x75, 0xd6, 0xff, 0xff, 0x76, 0xd7, 0xff, 0xff,
  0x77, 0xd8, 0xff, 0xff, 0x6f, 0xce, 0xff, 0xff, 0x69, 0xc8, 0xff, 0xff, 0x6a, 0xc9, 0xff, 0xff,
  0x6a, 0xc9, 0xff, 0xff, 0x6a, 0xc9, 0xff, 0xff, 0x6a, 0xc9, 0xff, 0xff, 0x6a, 0xc9, 0xff, 0xff,
  0x6a, 0xc9, 0xff, 0xff, 0x6a, 0xc9, 0xff, 0xff, 0x6a, 0xc9, 0xff, 0xff, 0x6a, 0xc9, 0xff, 0xff,
  0x6a, 0xc9, 0xff, 0xff, 0x6a, 0xc9, 0xff, 0xff, 0x6a, 0xc9, 0xff, 0xff, 0x6a, 0xc9, 0xff, 0xff,
  0x6a, 0xc9, 0xff, 0xff, 0x6a, 0xc9, 0xff, 0xff, 0x6a, 0xc9, 0xff, 0xff, 0x6a, 0xc9, 0xff, 0xff,
  0x6a, 0xc9, 0xff, 0xff, 0x6a, 0xc9, 0xff, 0xff, 0x6a, 0xc9, 0xff, 0xff, 0x6a, 0xc9, 0xff, 0xff,
  0x6a, 0xc9, 0xff, 0xff, 0x6a, 0xc9, 0xff, 0xff, 0x6a, 0xc9, 0xff, 0xff, 0x6a, 0xc9, 0xff, 0xff,
  0x6a, 0xc9, 0xff, 0xff, 0x6a, 0xc9, 0xff, 0xff, 0x6a, 0xc9, 0xff, 0xff, 0x6a, 0xc9, 0xff, 0xff,
  0x6a, 0xc9, 0xff, 0xff, 0x6a, 0xc9, 0xff, 0xff, 0x6a, 0xc9, 0xff, 0xff, 0x6a, 0xc9, 0xff, 0xff,
  0x6a, 0xca, 0xff, 0xff, 0x6a, 0xca, 0xff, 0xff, 0x6a, 0xca, 0xff, 0xff, 0x6a, 0xca, 0xff, 0xff,
  0x6a, 0xc8, 0xff, 0xff, 0x6a, 0xc7, 0xff, 0xff, 0x69, 0xc5, 0xff, 0xff, 0x69, 0xc3, 0xff, 0xff,
  0x68, 0xc0, 0xff, 0xff, 0x67, 0xbd, 0xff, 0xfc, 0x6e, 0xc8, 0xff, 0xff, 0x66, 0xb8, 0xff, 0x82,
  0x00, 0x00, 0x00, 0x00, 0x3f, 0xbf, 0xff, 0x04, 0x55, 0xff, 0xff, 0x03, 0x00, 0xff, 0xff, 0x01,
  0x00, 0x00, 0x00, 0x00, 0x00, 0x00, 0x00, 0x00, 0x00, 0x00, 0x00, 0x00, 0x00, 0x00, 0x00, 0x00,
  0x00, 0x00, 0x00, 0x00, 0x00, 0x00, 0x00, 0x00, 0x00, 0x00, 0x00, 0x00, 0x00, 0x00, 0x00, 0x00,
  0x00, 0x00, 0x00, 0x00, 0x00, 0x00, 0x00, 0x00, 0x00, 0x00, 0x00, 0x00, 0x00, 0x00, 0x00, 0x00,
  0x00, 0x00, 0x00, 0x00, 0x00, 0x00, 0x00, 0x00, 0x00, 0x00, 0x00, 0x00, 0x00, 0x00, 0x00, 0x00,
  0x00, 0x00, 0x00, 0x00, 0x00, 0x00, 0x00, 0x00, 0x00, 0x00, 0x00, 0x00, 0x00, 0x00, 0x00, 0x00,
  0x00, 0x00, 0x00, 0x00, 0x00, 0x00, 0x00, 0x00, 0x7f, 0xff, 0xff, 0x02, 0x7f, 0xff, 0xff, 0x02,
  0x00, 0x00, 0x00, 0x00, 0x00, 0x00, 0x00, 0x00, 0x73, 0xd0, 0xff, 0x0b, 0x6e, 0xd1, 0xff, 0x86,
  0x75, 0xdd, 0xff, 0xff, 0x72, 0xd4, 0xff, 0xfd, 0x76, 0xd7, 0xff, 0xff, 0x77, 0xd7, 0xff, 0xff,
  0x77, 0xd8, 0xff, 0xff, 0x77, 0xd7, 0xff, 0xff, 0x76, 0xd7, 0xff, 0xff, 0x76, 0xd7, 0xff, 0xff,
  0x75, 0xd6, 0xff, 0xff, 0x6b, 0xca, 0xff, 0xff, 0x6a, 0xc9, 0xff, 0xff, 0x6a, 0xc9, 0xff, 0xff,
  0x6a, 0xc9, 0xff, 0xff, 0x6a, 0xc9, 0xff, 0xff, 0x6a, 0xc9, 0xff, 0xff, 0x6a, 0xc9, 0xff, 0xff,
  0x6a, 0xc9, 0xff, 0xff, 0x6a, 0xc9, 0xff, 0xff, 0x6a, 0xc9, 0xff, 0xff, 0x6a, 0xc9, 0xff, 0xff,
  0x6a, 0xc9, 0xff, 0xff, 0x6a, 0xc9, 0xff, 0xff, 0x6a, 0xc9, 0xff, 0xff, 0x6a, 0xc9, 0xff, 0xff,
  0x6a, 0xc9, 0xff, 0xff, 0x6a, 0xc9, 0xff, 0xff, 0x6a, 0xc9, 0xff, 0xff, 0x6a, 0xc9, 0xff, 0xff,
  0x6a, 0xc9, 0xff, 0xff, 0x6a, 0xc9, 0xff, 0xff, 0x6a, 0xc9, 0xff, 0xff, 0x6a, 0xc9, 0xff, 0xff,
  0x6a, 0xc9, 0xff, 0xff, 0x6a, 0xc9, 0xff, 0xff, 0x6a, 0xc9, 0xff, 0xff, 0x6a, 0xc9, 0xff, 0xff,
  0x6a, 0xc9, 0xff, 0xff, 0x6a, 0xc9, 0xff, 0xff, 0x6a, 0xc9, 0xff, 0xff, 0x6a, 0xc9, 0xff, 0xff,
  0x6a, 0xc9, 0xff, 0xff, 0x6a, 0xc9, 0xff, 0xff, 0x6a, 0xc9, 0xff, 0xff, 0x6a, 0xc9, 0xff, 0xff,
  0x6a, 0xc9, 0xff, 0xff, 0x6a, 0xc9, 0xff, 0xff, 0x6a, 0xc9, 0xff, 0xff, 0x6a, 0xc9, 0xff, 0xff,
  0x6a, 0xc9, 0xff, 0xff, 0x6a, 0xca, 0xff, 0xff, 0x6a, 0xca, 0xff, 0xff, 0x6a, 0xca, 0xff, 0xff,
  0x6a, 0xc9, 0xff, 0xff, 0x6a, 0xc8, 0xff, 0xfe, 0x6b, 0xc8, 0xff, 0xfe, 0x69, 0xc4, 0xff, 0xf0,
  0x6a, 0xc7, 0xff, 0x3c, 0x00, 0x00, 0x00, 0x00, 0x00, 0x00, 0x00, 0x00, 0x00, 0x00, 0x00, 0x00,
  0x55, 0xff, 0xff, 0x03, 0x7f, 0x7f, 0xff, 0x02, 0x00, 0x00, 0x00, 0x00, 0x00, 0x00, 0x00, 0x00,
  0x00, 0x00, 0x00, 0x00, 0x00, 0x00, 0x00, 0x00, 0x00, 0x00, 0x00, 0x00, 0x00, 0x00, 0x00, 0x00,
  0x00, 0x00, 0x00, 0x00, 0x00, 0x00, 0x00, 0x00, 0x00, 0x00, 0x00, 0x00, 0x00, 0x00, 0x00, 0x00,
  0x00, 0x00, 0x00, 0x00, 0x00, 0x00, 0x00, 0x00, 0x00, 0x00, 0x00, 0x00, 0x00, 0x00, 0x00, 0x00,
  0x00, 0x00, 0x00, 0x00, 0x00, 0x00, 0x00, 0x00, 0x00, 0x00, 0x00, 0x00, 0x00, 0x00, 0x00, 0x00,
  0x00, 0x00, 0xff, 0x01, 0x55, 0xaa, 0xff, 0x03, 0x00, 0x00, 0x00, 0x00, 0x00, 0x00, 0x00, 0x00,
  0x77, 0xd7, 0xff, 0x2d, 0x78, 0xdd, 0xff, 0x88, 0x78, 0xda, 0xff, 0xda, 0x7b, 0xe0, 0xff, 0xff,
  0x77, 0xd7, 0xff, 0xfe, 0x77, 0xd8, 0xff, 0xff, 0x76, 0xd7, 0xff, 0xff, 0x76, 0xd7, 0xff, 0xff,
  0x76, 0xd7, 0xff, 0xff, 0x76, 0xd7, 0xff, 0xff, 0x76, 0xd7, 0xff, 0xff, 0x77, 0xd8, 0xff, 0xff,
  0x72, 0xd3, 0xff, 0xff, 0x69, 0xc8, 0xff, 0xff, 0x6a, 0xc9, 0xff, 0xff, 0x6a, 0xc9, 0xff, 0xff,
  0x6a, 0xc9, 0xff, 0xff, 0x6a, 0xc9, 0xff, 0xff, 0x6a, 0xc9, 0xff, 0xff, 0x6a, 0xc9, 0xff, 0xff,
  0x6a, 0xc9, 0xff, 0xff, 0x6a, 0xc9, 0xff, 0xff, 0x6a, 0xc9, 0xff, 0xff, 0x6a, 0xc9, 0xff, 0xff,
  0x6a, 0xc9, 0xff, 0xff, 0x6a, 0xc9, 0xff, 0xff, 0x6a, 0xc9, 0xff, 0xff, 0x6a, 0xc9, 0xff, 0xff,
  0x6a, 0xc9, 0xff, 0xff, 0x6a, 0xc9, 0xff, 0xff, 0x6a, 0xc9, 0xff, 0xff, 0x6a, 0xc9, 0xff, 0xff,
  0x6a, 0xc9, 0xff, 0xff, 0x6a, 0xc9, 0xff, 0xff, 0x6a, 0xc9, 0xff, 0xff, 0x6a, 0xc9, 0xff, 0xff,
  0x6a, 0xc9, 0xff, 0xff, 0x6a, 0xc9, 0xff, 0xff, 0x6a, 0xc9, 0xff, 0xff, 0x6a, 0xc9, 0xff, 0xff,
  0x6a, 0xc9, 0xff, 0xff, 0x6a, 0xc9, 0xff, 0xff, 0x6a, 0xc9, 0xff, 0xff, 0x6a, 0xc9, 0xff, 0xff,
  0x6a, 0xc9, 0xff, 0xff, 0x6a, 0xc9, 0xff, 0xff, 0x6a, 0xc9, 0xff, 0xff, 0x6a, 0xc9, 0xff, 0xff,
  0x6a, 0xc9, 0xff, 0xff, 0x6a, 0xc9, 0xff, 0xff, 0x6a, 0xca, 0xff, 0xff, 0x6a, 0xc9, 0xff, 0xff,
  0x69, 0xc7, 0xff, 0xff, 0x69, 0xc6, 0xff, 0xff, 0x69, 0xc7, 0xff, 0xff, 0x6a, 0xc8, 0xff, 0xff,
  0x6a, 0xc9, 0xff, 0xff, 0x6a, 0xca, 0xff, 0xff, 0x6a, 0xca, 0xff, 0xfe, 0x6c, 0xce, 0xff, 0xff,
  0x6b, 0xcb, 0xff, 0xff, 0x6a, 0xcb, 0xff, 0xc0, 0x6a, 0xcb, 0xff, 0x67, 0x6d, 0xc2, 0xff, 0x15,
  0x00, 0x00, 0x00, 0x00, 0x00, 0x00, 0x00, 0x00, 0x55, 0xaa, 0xff, 0x03, 0x00, 0x00, 0xff, 0x01,
  0x00, 0x00, 0x00, 0x00, 0x00, 0x00, 0x00, 0x00, 0x00, 0x00, 0x00, 0x00, 0x00, 0x00, 0x00, 0x00,
  0x00, 0x00, 0x00, 0x00, 0x00, 0x00, 0x00, 0x00, 0x00, 0x00, 0x00, 0x00, 0x00, 0x00, 0x00, 0x00,
  0x00, 0x00, 0x00, 0x00, 0x00, 0x00, 0x00, 0x00, 0x00, 0x00, 0x00, 0x00, 0x00, 0x00, 0x00, 0x00,
  0x00, 0x00, 0x00, 0x00, 0x00, 0x00, 0x00, 0x00, 0x00, 0x00, 0x00, 0x00, 0x00, 0xff, 0xff, 0x01,
  0x00, 0x00, 0x00, 0x00, 0x00, 0x00, 0x00, 0x00, 0x70, 0xd1, 0xff, 0x32, 0x79, 0xdb, 0xff, 0xa6,
  0x78, 0xdb, 0xff, 0xf7, 0x7e, 0xe5, 0xff, 0xff, 0x7a, 0xdd, 0xff, 0xff, 0x75, 0xd6, 0xff, 0xfd,
  0x76, 0xd7, 0xff, 0xff, 0x76, 0xd7, 0xff, 0xff, 0x76, 0xd7, 0xff, 0xff, 0x76, 0xd7, 0xff, 0xff,
  0x76, 0xd7, 0xff, 0xff, 0x76, 0xd7, 0xff, 0xff, 0x77, 0xd8, 0xff, 0xff, 0x75, 0xd7, 0xff, 0xff,
  0x6c, 0xcc, 0xff, 0xff, 0x69, 0xc8, 0xff, 0xff, 0x6a, 0xc9, 0xff, 0xff, 0x6a, 0xc9, 0xff, 0xff,
  0x6a, 0xc9, 0xff, 0xff, 0x6a, 0xc9, 0xff, 0xff, 0x6a, 0xc9, 0xff, 0xff, 0x6a, 0xc9, 0xff, 0xff,
  0x6a, 0xc9, 0xff, 0xff, 0x6a, 0xc9, 0xff, 0xff, 0x6a, 0xc9, 0xff, 0xff, 0x6a, 0xc9, 0xff, 0xff,
  0x6a, 0xc9, 0xff, 0xff, 0x6a, 0xc9, 0xff, 0xff, 0x6a, 0xc9, 0xff, 0xff, 0x6a, 0xc9, 0xff, 0xff,
  0x6a, 0xc9, 0xff, 0xff, 0x6a, 0xc9, 0xff, 0xff, 0x6a, 0xc9, 0xff, 0xff, 0x6a, 0xc9, 0xff, 0xff,
  0x6a, 0xc9, 0xff, 0xff, 0x6a, 0xc9, 0xff, 0xff, 0x6a, 0xc9, 0xff, 0xff, 0x6a, 0xc9, 0xff, 0xff,
  0x6a, 0xc9, 0xff, 0xff, 0x6a, 0xc9, 0xff, 0xff, 0x6a, 0xc9, 0xff, 0xff, 0x6a, 0xc9, 0xff, 0xff,
  0x6a, 0xc9, 0xff, 0xff, 0x6a, 0xc9, 0xff, 0xff, 0x6a, 0xc9, 0xff, 0xff, 0x6a, 0xc9, 0xff, 0xff,
  0x6a, 0xc9, 0xff, 0xff, 0x6a, 0xc9, 0xff, 0xff, 0x6a, 0xc9, 0xff, 0xff, 0x6a, 0xc9, 0xff, 0xff,
  0x6a, 0xc9, 0xff, 0xff, 0x6a, 0xca, 0xff, 0xff, 0x68, 0xc5, 0xff, 0xff, 0x65, 0xbd, 0xff, 0xff,
  0x63, 0xbb, 0xff, 0xff, 0x63, 0xba, 0xff, 0xff, 0x63, 0xbb, 0xff, 0xff, 0x64, 0xbc, 0xff, 0xff,
  0x65, 0xbd, 0xff, 0xff, 0x66, 0xbf, 0xff, 0xff, 0x67, 0xc2, 0xff, 0xff, 0x67, 0xc3, 0xff, 0xfe,
  0x68, 0xc6, 0xff, 0xff, 0x6e, 0xd1, 0xff, 0xff, 0x70, 0xd5, 0xff, 0xff, 0x6a, 0xca, 0xff, 0xe5,
  0x6b, 0xca, 0xff, 0x89, 0x6a, 0xcd, 0xff, 0x1f, 0x00, 0x00, 0x00, 0x00, 0x00, 0x00, 0x00, 0x00,
  0x00, 0xff, 0xff, 0x01, 0x00, 0x00, 0x00, 0x00, 0x00, 0x00, 0x00, 0x00, 0x00, 0x00, 0x00, 0x00,
  0x00, 0x00, 0x00, 0x00, 0x00, 0x00, 0x00, 0x00, 0x00, 0x00, 0x00, 0x00, 0x00, 0x00, 0x00, 0x00,
  0x00, 0x00, 0x00, 0x00, 0x00, 0x00, 0x00, 0x00, 0x00, 0x00, 0x00, 0x00, 0x00, 0x00, 0x00, 0x00,
  0x00, 0x00, 0x00, 0x00, 0x00, 0x00, 0x00, 0x00, 0x00, 0xff, 0xff, 0x01, 0x00, 0x00, 0x00, 0x00,
  0x3f, 0xbf, 0xff, 0x04, 0x77, 0xd9, 0xff, 0x87, 0x78, 0xda, 0xff, 0xfc, 0x7d, 0xe4, 0xff, 0xff,
  0x77, 0xd7, 0xff, 0xff, 0x75, 0xd6, 0xff, 0xfc, 0x75, 0xd6, 0xff, 0xfd, 0x76, 0xd7, 0xff, 0xff,
  0x76, 0xd7, 0xff, 0xff, 0x76, 0xd7, 0xff, 0xff, 0x76, 0xd7, 0xff, 0xff, 0x76, 0xd7, 0xff, 0xff,
  0x77, 0xd8, 0xff, 0xff, 0x77, 0xd8, 0xff, 0xff, 0x74, 0xd5, 0xff, 0xff, 0x6c, 0xcc, 0xff, 0xff,
  0x69, 0xc8, 0xff, 0xff, 0x6a, 0xc9, 0xff, 0xff, 0x6a, 0xc9, 0xff, 0xff, 0x6a, 0xc9, 0xff, 0xff,
  0x6a, 0xc9, 0xff, 0xff, 0x6a, 0xc9, 0xff, 0xff, 0x6a, 0xc9, 0xff, 0xff, 0x6a, 0xc9, 0xff, 0xff,
  0x6a, 0xc9, 0xff, 0xff, 0x6a, 0xc9, 0xff, 0xff, 0x6a, 0xc9, 0xff, 0xff, 0x6a, 0xc9, 0xff, 0xff,
  0x6a, 0xc9, 0xff, 0xff, 0x6a, 0xc9, 0xff, 0xff, 0x6a, 0xc9, 0xff, 0xff, 0x6a, 0xc9, 0xff, 0xff,
  0x6a, 0xc9, 0xff, 0xff, 0x6a, 0xc9, 0xff, 0xff, 0x6a, 0xc9, 0xff, 0xff, 0x6a, 0xc9, 0xff, 0xff,
  0x6a, 0xc9, 0xff, 0xff, 0x6a, 0xc9, 0xff, 0xff, 0x6a, 0xc9, 0xff, 0xff, 0x6a, 0xc9, 0xff, 0xff,
  0x6a, 0xc9, 0xff, 0xff, 0x6a, 0xc9, 0xff, 0xff, 0x6a, 0xc9, 0xff, 0xff, 0x6a, 0xc9, 0xff, 0xff,
  0x6a, 0xc9, 0xff, 0xff, 0x6a, 0xc9, 0xff, 0xff, 0x6a, 0xc9, 0xff, 0xff, 0x6a, 0xc9, 0xff, 0xff,
  0x6a, 0xc9, 0xff, 0xff, 0x6a, 0xc9, 0xff, 0xff, 0x6a, 0xc9, 0xff, 0xff, 0x6a, 0xc9, 0xff, 0xff,
  0x6a, 0xca, 0xff, 0xff, 0x67, 0xc2, 0xff, 0xff, 0x63, 0xb9, 0xff, 0xff, 0x63, 0xb9, 0xff, 0xff,
  0x63, 0xba, 0xff, 0xff, 0x63, 0xba, 0xff, 0xff, 0x63, 0xba, 0xff, 0xff, 0x63, 0xba, 0xff, 0xff,
  0x63, 0xb9, 0xff, 0xff, 0x63, 0xb9, 0xff, 0xff, 0x62, 0xb9, 0xff, 0xff, 0x63, 0xb9, 0xff, 0xff,
  0x63, 0xba, 0xff, 0xff, 0x63, 0xba, 0xff, 0xfc, 0x64, 0xbb, 0xff, 0xfc, 0x67, 0xc3, 0xff, 0xff,
  0x6d, 0xce, 0xff, 0xff, 0x69, 0xc5, 0xff, 0xec, 0x68, 0xc3, 0xff, 0x78, 0x7f, 0xff, 0xff, 0x02,
  0x00, 0x00, 0x00, 0x00, 0x00, 0x00, 0xff, 0x01, 0x00, 0x00, 0x00, 0x00, 0x00, 0x00, 0x00, 0x00,
  0x00, 0x00, 0x00, 0x00, 0x00, 0x00, 0x00, 0x00, 0x00, 0x00, 0x00, 0x00, 0x00, 0x00, 0x00, 0x00,
  0x00, 0x00, 0x00, 0x00, 0x00, 0x00, 0x00, 0x00, 0x00, 0x00, 0x00, 0x00, 0x00, 0x00, 0x00, 0x00,
  0x00, 0x00, 0x00, 0x00, 0x00, 0xff, 0xff, 0x01, 0x00, 0xff, 0xff, 0x01, 0x5f, 0xdf, 0xff, 0x08,
  0x75, 0xd6, 0xff, 0xb6, 0x7f, 0xe8, 0xff, 0xff, 0x76, 0xd7, 0xff, 0xfe, 0x75, 0xd7, 0xff, 0xfb,
  0x76, 0xd6, 0xff, 0xfe, 0x76, 0xd7, 0xff, 0xff, 0x76, 0xd7, 0xff, 0xff, 0x76, 0xd7, 0xff, 0xff,
  0x76, 0xd8, 0xff, 0xff, 0x77, 0xd8, 0xff, 0xff, 0x77, 0xd8, 0xff, 0xff, 0x75, 0xd6, 0xff, 0xff,
  0x72, 0xd2, 0xff, 0xff, 0x6e, 0xce, 0xff, 0xff, 0x6a, 0xc9, 0xff, 0xff, 0x6a, 0xc9, 0xff, 0xff,
  0x6a, 0xc9, 0xff, 0xff, 0x6a, 0xc9, 0xff, 0xff, 0x6a, 0xc9, 0xff, 0xff, 0x6a, 0xc9, 0xff, 0xff,
  0x6a, 0xc9, 0xff, 0xff, 0x6a, 0xc9, 0xff, 0xff, 0x6a, 0xc9, 0xff, 0xff, 0x6a, 0xc9, 0xff, 0xff,
  0x6a, 0xc9, 0xff, 0xff, 0x6a, 0xc9, 0xff, 0xff, 0x6a, 0xc9, 0xff, 0xff, 0x6a, 0xc9, 0xff, 0xff,
  0x6a, 0xc9, 0xff, 0xff, 0x6a, 0xc9, 0xff, 0xff, 0x6a, 0xc9, 0xff, 0xff, 0x6a, 0xc9, 0xff, 0xff,
  0x6a, 0xc9, 0xff, 0xff, 0x6a, 0xc9, 0xff, 0xff, 0x6a, 0xc9, 0xff, 0xff, 0x6a, 0xc9, 0xff, 0xff,
  0x6a, 0xc9, 0xff, 0xff, 0x6a, 0xc9, 0xff, 0xff, 0x6a, 0xc9, 0xff, 0xff, 0x6a, 0xc9, 0xff, 0xff,
  0x6a, 0xc9, 0xff, 0xff, 0x6a, 0xc9, 0xff, 0xff, 0x6a, 0xc9, 0xff, 0xff, 0x6a, 0xc9, 0xff, 0xff,
  0x6a, 0xc9, 0xff, 0xff, 0x6a, 0xc9, 0xff, 0xff, 0x6a, 0xc9, 0xff, 0xff, 0x6a, 0xc9, 0xff, 0xff,
  0x6a, 0xc9, 0xff, 0xff, 0x6a, 0xc9, 0xff, 0xff, 0x6a, 0xc9, 0xff, 0xff, 0x6a, 0xca, 0xff, 0xff,
  0x67, 0xc3, 0xff, 0xff, 0x63, 0xb9, 0xff, 0xff, 0x63, 0xba, 0xff, 0xff, 0x63, 0xba, 0xff, 0xff,
  0x63, 0xba, 0xff, 0xff, 0x63, 0xba, 0xff, 0xff, 0x63, 0xba, 0xff, 0xff, 0x63, 0xba, 0xff, 0xff,
  0x63, 0xba, 0xff, 0xff, 0x63, 0xba, 0xff, 0xff, 0x63, 0xba, 0xff, 0xff, 0x63, 0xba, 0xff, 0xff,
  0x63, 0xba, 0xff, 0xff, 0x63, 0xba, 0xff, 0xff, 0x63, 0xba, 0xff, 0xff, 0x62, 0xb8, 0xff, 0xfe,
  0x62, 0xb8, 0xff, 0xfb, 0x64, 0xbb, 0xff, 0xff, 0x6b, 0xca, 0xff, 0xff, 0x65, 0xbd, 0xff, 0xae,
  0x7f, 0xd4, 0xff, 0x06, 0x00, 0xff, 0xff, 0x01, 0x00, 0xff, 0xff, 0x01, 0x00, 0x00, 0x00, 0x00,
  0x00, 0x00, 0x00, 0x00, 0x00, 0x00, 0x00, 0x00, 0x00, 0x00, 0x00, 0x00, 0x00, 0x00, 0x00, 0x00,
  0x00, 0x00, 0x00, 0x00, 0x00, 0x00, 0x00, 0x00, 0x00, 0x00, 0x00, 0x00, 0x00, 0x00, 0x00, 0x00,
  0x00, 0x00, 0x00, 0x00, 0x55, 0xff, 0xff, 0x03, 0x00, 0x00, 0x00, 0x00, 0x73, 0xd6, 0xff, 0x89,
  0x80, 0xea, 0xff, 0xff, 0x75, 0xd7, 0xff, 0xf9, 0x75, 0xd6, 0xff, 0xfe, 0x76, 0xd7, 0xff, 0xff,
  0x76, 0xd7, 0xff, 0xff, 0x77, 0xd8, 0xff, 0xff, 0x77, 0xd8, 0xff, 0xff, 0x76, 0xd7, 0xff, 0xff,
  0x74, 0xd4, 0xff, 0xff, 0x71, 0xd1, 0xff, 0xff, 0x6d, 0xcd, 0xff, 0xff, 0x6b, 0xca, 0xff, 0xff,
  0x69, 0xc8, 0xff, 0xff, 0x69, 0xc8, 0xff, 0xff, 0x6a, 0xc9, 0xff, 0xff, 0x6a, 0xc9, 0xff, 0xff,
  0x6a, 0xc9, 0xff, 0xff, 0x6a, 0xc9, 0xff, 0xff, 0x6a, 0xc9, 0xff, 0xff, 0x6a, 0xc9, 0xff, 0xff,
  0x6a, 0xc9, 0xff, 0xff, 0x6a, 0xc9, 0xff, 0xff, 0x6a, 0xc9, 0xff, 0xff, 0x6a, 0xc9, 0xff, 0xff,
  0x6a, 0xc9, 0xff, 0xff, 0x6a, 0xc9, 0xff, 0xff, 0x6a, 0xc9, 0xff, 0xff, 0x6a, 0xc9, 0xff, 0xff,
  0x6a, 0xc9, 0xff, 0xff, 0x6a, 0xc9, 0xff, 0xff, 0x6a, 0xc9, 0xff, 0xff, 0x6a, 0xc9, 0xff, 0xff,
  0x6a, 0xc9, 0xff, 0xff, 0x6a, 0xc9, 0xff, 0xff, 0x6a, 0xc9, 0xff, 0xff, 0x6a, 0xc9, 0xff, 0xff,
  0x6a, 0xc9, 0xff, 0xff, 0x6a, 0xc9, 0xff, 0xff, 0x6a, 0xc9, 0xff, 0xff, 0x6a, 0xc9, 0xff, 0xff,
  0x6a, 0xc9, 0xff, 0xff, 0x6a, 0xc9, 0xff, 0xff, 0x6a, 0xc9, 0xff, 0xff, 0x6a, 0xc9, 0xff, 0xff,
  0x6a, 0xc9, 0xff, 0xff, 0x6a, 0xc9, 0xff, 0xff, 0x6a, 0xc9, 0xff, 0xff, 0x6a, 0xc9, 0xff, 0xff,
  0x6a, 0xc9, 0xff, 0xff, 0x6a, 0xc9, 0xff, 0xff, 0x6a, 0xc9, 0xff, 0xff, 0x6a, 0xc8, 0xff, 0xff,
  0x64, 0xbc, 0xff, 0xff, 0x63, 0xb9, 0xff, 0xff, 0x63, 0xba, 0xff, 0xff, 0x63, 0xba, 0xff, 0xff,
  0x63, 0xba, 0xff, 0xff, 0x63, 0xba, 0xff, 0xff, 0x63, 0xba, 0xff, 0xff, 0x63, 0xba, 0xff, 0xff,
  0x63, 0xba, 0xff, 0xff, 0x63, 0xba, 0xff, 0xff, 0x63, 0xba, 0xff, 0xff, 0x63, 0xba, 0xff, 0xff,
  0x63, 0xba, 0xff, 0xff, 0x63, 0xba, 0xff, 0xff, 0x63, 0xba, 0xff, 0xff, 0x63, 0xba, 0xff, 0xff,
  0x63, 0xba, 0xff, 0xff, 0x63, 0xb9, 0xff, 0xfe, 0x63, 0xba, 0xff, 0xf9, 0x6c, 0xcb, 0xff, 0xff,
  0x64, 0xbe, 0xff, 0x86, 0x00, 0x00, 0x00, 0x00, 0x55, 0xaa, 0xff, 0x03, 0x00, 0x00, 0x00, 0x00,
  0x00, 0x00, 0x00, 0x00, 0x00, 0x00, 0x00, 0x00, 0x00, 0x00, 0x00, 0x00, 0x00, 0x00, 0x00, 0x00,
  0x00, 0x00, 0x00, 0x00, 0x00, 0x00, 0x00, 0x00, 0x00, 0x00, 0x00, 0x00, 0x00, 0x00, 0x00, 0x00,
  0x00, 0xff, 0xff, 0x01, 0x00, 0x00, 0x00, 0x00, 0x7f, 0xd4, 0xff, 0x06, 0x75, 0xd5, 0xff, 0xe9,
  0x78, 0xdc, 0xff, 0xfd, 0x75, 0xd7, 0xff, 0xfd, 0x77, 0xd8, 0xff, 0xff, 0x77, 0xd8, 0xff, 0xff,
  0x75, 0xd6, 0xff, 0xff, 0x73, 0xd4, 0xff, 0xff, 0x70, 0xd0, 0xff, 0xff, 0x6d, 0xcc, 0xff, 0xff,
  0x6a, 0xc9, 0xff, 0xff, 0x69, 0xc8, 0xff, 0xff, 0x69, 0xc8, 0xff, 0xff, 0x6a, 0xc9, 0xff, 0xff,
  0x6a, 0xc9, 0xff, 0xff, 0x6a, 0xc9, 0xff, 0xff, 0x6a, 0xc9, 0xff, 0xff, 0x6a, 0xc9, 0xff, 0xff,
  0x6a, 0xc9, 0xff, 0xff, 0x6a, 0xc9, 0xff, 0xff, 0x6a, 0xc9, 0xff, 0xff, 0x6a, 0xc9, 0xff, 0xff,
  0x6a, 0xc9, 0xff, 0xff, 0x6a, 0xc9, 0xff, 0xff, 0x6a, 0xca, 0xff, 0xff, 0x6b, 0xca, 0xff, 0xff,
  0x6b, 0xca, 0xff, 0xff, 0x6b, 0xca, 0xff, 0xff, 0x6b, 0xca, 0xff, 0xff, 0x6b, 0xca, 0xff, 0xff,
  0x6a, 0xca, 0xff, 0xff, 0x6a, 0xc9, 0xff, 0xff, 0x6a, 0xc9, 0xff, 0xff, 0x6a, 0xc9, 0xff, 0xff,
  0x6a, 0xc9, 0xff, 0xff, 0x6a, 0xc9, 0xff, 0xff, 0x6a, 0xc9, 0xff, 0xff, 0x6a, 0xc9, 0xff, 0xff,
  0x6a, 0xc9, 0xff, 0xff, 0x6a, 0xc9, 0xff, 0xff, 0x6a, 0xc9, 0xff, 0xff, 0x6a, 0xc9, 0xff, 0xff,
  0x6a, 0xc9, 0xff, 0xff, 0x6a, 0xc9, 0xff, 0xff, 0x6a, 0xc9, 0xff, 0xff, 0x6b, 0xca, 0xff, 0xff,
  0x6b, 0xca, 0xff, 0xff, 0x6b, 0xca, 0xff, 0xff, 0x6b, 0xca, 0xff, 0xff, 0x6b, 0xca, 0xff, 0xff,
  0x6b, 0xca, 0xff, 0xff, 0x6a, 0xca, 0xff, 0xff, 0x6a, 0xca, 0xff, 0xff, 0x68, 0xc5, 0xff, 0xff,
  0x63, 0xba, 0xff, 0xff, 0x63, 0xba, 0xff, 0xff, 0x63, 0xba, 0xff, 0xff, 0x63, 0xba, 0xff, 0xff,
  0x63, 0xba, 0xff, 0xff, 0x63, 0xba, 0xff, 0xff, 0x63, 0xba, 0xff, 0xff, 0x63, 0xba, 0xff, 0xff,
  0x63, 0xba, 0xff, 0xff, 0x63, 0xba, 0xff, 0xff, 0x63, 0xba, 0xff, 0xff, 0x63, 0xba, 0xff, 0xff,
  0x63, 0xba, 0xff, 0xff, 0x63, 0xba, 0xff, 0xff, 0x63, 0xba, 0xff, 0xff, 0x63, 0xba, 0xff, 0xff,
  0x63, 0xba, 0xff, 0xff, 0x63, 0xba, 0xff, 0xff, 0x62, 0xba, 0xff, 0xfd, 0x65, 0xbe, 0xff, 0xfd,
  0x62, 0xba, 0xff, 0xe8, 0x7f, 0xd4, 0xff, 0x06, 0x00, 0x00, 0x00, 0x00, 0x00, 0xff, 0xff, 0x01,
  0x00, 0x00, 0x00, 0x00, 0x00, 0x00, 0x00, 0x00, 0x00, 0x00, 0x00, 0x00, 0x00, 0x00, 0x00, 0x00,
  0x00, 0x00, 0x00, 0x00, 0x00, 0x00, 0x00, 0x00, 0x00, 0x00, 0x00, 0x00, 0x00, 0x00, 0x00, 0x00,
  0x00, 0xff, 0xff, 0x01, 0x00, 0x00, 0x00, 0x00, 0x71, 0xc6, 0xff, 0x09, 0x76, 0xd7, 0xff, 0xea,
  0x79, 0xdc, 0xff, 0xff, 0x75, 0xd5, 0xff, 0xfe, 0x72, 0xd3, 0xff, 0xff, 0x6f, 0xcf, 0xff, 0xff,
  0x6b, 0xcb, 0xff, 0xff, 0x6a, 0xc9, 0xff, 0xff, 0x69, 0xc8, 0xff, 0xff, 0x69, 0xc8, 0xff, 0xff,
  0x6a, 0xc9, 0xff, 0xff, 0x6a, 0xc9, 0xff, 0xff, 0x6a, 0xc9, 0xff, 0xff, 0x6a, 0xc9, 0xff, 0xff,
  0x6a, 0xc9, 0xff, 0xff, 0x6a, 0xc9, 0xff, 0xff, 0x6a, 0xc9, 0xff, 0xff, 0x6a, 0xca, 0xff, 0xff,
  0x6b, 0xca, 0xff, 0xff, 0x6b, 0xca, 0xff, 0xff, 0x6b, 0xca, 0xff, 0xff, 0x6a, 0xc9, 0xff, 0xff,
  0x69, 0xc8, 0xff, 0xff, 0x69, 0xc7, 0xff, 0xff, 0x68, 0xc6, 0xff, 0xff, 0x67, 0xc5, 0xff, 0xff,
  0x66, 0xc4, 0xff, 0xff, 0x65, 0xc3, 0xff, 0xff, 0x64, 0xc2, 0xff, 0xff, 0x64, 0xc1, 0xff, 0xff,
  0x63, 0xc0, 0xff, 0xff, 0x63, 0xc0, 0xff, 0xff, 0x63, 0xbf, 0xff, 0xff, 0x62, 0xbf, 0xff, 0xff,
  0x62, 0xbf, 0xff, 0xff, 0x62, 0xbf, 0xff, 0xff, 0x62, 0xbe, 0xff, 0xff, 0x62, 0xbe, 0xff, 0xff,
  0x62, 0xbe, 0xff, 0xff, 0x62, 0xbf, 0xff, 0xff, 0x62, 0xbf, 0xff, 0xff, 0x62, 0xbf, 0xff, 0xff,
  0x62, 0xbf, 0xff, 0xff, 0x63, 0xbf, 0xff, 0xff, 0x63, 0xc0, 0xff, 0xff, 0x64, 0xc0, 0xff, 0xff,
  0x64, 0xc1, 0xff, 0xff, 0x64, 0xc2, 0xff, 0xff, 0x65, 0xc3, 0xff, 0xff, 0x66, 0xc4, 0xff, 0xff,
  0x67, 0xc5, 0xff, 0xff, 0x68, 0xc6, 0xff, 0xff, 0x69, 0xc8, 0xff, 0xff, 0x66, 0xc2, 0xff, 0xff,
  0x63, 0xb9, 0xff, 0xff, 0x63, 0xba, 0xff, 0xff, 0x63, 0xba, 0xff, 0xff, 0x63, 0xba, 0xff, 0xff,
  0x63, 0xba, 0xff, 0xff, 0x63, 0xba, 0xff, 0xff, 0x63, 0xba, 0xff, 0xff, 0x63, 0xba, 0xff, 0xff,
  0x63, 0xba, 0xff, 0xff, 0x63, 0xba, 0xff, 0xff, 0x63, 0xba, 0xff, 0xff, 0x63, 0xba, 0xff, 0xff,
  0x63, 0xba, 0xff, 0xff, 0x63, 0xba, 0xff, 0xff, 0x63, 0xba, 0xff, 0xff, 0x63, 0xba, 0xff, 0xff,
  0x63, 0xba, 0xff, 0xff, 0x63, 0xba, 0xff, 0xff, 0x62, 0xb9, 0xff, 0xfe, 0x65, 0xbe, 0xff, 0xff,
  0x63, 0xba, 0xff, 0xea, 0x55, 0xaa, 0xff, 0x09, 0x00, 0x00, 0x00, 0x00, 0x00, 0xff, 0xff, 0x01,
  0x00, 0x00, 0x00, 0x00, 0x00, 0x00, 0x00, 0x00, 0x00, 0x00, 0x00, 0x00, 0x00, 0x00, 0x00, 0x00,
  0x00, 0x00, 0x00, 0x00, 0x00, 0x00, 0x00, 0x00, 0x00, 0x00, 0x00, 0x00, 0x00, 0x00, 0x00, 0x00,
  0x00, 0xff, 0xff, 0x01, 0x00, 0x00, 0x00, 0x00, 0x71, 0xc6, 0xff, 0x09, 0x71, 0xd1, 0xff, 0xe9,
  0x70, 0xd2, 0xff, 0xff, 0x6a, 0xc9, 0xff, 0xfe, 0x6a, 0xc8, 0xff, 0xff, 0x69, 0xc8, 0xff, 0xff,
  0x6a, 0xc9, 0xff, 0xff, 0x6a, 0xc9, 0xff, 0xff, 0x6a, 0xc9, 0xff, 0xff, 0x6a, 0xc9, 0xff, 0xff,
  0x6a, 0xc9, 0xff, 0xff, 0x6a, 0xc9, 0xff, 0xff, 0x6a, 0xc9, 0xff, 0xff, 0x6b, 0xca, 0xff, 0xff,
  0x6b, 0xca, 0xff, 0xff, 0x6a, 0xc9, 0xff, 0xff, 0x69, 0xc8, 0xff, 0xff, 0x68, 0xc6, 0xff, 0xff,
  0x66, 0xc4, 0xff, 0xff, 0x65, 0xc2, 0xff, 0xff, 0x63, 0xc0, 0xff, 0xff, 0x62, 0xbe, 0xff, 0xff,
  0x61, 0xbe, 0xff, 0xff, 0x60, 0xbc, 0xff, 0xff, 0x60, 0xbc, 0xff, 0xff, 0x60, 0xbb, 0xff, 0xff,
  0x60, 0xbb, 0xff, 0xff, 0x5f, 0xbb, 0xff, 0xff, 0x5f, 0xbb, 0xff, 0xff, 0x5f, 0xbb, 0xff, 0xff,
  0x5f, 0xbb, 0xff, 0xff, 0x5f, 0xbb, 0xff, 0xff, 0x60, 0xbb, 0xff, 0xff, 0x60, 0xbb, 0xff, 0xff,
  0x60, 0xbb, 0xff, 0xff, 0x60, 0xbb, 0xff, 0xff, 0x60, 0xbc, 0xff, 0xff, 0x60, 0xbc, 0xff, 0xff,
  0x60, 0xbc, 0xff, 0xff, 0x60, 0xbb, 0xff, 0xff, 0x60, 0xbb, 0xff, 0xff, 0x60, 0xbb, 0xff, 0xff,
  0x60, 0xbb, 0xff, 0xff, 0x60, 0xbb, 0xff, 0xff, 0x5f, 0xbb, 0xff, 0xff, 0x5f, 0xbb, 0xff, 0xff,
  0x5f, 0xbb, 0xff, 0xff, 0x5f, 0xbb, 0xff, 0xff, 0x5f, 0xbb, 0xff, 0xff, 0x60, 0xbb, 0xff, 0xff,
  0x60, 0xbb, 0xff, 0xff, 0x60, 0xbc, 0xff, 0xff, 0x60, 0xbd, 0xff, 0xff, 0x61, 0xbc, 0xff, 0xff,
  0x61, 0xbb, 0xff, 0xff, 0x61, 0xbb, 0xff, 0xff, 0x61, 0xbb, 0xff, 0xff, 0x62, 0xbb, 0xff, 0xff,
  0x62, 0xbb, 0xff, 0xff, 0x62, 0xba, 0xff, 0xff, 0x63, 0xba, 0xff, 0xff, 0x63, 0xba, 0xff, 0xff,
  0x63, 0xba, 0xff, 0xff, 0x63, 0xba, 0xff, 0xff, 0x63, 0xba, 0xff, 0xff, 0x63, 0xba, 0xff, 0xff,
  0x63, 0xba, 0xff, 0xff, 0x63, 0xba, 0xff, 0xff, 0x63, 0xba, 0xff, 0xff, 0x63, 0xba, 0xff, 0xff,
  0x63, 0xba, 0xff, 0xff, 0x63, 0xba, 0xff, 0xff, 0x62, 0xb9, 0xff, 0xfe, 0x65, 0xbe, 0xff, 0xff,
  0x63, 0xba, 0xff, 0xea, 0x55, 0xaa, 0xff, 0x09, 0x00, 0x00, 0x00, 0x00, 0x00, 0xff, 0xff, 0x01,
  0x00, 0x00, 0x00, 0x00, 0x00, 0x00, 0x00, 0x00, 0x00, 0x00, 0x00, 0x00, 0x00, 0x00, 0x00, 0x00,
  0x00, 0x00, 0x00, 0x00, 0x00, 0x00, 0x00, 0x00, 0x00, 0x00, 0x00, 0x00, 0x00, 0x00, 0x00, 0x00,
  0x00, 0xff, 0xff, 0x01, 0x00, 0x00, 0x00, 0x00, 0x5f, 0xbf, 0xff, 0x08, 0x68, 0xc8, 0xff, 0xe8,
  0x6b, 0xcd, 0xff, 0xff, 0x69, 0xc8, 0xff, 0xfe, 0x6a, 0xc9, 0xff, 0xff, 0x6a, 0xc9, 0xff, 0xff,
  0x6a, 0xc9, 0xff, 0xff, 0x6a, 0xc9, 0xff, 0xff, 0x6a, 0xc9, 0xff, 0xff, 0x6a, 0xca, 0xff, 0xff,
  0x6b, 0xca, 0xff, 0xff, 0x6a, 0xc9, 0xff, 0xff, 0x68, 0xc7, 0xff, 0xff, 0x66, 0xc4, 0xff, 0xff,
  0x64, 0xc2, 0xff, 0xff, 0x62, 0xbf, 0xff, 0xff, 0x61, 0xbd, 0xff, 0xff, 0x60, 0xbc, 0xff, 0xff,
  0x5f, 0xbb, 0xff, 0xff, 0x5f, 0xbb, 0xff, 0xff, 0x5f, 0xbb, 0xff, 0xff, 0x60, 0xbb, 0xff, 0xff,
  0x60, 0xbc, 0xff, 0xff, 0x60, 0xbc, 0xff, 0xff, 0x60, 0xbc, 0xff, 0xff, 0x60, 0xbc, 0xff, 0xff,
  0x60, 0xbc, 0xff, 0xff, 0x60, 0xbc, 0xff, 0xff, 0x60, 0xbc, 0xff, 0xff, 0x60, 0xbc, 0xff, 0xff,
  0x60, 0xbc, 0xff, 0xff, 0x60, 0xbc, 0xff, 0xff, 0x60, 0xbc, 0xff, 0xff, 0x60, 0xbc, 0xff, 0xff,
  0x60, 0xbc, 0xff, 0xff, 0x60, 0xbc, 0xff, 0xff, 0x60, 0xbc, 0xff, 0xff, 0x60, 0xbc, 0xff, 0xff,
  0x60, 0xbc, 0xff, 0xff, 0x60, 0xbc, 0xff, 0xff, 0x60, 0xbc, 0xff, 0xff, 0x60, 0xbc, 0xff, 0xff,
  0x60, 0xbc, 0xff, 0xff, 0x60, 0xbc, 0xff, 0xff, 0x60, 0xbc, 0xff, 0xff, 0x60, 0xbc, 0xff, 0xff,
  0x60, 0xbc, 0xff, 0xff, 0x60, 0xbc, 0xff, 0xff, 0x60, 0xbc, 0xff, 0xff, 0x60, 0xbc, 0xff, 0xff,
  0x60, 0xbc, 0xff, 0xff, 0x60, 0xbc, 0xff, 0xff, 0x60, 0xbc, 0xff, 0xff, 0x60, 0xbc, 0xff, 0xff,
  0x60, 0xbc, 0xff, 0xff, 0x60, 0xbc, 0xff, 0xff, 0x60, 0xbc, 0xff, 0xff, 0x60, 0xbc, 0xff, 0xff,
  0x60, 0xbc, 0xff, 0xff, 0x60, 0xbc, 0xff, 0xff, 0x61, 0xbc, 0xff, 0xff, 0x61, 0xbb, 0xff, 0xff,
  0x62, 0xbb, 0xff, 0xff, 0x63, 0xba, 0xff, 0xff, 0x63, 0xba, 0xff, 0xff, 0x63, 0xba, 0xff, 0xff,
  0x63, 0xba, 0xff, 0xff, 0x63, 0xba, 0xff, 0xff, 0x63, 0xba, 0xff, 0xff, 0x63, 0xba, 0xff, 0xff,
  0x63, 0xba, 0xff, 0xff, 0x63, 0xba, 0xff, 0xff, 0x62, 0xb9, 0xff, 0xfe, 0x65, 0xbe, 0xff, 0xff,
  0x63, 0xba, 0xff, 0xea, 0x55, 0xaa, 0xff, 0x09, 0x00, 0x00, 0x00, 0x00, 0x00, 0xff, 0xff, 0x01,
  0x00, 0x00, 0x00, 0x00, 0x00, 0x00, 0x00, 0x00, 0x00, 0x00, 0x00, 0x00, 0x00, 0x00, 0x00, 0x00,
  0x00, 0x00, 0x00, 0x00, 0x00, 0x00, 0x00, 0x00, 0x00, 0x00, 0x00, 0x00, 0x00, 0x00, 0x00, 0x00,
  0x00, 0xff, 0xff, 0x01, 0x00, 0x00, 0x00, 0x00, 0x5f, 0xbf, 0xff, 0x08, 0x69, 0xc9, 0xff, 0xe8,
  0x6c, 0xce, 0xff, 0xff, 0x69, 0xc8, 0xff, 0xfe, 0x6a, 0xc9, 0xff, 0xff, 0x6a, 0xc9, 0xff, 0xff,
  0x6a, 0xc9, 0xff, 0xff, 0x6b, 0xca, 0xff, 0xff, 0x6a, 0xc8, 0xff, 0xff, 0x67, 0xc6, 0xff, 0xff,
  0x64, 0xc2, 0xff, 0xff, 0x62, 0xbe, 0xff, 0xff, 0x60, 0xbc, 0xff, 0xff, 0x5f, 0xbb, 0xff, 0xff,
  0x5f, 0xbb, 0xff, 0xff, 0x60, 0xbb, 0xff, 0xff, 0x60, 0xbc, 0xff, 0xff, 0x60, 0xbc, 0xff, 0xff,
  0x60, 0xbc, 0xff, 0xff, 0x60, 0xbb, 0xff, 0xff, 0x60, 0xbb, 0xff, 0xff, 0x60, 0xbc, 0xff, 0xff,
  0x60, 0xbc, 0xff, 0xff, 0x60, 0xbb, 0xff, 0xff, 0x60, 0xbc, 0xff, 0xff, 0x61, 0xbd, 0xff, 0xff,
  0x61, 0xbe, 0xff, 0xff, 0x61, 0xbe, 0xff, 0xff, 0x62, 0xbe, 0xff, 0xff, 0x62, 0xbe, 0xff, 0xff,
  0x62, 0xbf, 0xff, 0xff, 0x60, 0xbd, 0xff, 0xff, 0x5f, 0xbb, 0xff, 0xff, 0x5f, 0xbc, 0xff, 0xff,
  0x5f, 0xbc, 0xff, 0xff, 0x5f, 0xbc, 0xff, 0xff, 0x5f, 0xbc, 0xff, 0xff, 0x5f, 0xbc, 0xff, 0xff,
  0x5f, 0xbc, 0xff, 0xff, 0x5f, 0xbc, 0xff, 0xff, 0x5f, 0xbc, 0xff, 0xff, 0x5f, 0xbc, 0xff, 0xff,
  0x5f, 0xbc, 0xff, 0xff, 0x5f, 0xbb, 0xff, 0xff, 0x60, 0xbc, 0xff, 0xff, 0x62, 0xbf, 0xff, 0xff,
  0x62, 0xbe, 0xff, 0xff, 0x62, 0xbe, 0xff, 0xff, 0x61, 0xbe, 0xff, 0xff, 0x61, 0xbe, 0xff, 0xff,
  0x61, 0xbd, 0xff, 0xff, 0x60, 0xbc, 0xff, 0xff, 0x60, 0xbb, 0xff, 0xff, 0x60, 0xbb, 0xff, 0xff,
  0x60, 0xbb, 0xff, 0xff, 0x60, 0xbb, 0xff, 0xff, 0x60, 0xbb, 0xff, 0xff, 0x60, 0xbb, 0xff, 0xff,
  0x60, 0xbc, 0xff, 0xff, 0x60, 0xbc, 0xff, 0xff, 0x60, 0xbc, 0xff, 0xff, 0x60, 0xbc, 0xff, 0xff,
  0x60, 0xbc, 0xff, 0xff, 0x60, 0xbc, 0xff, 0xff, 0x60, 0xbc, 0xff, 0xff, 0x61, 0xbb, 0xff, 0xff,
  0x62, 0xbb, 0xff, 0xff, 0x63, 0xba, 0xff, 0xff, 0x63, 0xba, 0xff, 0xff, 0x63, 0xba, 0xff, 0xff,
  0x63, 0xba, 0xff, 0xff, 0x63, 0xba, 0xff, 0xff, 0x62, 0xb9, 0xff, 0xfe, 0x65, 0xbe, 0xff, 0xff,
  0x63, 0xba, 0xff, 0xea, 0x55, 0xaa, 0xff, 0x09, 0x00, 0x00, 0x00, 0x00, 0x00, 0xff, 0xff, 0x01,
  0x00, 0x00, 0x00, 0x00, 0x00, 0x00, 0x00, 0x00, 0x00, 0x00, 0x00, 0x00, 0x00, 0x00, 0x00, 0x00,
  0x00, 0x00, 0x00, 0x00, 0x00, 0x00, 0x00, 0x00, 0x00, 0x00, 0x00, 0x00, 0x00, 0x00, 0x00, 0x00,
  0x00, 0xff, 0xff, 0x01, 0x00, 0x00, 0x00, 0x00, 0x5f, 0xbf, 0xff, 0x08, 0x69, 0xc9, 0xff, 0xe8,
  0x6c, 0xce, 0xff, 0xff, 0x69, 0xc8, 0xff, 0xfe, 0x6a, 0xc9, 0xff, 0xff, 0x6b, 0xca, 0xff, 0xff,
  0x69, 0xc7, 0xff, 0xff, 0x65, 0xc2, 0xff, 0xff, 0x62, 0xbe, 0xff, 0xff, 0x60, 0xbc, 0xff, 0xff,
  0x5f, 0xbb, 0xff, 0xff, 0x60, 0xbb, 0xff, 0xff, 0x60, 0xbc, 0xff, 0xff, 0x60, 0xbb, 0xff, 0xff,
  0x60, 0xbb, 0xff, 0xff, 0x60, 0xbc, 0xff, 0xff, 0x60, 0xbc, 0xff, 0xff, 0x61, 0xbe, 0xff, 0xff,
  0x62, 0xbf, 0xff, 0xff, 0x62, 0xbf, 0xff, 0xff, 0x62, 0xbf, 0xff, 0xff, 0x62, 0xbf, 0xff, 0xff,
  0x62, 0xbf, 0xff, 0xff, 0x62, 0xbf, 0xff, 0xff, 0x61, 0xbd, 0xff, 0xff, 0x5d, 0xb8, 0xfe, 0xff,
  0x5b, 0xb5, 0xfe, 0xff, 0x5a, 0xb3, 0xfe, 0xff, 0x59, 0xb2, 0xfe, 0xff, 0x59, 0xb2, 0xfe, 0xff,
  0x56, 0xae, 0xfd, 0xff, 0x60, 0xb8, 0xfe, 0xff, 0x65, 0xbd, 0xfe, 0xff, 0x63, 0xba, 0xfe, 0xff,
  0x64, 0xbb, 0xfe, 0xff, 0x63, 0xba, 0xfd, 0xff, 0x63, 0xba, 0xfd, 0xff, 0x64, 0xbb, 0xfd, 0xff,
  0x64, 0xbb, 0xfd, 0xff, 0x62, 0xb9, 0xfd, 0xff, 0x63, 0xba, 0xfd, 0xff, 0x64, 0xbb, 0xfe, 0xff,
  0x62, 0xba, 0xfe, 0xff, 0x64, 0xbc, 0xfe, 0xff, 0x61, 0xb9, 0xfe, 0xff, 0x56, 0xaf, 0xfd, 0xff,
  0x59, 0xb2, 0xfe, 0xff, 0x59, 0xb2, 0xfe, 0xff, 0x5a, 0xb3, 0xfe, 0xff, 0x5b, 0xb5, 0xfe, 0xff,
  0x5d, 0xb8, 0xfe, 0xff, 0x60, 0xbc, 0xff, 0xff, 0x62, 0xbf, 0xff, 0xff, 0x62, 0xbf, 0xff, 0xff,
  0x62, 0xbf, 0xff, 0xff, 0x62, 0xbf, 0xff, 0xff, 0x62, 0xbf, 0xff, 0xff, 0x62, 0xbf, 0xff, 0xff,
  0x61, 0xbd, 0xff, 0xff, 0x60, 0xbc, 0xff, 0xff, 0x60, 0xbc, 0xff, 0xff, 0x5f, 0xbb, 0xff, 0xff,
  0x5f, 0xbb, 0xff, 0xff, 0x60, 0xbc, 0xff, 0xff, 0x60, 0xbc, 0xff, 0xff, 0x60, 0xbc, 0xff, 0xff,
  0x60, 0xbc, 0xff, 0xff, 0x60, 0xbc, 0xff, 0xff, 0x61, 0xbb, 0xff, 0xff, 0x63, 0xba, 0xff, 0xff,
  0x63, 0xba, 0xff, 0xff, 0x63, 0xba, 0xff, 0xff, 0x62, 0xb9, 0xff, 0xfe, 0x65, 0xbe, 0xff, 0xff,
  0x63, 0xba, 0xff, 0xea, 0x55, 0xaa, 0xff, 0x09, 0x00, 0x00, 0x00, 0x00, 0x00, 0xff, 0xff, 0x01,
  0x00, 0x00, 0x00, 0x00, 0x00, 0x00, 0x00, 0x00, 0x00, 0x00, 0x00, 0x00, 0x00, 0x00, 0x00, 0x00,
  0x00, 0x00, 0x00, 0x00, 0x00, 0x00, 0x00, 0x00, 0x00, 0x00, 0x00, 0x00, 0x00, 0x00, 0x00, 0x00,
  0x00, 0xff, 0xff, 0x01, 0x00, 0x00, 0x00, 0x00, 0x5f, 0xbf, 0xff, 0x08, 0x69, 0xc9, 0xff, 0xe8,
  0x6c, 0xce, 0xff, 0xff, 0x6a, 0xc9, 0xff, 0xfe, 0x68, 0xc7, 0xff, 0xff, 0x64, 0xc1, 0xff, 0xff,
  0x60, 0xbc, 0xff, 0xff, 0x5f, 0xbb, 0xff, 0xff, 0x60, 0xbc, 0xff, 0xff, 0x60, 0xbc, 0xff, 0xff,
  0x60, 0xbb, 0xff, 0xff, 0x60, 0xbc, 0xff, 0xff, 0x61, 0xbd, 0xff, 0xff, 0x62, 0xbf, 0xff, 0xff,
  0x63, 0xc0, 0xff, 0xff, 0x61, 0xbd, 0xff, 0xff, 0x60, 0xbc, 0xff, 0xff, 0x5b, 0xb5, 0xfe, 0xff,
  0x56, 0xae, 0xfd, 0xff, 0x55, 0xab, 0xfd, 0xff, 0x4f, 0xa5, 0xfc, 0xff, 0x48, 0x9a, 0xfa, 0xff,
  0x46, 0x96, 0xfa, 0xff, 0x44, 0x94, 0xfa, 0xff, 0x43, 0x92, 0xf9, 0xff, 0x3f, 0x8d, 0xf9, 0xff,
  0x3c, 0x89, 0xf8, 0xff, 0x3b, 0x87, 0xf8, 0xff, 0x3b, 0x87, 0xf8, 0xff, 0x36, 0x82, 0xf8, 0xff,
  0x4b, 0x98, 0xf9, 0xff, 0x74, 0xc5, 0xfc, 0xff, 0x77, 0xc9, 0xfc, 0xff, 0x76, 0xc8, 0xfc, 0xff,
  0x77, 0xc8, 0xfc, 0xff, 0x77, 0xc8, 0xfc, 0xff, 0x77, 0xc8, 0xfc, 0xff, 0x77, 0xc8, 0xfc, 0xff,
  0x77, 0xc8, 0xfc, 0xff, 0x77, 0xc8, 0xfc, 0xff, 0x77, 0xc8, 0xfc, 0xff, 0x77, 0xc8, 0xfc, 0xff,
  0x76, 0xc8, 0xfc, 0xff, 0x77, 0xc9, 0xfc, 0xff, 0x75, 0xc6, 0xfc, 0xff, 0x4e, 0x9b, 0xf9, 0xff,
  0x37, 0x82, 0xf8, 0xff, 0x3b, 0x87, 0xf8, 0xff, 0x3b, 0x87, 0xf8, 0xff, 0x3d, 0x8a, 0xf8, 0xff,
  0x3f, 0x8d, 0xf9, 0xff, 0x42, 0x91, 0xf9, 0xff, 0x45, 0x95, 0xfa, 0xff, 0x46, 0x96, 0xfa, 0xff,
  0x48, 0x9a, 0xfa, 0xff, 0x50, 0xa5, 0xfc, 0xff, 0x55, 0xac, 0xfd, 0xff, 0x56, 0xae, 0xfd, 0xff,
  0x5c, 0xb7, 0xfe, 0xff, 0x61, 0xbd, 0xff, 0xff, 0x61, 0xbd, 0xff, 0xff, 0x63, 0xc0, 0xff, 0xff,
  0x62, 0xbf, 0xff, 0xff, 0x61, 0xbd, 0xff, 0xff, 0x60, 0xbc, 0xff, 0xff, 0x5f, 0xbb, 0xff, 0xff,
  0x60, 0xbc, 0xff, 0xff, 0x60, 0xbc, 0xff, 0xff, 0x60, 0xbc, 0xff, 0xff, 0x60, 0xbc, 0xff, 0xff,
  0x61, 0xbc, 0xff, 0xff, 0x62, 0xba, 0xff, 0xff, 0x62, 0xb9, 0xff, 0xfe, 0x65, 0xbe, 0xff, 0xff,
  0x63, 0xba, 0xff, 0xea, 0x55, 0xaa, 0xff, 0x09, 0x00, 0x00, 0x00, 0x00, 0x00, 0xff, 0xff, 0x01,
  0x00, 0x00, 0x00, 0x00, 0x00, 0x00, 0x00, 0x00, 0x00, 0x00, 0x00, 0x00, 0x00, 0x00, 0x00, 0x00,
  0x00, 0x00, 0x00, 0x00, 0x00, 0x00, 0x00, 0x00, 0x00, 0x00, 0x00, 0x00, 0x00, 0x00, 0x00, 0x00,
  0x00, 0xff, 0xff, 0x01, 0x00, 0x00, 0x00, 0x00, 0x5f, 0xbf, 0xff, 0x08, 0x6a, 0xc9, 0xff, 0xe8,
  0x6d, 0xce, 0xff, 0xff, 0x65, 0xc2, 0xff, 0xfe, 0x60, 0xbc, 0xff, 0xff, 0x5f, 0xbb, 0xff, 0xff,
  0x60, 0xbc, 0xff, 0xff, 0x60, 0xbc, 0xff, 0xff, 0x60, 0xbc, 0xff, 0xff, 0x61, 0xbd, 0xff, 0xff,
  0x63, 0xc0, 0xff, 0xff, 0x61, 0xbe, 0xff, 0xff, 0x5c, 0xb7, 0xfe, 0xff, 0x54, 0xab, 0xfd, 0xff,
  0x4f, 0xa3, 0xfc, 0xff, 0x45, 0x95, 0xfa, 0xff, 0x41, 0x8f, 0xf9, 0xff, 0x3d, 0x8a, 0xf8, 0xff,
  0x3a, 0x85, 0xf8, 0xff, 0x39, 0x84, 0xf8, 0xff, 0x39, 0x84, 0xf8, 0xff, 0x39, 0x84, 0xf8, 0xff,
  0x39, 0x84, 0xf8, 0xff, 0x39, 0x84, 0xf8, 0xff, 0x39, 0x85, 0xf8, 0xff, 0x3a, 0x86, 0xf8, 0xff,
  0x3b, 0x87, 0xf8, 0xff, 0x3c, 0x88, 0xf8, 0xff, 0x38, 0x84, 0xf8, 0xff, 0x48, 0x96, 0xf9, 0xff,
  0x77, 0xc9, 0xfc, 0xff, 0x77, 0xca, 0xfc, 0xff, 0x75, 0xc8, 0xfc, 0xff, 0x76, 0xc8, 0xfc, 0xff,
  0x76, 0xc8, 0xfc, 0xff, 0x76, 0xc8, 0xfc, 0xff, 0x76, 0xc8, 0xfc, 0xff, 0x76, 0xc8, 0xfc, 0xff,
  0x76, 0xc8, 0xfc, 0xff, 0x76, 0xc8, 0xfc, 0xff, 0x76, 0xc8, 0xfc, 0xff, 0x76, 0xc8, 0xfc, 0xff,
  0x76, 0xc8, 0xfc, 0xff, 0x76, 0xc8, 0xfc, 0xff, 0x77, 0xc9, 0xfc, 0xff, 0x78, 0xca, 0xfc, 0xff,
  0x4a, 0x97, 0xf9, 0xff, 0x38, 0x84, 0xf8, 0xff, 0x3c, 0x88, 0xf8, 0xff, 0x3b, 0x86, 0xf8, 0xff,
  0x3a, 0x86, 0xf8, 0xff, 0x39, 0x85, 0xf8, 0xff, 0x39, 0x84, 0xf8, 0xff, 0x39, 0x84, 0xf8, 0xff,
  0x39, 0x84, 0xf8, 0xff, 0x39, 0x84, 0xf8, 0xff, 0x39, 0x84, 0xf8, 0xff, 0x3a, 0x85, 0xf8, 0xff,
  0x3e, 0x8b, 0xf9, 0xff, 0x41, 0x8f, 0xf9, 0xff, 0x44, 0x95, 0xfa, 0xff, 0x4e, 0xa2, 0xfc, 0xff,
  0x53, 0xa9, 0xfc, 0xff, 0x5d, 0xb8, 0xff, 0xff, 0x60, 0xbd, 0xff, 0xff, 0x63, 0xc0, 0xff, 0xff,
  0x61, 0xbe, 0xff, 0xff, 0x60, 0xbb, 0xff, 0xff, 0x60, 0xbc, 0xff, 0xff, 0x60, 0xbc, 0xff, 0xff,
  0x60, 0xbc, 0xff, 0xff, 0x60, 0xbc, 0xff, 0xff, 0x61, 0xba, 0xff, 0xfe, 0x65, 0xbe, 0xff, 0xff,
  0x63, 0xba, 0xff, 0xea, 0x55, 0xaa, 0xff, 0x09, 0x00, 0x00, 0x00, 0x00, 0x00, 0xff, 0xff, 0x01,
  0x00, 0x00, 0x00, 0x00, 0x00, 0x00, 0x00, 0x00, 0x00, 0x00, 0x00, 0x00, 0x00, 0x00, 0x00, 0x00,
  0x00, 0x00, 0x00, 0x00, 0x00, 0x00, 0x00, 0x00, 0x00, 0x00, 0x00, 0x00, 0x00, 0x00, 0x00, 0x00,
  0x00, 0xff, 0xff, 0x01, 0x00, 0x00, 0x00, 0x00, 0x5f, 0xbf, 0xff, 0x08, 0x69, 0xc9, 0xff, 0xe8,
  0x66, 0xc5, 0xff, 0xff, 0x5e, 0xba, 0xff, 0xfe, 0x60, 0xbc, 0xff, 0xff, 0x60, 0xbc, 0xff, 0xff,
  0x60, 0xbc, 0xff, 0xff, 0x61, 0xbd, 0xff, 0xff, 0x62, 0xbf, 0xff, 0xff, 0x5c, 0xb5, 0xfe, 0xff,
  0x51, 0xa6, 0xfc, 0xff, 0x45, 0x95, 0xfa, 0xff, 0x3d, 0x89, 0xf8, 0xff, 0x3a, 0x85, 0xf8, 0xff,
  0x38, 0x83, 0xf7, 0xff, 0x39, 0x84, 0xf8, 0xff, 0x3a, 0x85, 0xf8, 0xff, 0x3b, 0x86, 0xf8, 0xff,
  0x3b, 0x87, 0xf8, 0xff, 0x3c, 0x88, 0xf8, 0xff, 0x3c, 0x88, 0xf8, 0xff, 0x3b, 0x88, 0xf8, 0xff,
  0x3b, 0x88, 0xf8, 0xff, 0x3b, 0x88, 0xf8, 0xff, 0x3b, 0x88, 0xf8, 0xff, 0x3b, 0x87, 0xf8, 0xff,
  0x3b, 0x87, 0xf8, 0xff, 0x3b, 0x86, 0xf8, 0xff, 0x3d, 0x8a, 0xf8, 0xff, 0x6d, 0xbe, 0xfb, 0xff,
  0x78, 0xcb, 0xfc, 0xff, 0x75, 0xc7, 0xfc, 0xff, 0x76, 0xc8, 0xfc, 0xff, 0x76, 0xc8, 0xfc, 0xff,
  0x76, 0xc8, 0xfc, 0xff, 0x76, 0xc8, 0xfc, 0xff, 0x76, 0xc8, 0xfc, 0xff, 0x76, 0xc8, 0xfc, 0xff,
  0x76, 0xc8, 0xfc, 0xff, 0x76, 0xc8, 0xfc, 0xff, 0x76, 0xc8, 0xfc, 0xff, 0x76, 0xc8, 0xfc, 0xff,
  0x76, 0xc8, 0xfc, 0xff, 0x76, 0xc8, 0xfc, 0xff, 0x75, 0xc7, 0xfc, 0xff, 0x78, 0xca, 0xfc, 0xff,
  0x6d, 0xbe, 0xfb, 0xff, 0x3d, 0x8a, 0xf8, 0xff, 0x3b, 0x86, 0xf8, 0xff, 0x3b, 0x87, 0xf8, 0xff,
  0x3b, 0x87, 0xf8, 0xff, 0x3b, 0x88, 0xf8, 0xff, 0x3b, 0x88, 0xf8, 0xff, 0x3b, 0x88, 0xf8, 0xff,
  0x3b, 0x88, 0xf8, 0xff, 0x3c, 0x88, 0xf8, 0xff, 0x3c, 0x88, 0xf8, 0xff, 0x3b, 0x87, 0xf8, 0xff,
  0x3a, 0x86, 0xf8, 0xff, 0x3a, 0x85, 0xf8, 0xff, 0x39, 0x84, 0xf8, 0xff, 0x38, 0x83, 0xf7, 0xff,
  0x39, 0x84, 0xf8, 0xff, 0x3c, 0x89, 0xf8, 0xff, 0x43, 0x93, 0xfa, 0xff, 0x4f, 0xa3, 0xfb, 0xff,
  0x5b, 0xb5, 0xfe, 0xff, 0x62, 0xc0, 0xff, 0xff, 0x61, 0xbd, 0xff, 0xff, 0x60, 0xbc, 0xff, 0xff,
  0x60, 0xbc, 0xff, 0xff, 0x60, 0xbc, 0xff, 0xff, 0x5f, 0xbb, 0xff, 0xfe, 0x63, 0xc0, 0xff, 0xff,
  0x63, 0xba, 0xff, 0xea, 0x55, 0xaa, 0xff, 0x09, 0x00, 0x00, 0x00, 0x00, 0x00, 0xff, 0xff, 0x01,
  0x00, 0x00, 0x00, 0x00, 0x00, 0x00, 0x00, 0x00, 0x00, 0x00, 0x00, 0x00, 0x00, 0x00, 0x00, 0x00,
  0x00, 0x00, 0x00, 0x00, 0x00, 0x00, 0x00, 0x00, 0x00, 0x00, 0x00, 0x00, 0x00, 0x00, 0x00, 0x00,
  0x00, 0xff, 0xff, 0x01, 0x00, 0x00, 0x00, 0x00, 0x7f, 0xdf, 0xff, 0x08, 0x65, 0xc2, 0xff, 0xe8,
  0x62, 0xc0, 0xff, 0xff, 0x60, 0xbb, 0xff, 0xfe, 0x60, 0xbc, 0xff, 0xff, 0x60, 0xbc, 0xff, 0xff,
  0x61, 0xbe, 0xff, 0xff, 0x5e, 0xba, 0xff, 0xff, 0x48, 0x9a, 0xfa, 0xff, 0x3b, 0x88, 0xf8, 0xff,
  0x39, 0x84, 0xf8, 0xff, 0x39, 0x84, 0xf8, 0xff, 0x3b, 0x87, 0xf8, 0xff, 0x3b, 0x87, 0xf8, 0xff,
  0x3c, 0x88, 0xf8, 0xff, 0x3b, 0x88, 0xf8, 0xff, 0x3b, 0x87, 0xf8, 0xff, 0x3b, 0x87, 0xf8, 0xff,
  0x3b, 0x87, 0xf8, 0xff, 0x3b, 0x87, 0xf8, 0xff, 0x3b, 0x87, 0xf8, 0xff, 0x3b, 0x87, 0xf8, 0xff,
  0x3b, 0x87, 0xf8, 0xff, 0x3b, 0x87, 0xf8, 0xff, 0x3b, 0x87, 0xf8, 0xff, 0x3b, 0x87, 0xf8, 0xff,
  0x3c, 0x88, 0xf8, 0xff, 0x37, 0x82, 0xf8, 0xff, 0x56, 0xa5, 0xf9, 0xff, 0x7a, 0xcd, 0xfc, 0xff,
  0x74, 0xc6, 0xfc, 0xff, 0x76, 0xc8, 0xfc, 0xff, 0x76, 0xc8, 0xfc, 0xff, 0x76, 0xc8, 0xfc, 0xff,
  0x76, 0xc8, 0xfc, 0xff, 0x76, 0xc8, 0xfc, 0xff, 0x76, 0xc8, 0xfc, 0xff, 0x76, 0xc8, 0xfc, 0xff,
  0x76, 0xc8, 0xfc, 0xff, 0x76, 0xc8, 0xfc, 0xff, 0x76, 0xc8, 0xfc, 0xff, 0x76, 0xc8, 0xfc, 0xff,
  0x76, 0xc8, 0xfc, 0xff, 0x76, 0xc8, 0xfc, 0xff, 0x76, 0xc8, 0xfc, 0xff, 0x75, 0xc6, 0xfc, 0xff,
  0x7a, 0xcd, 0xfc, 0xff, 0x56, 0xa5, 0xf9, 0xff, 0x37, 0x83, 0xf8, 0xff, 0x3c, 0x88, 0xf8, 0xff,
  0x3b, 0x87, 0xf8, 0xff, 0x3b, 0x87, 0xf8, 0xff, 0x3b, 0x87, 0xf8, 0xff, 0x3b, 0x87, 0xf8, 0xff,
  0x3b, 0x87, 0xf8, 0xff, 0x3b, 0x87, 0xf8, 0xff, 0x3b, 0x87, 0xf8, 0xff, 0x3b, 0x87, 0xf8, 0xff,
  0x3b, 0x87, 0xf8, 0xff, 0x3b, 0x87, 0xf8, 0xff, 0x3b, 0x88, 0xf8, 0xff, 0x3c, 0x88, 0xf8, 0xff,
  0x3b, 0x88, 0xf8, 0xff, 0x3b, 0x86, 0xf8, 0xff, 0x39, 0x85, 0xf8, 0xff, 0x38, 0x83, 0xf8, 0xff,
  0x3c, 0x88, 0xf8, 0xff, 0x49, 0x9c, 0xfb, 0xff, 0x5e, 0xba, 0xff, 0xff, 0x61, 0xbe, 0xff, 0xff,
  0x60, 0xbc, 0xff, 0xff, 0x60, 0xbc, 0xff, 0xff, 0x60, 0xbb, 0xff, 0xfe, 0x62, 0xc0, 0xff, 0xff,
  0x60, 0xbb, 0xff, 0xea, 0x55, 0xaa, 0xff, 0x09, 0x00, 0x00, 0x00, 0x00, 0x00, 0xff, 0xff, 0x01,
  0x00, 0x00, 0x00, 0x00, 0x00, 0x00, 0x00, 0x00, 0x00, 0x00, 0x00, 0x00, 0x00, 0x00, 0x00, 0x00,
  0x00, 0x00, 0x00, 0x00, 0x00, 0x00, 0x00, 0x00, 0x00, 0x00, 0x00, 0x00, 0x00, 0x00, 0x00, 0x00,
  0x00, 0xff, 0xff, 0x01, 0x00, 0x00, 0x00, 0x00, 0x55, 0xc6, 0xff, 0x09, 0x60, 0xbc, 0xff, 0xe9,
  0x62, 0xc0, 0xff, 0xff, 0x60, 0xbb, 0xff, 0xfe, 0x60, 0xbc, 0xff, 0xff, 0x60, 0xbc, 0xff, 0xff,
  0x60, 0xbc, 0xff, 0xff, 0x44, 0x94, 0xfa, 0xff, 0x38, 0x82, 0xf8, 0xff, 0x3b, 0x87, 0xf8, 0xff,
  0x3c, 0x88, 0xf8, 0xff, 0x3b, 0x88, 0xf8, 0xff, 0x3b, 0x87, 0xf8, 0xff, 0x3b, 0x87, 0xf8, 0xff,
  0x3b, 0x87, 0xf8, 0xff, 0x3b, 0x87, 0xf8, 0xff, 0x3b, 0x87, 0xf8, 0xff, 0x3b, 0x87, 0xf8, 0xff,
  0x3b, 0x87, 0xf8, 0xff, 0x3b, 0x87, 0xf8, 0xff, 0x3b, 0x87, 0xf8, 0xff, 0x3b, 0x87, 0xf8, 0xff,
  0x3b, 0x87, 0xf8, 0xff, 0x3b, 0x87, 0xf8, 0xff, 0x3b, 0x87, 0xf8, 0xff, 0x3b, 0x87, 0xf8, 0xff,
  0x3b, 0x87, 0xf8, 0xff, 0x3a, 0x86, 0xf8, 0xff, 0x69, 0xba, 0xfb, 0xff, 0x79, 0xcb, 0xfc, 0xff,
  0x75, 0xc7, 0xfc, 0xff, 0x76, 0xc8, 0xfc, 0xff, 0x76, 0xc8, 0xfc, 0xff, 0x76, 0xc8, 0xfc, 0xff,
  0x76, 0xc8, 0xfc, 0xff, 0x76, 0xc8, 0xfc, 0xff, 0x76, 0xc8, 0xfc, 0xff, 0x76, 0xc8, 0xfc, 0xff,
  0x76, 0xc8, 0xfc, 0xff, 0x76, 0xc8, 0xfc, 0xff, 0x76, 0xc8, 0xfc, 0xff, 0x76, 0xc8, 0xfc, 0xff,
  0x76, 0xc8, 0xfc, 0xff, 0x76, 0xc8, 0xfc, 0xff, 0x76, 0xc8, 0xfc, 0xff, 0x75, 0xc7, 0xfc, 0xff,
  0x78, 0xcb, 0xfc, 0xff, 0x6a, 0xbc, 0xfb, 0xff, 0x3c, 0x87, 0xf8, 0xff, 0x3b, 0x87, 0xf8, 0xff,
  0x3b, 0x87, 0xf8, 0xff, 0x3b, 0x87, 0xf8, 0xff, 0x3b, 0x87, 0xf8, 0xff, 0x3b, 0x87, 0xf8, 0xff,
  0x3b, 0x87, 0xf8, 0xff, 0x3b, 0x87, 0xf8, 0xff, 0x3b, 0x87, 0xf8, 0xff, 0x3b, 0x87, 0xf8, 0xff,
  0x3b, 0x87, 0xf8, 0xff, 0x3b, 0x87, 0xf8, 0xff, 0x3b, 0x87, 0xf8, 0xff, 0x3b, 0x87, 0xf8, 0xff,
  0x3b, 0x87, 0xf8, 0xff, 0x3b, 0x87, 0xf8, 0xff, 0x3b, 0x88, 0xf8, 0xff, 0x3c, 0x88, 0xf8, 0xff,
  0x3b, 0x87, 0xf8, 0xff, 0x38, 0x82, 0xf8, 0xff, 0x44, 0x94, 0xfa, 0xff, 0x60, 0xbc, 0xff, 0xff,
  0x60, 0xbc, 0xff, 0xff, 0x60, 0xbc, 0xff, 0xff, 0x60, 0xbb, 0xff, 0xfe, 0x62, 0xc0, 0xff, 0xff,
  0x5f, 0xbb, 0xff, 0xe9, 0x55, 0xaa, 0xff, 0x09, 0x00, 0x00, 0x00, 0x00, 0x00, 0xff, 0xff, 0x01,
  0x00, 0x00, 0x00, 0x00, 0x00, 0x00, 0x00, 0x00, 0x00, 0x00, 0x00, 0x00, 0x00, 0x00, 0x00, 0x00,
  0x00, 0x00, 0x00, 0x00, 0x00, 0x00, 0x00, 0x00, 0x00, 0x00, 0x00, 0x00, 0x00, 0x00, 0x00, 0x00,
  0x00, 0xff, 0xff, 0x01, 0x00, 0x00, 0x00, 0x00, 0x5f, 0xbf, 0xff, 0x08, 0x60, 0xbc, 0xff, 0xec,
  0x61, 0xc0, 0xff, 0xfd, 0x60, 0xbb, 0xff, 0xfe, 0x60, 0xbc, 0xff, 0xff, 0x60, 0xbc, 0xff, 0xff,
  0x60, 0xbb, 0xff, 0xff, 0x41, 0x8f, 0xf9, 0xff, 0x38, 0x83, 0xf8, 0xff, 0x3b, 0x88, 0xf8, 0xff,
  0x3c, 0x88, 0xf8, 0xff, 0x3b, 0x87, 0xf8, 0xff, 0x3b, 0x87, 0xf8, 0xff, 0x3b, 0x87, 0xf8, 0xff,
  0x3b, 0x87, 0xf8, 0xff, 0x3b, 0x87, 0xf8, 0xff, 0x3b, 0x87, 0xf8, 0xff, 0x3b, 0x87, 0xf8, 0xff,
  0x3b, 0x87, 0xf8, 0xff, 0x3b, 0x87, 0xf8, 0xff, 0x3b, 0x87, 0xf8, 0xff, 0x3b, 0x87, 0xf8, 0xff,
  0x3b, 0x87, 0xf8, 0xff, 0x3b, 0x87, 0xf8, 0xff, 0x3b, 0x87, 0xf8, 0xff, 0x3c, 0x88, 0xf8, 0xff,
  0x39, 0x84, 0xf8, 0xff, 0x48, 0x95, 0xf9, 0xff, 0x76, 0xc9, 0xfc, 0xff, 0x76, 0xc8, 0xfc, 0xff,
  0x76, 0xc8, 0xfc, 0xff, 0x76, 0xc8, 0xfc, 0xff, 0x76, 0xc8, 0xfc, 0xff, 0x76, 0xc8, 0xfc, 0xff,
  0x76, 0xc8, 0xfc, 0xff, 0x76, 0xc8, 0xfc, 0xff, 0x76, 0xc8, 0xfc, 0xff, 0x76, 0xc8, 0xfc, 0xff,
  0x76, 0xc8, 0xfc, 0xff, 0x76, 0xc8, 0xfc, 0xff, 0x76, 0xc8, 0xfc, 0xff, 0x76, 0xc8, 0xfc, 0xff,
  0x76, 0xc8, 0xfc, 0xff, 0x76, 0xc8, 0xfc, 0xff, 0x76, 0xc8, 0xfc, 0xff, 0x76, 0xc8, 0xfc, 0xff,
  0x76, 0xc8, 0xfc, 0xff, 0x77, 0xc9, 0xfc, 0xff, 0x48, 0x95, 0xf9, 0xff, 0x39, 0x84, 0xf8, 0xff,
  0x3c, 0x88, 0xf8, 0xff, 0x3b, 0x87, 0xf8, 0xff, 0x3b, 0x87, 0xf8, 0xff, 0x3b, 0x87, 0xf8, 0xff,
  0x3b, 0x87, 0xf8, 0xff, 0x3b, 0x87, 0xf8, 0xff, 0x3b, 0x87, 0xf8, 0xff, 0x3b, 0x87, 0xf8, 0xff,
  0x3b, 0x87, 0xf8, 0xff, 0x3b, 0x87, 0xf8, 0xff, 0x3b, 0x87, 0xf8, 0xff, 0x3b, 0x87, 0xf8, 0xff,
  0x3b, 0x87, 0xf8, 0xff, 0x3b, 0x87, 0xf8, 0xff, 0x3b, 0x87, 0xf8, 0xff, 0x3c, 0x88, 0xf8, 0xff,
  0x3c, 0x88, 0xf8, 0xff, 0x38, 0x83, 0xf8, 0xff, 0x41, 0x90, 0xf9, 0xff, 0x60, 0xbc, 0xff, 0xff,
  0x60, 0xbc, 0xff, 0xff, 0x60, 0xbc, 0xff, 0xff, 0x60, 0xbb, 0xff, 0xfe, 0x61, 0xbf, 0xff, 0xfe,
  0x60, 0xbb, 0xff, 0xee, 0x55, 0xaa, 0xff, 0x09, 0x00, 0x00, 0x00, 0x00, 0x00, 0xff, 0xff, 0x01,
  0x00, 0x00, 0x00, 0x00, 0x00, 0x00, 0x00, 0x00, 0x00, 0x00, 0x00, 0x00, 0x00, 0x00, 0x00, 0x00,
  0x00, 0x00, 0x00, 0x00, 0x00, 0x00, 0x00, 0x00, 0x00, 0x00, 0x00, 0x00, 0x00, 0x00, 0x00, 0x00,
  0x00, 0x00, 0x00, 0x00, 0x55, 0xaa, 0xff, 0x03, 0x00, 0x00, 0x00, 0x00, 0x61, 0xbd, 0xff, 0xa8,
  0x67, 0xcb, 0xff, 0xff, 0x5e, 0xba, 0xff, 0xfa, 0x60, 0xbc, 0xff, 0xff, 0x60, 0xbc, 0xff, 0xff,
  0x61, 0xbe, 0xff, 0xff, 0x5a, 0xb2, 0xfe, 0xff, 0x42, 0x92, 0xf9, 0xff, 0x39, 0x85, 0xf8, 0xff,
  0x39, 0x84, 0xf8, 0xff, 0x3a, 0x86, 0xf8, 0xff, 0x3b, 0x87, 0xf8, 0xff, 0x3c, 0x88, 0xf8, 0xff,
  0x3c, 0x88, 0xf8, 0xff, 0x3b, 0x87, 0xf8, 0xff, 0x3b, 0x87, 0xf8, 0xff, 0x3b, 0x87, 0xf8, 0xff,
  0x3b, 0x87, 0xf8, 0xff, 0x3b, 0x87, 0xf8, 0xff, 0x3b, 0x87, 0xf8, 0xff, 0x3b, 0x87, 0xf8, 0xff,
  0x3b, 0x87, 0xf8, 0xff, 0x3b, 0x87, 0xf8, 0xff, 0x3b, 0x87, 0xf8, 0xff, 0x3c, 0x88, 0xf8, 0xff,
  0x38, 0x83, 0xf8, 0xff, 0x4f, 0x9d, 0xf9, 0xff, 0x79, 0xcb, 0xfc, 0xff, 0x75, 0xc7, 0xfc, 0xff,
  0x76, 0xc8, 0xfc, 0xff, 0x76, 0xc8, 0xfc, 0xff, 0x76, 0xc8, 0xfc, 0xff, 0x76, 0xc8, 0xfc, 0xff,
  0x76, 0xc8, 0xfc, 0xff, 0x76, 0xc8, 0xfc, 0xff, 0x76, 0xc8, 0xfc, 0xff, 0x76, 0xc8, 0xfc, 0xff,
  0x76, 0xc8, 0xfc, 0xff, 0x76, 0xc8, 0xfc, 0xff, 0x76, 0xc8, 0xfc, 0xff, 0x76, 0xc8, 0xfc, 0xff,
  0x76, 0xc8, 0xfc, 0xff, 0x76, 0xc8, 0xfc, 0xff, 0x76, 0xc8, 0xfc, 0xff, 0x76, 0xc8, 0xfc, 0xff,
  0x75, 0xc7, 0xfc, 0xff, 0x79, 0xcb, 0xfc, 0xff, 0x4f, 0x9d, 0xf9, 0xff, 0x38, 0x83, 0xf8, 0xff,
  0x3c, 0x88, 0xf8, 0xff, 0x3b, 0x87, 0xf8, 0xff, 0x3b, 0x87, 0xf8, 0xff, 0x3b, 0x87, 0xf8, 0xff,
  0x3b, 0x87, 0xf8, 0xff, 0x3b, 0x87, 0xf8, 0xff, 0x3b, 0x87, 0xf8, 0xff, 0x3b, 0x87, 0xf8, 0xff,
  0x3b, 0x87, 0xf8, 0xff, 0x3b, 0x87, 0xf8, 0xff, 0x3b, 0x87, 0xf8, 0xff, 0x3c, 0x88, 0xf8, 0xff,
  0x3c, 0x88, 0xf8, 0xff, 0x3b, 0x87, 0xf8, 0xff, 0x3a, 0x86, 0xf8, 0xff, 0x39, 0x83, 0xf8, 0xff,
  0x39, 0x85, 0xf8, 0xff, 0x43, 0x93, 0xfa, 0xff, 0x5b, 0xb6, 0xfe, 0xff, 0x61, 0xbe, 0xff, 0xff,
  0x60, 0xbc, 0xff, 0xff, 0x60, 0xbc, 0xff, 0xff, 0x5f, 0xbb, 0xff, 0xf9, 0x67, 0xca, 0xff, 0xff,
  0x62, 0xbd, 0xff, 0xae, 0xff, 0xff, 0xff, 0x01, 0x55, 0xaa, 0xff, 0x03, 0x00, 0x00, 0x00, 0x00,
  0x00, 0x00, 0x00, 0x00, 0x00, 0x00, 0x00, 0x00, 0x00, 0x00, 0x00, 0x00, 0x00, 0x00, 0x00, 0x00,
  0x00, 0x00, 0x00, 0x00, 0x00, 0x00, 0x00, 0x00, 0x00, 0x00, 0x00, 0x00, 0x00, 0x00, 0x00, 0x00,
  0x00, 0x00, 0x00, 0x00, 0x00, 0xff, 0xff, 0x02, 0x00, 0xff, 0xff, 0x01, 0x67, 0xc6, 0xff, 0x1b,
  0x63, 0xc1, 0xff, 0xd8, 0x66, 0xc9, 0xff, 0xff, 0x60, 0xba, 0xff, 0xfb, 0x5f, 0xbb, 0xff, 0xfd,
  0x60, 0xbc, 0xff, 0xff, 0x61, 0xbe, 0xff, 0xff, 0x60, 0xbc, 0xff, 0xff, 0x54, 0xab, 0xfd, 0xff,
  0x47, 0x98, 0xfa, 0xff, 0x3e, 0x8b, 0xf8, 0xff, 0x3a, 0x85, 0xf8, 0xff, 0x39, 0x84, 0xf8, 0xff,
  0x39, 0x84, 0xf8, 0xff, 0x3a, 0x85, 0xf8, 0xff, 0x3b, 0x86, 0xf8, 0xff, 0x3b, 0x87, 0xf8, 0xff,
  0x3c, 0x88, 0xf8, 0xff, 0x3c, 0x88, 0xf8, 0xff, 0x3c, 0x88, 0xf8, 0xff, 0x3b, 0x88, 0xf8, 0xff,
  0x3b, 0x87, 0xf8, 0xff, 0x3b, 0x87, 0xf8, 0xff, 0x3b, 0x87, 0xf8, 0xff, 0x3c, 0x88, 0xf8, 0xff,
  0x37, 0x83, 0xf8, 0xff, 0x56, 0xa5, 0xfa, 0xff, 0x79, 0xcc, 0xfc, 0xff, 0x75, 0xc7, 0xfc, 0xff,
  0x76, 0xc8, 0xfc, 0xff, 0x76, 0xc8, 0xfc, 0xff, 0x76, 0xc8, 0xfc, 0xff, 0x76, 0xc8, 0xfc, 0xff,
  0x76, 0xc8, 0xfc, 0xff, 0x76, 0xc8, 0xfc, 0xff, 0x76, 0xc8, 0xfc, 0xff, 0x76, 0xc8, 0xfc, 0xff,
  0x76, 0xc8, 0xfc, 0xff, 0x76, 0xc8, 0xfc, 0xff, 0x76, 0xc8, 0xfc, 0xff, 0x75, 0xc7, 0xfc, 0xff,
  0x75, 0xc7, 0xfc, 0xff, 0x77, 0xc9, 0xfc, 0xff, 0x76, 0xc8, 0xfc, 0xff, 0x76, 0xc8, 0xfc, 0xff,
  0x75, 0xc7, 0xfc, 0xff, 0x79, 0xcc, 0xfc, 0xff, 0x56, 0xa4, 0xfa, 0xff, 0x37, 0x83, 0xf8, 0xff,
  0x3c, 0x88, 0xf8, 0xff, 0x3b, 0x87, 0xf8, 0xff, 0x3b, 0x87, 0xf8, 0xff, 0x3b, 0x87, 0xf8, 0xff,
  0x3b, 0x87, 0xf8, 0xff, 0x3c, 0x88, 0xf8, 0xff, 0x3c, 0x88, 0xf8, 0xff, 0x3c, 0x88, 0xf8, 0xff,
  0x3b, 0x87, 0xf8, 0xff, 0x3b, 0x86, 0xf8, 0xff, 0x3a, 0x86, 0xf8, 0xff, 0x39, 0x84, 0xf8, 0xff,
  0x39, 0x84, 0xf8, 0xff, 0x3a, 0x85, 0xf8, 0xff, 0x3f, 0x8d, 0xf9, 0xff, 0x47, 0x99, 0xfa, 0xff,
  0x56, 0xad, 0xfd, 0xff, 0x61, 0xbe, 0xff, 0xff, 0x61, 0xbe, 0xff, 0xff, 0x60, 0xbc, 0xff, 0xff,
  0x5f, 0xbc, 0xff, 0xfd, 0x5f, 0xba, 0xff, 0xfb, 0x66, 0xc8, 0xff, 0xff, 0x62, 0xc0, 0xff, 0xde,
  0x62, 0xbd, 0xff, 0x1f, 0x00, 0xff, 0xff, 0x01, 0x7f, 0xff, 0xff, 0x02, 0x00, 0x00, 0x00, 0x00,
  0x00, 0x00, 0x00, 0x00, 0x00, 0x00, 0x00, 0x00, 0x00, 0x00, 0x00, 0x00, 0x00, 0x00, 0x00, 0x00,
  0x00, 0x00, 0x00, 0x00, 0x00, 0x00, 0x00, 0x00, 0x00, 0x00, 0x00, 0x00, 0x00, 0x00, 0x00, 0x00,
  0x00, 0x00, 0x00, 0x00, 0x00, 0x00, 0x00, 0x00, 0x7f, 0x7f, 0xff, 0x02, 0x00, 0x00, 0x00, 0x00,
  0x64, 0xbf, 0xff, 0x1c, 0x62, 0xc1, 0xff, 0xba, 0x66, 0xc8, 0xff, 0xff, 0x63, 0xc2, 0xff, 0xff,
  0x60, 0xbc, 0xff, 0xfc, 0x60, 0xbb, 0xff, 0xfc, 0x60, 0xbc, 0xff, 0xfe, 0x62, 0xbf, 0xff, 0xff,
  0x62, 0xbf, 0xff, 0xff, 0x5d, 0xb8, 0xfe, 0xff, 0x57, 0xaf, 0xfd, 0xff, 0x4d, 0xa1, 0xfb, 0xff,
  0x47, 0x98, 0xfa, 0xff, 0x40, 0x8f, 0xf9, 0xff, 0x3c, 0x89, 0xf8, 0xff, 0x3a, 0x86, 0xf8, 0xff,
  0x39, 0x83, 0xf8, 0xff, 0x38, 0x83, 0xf7, 0xff, 0x39, 0x84, 0xf8, 0xff, 0x39, 0x85, 0xf8, 0xff,
  0x3a, 0x85, 0xf8, 0xff, 0x3a, 0x86, 0xf8, 0xff, 0x3a, 0x86, 0xf8, 0xff, 0x3c, 0x88, 0xf8, 0xff,
  0x37, 0x83, 0xf8, 0xff, 0x56, 0xa5, 0xfa, 0xff, 0x79, 0xcc, 0xfc, 0xff, 0x75, 0xc7, 0xfc, 0xff,
  0x76, 0xc8, 0xfc, 0xff, 0x76, 0xc8, 0xfc, 0xff, 0x76, 0xc8, 0xfc, 0xff, 0x76, 0xc8, 0xfc, 0xff,
  0x76, 0xc8, 0xfc, 0xff, 0x76, 0xc8, 0xfc, 0xff, 0x76, 0xc8, 0xfc, 0xff, 0x76, 0xc8, 0xfc, 0xff,
  0x76, 0xc8, 0xfc, 0xff, 0x76, 0xc8, 0xfc, 0xff, 0x75, 0xc7, 0xfc, 0xff, 0x79, 0xcb, 0xfc, 0xff,
  0x84, 0xd6, 0xfe, 0xff, 0x88, 0xda, 0xff, 0xff, 0x84, 0xd5, 0xfe, 0xff, 0x78, 0xca, 0xfc, 0xff,
  0x75, 0xc7, 0xfc, 0xff, 0x79, 0xcc, 0xfc, 0xff, 0x55, 0xa4, 0xfa, 0xff, 0x37, 0x83, 0xf8, 0xff,
  0x3c, 0x88, 0xf8, 0xff, 0x3a, 0x86, 0xf8, 0xff, 0x3a, 0x86, 0xf8, 0xff, 0x3a, 0x85, 0xf8, 0xff,
  0x3a, 0x85, 0xf8, 0xff, 0x39, 0x84, 0xf8, 0xff, 0x38, 0x83, 0xf7, 0xff, 0x38, 0x83, 0xf8, 0xff,
  0x3b, 0x86, 0xf8, 0xff, 0x3c, 0x89, 0xf8, 0xff, 0x3f, 0x8d, 0xf9, 0xff, 0x48, 0x9a, 0xfa, 0xff,
  0x4d, 0xa1, 0xfb, 0xff, 0x57, 0xb0, 0xfd, 0xff, 0x5e, 0xb9, 0xfe, 0xff, 0x62, 0xc0, 0xff, 0xff,
  0x62, 0xbf, 0xff, 0xff, 0x60, 0xbb, 0xff, 0xff, 0x5f, 0xbb, 0xfd, 0xfd, 0x60, 0xbb, 0xff, 0xfb,
  0x63, 0xc1, 0xff, 0xff, 0x67, 0xca, 0xff, 0xff, 0x62, 0xc0, 0xff, 0xbf, 0x61, 0xbb, 0xff, 0x22,
  0x00, 0x00, 0x00, 0x00, 0x7f, 0x7f, 0xff, 0x02, 0x00, 0x00, 0x00, 0x00, 0x00, 0x00, 0x00, 0x00,
  0x00, 0x00, 0x00, 0x00, 0x00, 0x00, 0x00, 0x00, 0x00, 0x00, 0x00, 0x00, 0x00, 0x00, 0x00, 0x00,
  0x00, 0x00, 0x00, 0x00, 0x00, 0x00, 0x00, 0x00, 0x00, 0x00, 0x00, 0x00, 0x00, 0x00, 0x00, 0x00,
  0x00, 0x00, 0x00, 0x00, 0x00, 0x00, 0x00, 0x00, 0x00, 0x00, 0x00, 0x00, 0x7f, 0x7f, 0xff, 0x02,
  0x00, 0x00, 0x00, 0x00, 0x00, 0x00, 0x00, 0x00, 0x62, 0xbf, 0xff, 0x5d, 0x63, 0xc2, 0xff, 0xd2,
  0x65, 0xc7, 0xff, 0xff, 0x65, 0xc5, 0xff, 0xff, 0x60, 0xbc, 0xff, 0xff, 0x5f, 0xbb, 0xff, 0xfc,
  0x60, 0xbc, 0xff, 0xfc, 0x61, 0xbd, 0xff, 0xff, 0x62, 0xbe, 0xff, 0xff, 0x63, 0xc0, 0xff, 0xff,
  0x62, 0xbe, 0xff, 0xff, 0x5f, 0xba, 0xff, 0xff, 0x5d, 0xb7, 0xfe, 0xff, 0x56, 0xae, 0xfd, 0xff,
  0x51, 0xa6, 0xfc, 0xff, 0x4d, 0xa1, 0xfb, 0xff, 0x48, 0x9a, 0xfa, 0xff, 0x43, 0x93, 0xfa, 0xff,
  0x40, 0x8f, 0xf9, 0xff, 0x3f, 0x8d, 0xf9, 0xff, 0x3d, 0x8a, 0xf8, 0xff, 0x3c, 0x88, 0xf8, 0xff,
  0x36, 0x81, 0xf8, 0xff, 0x4e, 0x9b, 0xf9, 0xff, 0x79, 0xca, 0xfc, 0xff, 0x76, 0xc8, 0xfc, 0xff,
  0x76, 0xc8, 0xfc, 0xff, 0x76, 0xc8, 0xfc, 0xff, 0x76, 0xc8, 0xfc, 0xff, 0x76, 0xc8, 0xfc, 0xff,
  0x76, 0xc8, 0xfc, 0xff, 0x76, 0xc8, 0xfc, 0xff, 0x76, 0xc8, 0xfc, 0xff, 0x76, 0xc8, 0xfc, 0xff,
  0x76, 0xc8, 0xfc, 0xff, 0x75, 0xc7, 0xfc, 0xff, 0x7b, 0xcd, 0xfd, 0xff, 0x89, 0xdb, 0xff, 0xff,
  0x8a, 0xdc, 0xff, 0xff, 0x89, 0xdb, 0xff, 0xff, 0x8b, 0xdd, 0xff, 0xff, 0x82, 0xd4, 0xfe, 0xff,
  0x75, 0xc7, 0xfc, 0xff, 0x79, 0xcb, 0xfc, 0xff, 0x4f, 0x9c, 0xf9, 0xff, 0x37, 0x81, 0xf8, 0xff,
  0x3c, 0x88, 0xf8, 0xff, 0x3d, 0x8a, 0xf8, 0xff, 0x3f, 0x8d, 0xf9, 0xff, 0x40, 0x8e, 0xf9, 0xff,
  0x42, 0x92, 0xf9, 0xff, 0x49, 0x9a, 0xfa, 0xff, 0x4e, 0xa3, 0xfc, 0xff, 0x50, 0xa5, 0xfc, 0xff,
  0x57, 0xaf, 0xfd, 0xff, 0x5d, 0xb8, 0xfe, 0xff, 0x5e, 0xb9, 0xff, 0xff, 0x62, 0xbf, 0xff, 0xff,
  0x63, 0xc0, 0xff, 0xff, 0x62, 0xbe, 0xff, 0xff, 0x60, 0xbd, 0xff, 0xff, 0x5f, 0xba, 0xfd, 0xfd,
  0x5f, 0xbb, 0xff, 0xfc, 0x60, 0xbb, 0xff, 0xfe, 0x64, 0xc5, 0xff, 0xff, 0x66, 0xc8, 0xff, 0xff,
  0x61, 0xc0, 0xff, 0xdc, 0x64, 0xc0, 0xff, 0x66, 0x00, 0x00, 0x00, 0x00, 0x00, 0x00, 0x00, 0x00,
  0x7f, 0x7f, 0xff, 0x02, 0x00, 0x00, 0x00, 0x00, 0x00, 0x00, 0x00, 0x00, 0x00, 0x00, 0x00, 0x00,
  0x00, 0x00, 0x00, 0x00, 0x00, 0x00, 0x00, 0x00, 0x00, 0x00, 0x00, 0x00, 0x00, 0x00, 0x00, 0x00,
  0x00, 0x00, 0x00, 0x00, 0x00, 0x00, 0x00, 0x00, 0x00, 0x00, 0x00, 0x00, 0x00, 0x00, 0x00, 0x00,
  0x00, 0x00, 0x00, 0x00, 0x00, 0x00, 0x00, 0x00, 0x00, 0x00, 0x00, 0x00, 0x00, 0x00, 0x00, 0x00,
  0xff, 0xff, 0xff, 0x01, 0x00, 0x00, 0x00, 0x00, 0x00, 0x00, 0x00, 0x00, 0x55, 0xaa, 0xff, 0x06,
  0x61, 0xbd, 0xff, 0x59, 0x61, 0xbd, 0xff, 0xbc, 0x61, 0xbe, 0xff, 0xfb, 0x66, 0xc8, 0xff, 0xff,
  0x64, 0xc4, 0xff, 0xff, 0x60, 0xbc, 0xff, 0xff, 0x5f, 0xbb, 0xff, 0xfc, 0x5f, 0xba, 0xff, 0xfb,
  0x5f, 0xbb, 0xff, 0xfd, 0x60, 0xbc, 0xff, 0xfe, 0x61, 0xbd, 0xff, 0xff, 0x62, 0xbe, 0xff, 0xff,
  0x63, 0xc0, 0xff, 0xff, 0x63, 0xc0, 0xff, 0xff, 0x62, 0xbe, 0xff, 0xff, 0x60, 0xbd, 0xff, 0xff,
  0x60, 0xbc, 0xff, 0xff, 0x5f, 0xbb, 0xff, 0xff, 0x5c, 0xb6, 0xfe, 0xff, 0x58, 0xb1, 0xfd, 0xff,
  0x54, 0xac, 0xfd, 0xff, 0x5b, 0xb2, 0xfd, 0xff, 0x77, 0xc9, 0xfc, 0xff, 0x76, 0xc8, 0xfc, 0xff,
  0x76, 0xc8, 0xfc, 0xff, 0x76, 0xc8, 0xfc, 0xff, 0x76, 0xc8, 0xfc, 0xff, 0x76, 0xc8, 0xfc, 0xff,
  0x76, 0xc8, 0xfc, 0xff, 0x76, 0xc8, 0xfc, 0xff, 0x76, 0xc8, 0xfc, 0xff, 0x76, 0xc8, 0xfc, 0xff,
  0x76, 0xc8, 0xfc, 0xff, 0x77, 0xc9, 0xfc, 0xff, 0x86, 0xd8, 0xff, 0xff, 0x8a, 0xdc, 0xff, 0xff,
  0x89, 0xdb, 0xff, 0xff, 0x89, 0xdb, 0xff, 0xff, 0x8a, 0xdc, 0xff, 0xff, 0x85, 0xd7, 0xfe, 0xff,
  0x76, 0xc8, 0xfc, 0xff, 0x77, 0xc9, 0xfc, 0xff, 0x5c, 0xb3, 0xfd, 0xff, 0x54, 0xac, 0xfd, 0xff,
  0x58, 0xb0, 0xfd, 0xff, 0x5c, 0xb7, 0xfe, 0xff, 0x60, 0xbb, 0xff, 0xff, 0x60, 0xbc, 0xff, 0xff,
  0x60, 0xbc, 0xff, 0xff, 0x62, 0xbe, 0xff, 0xff, 0x63, 0xc0, 0xff, 0xff, 0x63, 0xc0, 0xff, 0xff,
  0x62, 0xbe, 0xff, 0xff, 0x61, 0xbd, 0xff, 0xff, 0x60, 0xbc, 0xff, 0xfe, 0x5f, 0xbb, 0xff, 0xfd,
  0x5f, 0xba, 0xff, 0xfb, 0x5f, 0xbb, 0xff, 0xfc, 0x60, 0xbc, 0xff, 0xff, 0x64, 0xc4, 0xff, 0xff,
  0x67, 0xc8, 0xff, 0xff, 0x62, 0xbf, 0xff, 0xff, 0x60, 0xbc, 0xff, 0xc7, 0x60, 0xbc, 0xff, 0x67,
  0x5c, 0xb9, 0xff, 0x0b, 0x00, 0x00, 0x00, 0x00, 0x00, 0x00, 0xff, 0x01, 0x7f, 0x7f, 0xff, 0x02,
  0x00, 0x00, 0x00, 0x00, 0x00, 0x00, 0x00, 0x00, 0x00, 0x00, 0x00, 0x00, 0x00, 0x00, 0x00, 0x00,
  0x00, 0x00, 0x00, 0x00, 0x00, 0x00, 0x00, 0x00, 0x00, 0x00, 0x00, 0x00, 0x00, 0x00, 0x00, 0x00,
  0x00, 0x00, 0x00, 0x00, 0x00, 0x00, 0x00, 0x00, 0x00, 0x00, 0x00, 0x00, 0x00, 0x00, 0x00, 0x00,
  0x00, 0x00, 0x00, 0x00, 0x00, 0x00, 0x00, 0x00, 0x00, 0x00, 0x00, 0x00, 0x00, 0x00, 0x00, 0x00,
  0x00, 0x00, 0x00, 0x00, 0x00, 0x00, 0xff, 0x01, 0x3f, 0xbf, 0xff, 0x04, 0x00, 0x00, 0x00, 0x00,
  0x00, 0x00, 0x00, 0x00, 0x00, 0x00, 0x00, 0x00, 0x63, 0xbc, 0xff, 0x2e, 0x61, 0xc0, 0xff, 0x7e,
  0x62, 0xbf, 0xff, 0xc5, 0x60, 0xbc, 0xff, 0xfc, 0x65, 0xc6, 0xff, 0xff, 0x67, 0xc9, 0xff, 0xff,
  0x63, 0xc2, 0xff, 0xff, 0x61, 0xbe, 0xff, 0xff, 0x5f, 0xbb, 0xff, 0xfe, 0x5f, 0xba, 0xff, 0xfb,
  0x5f, 0xba, 0xff, 0xfb, 0x5f, 0xba, 0xff, 0xfd, 0x5f, 0xbb, 0xff, 0xfd, 0x60, 0xbb, 0xff, 0xfe,
  0x60, 0xbc, 0xff, 0xff, 0x60, 0xbc, 0xff, 0xff, 0x61, 0xbd, 0xff, 0xff, 0x62, 0xbe, 0xff, 0xff,
  0x62, 0xbf, 0xff, 0xff, 0x62, 0xbf, 0xff, 0xff, 0x73, 0xc6, 0xfc, 0xff, 0x77, 0xc8, 0xfc, 0xff,
  0x76, 0xc8, 0xfc, 0xff, 0x76, 0xc8, 0xfc, 0xff, 0x76, 0xc8, 0xfc, 0xff, 0x76, 0xc8, 0xfc, 0xff,
  0x76, 0xc8, 0xfc, 0xff, 0x76, 0xc8, 0xfc, 0xff, 0x76, 0xc8, 0xfc, 0xff, 0x76, 0xc8, 0xfc, 0xff,
  0x75, 0xc7, 0xfc, 0xff, 0x7e, 0xd0, 0xfd, 0xff, 0x8a, 0xdc, 0xff, 0xff, 0x89, 0xdb, 0xff, 0xff,
  0x89, 0xdb, 0xff, 0xff, 0x89, 0xdb, 0xff, 0xff, 0x8a, 0xdc, 0xff, 0xff, 0x82, 0xd4, 0xfe, 0xff,
  0x76, 0xc8, 0xfc, 0xff, 0x73, 0xc6, 0xfc, 0xff, 0x62, 0xbe, 0xff, 0xff, 0x62, 0xbf, 0xff, 0xff,
  0x62, 0xbe, 0xff, 0xff, 0x61, 0xbd, 0xff, 0xff, 0x60, 0xbc, 0xff, 0xff, 0x60, 0xbc, 0xff, 0xff,
  0x60, 0xbb, 0xff, 0xfe, 0x5f, 0xbb, 0xff, 0xfd, 0x5f, 0xba, 0xff, 0xfd, 0x5f, 0xbb, 0xff, 0xfc,
  0x5f, 0xbb, 0xff, 0xfa, 0x5f, 0xbb, 0xff, 0xfd, 0x61, 0xbe, 0xff, 0xff, 0x62, 0xc1, 0xff, 0xff,
  0x67, 0xca, 0xff, 0xff, 0x66, 0xc7, 0xff, 0xff, 0x61, 0xbe, 0xff, 0xff, 0x62, 0xc0, 0xff, 0xc9,
  0x62, 0xbf, 0xff, 0x89, 0x62, 0xbf, 0xff, 0x34, 0x00, 0x00, 0x00, 0x00, 0x00, 0x00, 0x00, 0x00,
  0x00, 0x00, 0x00, 0x00, 0x3f, 0xbf, 0xff, 0x04, 0x00, 0x00, 0x00, 0x00, 0x00, 0x00, 0x00, 0x00,
  0x00, 0x00, 0x00, 0x00, 0x00, 0x00, 0x00, 0x00, 0x00, 0x00, 0x00, 0x00, 0x00, 0x00, 0x00, 0x00,
  0x00, 0x00, 0x00, 0x00, 0x00, 0x00, 0x00, 0x00, 0x00, 0x00, 0x00, 0x00, 0x00, 0x00, 0x00, 0x00,
  0x00, 0x00, 0x00, 0x00, 0x00, 0x00, 0x00, 0x00, 0x00, 0x00, 0x00, 0x00, 0x00, 0x00, 0x00, 0x00,
  0x00, 0x00, 0x00, 0x00, 0x00, 0x00, 0x00, 0x00, 0x00, 0x00, 0x00, 0x00, 0x00, 0x00, 0x00, 0x00,
  0x00, 0x00, 0x00, 0x00, 0x00, 0x00, 0x00, 0x00, 0x00, 0x00, 0x00, 0x00, 0x00, 0x00, 0xff, 0x01,
  0x55, 0xff, 0xff, 0x03, 0x7f, 0x7f, 0xff, 0x02, 0x00, 0x00, 0x00, 0x00, 0x00, 0x00, 0x00, 0x00,
  0x00, 0x00, 0x00, 0x00, 0x66, 0xbd, 0xff, 0x23, 0x61, 0xbe, 0xff, 0x66, 0x62, 0xbe, 0xff, 0x96,
  0x5f, 0xbc, 0xff, 0xd2, 0x5f, 0xbb, 0xff, 0xf3, 0x63, 0xc1, 0xff, 0xff, 0x67, 0xca, 0xff, 0xff,
  0x66, 0xc8, 0xff, 0xff, 0x64, 0xc4, 0xff, 0xff, 0x63, 0xc2, 0xff, 0xff, 0x61, 0xbe, 0xff, 0xff,
  0x5f, 0xbc, 0xff, 0xfd, 0x60, 0xbb, 0xff, 0xfb, 0x5f, 0xbb, 0xff, 0xfb, 0x5f, 0xbb, 0xff, 0xfc,
  0x5f, 0xbb, 0xff, 0xfc, 0x5e, 0xba, 0xff, 0xfc, 0x69, 0xc1, 0xfd, 0xfc, 0x77, 0xc9, 0xfb, 0xfc,
  0x76, 0xc8, 0xfc, 0xff, 0x76, 0xc8, 0xfc, 0xff, 0x76, 0xc8, 0xfc, 0xff, 0x76, 0xc8, 0xfc, 0xff,
  0x76, 0xc8, 0xfc, 0xff, 0x76, 0xc8, 0xfc, 0xff, 0x76, 0xc8, 0xfc, 0xff, 0x76, 0xc8, 0xfc, 0xff,
  0x75, 0xc7, 0xfc, 0xff, 0x82, 0xd5, 0xfe, 0xff, 0x8a, 0xdc, 0xff, 0xff, 0x89, 0xdb, 0xff, 0xff,
  0x89, 0xdb, 0xff, 0xff, 0x89, 0xdb, 0xff, 0xff, 0x8a, 0xdc, 0xff, 0xff, 0x7c, 0xce, 0xfd, 0xfe,
  0x76, 0xc8, 0xfb, 0xfc, 0x6a, 0xc2, 0xfd, 0xfc, 0x5e, 0xba, 0xff, 0xfc, 0x5f, 0xbb, 0xff, 0xfc,
  0x5f, 0xbb, 0xff, 0xfc, 0x5f, 0xbb, 0xff, 0xfb, 0x60, 0xbb, 0xff, 0xfb, 0x5f, 0xbc, 0xff, 0xfd,
  0x61, 0xbe, 0xff, 0xff, 0x63, 0xc2, 0xff, 0xff, 0x64, 0xc3, 0xff, 0xff, 0x65, 0xc6, 0xff, 0xff,
  0x68, 0xcb, 0xff, 0xff, 0x64, 0xc4, 0xff, 0xff, 0x60, 0xbc, 0xff, 0xf3, 0x60, 0xbc, 0xff, 0xdf,
  0x61, 0xc0, 0xff, 0x9a, 0x61, 0xbd, 0xff, 0x71, 0x62, 0xbd, 0xff, 0x27, 0x00, 0xff, 0xff, 0x01,
  0x00, 0x00, 0x00, 0x00, 0x00, 0x00, 0x00, 0x00, 0x00, 0xff, 0xff, 0x01, 0x55, 0xff, 0xff, 0x03,
  0x00, 0xff, 0xff, 0x01, 0x00, 0x00, 0x00, 0x00, 0x00, 0x00, 0x00, 0x00, 0x00, 0x00, 0x00, 0x00,
  0x00, 0x00, 0x00, 0x00, 0x00, 0x00, 0x00, 0x00, 0x00, 0x00, 0x00, 0x00, 0x00, 0x00, 0x00, 0x00,
  0x00, 0x00, 0x00, 0x00, 0x00, 0x00, 0x00, 0x00, 0x00, 0x00, 0x00, 0x00, 0x00, 0x00, 0x00, 0x00,
  0x00, 0x00, 0x00, 0x00, 0x00, 0x00, 0x00, 0x00, 0x00, 0x00, 0x00, 0x00, 0x00, 0x00, 0x00, 0x00,
  0x00, 0x00, 0x00, 0x00, 0x00, 0x00, 0x00, 0x00, 0x00, 0x00, 0x00, 0x00, 0x00, 0x00, 0x00, 0x00,
  0x00, 0x00, 0x00, 0x00, 0x00, 0x00, 0x00, 0x00, 0x00, 0x00, 0x00, 0x00, 0x00, 0x00, 0x00, 0x00,
  0x00, 0x00, 0x00, 0x00, 0x00, 0x00, 0x00, 0x00, 0x7f, 0xff, 0xff, 0x02, 0x55, 0xff, 0xff, 0x03,
  0x00, 0x00, 0x00, 0x00, 0x00, 0x00, 0x00, 0x00, 0x00, 0x00, 0x00, 0x00, 0x00, 0x00, 0x00, 0x00,
  0x7f, 0xbf, 0xff, 0x04, 0x66, 0xbf, 0xff, 0x14, 0x61, 0xc0, 0xff, 0x49, 0x5f, 0xbb, 0xff, 0x6d,
  0x60, 0xbc, 0xff, 0x96, 0x61, 0xbd, 0xff, 0xc9, 0x60, 0xbb, 0xff, 0xdc, 0x5f, 0xbb, 0xff, 0xf3,
  0x64, 0xc3, 0xff, 0xff, 0x66, 0xc8, 0xff, 0xff, 0x66, 0xc8, 0xff, 0xff, 0x66, 0xc7, 0xff, 0xff,
  0x65, 0xc7, 0xff, 0xff, 0x65, 0xc6, 0xff, 0xff, 0x66, 0xc7, 0xff, 0xff, 0x78, 0xd0, 0xff, 0xff,
  0x76, 0xc8, 0xfb, 0xfe, 0x75, 0xc7, 0xfb, 0xfe, 0x76, 0xc8, 0xfc, 0xff, 0x76, 0xc8, 0xfc, 0xff,
  0x76, 0xc8, 0xfc, 0xff, 0x76, 0xc8, 0xfc, 0xff, 0x76, 0xc8, 0xfc, 0xff, 0x76, 0xc8, 0xfc, 0xff,
  0x75, 0xc7, 0xfc, 0xff, 0x82, 0xd4, 0xfe, 0xff, 0x8a, 0xdc, 0xff, 0xff, 0x89, 0xdb, 0xff, 0xff,
  0x89, 0xdb, 0xff, 0xff, 0x8b, 0xdd, 0xff, 0xff, 0x84, 0xd5, 0xfd, 0xfe, 0x77, 0xc8, 0xfc, 0xff,
  0x77, 0xcf, 0xff, 0xff, 0x66, 0xc6, 0xff, 0xff, 0x65, 0xc6, 0xff, 0xff, 0x65, 0xc7, 0xff, 0xff,
  0x66, 0xc7, 0xff, 0xff, 0x66, 0xc8, 0xff, 0xff, 0x66, 0xc8, 0xff, 0xff, 0x64, 0xc3, 0xff, 0xff,
  0x60, 0xbb, 0xff, 0xf3, 0x60, 0xbc, 0xff, 0xdb, 0x61, 0xbd, 0xff, 0xd1, 0x60, 0xbc, 0xff, 0xa6,
  0x5f, 0xbc, 0xff, 0x70, 0x61, 0xbd, 0xff, 0x56, 0x61, 0xc2, 0xff, 0x15, 0x55, 0xc6, 0xff, 0x09,
  0x00, 0x00, 0x00, 0x00, 0x00, 0x00, 0x00, 0x00, 0x00, 0x00, 0x00, 0x00, 0x00, 0x00, 0x00, 0x00,
  0x55, 0xff, 0xff, 0x03, 0x7f, 0xff, 0xff, 0x02, 0x00, 0x00, 0x00, 0x00, 0x00, 0x00, 0x00, 0x00,
  0x00, 0x00, 0x00, 0x00, 0x00, 0x00, 0x00, 0x00, 0x00, 0x00, 0x00, 0x00, 0x00, 0x00, 0x00, 0x00,
  0x00, 0x00, 0x00, 0x00, 0x00, 0x00, 0x00, 0x00, 0x00, 0x00, 0x00, 0x00, 0x00, 0x00, 0x00, 0x00,
  0x00, 0x00, 0x00, 0x00, 0x00, 0x00, 0x00, 0x00, 0x00, 0x00, 0x00, 0x00, 0x00, 0x00, 0x00, 0x00,
  0x00, 0x00, 0x00, 0x00, 0x00, 0x00, 0x00, 0x00, 0x00, 0x00, 0x00, 0x00, 0x00, 0x00, 0x00, 0x00,
  0x00, 0x00, 0x00, 0x00, 0x00, 0x00, 0x00, 0x00, 0x00, 0x00, 0x00, 0x00, 0x00, 0x00, 0x00, 0x00,
  0x00, 0x00, 0x00, 0x00, 0x00, 0x00, 0x00, 0x00, 0x00, 0x00, 0x00, 0x00, 0x00, 0x00, 0x00, 0x00,
  0x00, 0x00, 0x00, 0x00, 0x00, 0x00, 0x00, 0x00, 0x00, 0x00, 0x00, 0x00, 0x00, 0x00, 0x00, 0x00,
  0x00, 0x00, 0xff, 0x01, 0x7f, 0x7f, 0xff, 0x02, 0x3f, 0xbf, 0xff, 0x04, 0x7f, 0xbf, 0xff, 0x04,
  0x00, 0x00, 0x00, 0x00, 0x00, 0x00, 0x00, 0x00, 0x00, 0x00, 0x00, 0x00, 0x00, 0x00, 0x00, 0x00,
  0x00, 0x00, 0x00, 0x00, 0x00, 0x00, 0x00, 0x00, 0x00, 0xff, 0xff, 0x01, 0x5e, 0xbd, 0xff, 0x23,
  0x62, 0xc2, 0xff, 0x43, 0x60, 0xbe, 0xff, 0x4f, 0x5f, 0xbe, 0xff, 0x66, 0x60, 0xbe, 0xff, 0x8e,
  0x61, 0xbd, 0xff, 0xa7, 0x61, 0xbd, 0xff, 0xb7, 0x5f, 0xbb, 0xff, 0xc0, 0x67, 0xc0, 0xff, 0xc7,
  0x78, 0xcb, 0xff, 0xff, 0x78, 0xcc, 0xff, 0xff, 0x75, 0xc8, 0xfb, 0xfc, 0x76, 0xc8, 0xfc, 0xff,
  0x76, 0xc8, 0xfc, 0xff, 0x76, 0xc8, 0xfc, 0xff, 0x76, 0xc8, 0xfc, 0xff, 0x76, 0xc8, 0xfc, 0xff,
  0x75, 0xc7, 0xfc, 0xff, 0x7b, 0xcd, 0xfd, 0xff, 0x89, 0xdb, 0xff, 0xff, 0x8a, 0xdc, 0xff, 0xff,
  0x8a, 0xdc, 0xff, 0xff, 0x83, 0xd5, 0xfd, 0xfc, 0x79, 0xcc, 0xfe, 0xff, 0x76, 0xc8, 0xfc, 0xff,
  0x67, 0xbf, 0xff, 0xc6, 0x5f, 0xbb, 0xff, 0xc0, 0x61, 0xbd, 0xff, 0xb7, 0x61, 0xbd, 0xff, 0xa7,
  0x60, 0xbc, 0xff, 0x8e, 0x5f, 0xbe, 0xff, 0x66, 0x60, 0xbe, 0xff, 0x4f, 0x62, 0xc2, 0xff, 0x43,
  0x66, 0xbd, 0xff, 0x23, 0x00, 0xff, 0xff, 0x01, 0x00, 0x00, 0x00, 0x00, 0x00, 0x00, 0x00, 0x00,
  0x00, 0x00, 0x00, 0x00, 0x00, 0x00, 0x00, 0x00, 0x00, 0x00, 0x00, 0x00, 0x00, 0x00, 0x00, 0x00,
  0x3f, 0xbf, 0xff, 0x04, 0x3f, 0xbf, 0xff, 0x04, 0x7f, 0x7f, 0xff, 0x02, 0x00, 0x00, 0xff, 0x01,
  0x00, 0x00, 0x00, 0x00, 0x00, 0x00, 0x00, 0x00, 0x00, 0x00, 0x00, 0x00, 0x00, 0x00, 0x00, 0x00,
  0x00, 0x00, 0x00, 0x00, 0x00, 0x00, 0x00, 0x00, 0x00, 0x00, 0x00, 0x00, 0x00, 0x00, 0x00, 0x00,
  0x00, 0x00, 0x00, 0x00, 0x00, 0x00, 0x00, 0x00, 0x00, 0x00, 0x00, 0x00, 0x00, 0x00, 0x00, 0x00,
  0x00, 0x00, 0x00, 0x00, 0x00, 0x00, 0x00, 0x00, 0x00, 0x00, 0x00, 0x00, 0x00, 0x00, 0x00, 0x00,
  0x00, 0x00, 0x00, 0x00, 0x00, 0x00, 0x00, 0x00, 0x00, 0x00, 0x00, 0x00, 0x00, 0x00, 0x00, 0x00,
  0x00, 0x00, 0x00, 0x00, 0x00, 0x00, 0x00, 0x00, 0x00, 0x00, 0x00, 0x00, 0x00, 0x00, 0x00, 0x00,
  0x00, 0x00, 0x00, 0x00, 0x00, 0x00, 0x00, 0x00, 0x00, 0x00, 0x00, 0x00, 0x00, 0x00, 0x00, 0x00,
  0x00, 0x00, 0x00, 0x00, 0x00, 0x00, 0x00, 0x00, 0x00, 0x00, 0x00, 0x00, 0x00, 0x00, 0x00, 0x00,
  0x00, 0x00, 0x00, 0x00, 0x00, 0x00, 0x00, 0x00, 0x00, 0x00, 0x00, 0x00, 0x00, 0x00, 0x00, 0x00,
  0x00, 0xff, 0xff, 0x01, 0x00, 0xff, 0xff, 0x01, 0x55, 0xaa, 0xff, 0x03, 0x7f, 0xbf, 0xff, 0x04,
  0x55, 0xaa, 0xff, 0x03, 0x00, 0x00, 0xff, 0x01, 0x00, 0x00, 0x00, 0x00, 0x00, 0x00, 0x00, 0x00,
  0x00, 0x00, 0x00, 0x00, 0x00, 0x00, 0x00, 0x00, 0x00, 0x00, 0x00, 0x00, 0x00, 0x00, 0x00, 0x00,
  0x00, 0x00, 0x00, 0x00, 0x00, 0x00, 0x00, 0x00, 0x00, 0x00, 0x00, 0x00, 0x00, 0x00, 0x00, 0x00,
  0x74, 0xc8, 0xfc, 0x5e, 0x7a, 0xd0, 0xfd, 0xf5, 0x7a, 0xcf, 0xff, 0xff, 0x75, 0xc7, 0xfb, 0xfb,
  0x75, 0xc7, 0xfb, 0xfd, 0x76, 0xc8, 0xfb, 0xfe, 0x76, 0xc8, 0xfc, 0xff, 0x76, 0xc8, 0xfc, 0xff,
  0x76, 0xc8, 0xfc, 0xff, 0x75, 0xc7, 0xfc, 0xff, 0x7b, 0xcc, 0xfc, 0xfe, 0x80, 0xd1, 0xfd, 0xfd,
  0x7b, 0xce, 0xfc, 0xfa, 0x7a, 0xcf, 0xff, 0xff, 0x79, 0xce, 0xfd, 0xfa, 0x73, 0xc7, 0xfc, 0x58,
  0x00, 0x00, 0x00, 0x00, 0x00, 0x00, 0x00, 0x00, 0x00, 0x00, 0x00, 0x00, 0x00, 0x00, 0x00, 0x00,
  0x00, 0x00, 0x00, 0x00, 0x00, 0x00, 0x00, 0x00, 0x00, 0x00, 0x00, 0x00, 0x00, 0x00, 0x00, 0x00,
  0x00, 0x00, 0x00, 0x00, 0x00, 0x00, 0x00, 0x00, 0x00, 0x00, 0x00, 0x00, 0x7f, 0xff, 0xff, 0x02,
  0x7f, 0xbf, 0xff, 0x04, 0x3f, 0xbf, 0xff, 0x04, 0x00, 0xff, 0xff, 0x01, 0x00, 0xff, 0xff, 0x01,
  0x00, 0x00, 0x00, 0x00, 0x00, 0x00, 0x00, 0x00, 0x00, 0x00, 0x00, 0x00, 0x00, 0x00, 0x00, 0x00,
  0x00, 0x00, 0x00, 0x00, 0x00, 0x00, 0x00, 0x00, 0x00, 0x00, 0x00, 0x00, 0x00, 0x00, 0x00, 0x00,
  0x00, 0x00, 0x00, 0x00, 0x00, 0x00, 0x00, 0x00, 0x00, 0x00, 0x00, 0x00, 0x00, 0x00, 0x00, 0x00,
  0x00, 0x00, 0x00, 0x00, 0x00, 0x00, 0x00, 0x00, 0x00, 0x00, 0x00, 0x00, 0x00, 0x00, 0x00, 0x00,
  0x00, 0x00, 0x00, 0x00, 0x00, 0x00, 0x00, 0x00, 0x00, 0x00, 0x00, 0x00, 0x00, 0x00, 0x00, 0x00,
  0x00, 0x00, 0x00, 0x00, 0x00, 0x00, 0x00, 0x00, 0x00, 0x00, 0x00, 0x00, 0x00, 0x00, 0x00, 0x00,
  0x00, 0x00, 0x00, 0x00, 0x00, 0x00, 0x00, 0x00, 0x00, 0x00, 0x00, 0x00, 0x00, 0x00, 0x00, 0x00,
  0x00, 0x00, 0x00, 0x00, 0x00, 0x00, 0x00, 0x00, 0x00, 0x00, 0x00, 0x00, 0x00, 0x00, 0x00, 0x00,
  0x00, 0x00, 0x00, 0x00, 0x00, 0x00, 0x00, 0x00, 0x00, 0x00, 0x00, 0x00, 0x00, 0x00, 0x00, 0x00,
  0x00, 0x00, 0x00, 0x00, 0x00, 0x00, 0x00, 0x00, 0x00, 0x00, 0x00, 0x00, 0x00, 0x00, 0x00, 0x00,
  0x00, 0x00, 0x00, 0x00, 0x00, 0x00, 0x00, 0x00, 0x00, 0x00, 0x00, 0x00, 0x00, 0x00, 0x00, 0x00,
  0x00, 0x00, 0x00, 0x00, 0x00, 0x00, 0x00, 0x00, 0x00, 0x00, 0x00, 0x00, 0x7f, 0x7f, 0xff, 0x02,
  0x55, 0xaa, 0xff, 0x03, 0x3f, 0xbf, 0xff, 0x04, 0x55, 0xff, 0xff, 0x03, 0x55, 0xaa, 0xff, 0x03,
  0x55, 0xaa, 0xff, 0x03, 0x55, 0xaa, 0xff, 0x03, 0x55, 0xaa, 0xff, 0x03, 0x55, 0xaa, 0xff, 0x03,
  0x00, 0x00, 0x00, 0x00, 0x72, 0xc5, 0xfa, 0x3a, 0x77, 0xca, 0xfd, 0xd6, 0x7f, 0xd7, 0xff, 0xff,
  0x7a, 0xcf, 0xff, 0xff, 0x76, 0xc8, 0xfd, 0xff, 0x76, 0xc8, 0xfb, 0xfc, 0x75, 0xc7, 0xfb, 0xfc,
  0x76, 0xc7, 0xfb, 0xfc, 0x76, 0xc7, 0xfb, 0xfc, 0x75, 0xc7, 0xfc, 0xff, 0x79, 0xcd, 0xff, 0xff,
  0x7e, 0xd6, 0xff, 0xff, 0x78, 0xcd, 0xfd, 0xd5, 0x75, 0xc6, 0xfa, 0x3f, 0x00, 0x00, 0x00, 0x00,
  0xaa, 0xaa, 0xff, 0x03, 0x55, 0xaa, 0xff, 0x03, 0x55, 0xaa, 0xff, 0x03, 0x55, 0xaa, 0xff, 0x03,
  0x55, 0xaa, 0xff, 0x03, 0x55, 0xff, 0xff, 0x03, 0x3f, 0xbf, 0xff, 0x04, 0x55, 0xaa, 0xff, 0x03,
  0x7f, 0x7f, 0xff, 0x02, 0x00, 0x00, 0x00, 0x00, 0x00, 0x00, 0x00, 0x00, 0x00, 0x00, 0x00, 0x00,
  0x00, 0x00, 0x00, 0x00, 0x00, 0x00, 0x00, 0x00, 0x00, 0x00, 0x00, 0x00, 0x00, 0x00, 0x00, 0x00,
  0x00, 0x00, 0x00, 0x00, 0x00, 0x00, 0x00, 0x00, 0x00, 0x00, 0x00, 0x00, 0x00, 0x00, 0x00, 0x00,
  0x00, 0x00, 0x00, 0x00, 0x00, 0x00, 0x00, 0x00, 0x00, 0x00, 0x00, 0x00, 0x00, 0x00, 0x00, 0x00,
  0x00, 0x00, 0x00, 0x00, 0x00, 0x00, 0x00, 0x00, 0x00, 0x00, 0x00, 0x00, 0x00, 0x00, 0x00, 0x00,
  0x00, 0x00, 0x00, 0x00, 0x00, 0x00, 0x00, 0x00, 0x00, 0x00, 0x00, 0x00, 0x00, 0x00, 0x00, 0x00,
  0x00, 0x00, 0x00, 0x00, 0x00, 0x00, 0x00, 0x00, 0x00, 0x00, 0x00, 0x00, 0x00, 0x00, 0x00, 0x00,
  0x00, 0x00, 0x00, 0x00, 0x00, 0x00, 0x00, 0x00, 0x00, 0x00, 0x00, 0x00, 0x00, 0x00, 0x00, 0x00,
  0x00, 0x00, 0x00, 0x00, 0x00, 0x00, 0x00, 0x00, 0x00, 0x00, 0x00, 0x00, 0x00, 0x00, 0x00, 0x00,
  0x00, 0x00, 0x00, 0x00, 0x00, 0x00, 0x00, 0x00, 0x00, 0x00, 0x00, 0x00, 0x00, 0x00, 0x00, 0x00,
  0x00, 0x00, 0x00, 0x00, 0x00, 0x00, 0x00, 0x00, 0x00, 0x00, 0x00, 0x00, 0x00, 0x00, 0x00, 0x00,
  0x00, 0x00, 0x00, 0x00, 0x00, 0x00, 0x00, 0x00, 0x00, 0x00, 0x00, 0x00, 0x00, 0x00, 0x00, 0x00,
  0x00, 0x00, 0x00, 0x00, 0x00, 0x00, 0x00, 0x00, 0x00, 0x00, 0x00, 0x00, 0x00, 0x00, 0x00, 0x00,
  0x00, 0x00, 0x00, 0x00, 0x00, 0x00, 0x00, 0x00, 0x00, 0x00, 0x00, 0x00, 0x00, 0x00, 0x00, 0x00,
  0x00, 0x00, 0x00, 0x00, 0x00, 0x00, 0x00, 0x00, 0x00, 0x00, 0x00, 0x00, 0x00, 0x00, 0x00, 0x00,
  0x00, 0x00, 0x00, 0x00, 0x00, 0x00, 0x00, 0x00, 0x00, 0x00, 0x00, 0x00, 0x00, 0x00, 0x00, 0x00,
  0xaa, 0xff, 0xff, 0x03, 0x00, 0x00, 0x00, 0x00, 0x6f, 0xbf, 0xff, 0x10, 0x77, 0xca, 0xfc, 0x6f,
  0x76, 0xc8, 0xfc, 0xd3, 0x76, 0xc9, 0xfc, 0xfc, 0x7c, 0xd3, 0xff, 0xff, 0x7d, 0xd4, 0xff, 0xff,
  0x7d, 0xd4, 0xff, 0xff, 0x7d, 0xd4, 0xff, 0xff, 0x76, 0xc8, 0xfc, 0xfd, 0x76, 0xca, 0xfd, 0xd9,
  0x77, 0xc9, 0xfc, 0x73, 0x75, 0xc4, 0xff, 0x0d, 0x00, 0x00, 0x00, 0x00, 0x55, 0xaa, 0xff, 0x03,
  0x00, 0x00, 0x00, 0x00, 0x00, 0x00, 0x00, 0x00, 0x00, 0x00, 0x00, 0x00, 0x00, 0x00, 0x00, 0x00,
  0x00, 0x00, 0x00, 0x00, 0x00, 0x00, 0x00, 0x00, 0x00, 0x00, 0x00, 0x00, 0x00, 0x00, 0x00, 0x00,
  0x00, 0x00, 0x00, 0x00, 0x00, 0x00, 0x00, 0x00, 0x00, 0x00, 0x00, 0x00, 0x00, 0x00, 0x00, 0x00,
  0x00, 0x00, 0x00, 0x00, 0x00, 0x00, 0x00, 0x00, 0x00, 0x00, 0x00, 0x00, 0x00, 0x00, 0x00, 0x00,
  0x00, 0x00, 0x00, 0x00, 0x00, 0x00, 0x00, 0x00, 0x00, 0x00, 0x00, 0x00, 0x00, 0x00, 0x00, 0x00,
  0x00, 0x00, 0x00, 0x00, 0x00, 0x00, 0x00, 0x00, 0x00, 0x00, 0x00, 0x00, 0x00, 0x00, 0x00, 0x00,
  0x00, 0x00, 0x00, 0x00, 0x00, 0x00, 0x00, 0x00, 0x00, 0x00, 0x00, 0x00, 0x00, 0x00, 0x00, 0x00,
  0x00, 0x00, 0x00, 0x00, 0x00, 0x00, 0x00, 0x00, 0x00, 0x00, 0x00, 0x00, 0x00, 0x00, 0x00, 0x00,
  0x00, 0x00, 0x00, 0x00, 0x00, 0x00, 0x00, 0x00, 0x00, 0x00, 0x00, 0x00, 0x00, 0x00, 0x00, 0x00,
  0x00, 0x00, 0x00, 0x00, 0x00, 0x00, 0x00, 0x00, 0x00, 0x00, 0x00, 0x00, 0x00, 0x00, 0x00, 0x00,
  0x00, 0x00, 0x00, 0x00, 0x00, 0x00, 0x00, 0x00, 0x00, 0x00, 0x00, 0x00, 0x00, 0x00, 0x00, 0x00,
  0x00, 0x00, 0x00, 0x00, 0x00, 0x00, 0x00, 0x00, 0x00, 0x00, 0x00, 0x00, 0x00, 0x00, 0x00, 0x00,
  0x00, 0x00, 0x00, 0x00, 0x00, 0x00, 0x00, 0x00, 0x00, 0x00, 0x00, 0x00, 0x00, 0x00, 0x00, 0x00,
  0x00, 0x00, 0x00, 0x00, 0x00, 0x00, 0x00, 0x00, 0x00, 0x00, 0x00, 0x00, 0x00, 0x00, 0x00, 0x00,
  0x00, 0x00, 0x00, 0x00, 0x00, 0x00, 0x00, 0x00, 0x00, 0x00, 0x00, 0x00, 0x00, 0x00, 0x00, 0x00,
  0x00, 0x00, 0x00, 0x00, 0x00, 0x00, 0x00, 0x00, 0x00, 0x00, 0x00, 0x00, 0x00, 0x00, 0x00, 0x00,
  0x00, 0x00, 0x00, 0x00, 0x00, 0x00, 0x00, 0x00, 0x00, 0x00, 0x00, 0x00, 0x00, 0x00, 0x00, 0x00,
  0x00, 0x00, 0x00, 0x00, 0x00, 0x00, 0x00, 0x00, 0x00, 0x00, 0x00, 0x00, 0x00, 0x00, 0x00, 0x00,
  0x00, 0x00, 0x00, 0x00, 0x55, 0xaa, 0xff, 0x03, 0x00, 0x00, 0x00, 0x00, 0x00, 0x00, 0x00, 0x00,
  0x7f, 0xbf, 0xff, 0x04, 0x74, 0xc9, 0xf9, 0x30, 0x77, 0xc9, 0xfc, 0x5a, 0x76, 0xc8, 0xfa, 0x79,
  0x75, 0xc9, 0xfc, 0x77, 0x78, 0xc8, 0xff, 0x59, 0x75, 0xc9, 0xfa, 0x34, 0x55, 0xaa, 0xff, 0x06,
  0x00, 0x00, 0x00, 0x00, 0x00, 0x00, 0x00, 0x00, 0x55, 0xaa, 0xff, 0x03, 0x00, 0x00, 0x00, 0x00,
  0x00, 0x00, 0x00, 0x00, 0x00, 0x00, 0x00, 0x00, 0x00, 0x00, 0x00, 0x00, 0x00, 0x00, 0x00, 0x00,
  0x00, 0x00, 0x00, 0x00, 0x00, 0x00, 0x00, 0x00, 0x00, 0x00, 0x00, 0x00, 0x00, 0x00, 0x00, 0x00,
  0x00, 0x00, 0x00, 0x00, 0x00, 0x00, 0x00, 0x00, 0x00, 0x00, 0x00, 0x00, 0x00, 0x00, 0x00, 0x00,
  0x00, 0x00, 0x00, 0x00, 0x00, 0x00, 0x00, 0x00, 0x00, 0x00, 0x00, 0x00, 0x00, 0x00, 0x00, 0x00,
  0x00, 0x00, 0x00, 0x00, 0x00, 0x00, 0x00, 0x00, 0x00, 0x00, 0x00, 0x00, 0x00, 0x00, 0x00, 0x00,
  0x00, 0x00, 0x00, 0x00, 0x00, 0x00, 0x00, 0x00, 0x00, 0x00, 0x00, 0x00, 0x00, 0x00, 0x00, 0x00,
  0x00, 0x00, 0x00, 0x00, 0x00, 0x00, 0x00, 0x00, 0x00, 0x00, 0x00, 0x00, 0x00, 0x00, 0x00, 0x00,
  0x00, 0x00, 0x00, 0x00, 0x00, 0x00, 0x00, 0x00, 0x00, 0x00, 0x00, 0x00, 0x00, 0x00, 0x00, 0x00,
  0x00, 0x00, 0x00, 0x00, 0x00, 0x00, 0x00, 0x00, 0x00, 0x00, 0x00, 0x00, 0x00, 0x00, 0x00, 0x00,
  0x00, 0x00, 0x00, 0x00, 0x00, 0x00, 0x00, 0x00, 0x00, 0x00, 0x00, 0x00, 0x00, 0x00, 0x00, 0x00,
  0x00, 0x00, 0x00, 0x00, 0x00, 0x00, 0x00, 0x00, 0x00, 0x00, 0x00, 0x00, 0x00, 0x00, 0x00, 0x00,
  0x00, 0x00, 0x00, 0x00, 0x00, 0x00, 0x00, 0x00, 0x00, 0x00, 0x00, 0x00, 0x00, 0x00, 0x00, 0x00,
  0x00, 0x00, 0x00, 0x00, 0x00, 0x00, 0x00, 0x00, 0x00, 0x00, 0x00, 0x00, 0x00, 0x00, 0x00, 0x00,
  0x00, 0x00, 0x00, 0x00, 0x00, 0x00, 0x00, 0x00, 0x00, 0x00, 0x00, 0x00, 0x00, 0x00, 0x00, 0x00,
  0x00, 0x00, 0x00, 0x00, 0x00, 0x00, 0x00, 0x00, 0x00, 0x00, 0x00, 0x00, 0x00, 0x00, 0x00, 0x00,
  0x00, 0x00, 0x00, 0x00, 0x00, 0x00, 0x00, 0x00, 0x00, 0x00, 0x00, 0x00, 0x00, 0x00, 0x00, 0x00,
  0x00, 0x00, 0x00, 0x00, 0x00, 0x00, 0x00, 0x00, 0x00, 0x00, 0x00, 0x00, 0x00, 0x00, 0x00, 0x00,
  0x00, 0x00, 0x00, 0x00, 0x00, 0x00, 0x00, 0x00, 0x00, 0x00, 0x00, 0x00, 0x00, 0x00, 0x00, 0x00,
  0x00, 0x00, 0x00, 0x00, 0x00, 0x00, 0x00, 0x00, 0x00, 0xff, 0xff, 0x01, 0xaa, 0xff, 0xff, 0x03,
  0x00, 0x00, 0x00, 0x00, 0x00, 0x00, 0x00, 0x00, 0x00, 0x00, 0x00, 0x00, 0x00, 0x00, 0x00, 0x00,
  0x00, 0x00, 0x00, 0x00, 0x00, 0x00, 0x00, 0x00, 0x00, 0x00, 0x00, 0x00, 0x00, 0x00, 0x00, 0x00,
  0x7f, 0xbf, 0xbf, 0x04, 0x00, 0xff, 0xff, 0x01, 0x00, 0x00, 0x00, 0x00, 0x00, 0x00, 0x00, 0x00,
  0x00, 0x00, 0x00, 0x00, 0x00, 0x00, 0x00, 0x00, 0x00, 0x00, 0x00, 0x00, 0x00, 0x00, 0x00, 0x00,
  0x00, 0x00, 0x00, 0x00, 0x00, 0x00, 0x00, 0x00, 0x00, 0x00, 0x00, 0x00, 0x00, 0x00, 0x00, 0x00,
  0x00, 0x00, 0x00, 0x00, 0x00, 0x00, 0x00, 0x00, 0x00, 0x00, 0x00, 0x00, 0x00, 0x00, 0x00, 0x00,
  0x00, 0x00, 0x00, 0x00, 0x00, 0x00, 0x00, 0x00, 0x00, 0x00, 0x00, 0x00, 0x00, 0x00, 0x00, 0x00,
  0x00, 0x00, 0x00, 0x00, 0x00, 0x00, 0x00, 0x00, 0x00, 0x00, 0x00, 0x00, 0x00, 0x00, 0x00, 0x00,
  0x00, 0x00, 0x00, 0x00, 0x00, 0x00, 0x00, 0x00, 0x00, 0x00, 0x00, 0x00, 0x00, 0x00, 0x00, 0x00,
  0x00, 0x00, 0x00, 0x00, 0x00, 0x00, 0x00, 0x00, 0x00, 0x00, 0x00, 0x00, 0x00, 0x00, 0x00, 0x00,
  0x00, 0x00, 0x00, 0x00, 0x00, 0x00, 0x00, 0x00, 0x00, 0x00, 0x00, 0x00, 0x00, 0x00, 0x00, 0x00,
  0x00, 0x00, 0x00, 0x00, 0x00, 0x00, 0x00, 0x00, 0x00, 0x00, 0x00, 0x00, 0x00, 0x00, 0x00, 0x00,
  0x00, 0x00, 0x00, 0x00, 0x00, 0x00, 0x00, 0x00, 0x00, 0x00, 0x00, 0x00, 0x00, 0x00, 0x00, 0x00,
  0x00, 0x00, 0x00, 0x00, 0x00, 0x00, 0x00, 0x00, 0x00, 0x00, 0x00, 0x00, 0x00, 0x00, 0x00, 0x00,
  0x00, 0x00, 0x00, 0x00, 0x00, 0x00, 0x00, 0x00, 0x00, 0x00, 0x00, 0x00, 0x00, 0x00, 0x00, 0x00,
  0x00, 0x00, 0x00, 0x00, 0x00, 0x00, 0x00, 0x00, 0x00, 0x00, 0x00, 0x00, 0x00, 0x00, 0x00, 0x00,
  0x00, 0x00, 0x00, 0x00, 0x00, 0x00, 0x00, 0x00, 0x00, 0x00, 0x00, 0x00, 0x00, 0x00, 0x00, 0x00,
  0x00, 0x00, 0x00, 0x00, 0x00, 0x00, 0x00, 0x00, 0x00, 0x00, 0x00, 0x00, 0x00, 0x00, 0x00, 0x00,
  0x00, 0x00, 0x00, 0x00, 0x00, 0x00, 0x00, 0x00, 0x00, 0x00, 0x00, 0x00, 0x00, 0x00, 0x00, 0x00,
  0x00, 0x00, 0x00, 0x00, 0x00, 0x00, 0x00, 0x00, 0x00, 0x00, 0x00, 0x00, 0x00, 0x00, 0x00, 0x00,
  0x00, 0x00, 0x00, 0x00, 0x00, 0x00, 0x00, 0x00, 0x00, 0x00, 0x00, 0x00, 0x00, 0x00, 0x00, 0x00,
  0x00, 0x00, 0x00, 0x00, 0x00, 0x00, 0x00, 0x00, 0x00, 0x00, 0x00, 0x00, 0x00, 0x00, 0x00, 0x00,
  0x00, 0x00, 0xff, 0x01, 0x7f, 0xff, 0xff, 0x02, 0xaa, 0xff, 0xff, 0x03, 0xaa, 0xff, 0xff, 0x03,
  0xaa, 0xff, 0xff, 0x03, 0xaa, 0xff, 0xff, 0x03, 0x7f, 0xff, 0xff, 0x02, 0x00, 0xff, 0xff, 0x01,
  0x00, 0x00, 0x00, 0x00, 0x00, 0x00, 0x00, 0x00, 0x00, 0x00, 0x00, 0x00, 0x00, 0x00, 0x00, 0x00,
  0x00, 0x00, 0x00, 0x00, 0x00, 0x00, 0x00, 0x00, 0x00, 0x00, 0x00, 0x00, 0x00, 0x00, 0x00, 0x00,
  0x00, 0x00, 0x00, 0x00, 0x00, 0x00, 0x00, 0x00, 0x00, 0x00, 0x00, 0x00, 0x00, 0x00, 0x00, 0x00,
  0x00, 0x00, 0x00, 0x00, 0x00, 0x00, 0x00, 0x00, 0x00, 0x00, 0x00, 0x00, 0x00, 0x00, 0x00, 0x00,
  0x00, 0x00, 0x00, 0x00, 0x00, 0x00, 0x00, 0x00, 0x00, 0x00, 0x00, 0x00, 0x00, 0x00, 0x00, 0x00,
  0x00, 0x00, 0x00, 0x00, 0x00, 0x00, 0x00, 0x00, 0x00, 0x00, 0x00, 0x00, 0x00, 0x00, 0x00, 0x00,
  0x00, 0x00, 0x00, 0x00, 0x00, 0x00, 0x00, 0x00, 0x00, 0x00, 0x00, 0x00, 0x00, 0x00, 0x00, 0x00,
  0x00, 0x00, 0x00, 0x00, 0x00, 0x00, 0x00, 0x00, 0x00, 0x00, 0x00, 0x00, 0x00, 0x00, 0x00, 0x00,
  0x00, 0x00, 0x00, 0x00, 0x00, 0x00, 0x00, 0x00, 0x00, 0x00, 0x00, 0x00, 0x00, 0x00, 0x00, 0x00,
  0x00, 0x00, 0x00, 0x00, 0x00, 0x00, 0x00, 0x00, 0x00, 0x00, 0x00, 0x00, 0x00, 0x00, 0x00, 0x00,
  0x00, 0x00, 0x00, 0x00, 0x00, 0x00, 0x00, 0x00, 0x00, 0x00, 0x00, 0x00, 0x00, 0x00, 0x00, 0x00,
  0x00, 0x00, 0x00, 0x00, 0x00, 0x00, 0x00, 0x00, 0x00, 0x00, 0x00, 0x00, 0x00, 0x00, 0x00, 0x00,
  0x00, 0x00, 0x00, 0x00, 0x00, 0x00, 0x00, 0x00, 0x00, 0x00, 0x00, 0x00, 0x00, 0x00, 0x00, 0x00,
  0x00, 0x00, 0x00, 0x00, 0x00, 0x00, 0x00, 0x00, 0x00, 0x00, 0x00, 0x00, 0x00, 0x00, 0x00, 0x00,
  0x00, 0x00, 0x00, 0x00, 0x00, 0x00, 0x00, 0x00, 0x00, 0x00, 0x00, 0x00, 0x00, 0x00, 0x00, 0x00,
  0x00, 0x00, 0x00, 0x00, 0x00, 0x00, 0x00, 0x00, 0x00, 0x00, 0x00, 0x00, 0x00, 0x00, 0x00, 0x00,
  0x00, 0x00, 0x00, 0x00, 0x00, 0x00, 0x00, 0x00, 0x00, 0x00, 0x00, 0x00, 0x00, 0x00, 0x00, 0x00,
  0x00, 0x00, 0x00, 0x00, 0x00, 0x00, 0x00, 0x00, 0x00, 0x00, 0x00, 0x00, 0x00, 0x00, 0x00, 0x00,
  0x00, 0x00, 0x00, 0x00, 0x00, 0x00, 0x00, 0x00, 0x00, 0x00, 0x00, 0x00, 0x00, 0x00, 0x00, 0x00,
  0x00, 0x00, 0x00, 0x00, 0x00, 0x00, 0x00, 0x00, 0x00, 0x00, 0x00, 0x00, 0x00, 0x00, 0x00, 0x00,
  0x00, 0x00, 0x00, 0x00, 0x00, 0x00, 0x00, 0x00, 0x00, 0x00, 0x00, 0x00, 0x00, 0x00, 0x00, 0x00,
  0x00, 0x00, 0x00, 0x00, 0x00, 0x00, 0x00, 0x00, 0x00, 0x00, 0x00, 0x00, 0x00, 0x00, 0x00, 0x00,
  0x00, 0x00, 0x00, 0x00, 0x00, 0x00, 0x00, 0x00, 0x00, 0x00, 0x00, 0x00, 0x00, 0x00, 0x00, 0x00,
  0x00, 0x00, 0x00, 0x00, 0x00, 0x00, 0x00, 0x00, 0x00, 0x00, 0x00, 0x00, 0x00, 0x00, 0x00, 0x00,
  0x00, 0x00, 0x00, 0x00, 0x00, 0x00, 0x00, 0x00, 0x00, 0x00, 0x00, 0x00, 0x00, 0x00, 0x00, 0x00,
  0x00, 0x00, 0x00, 0x00, 0x00, 0x00, 0x00, 0x00, 0x00, 0x00, 0x00, 0x00, 0x00, 0x00, 0x00, 0x00,
  0x00, 0x00, 0x00, 0x00, 0x00, 0x00, 0x00, 0x00, 0x00, 0x00, 0x00, 0x00, 0x00, 0x00, 0x00, 0x00,
  0x00, 0x00, 0x00, 0x00, 0x00, 0x00, 0x00, 0x00, 0x00, 0x00, 0x00, 0x00, 0x00, 0x00, 0x00, 0x00,
  0x00, 0x00, 0x00, 0x00, 0x00, 0x00, 0x00, 0x00, 0x00, 0x00, 0x00, 0x00, 0x00, 0x00, 0x00, 0x00,
  0x00, 0x00, 0x00, 0x00, 0x00, 0x00, 0x00, 0x00, 0x00, 0x00, 0x00, 0x00, 0x00, 0x00, 0x00, 0x00,
  0x00, 0x00, 0x00, 0x00, 0x00, 0x00, 0x00, 0x00, 0x00, 0x00, 0x00, 0x00, 0x00, 0x00, 0x00, 0x00,
  0x00, 0x00, 0x00, 0x00, 0x00, 0x00, 0x00, 0x00, 0x00, 0x00, 0x00, 0x00, 0x00, 0x00, 0x00, 0x00,
  0x00, 0x00, 0x00, 0x00, 0x00, 0x00, 0x00, 0x00, 0x00, 0x00, 0x00, 0x00, 0x00, 0x00, 0x00, 0x00,
  0x00, 0x00, 0x00, 0x00, 0x00, 0x00, 0x00, 0x00, 0x00, 0x00, 0x00, 0x00, 0x00, 0x00, 0x00, 0x00,
  0x00, 0x00, 0x00, 0x00, 0x00, 0x00, 0x00, 0x00, 0x00, 0x00, 0x00, 0x00, 0x00, 0x00, 0x00, 0x00,
  0x00, 0x00, 0x00, 0x00, 0x00, 0x00, 0x00, 0x00, 0x00, 0x00, 0x00, 0x00, 0x00, 0x00, 0x00, 0x00,
  0x00, 0x00, 0x00, 0x00, 0x00, 0x00, 0x00, 0x00, 0x00, 0x00, 0x00, 0x00, 0x00, 0x00, 0x00, 0x00,
  0x00, 0x00, 0x00, 0x00, 0x00, 0x00, 0x00, 0x00, 0x00, 0x00, 0x00, 0x00, 0x00, 0x00, 0x00, 0x00,
  0x00, 0x00, 0x00, 0x00, 0x00, 0x00, 0x00, 0x00, 0x00, 0x00, 0x00, 0x00, 0x00, 0x00, 0x00, 0x00,
  0x00, 0x00, 0x00, 0x00, 0x00, 0x00, 0x00, 0x00, 0x00, 0x00, 0x00, 0x00, 0x00, 0x00, 0x00, 0x00,
  0x00, 0x00, 0x00, 0x00, 0x00, 0x00, 0x00, 0x00, 0x00, 0x00, 0x00, 0x00, 0x00, 0x00, 0x00, 0x00,
  0x00, 0x00, 0x00, 0x00, 0x00, 0x00, 0x00, 0x00, 0x00, 0x00, 0x00, 0x00, 0x00, 0x00, 0x00, 0x00,
  0x00, 0x00, 0x00, 0x00, 0x00, 0x00, 0x00, 0x00, 0x00, 0x00, 0x00, 0x00, 0x00, 0x00, 0x00, 0x00,
  0x00, 0x00, 0x00, 0x00, 0x00, 0x00, 0x00, 0x00, 0x00, 0x00, 0x00, 0x00, 0x00, 0x00, 0x00, 0x00,
  0x00, 0x00, 0x00, 0x00, 0x00, 0x00, 0x00, 0x00, 0x00, 0x00, 0x00, 0x00, 0x00, 0x00, 0x00, 0x00,
  0x00, 0x00, 0x00, 0x00, 0x00, 0x00, 0x00, 0x00, 0x00, 0x00, 0x00, 0x00, 0x00, 0x00, 0x00, 0x00,
  0x00, 0x00, 0x00, 0x00, 0x00, 0x00, 0x00, 0x00, 0x00, 0x00, 0x00, 0x00, 0x00, 0x00, 0x00, 0x00,
  0x00, 0x00, 0x00, 0x00, 0x00, 0x00, 0x00, 0x00, 0x00, 0x00, 0x00, 0x00, 0x00, 0x00, 0x00, 0x00,
  0x00, 0x00, 0x00, 0x00, 0x00, 0x00, 0x00, 0x00, 0x00, 0x00, 0x00, 0x00, 0x00, 0x00, 0x00, 0x00,
  0x00, 0x00, 0x00, 0x00, 0x00, 0x00, 0x00, 0x00, 0x00, 0x00, 0x00, 0x00, 0x00, 0x00, 0x00, 0x00,
  0x00, 0x00, 0x00, 0x00, 0x00, 0x00, 0x00, 0x00, 0x00, 0x00, 0x00, 0x00, 0x00, 0x00, 0x00, 0x00,
  0x00, 0x00, 0x00, 0x00, 0x00, 0x00, 0x00, 0x00, 0x00, 0x00, 0x00, 0x00, 0x00, 0x00, 0x00, 0x00,
  0x00, 0x00, 0x00, 0x00, 0x00, 0x00, 0x00, 0x00, 0x00, 0x00, 0x00, 0x00, 0x00, 0x00, 0x00, 0x00,
  0x00, 0x00, 0x00, 0x00, 0x00, 0x00, 0x00, 0x00, 0x00, 0x00, 0x00, 0x00, 0x00, 0x00, 0x00, 0x00,
  0x00, 0x00, 0x00, 0x00, 0x00, 0x00, 0x00, 0x00, 0x00, 0x00, 0x00, 0x00, 0x00, 0x00, 0x00, 0x00,
  0x00, 0x00, 0x00, 0x00, 0x00, 0x00, 0x00, 0x00, 0x00, 0x00, 0x00, 0x00, 0x00, 0x00, 0x00, 0x00,
  0x00, 0x00, 0x00, 0x00, 0x00, 0x00, 0x00, 0x00, 0x00, 0x00, 0x00, 0x00, 0x00, 0x00, 0x00, 0x00,
  0x00, 0x00, 0x00, 0x00, 0x00, 0x00, 0x00, 0x00, 0x00, 0x00, 0x00, 0x00, 0x00, 0x00, 0x00, 0x00,
  0x00, 0x00, 0x00, 0x00, 0x00, 0x00, 0x00, 0x00, 0x00, 0x00, 0x00, 0x00, 0x00, 0x00, 0x00, 0x00,
  0x00, 0x00, 0x00, 0x00, 0x00, 0x00, 0x00, 0x00, 0x00, 0x00, 0x00, 0x00, 0x00, 0x00, 0x00, 0x00,
  0x00, 0x00, 0x00, 0x00, 0x00, 0x00, 0x00, 0x00, 0x00, 0x00, 0x00, 0x00, 0x00, 0x00, 0x00, 0x00,
  0x00, 0x00, 0x00, 0x00, 0x00, 0x00, 0x00, 0x00, 0x00, 0x00, 0x00, 0x00, 0x00, 0x00, 0x00, 0x00,
  0x00, 0x00, 0x00, 0x00, 0x00, 0x00, 0x00, 0x00, 0x00, 0x00, 0x00, 0x00, 0x00, 0x00, 0x00, 0x00,
  0x00, 0x00, 0x00, 0x00, 0x00, 0x00, 0x00, 0x00, 0x00, 0x00, 0x00, 0x00, 0x00, 0x00, 0x00, 0x00,
  0x00, 0x00, 0x00, 0x00, 0x00, 0x00, 0x00, 0x00, 0x00, 0x00, 0x00, 0x00, 0x00, 0x00, 0x00, 0x00,
  0x00, 0x00, 0x00, 0x00, 0x00, 0x00, 0x00, 0x00, 0x00, 0x00, 0x00, 0x00, 0x00, 0x00, 0x00, 0x00,
  0x00, 0x00, 0x00, 0x00, 0x00, 0x00, 0x00, 0x00, 0x00, 0x00, 0x00, 0x00, 0x00, 0x00, 0x00, 0x00,
  0x00, 0x00, 0x00, 0x00, 0x00, 0x00, 0x00, 0x00, 0x00, 0x00, 0x00, 0x00, 0x00, 0x00, 0x00, 0x00,
  0x00, 0x00, 0x00, 0x00, 0x00, 0x00, 0x00, 0x00, 0x00, 0x00, 0x00, 0x00, 0x00, 0x00, 0x00, 0x00,
  0x00, 0x00, 0x00, 0x00, 0x00, 0x00, 0x00, 0x00, 0x00, 0x00, 0x00, 0x00, 0x00, 0x00, 0x00, 0x00,
  0x00, 0x00, 0x00, 0x00, 0x00, 0x00, 0x00, 0x00, 0x00, 0x00, 0x00, 0x00, 0x00, 0x00, 0x00, 0x00,
  0x00, 0x00, 0x00, 0x00, 0x00, 0x00, 0x00, 0x00, 0x00, 0x00, 0x00, 0x00, 0x00, 0x00, 0x00, 0x00,
  0x00, 0x00, 0x00, 0x00, 0x00, 0x00, 0x00, 0x00, 0x00, 0x00, 0x00, 0x00, 0x00, 0x00, 0x00, 0x00,
  0x00, 0x00, 0x00, 0x00, 0x00, 0x00, 0x00, 0x00, 0x00, 0x00, 0x00, 0x00, 0x00, 0x00, 0x00, 0x00,
  0x00, 0x00, 0x00, 0x00, 0x00, 0x00, 0x00, 0x00, 0x00, 0x00, 0x00, 0x00, 0x00, 0x00, 0x00, 0x00,
  0x00, 0x00, 0x00, 0x00, 0x00, 0x00, 0x00, 0x00, 0x00, 0x00, 0x00, 0x00, 0x00, 0x00, 0x00, 0x00
};

const lv_image_dsc_t velaguard_img_alarm_clock_0 =
{
  .header.magic = LV_IMAGE_HEADER_MAGIC,
  .header.cf = LV_COLOR_FORMAT_ARGB8888,
  .header.flags = 0,
  .header.w = 88,
  .header.h = 88,
  .header.stride = 352,
  .data_size = sizeof(velaguard_img_alarm_clock_0_data),
  .data = velaguard_img_alarm_clock_0_data,
};
