#include <lvgl.h>

static const uint8_t velaguard_img_icon_rainbow_rain_blue_9_data[] =
{
  0x00, 0x00, 0x00, 0x00, 0x00, 0x00, 0x00, 0x00, 0x00, 0x00, 0x00, 0x00, 0x00, 0x00, 0x00, 0x00,
  0x00, 0x00, 0x00, 0x00, 0x00, 0x00, 0x00, 0x00, 0x00, 0x00, 0x00, 0x00, 0x00, 0x00, 0x00, 0x00,
  0x00, 0x00, 0x00, 0x00, 0x00, 0x00, 0x00, 0x00, 0x00, 0x00, 0x00, 0x00, 0x00, 0x00, 0x00, 0x00,
  0x00, 0x00, 0x00, 0x00, 0x00, 0x00, 0x00, 0x00, 0x00, 0x00, 0x00, 0x00, 0x00, 0x00, 0x00, 0x00,
  0x00, 0x00, 0x00, 0x00, 0x00, 0x00, 0x00, 0x00, 0x00, 0x00, 0x00, 0x00, 0x00, 0x00, 0x00, 0x00,
  0x00, 0x00, 0x00, 0x00, 0x00, 0x00, 0x00, 0x00, 0x00, 0x00, 0x00, 0x00, 0x00, 0x00, 0x00, 0x00,
  0x00, 0x00, 0x00, 0x00, 0x00, 0x00, 0x00, 0x00, 0x00, 0x00, 0x00, 0x00, 0x00, 0x00, 0x00, 0x00,
  0xff, 0xff, 0x00, 0x01, 0xff, 0xaa, 0x55, 0x03, 0xff, 0xff, 0x7f, 0x04, 0xff, 0xd4, 0x7f, 0x06,
  0xff, 0xff, 0x91, 0x07, 0xff, 0xff, 0x7f, 0x04, 0x00, 0x00, 0x00, 0x00, 0x00, 0x00, 0x00, 0x00,
  0x00, 0x00, 0x00, 0x00, 0x00, 0x00, 0x00, 0x00, 0x00, 0x00, 0x00, 0x00, 0x00, 0x00, 0x00, 0x00,
  0x00, 0x00, 0x00, 0x00, 0x00, 0x00, 0x00, 0x00, 0x00, 0x00, 0x00, 0x00, 0x00, 0x00, 0x00, 0x00,
  0x00, 0x00, 0x00, 0x00, 0x00, 0x00, 0x00, 0x00, 0x00, 0x00, 0x00, 0x00, 0x00, 0x00, 0x00, 0x00,
  0x00, 0x00, 0x00, 0x00, 0x00, 0x00, 0x00, 0x00, 0x00, 0x00, 0x00, 0x00, 0x00, 0x00, 0x00, 0x00,
  0x00, 0x00, 0x00, 0x00, 0xff, 0xff, 0xff, 0x01, 0xff, 0xcc, 0x66, 0x05, 0xff, 0xd4, 0x7f, 0x06,
  0xff, 0xcc, 0x66, 0x05, 0xff, 0xff, 0x55, 0x03, 0xff, 0xff, 0x00, 0x01, 0x00, 0x00, 0x00, 0x00,
  0x00, 0x00, 0x00, 0x00, 0x00, 0x00, 0x00, 0x00, 0x00, 0x00, 0x00, 0x00, 0x00, 0x00, 0x00, 0x00,
  0x00, 0x00, 0x00, 0x00, 0x00, 0x00, 0x00, 0x00, 0x00, 0x00, 0x00, 0x00, 0x00, 0x00, 0x00, 0x00,
  0x00, 0x00, 0x00, 0x00, 0x00, 0x00, 0x00, 0x00, 0x00, 0x00, 0x00, 0x00, 0x00, 0x00, 0x00, 0x00,
  0x00, 0x00, 0x00, 0x00, 0x00, 0x00, 0x00, 0x00, 0x00, 0x00, 0x00, 0x00, 0x00, 0x00, 0x00, 0x00,
  0x00, 0x00, 0x00, 0x00, 0x00, 0x00, 0x00, 0x00, 0x00, 0x00, 0x00, 0x00, 0x00, 0x00, 0x00, 0x00,
  0x00, 0x00, 0x00, 0x00, 0x00, 0x00, 0x00, 0x00, 0x00, 0x00, 0x00, 0x00, 0x00, 0x00, 0x00, 0x00,
  0x00, 0x00, 0x00, 0x00, 0x00, 0x00, 0x00, 0x00, 0x00, 0x00, 0x00, 0x00, 0x00, 0x00, 0x00, 0x00,
  0x00, 0x00, 0x00, 0x00, 0x00, 0x00, 0x00, 0x00, 0x00, 0x00, 0x00, 0x00, 0x00, 0x00, 0x00, 0x00,
  0x00, 0x00, 0x00, 0x00, 0x00, 0x00, 0x00, 0x00, 0x00, 0x00, 0x00, 0x00, 0x00, 0x00, 0x00, 0x00,
  0x00, 0x00, 0x00, 0x00, 0x00, 0x00, 0x00, 0x00, 0x00, 0x00, 0x00, 0x00, 0x00, 0x00, 0x00, 0x00,
  0x00, 0x00, 0x00, 0x00, 0x00, 0x00, 0x00, 0x00, 0x00, 0x00, 0x00, 0x00, 0x00, 0x00, 0x00, 0x00,
  0x00, 0x00, 0x00, 0x00, 0x00, 0x00, 0x00, 0x00, 0x00, 0x00, 0x00, 0x00, 0x00, 0x00, 0x00, 0x00,
  0x00, 0x00, 0x00, 0x00, 0x00, 0x00, 0x00, 0x00, 0x00, 0x00, 0x00, 0x00, 0x00, 0x00, 0x00, 0x00,
  0x00, 0x00, 0x00, 0x00, 0x00, 0x00, 0x00, 0x00, 0xff, 0xff, 0x00, 0x01, 0xff, 0xff, 0x7f, 0x02,
  0xff, 0xff, 0xaa, 0x03, 0xff, 0xff, 0x7f, 0x02, 0x00, 0x00, 0x00, 0x00, 0x00, 0x00, 0x00, 0x00,
  0x00, 0x00, 0x00, 0x00, 0x00, 0x00, 0x00, 0x00, 0x00, 0x00, 0x00, 0x00, 0xff, 0xec, 0x6d, 0x0e,
  0xff, 0xe8, 0x78, 0x22, 0xff, 0xe7, 0x79, 0x2c, 0xff, 0xeb, 0x7a, 0x34, 0xff, 0xeb, 0x7b, 0x40,
  0xff, 0xe8, 0x7a, 0x4f, 0xff, 0xea, 0x7b, 0x55, 0xff, 0xe8, 0x7b, 0x59, 0xff, 0xe9, 0x7a, 0x5e,
  0xff, 0xec, 0x7b, 0x5f, 0xff, 0xe9, 0x78, 0x5f, 0xff, 0xec, 0x7b, 0x5f, 0xff, 0xeb, 0x79, 0x5c,
  0xff, 0xe9, 0x77, 0x53, 0xff, 0xea, 0x7a, 0x49, 0xff, 0xeb, 0x7b, 0x40, 0xff, 0xe6, 0x78, 0x33,
  0xff, 0xe8, 0x78, 0x22, 0xff, 0xee, 0x77, 0x0f, 0x00, 0x00, 0x00, 0x00, 0x00, 0x00, 0x00, 0x00,
  0x00, 0x00, 0x00, 0x00, 0x00, 0x00, 0x00, 0x00, 0x00, 0x00, 0x00, 0x00, 0xff, 0x7f, 0x7f, 0x02,
  0xff, 0xbf, 0x7f, 0x04, 0xff, 0xaa, 0x55, 0x03, 0xff, 0xff, 0x00, 0x01, 0x00, 0x00, 0x00, 0x00,
  0x00, 0x00, 0x00, 0x00, 0x00, 0x00, 0x00, 0x00, 0x00, 0x00, 0x00, 0x00, 0x00, 0x00, 0x00, 0x00,
  0x00, 0x00, 0x00, 0x00, 0x00, 0x00, 0x00, 0x00, 0x00, 0x00, 0x00, 0x00, 0x00, 0x00, 0x00, 0x00,
  0x00, 0x00, 0x00, 0x00, 0x00, 0x00, 0x00, 0x00, 0x00, 0x00, 0x00, 0x00, 0x00, 0x00, 0x00, 0x00,
  0x00, 0x00, 0x00, 0x00, 0x00, 0x00, 0x00, 0x00, 0x00, 0x00, 0x00, 0x00, 0x00, 0x00, 0x00, 0x00,
  0x00, 0x00, 0x00, 0x00, 0x00, 0x00, 0x00, 0x00, 0x00, 0x00, 0x00, 0x00, 0x00, 0x00, 0x00, 0x00,
  0x00, 0x00, 0x00, 0x00, 0x00, 0x00, 0x00, 0x00, 0x00, 0x00, 0x00, 0x00, 0x00, 0x00, 0x00, 0x00,
  0x00, 0x00, 0x00, 0x00, 0x00, 0x00, 0x00, 0x00, 0x00, 0x00, 0x00, 0x00, 0x00, 0x00, 0x00, 0x00,
  0x00, 0x00, 0x00, 0x00, 0x00, 0x00, 0x00, 0x00, 0x00, 0x00, 0x00, 0x00, 0x00, 0x00, 0x00, 0x00,
  0x00, 0x00, 0x00, 0x00, 0x00, 0x00, 0x00, 0x00, 0x00, 0x00, 0x00, 0x00, 0x00, 0x00, 0x00, 0x00,
  0x00, 0x00, 0x00, 0x00, 0x00, 0x00, 0x00, 0x00, 0x00, 0x00, 0x00, 0x00, 0x00, 0x00, 0x00, 0x00,
  0x00, 0x00, 0x00, 0x00, 0x00, 0x00, 0x00, 0x00, 0x00, 0x00, 0x00, 0x00, 0x00, 0x00, 0x00, 0x00,
  0x00, 0x00, 0x00, 0x00, 0x00, 0x00, 0x00, 0x00, 0x00, 0x00, 0x00, 0x00, 0x00, 0x00, 0x00, 0x00,
  0x00, 0x00, 0x00, 0x00, 0x00, 0x00, 0x00, 0x00, 0x00, 0x00, 0x00, 0x00, 0x00, 0x00, 0x00, 0x00,
  0x00, 0x00, 0x00, 0x00, 0x00, 0x00, 0x00, 0x00, 0x00, 0x00, 0x00, 0x00, 0xff, 0xff, 0x00, 0x01,
  0xff, 0xbf, 0x7f, 0x04, 0xff, 0xd4, 0x7f, 0x06, 0xff, 0xcc, 0x66, 0x0a, 0xff, 0xe3, 0x75, 0x25,
  0xff, 0xeb, 0x79, 0x5a, 0xff, 0xeb, 0x7a, 0x83, 0xff, 0xe9, 0x7a, 0x9a, 0xff, 0xe8, 0x7a, 0xad,
  0xff, 0xea, 0x7a, 0xc6, 0xff, 0xe9, 0x7b, 0xe6, 0xff, 0xe9, 0x7a, 0xf4, 0xff, 0xe8, 0x7a, 0xfb,
  0xff, 0xf0, 0x7f, 0xff, 0xff, 0xf4, 0x80, 0xff, 0xff, 0xf2, 0x7f, 0xff, 0xff, 0xf4, 0x80, 0xff,
  0xff, 0xee, 0x7d, 0xff, 0xff, 0xe9, 0x7a, 0xee, 0xff, 0xe9, 0x7a, 0xda, 0xff, 0xe9, 0x7a, 0xc6,
  0xff, 0xe8, 0x78, 0xa9, 0xff, 0xeb, 0x7b, 0x84, 0xff, 0xeb, 0x78, 0x5b, 0xff, 0xed, 0x7f, 0x3a,
  0xff, 0xe7, 0x7b, 0x21, 0xff, 0xe5, 0x66, 0x0a, 0xff, 0xff, 0x7f, 0x04, 0xff, 0xff, 0xff, 0x01,
  0x00, 0x00, 0x00, 0x00, 0x00, 0x00, 0x00, 0x00, 0x00, 0x00, 0x00, 0x00, 0x00, 0x00, 0x00, 0x00,
  0x00, 0x00, 0x00, 0x00, 0x00, 0x00, 0x00, 0x00, 0x00, 0x00, 0x00, 0x00, 0x00, 0x00, 0x00, 0x00,
  0x00, 0x00, 0x00, 0x00, 0x00, 0x00, 0x00, 0x00, 0x00, 0x00, 0x00, 0x00, 0x00, 0x00, 0x00, 0x00,
  0x00, 0x00, 0x00, 0x00, 0x00, 0x00, 0x00, 0x00, 0x00, 0x00, 0x00, 0x00, 0x00, 0x00, 0x00, 0x00,
  0x00, 0x00, 0x00, 0x00, 0x00, 0x00, 0x00, 0x00, 0x00, 0x00, 0x00, 0x00, 0x00, 0x00, 0x00, 0x00,
  0x00, 0x00, 0x00, 0x00, 0x00, 0x00, 0x00, 0x00, 0x00, 0x00, 0x00, 0x00, 0x00, 0x00, 0x00, 0x00,
  0x00, 0x00, 0x00, 0x00, 0x00, 0x00, 0x00, 0x00, 0x00, 0x00, 0x00, 0x00, 0x00, 0x00, 0x00, 0x00,
  0x00, 0x00, 0x00, 0x00, 0x00, 0x00, 0x00, 0x00, 0x00, 0x00, 0x00, 0x00, 0x00, 0x00, 0x00, 0x00,
  0x00, 0x00, 0x00, 0x00, 0x00, 0x00, 0x00, 0x00, 0x00, 0x00, 0x00, 0x00, 0x00, 0x00, 0x00, 0x00,
  0x00, 0x00, 0x00, 0x00, 0x00, 0x00, 0x00, 0x00, 0x00, 0x00, 0x00, 0x00, 0x00, 0x00, 0x00, 0x00,
  0x00, 0x00, 0x00, 0x00, 0x00, 0x00, 0x00, 0x00, 0x00, 0x00, 0x00, 0x00, 0x00, 0x00, 0x00, 0x00,
  0x00, 0x00, 0x00, 0x00, 0x00, 0x00, 0x00, 0x00, 0x00, 0x00, 0x00, 0x00, 0x00, 0x00, 0x00, 0x00,
  0x00, 0x00, 0x00, 0x00, 0x00, 0x00, 0x00, 0x00, 0x00, 0x00, 0x00, 0x00, 0x00, 0x00, 0x00, 0x00,
  0x00, 0x00, 0x00, 0x00, 0x00, 0x00, 0x00, 0x00, 0xff, 0xff, 0x7f, 0x02, 0xff, 0xff, 0x99, 0x05,
  0xff, 0xaa, 0x55, 0x03, 0x00, 0x00, 0x00, 0x00, 0x00, 0x00, 0x00, 0x00, 0x00, 0x00, 0x00, 0x00,
  0xff, 0xe5, 0x72, 0x28, 0xff, 0xea, 0x76, 0x58, 0xff, 0xea, 0x79, 0x7e, 0xff, 0xeb, 0x7a, 0xa6,
  0xff, 0xec, 0x7d, 0xc1, 0xff, 0xea, 0x7a, 0xd5, 0xff, 0xe9, 0x79, 0xe2, 0xff, 0xe9, 0x7a, 0xec,
  0xff, 0xeb, 0x7b, 0xf3, 0xff, 0xea, 0x7a, 0xfd, 0xff, 0xf3, 0x7f, 0xff, 0xff, 0xf8, 0x82, 0xff,
  0xff, 0xfb, 0x84, 0xff, 0xff, 0xfe, 0x85, 0xff, 0xff, 0xff, 0x86, 0xff, 0xff, 0xff, 0x85, 0xff,
  0xff, 0xff, 0x86, 0xff, 0xff, 0xfd, 0x85, 0xff, 0xff, 0xf4, 0x80, 0xff, 0xff, 0xee, 0x7d, 0xff,
  0xff, 0xe8, 0x79, 0xfd, 0xff, 0xe7, 0x7a, 0xf2, 0xff, 0xe7, 0x7b, 0xe4, 0xff, 0xe8, 0x7b, 0xd4,
  0xff, 0xeb, 0x7d, 0xc9, 0xff, 0xe6, 0x7c, 0xbb, 0xff, 0xe4, 0x7b, 0x90, 0xff, 0xe2, 0x7e, 0x63,
  0xff, 0xe8, 0x7f, 0x2e, 0x00, 0x00, 0x00, 0x00, 0x00, 0x00, 0x00, 0x00, 0x00, 0x00, 0x00, 0x00,
  0xff, 0xff, 0x7f, 0x02, 0xff, 0xda, 0x6d, 0x07, 0xff, 0xff, 0x7f, 0x04, 0xff, 0xff, 0x00, 0x01,
  0x00, 0x00, 0x00, 0x00, 0x00, 0x00, 0x00, 0x00, 0x00, 0x00, 0x00, 0x00, 0x00, 0x00, 0x00, 0x00,
  0x00, 0x00, 0x00, 0x00, 0x00, 0x00, 0x00, 0x00, 0x00, 0x00, 0x00, 0x00, 0x00, 0x00, 0x00, 0x00,
  0x00, 0x00, 0x00, 0x00, 0x00, 0x00, 0x00, 0x00, 0x00, 0x00, 0x00, 0x00, 0x00, 0x00, 0x00, 0x00,
  0x00, 0x00, 0x00, 0x00, 0x00, 0x00, 0x00, 0x00, 0x00, 0x00, 0x00, 0x00, 0x00, 0x00, 0x00, 0x00,
  0x00, 0x00, 0x00, 0x00, 0x00, 0x00, 0x00, 0x00, 0x00, 0x00, 0x00, 0x00, 0x00, 0x00, 0x00, 0x00,
  0x00, 0x00, 0x00, 0x00, 0x00, 0x00, 0x00, 0x00, 0x00, 0x00, 0x00, 0x00, 0x00, 0x00, 0x00, 0x00,
  0x00, 0x00, 0x00, 0x00, 0x00, 0x00, 0x00, 0x00, 0x00, 0x00, 0x00, 0x00, 0x00, 0x00, 0x00, 0x00,
  0x00, 0x00, 0x00, 0x00, 0x00, 0x00, 0x00, 0x00, 0x00, 0x00, 0x00, 0x00, 0x00, 0x00, 0x00, 0x00,
  0x00, 0x00, 0x00, 0x00, 0x00, 0x00, 0x00, 0x00, 0x00, 0x00, 0x00, 0x00, 0x00, 0x00, 0x00, 0x00,
  0x00, 0x00, 0x00, 0x00, 0x00, 0x00, 0x00, 0x00, 0x00, 0x00, 0x00, 0x00, 0x00, 0x00, 0x00, 0x00,
  0x00, 0x00, 0x00, 0x00, 0x00, 0x00, 0x00, 0x00, 0x00, 0x00, 0x00, 0x00, 0x00, 0x00, 0x00, 0x00,
  0x00, 0x00, 0x00, 0x00, 0xff, 0xff, 0xff, 0x01, 0xff, 0xff, 0xff, 0x01, 0x00, 0x00, 0x00, 0x00,
  0x00, 0x00, 0x00, 0x00, 0x00, 0x00, 0x00, 0x00, 0xff, 0xe4, 0x78, 0x13, 0xff, 0xe8, 0x7c, 0x2d,
  0xff, 0xe6, 0x79, 0x52, 0xff, 0xec, 0x78, 0x89, 0xff, 0xeb, 0x7a, 0xb9, 0xff, 0xe9, 0x79, 0xe2,
  0xff, 0xf4, 0x80, 0xff, 0xff, 0xff, 0x88, 0xff, 0xff, 0xfa, 0x83, 0xff, 0xff, 0xf1, 0x7e, 0xff,
  0xff, 0xf0, 0x7e, 0xff, 0xff, 0xef, 0x7d, 0xff, 0xff, 0xeb, 0x7c, 0xff, 0xff, 0xe9, 0x7a, 0xfb,
  0xff, 0xea, 0x7b, 0xf9, 0xff, 0xea, 0x7b, 0xf8, 0xff, 0xea, 0x7a, 0xf6, 0xff, 0xe9, 0x7a, 0xf6,
  0xff, 0xea, 0x7a, 0xf6, 0xff, 0xe8, 0x7a, 0xf7, 0xff, 0xe8, 0x7b, 0xf8, 0xff, 0xe7, 0x7a, 0xfa,
  0xff, 0xe6, 0x79, 0xfd, 0xff, 0xe7, 0x7b, 0xff, 0xff, 0xeb, 0x7e, 0xff, 0xff, 0xef, 0x80, 0xff,
  0xff, 0xf4, 0x83, 0xff, 0xff, 0xfc, 0x87, 0xff, 0xff, 0xf7, 0x85, 0xff, 0xff, 0xe3, 0x7c, 0xf2,
  0xff, 0xe2, 0x7c, 0xc6, 0xff, 0xe4, 0x7c, 0x8f, 0xff, 0xe5, 0x7c, 0x50, 0xff, 0xdf, 0x7c, 0x31,
  0xff, 0xdb, 0x7b, 0x1d, 0xff, 0xff, 0xff, 0x01, 0x00, 0x00, 0x00, 0x00, 0x00, 0x00, 0x00, 0x00,
  0x00, 0x00, 0x00, 0x00, 0xff, 0xff, 0xff, 0x01, 0xff, 0x00, 0x00, 0x01, 0x00, 0x00, 0x00, 0x00,
  0x00, 0x00, 0x00, 0x00, 0x00, 0x00, 0x00, 0x00, 0x00, 0x00, 0x00, 0x00, 0x00, 0x00, 0x00, 0x00,
  0x00, 0x00, 0x00, 0x00, 0x00, 0x00, 0x00, 0x00, 0x00, 0x00, 0x00, 0x00, 0x00, 0x00, 0x00, 0x00,
  0x00, 0x00, 0x00, 0x00, 0x00, 0x00, 0x00, 0x00, 0x00, 0x00, 0x00, 0x00, 0x00, 0x00, 0x00, 0x00,
  0x00, 0x00, 0x00, 0x00, 0x00, 0x00, 0x00, 0x00, 0x00, 0x00, 0x00, 0x00, 0x00, 0x00, 0x00, 0x00,
  0x00, 0x00, 0x00, 0x00, 0x00, 0x00, 0x00, 0x00, 0x00, 0x00, 0x00, 0x00, 0x00, 0x00, 0x00, 0x00,
  0x00, 0x00, 0x00, 0x00, 0x00, 0x00, 0x00, 0x00, 0x00, 0x00, 0x00, 0x00, 0x00, 0x00, 0x00, 0x00,
  0x00, 0x00, 0x00, 0x00, 0x00, 0x00, 0x00, 0x00, 0x00, 0x00, 0x00, 0x00, 0x00, 0x00, 0x00, 0x00,
  0x00, 0x00, 0x00, 0x00, 0x00, 0x00, 0x00, 0x00, 0x00, 0x00, 0x00, 0x00, 0x00, 0x00, 0x00, 0x00,
  0x00, 0x00, 0x00, 0x00, 0x00, 0x00, 0x00, 0x00, 0x00, 0x00, 0x00, 0x00, 0x00, 0x00, 0x00, 0x00,
  0x00, 0x00, 0x00, 0x00, 0x00, 0x00, 0x00, 0x00, 0x00, 0x00, 0x00, 0x00, 0x00, 0x00, 0x00, 0x00,
  0x00, 0x00, 0x00, 0x00, 0x00, 0x00, 0x00, 0x00, 0xff, 0xff, 0x7f, 0x02, 0xff, 0xff, 0x7f, 0x02,
  0x00, 0x00, 0x00, 0x00, 0x00, 0x00, 0x00, 0x00, 0xff, 0xe8, 0x6e, 0x17, 0xff, 0xe7, 0x77, 0x62,
  0xff, 0xe8, 0x7a, 0xb3, 0xff, 0xe7, 0x7b, 0xe8, 0xff, 0xec, 0x7c, 0xf6, 0xff, 0xea, 0x7a, 0xf9,
  0xff, 0xea, 0x7b, 0xff, 0xff, 0xec, 0x7c, 0xff, 0xff, 0xed, 0x7c, 0xff, 0xff, 0xec, 0x7c, 0xff,
  0xff, 0xeb, 0x7b, 0xff, 0xff, 0xeb, 0x7b, 0xff, 0xff, 0xeb, 0x7b, 0xff, 0xff, 0xea, 0x7b, 0xff,
  0xff, 0xe9, 0x7b, 0xfe, 0xff, 0xe9, 0x7b, 0xfe, 0xff, 0xe8, 0x7a, 0xfe, 0xff, 0xe7, 0x7a, 0xfe,
  0xff, 0xe7, 0x7a, 0xfe, 0xff, 0xe7, 0x7b, 0xff, 0xff, 0xe7, 0x7b, 0xff, 0xff, 0xe7, 0x7b, 0xff,
  0xff, 0xe5, 0x7b, 0xfe, 0xff, 0xe5, 0x7a, 0xff, 0xff, 0xe4, 0x7a, 0xff, 0xff, 0xe5, 0x7c, 0xff,
  0xff, 0xe5, 0x7c, 0xff, 0xff, 0xe6, 0x7c, 0xff, 0xff, 0xe6, 0x7d, 0xff, 0xff, 0xe6, 0x7d, 0xff,
  0xff, 0xe2, 0x7c, 0xff, 0xff, 0xe2, 0x7d, 0xfc, 0xff, 0xe1, 0x7b, 0xf7, 0xff, 0xe0, 0x7b, 0xe3,
  0xff, 0xe0, 0x7c, 0xbf, 0xff, 0xdf, 0x7b, 0x80, 0xff, 0xd9, 0x7c, 0x29, 0x00, 0x00, 0x00, 0x00,
  0x00, 0x00, 0x00, 0x00, 0xff, 0xbf, 0x7f, 0x04, 0xff, 0xff, 0x7f, 0x02, 0xff, 0xff, 0x00, 0x01,
  0x00, 0x00, 0x00, 0x00, 0x00, 0x00, 0x00, 0x00, 0x00, 0x00, 0x00, 0x00, 0x00, 0x00, 0x00, 0x00,
  0x00, 0x00, 0x00, 0x00, 0x00, 0x00, 0x00, 0x00, 0x00, 0x00, 0x00, 0x00, 0x00, 0x00, 0x00, 0x00,
  0x00, 0x00, 0x00, 0x00, 0x00, 0x00, 0x00, 0x00, 0x00, 0x00, 0x00, 0x00, 0x00, 0x00, 0x00, 0x00,
  0x00, 0x00, 0x00, 0x00, 0x00, 0x00, 0x00, 0x00, 0x00, 0x00, 0x00, 0x00, 0x00, 0x00, 0x00, 0x00,
  0x00, 0x00, 0x00, 0x00, 0x00, 0x00, 0x00, 0x00, 0x00, 0x00, 0x00, 0x00, 0x00, 0x00, 0x00, 0x00,
  0x00, 0x00, 0x00, 0x00, 0x00, 0x00, 0x00, 0x00, 0x00, 0x00, 0x00, 0x00, 0x00, 0x00, 0x00, 0x00,
  0x00, 0x00, 0x00, 0x00, 0x00, 0x00, 0x00, 0x00, 0x00, 0x00, 0x00, 0x00, 0x00, 0x00, 0x00, 0x00,
  0x00, 0x00, 0x00, 0x00, 0x00, 0x00, 0x00, 0x00, 0x00, 0x00, 0x00, 0x00, 0x00, 0x00, 0x00, 0x00,
  0x00, 0x00, 0x00, 0x00, 0x00, 0x00, 0x00, 0x00, 0x00, 0x00, 0x00, 0x00, 0x00, 0x00, 0x00, 0x00,
  0x00, 0x00, 0x00, 0x00, 0x00, 0x00, 0x00, 0x00, 0x00, 0x00, 0x00, 0x00, 0x00, 0x00, 0x00, 0x00,
  0x00, 0x00, 0x00, 0x00, 0xff, 0xcc, 0x66, 0x05, 0xff, 0xff, 0x7f, 0x02, 0x00, 0x00, 0x00, 0x00,
  0x00, 0x00, 0x00, 0x00, 0xff, 0xec, 0x6d, 0x0e, 0xff, 0xe7, 0x75, 0x55, 0xff, 0xe7, 0x78, 0x99,
  0xff, 0xea, 0x7b, 0xc9, 0xff, 0xea, 0x7b, 0xf6, 0xff, 0xf9, 0x83, 0xff, 0xff, 0xfa, 0x83, 0xff,
  0xff, 0xf1, 0x7e, 0xff, 0xff, 0xed, 0x7d, 0xff, 0xff, 0xe9, 0x7a, 0xfb, 0xff, 0xe9, 0x7a, 0xf9,
  0xff, 0xe9, 0x7b, 0xfa, 0xff, 0xe9, 0x79, 0xfb, 0xff, 0xe8, 0x7a, 0xfc, 0xff, 0xe8, 0x7a, 0xfc,
  0xff, 0xe8, 0x7a, 0xfd, 0xff, 0xe8, 0x7b, 0xfe, 0xff, 0xe8, 0x7b, 0xfe, 0xff, 0xe7, 0x7b, 0xfe,
  0xff, 0xe7, 0x7b, 0xff, 0xff, 0xe5, 0x7b, 0xff, 0xff, 0xe5, 0x7b, 0xfe, 0xff, 0xe5, 0x7c, 0xff,
  0xff, 0xe5, 0x7c, 0xff, 0xff, 0xe3, 0x7b, 0xfe, 0xff, 0xe3, 0x7b, 0xfe, 0xff, 0xe3, 0x7a, 0xfd,
  0xff, 0xe2, 0x7c, 0xfc, 0xff, 0xe2, 0x7c, 0xfb, 0xff, 0xe2, 0x7b, 0xfb, 0xff, 0xe1, 0x7c, 0xfa,
  0xff, 0xe1, 0x7c, 0xfa, 0xff, 0xe0, 0x7c, 0xfe, 0xff, 0xe7, 0x80, 0xff, 0xff, 0xed, 0x84, 0xff,
  0xff, 0xed, 0x84, 0xff, 0xff, 0xdf, 0x7c, 0xff, 0xff, 0xde, 0x7c, 0xd9, 0xff, 0xdb, 0x7d, 0xa5,
  0xff, 0xdc, 0x7d, 0x6e, 0xff, 0xd6, 0x7d, 0x39, 0xff, 0xe2, 0x8d, 0x09, 0x00, 0x00, 0x00, 0x00,
  0x00, 0x00, 0x00, 0x00, 0xff, 0xd4, 0x7f, 0x06, 0xff, 0x7f, 0x7f, 0x02, 0x00, 0x00, 0x00, 0x00,
  0x00, 0x00, 0x00, 0x00, 0x00, 0x00, 0x00, 0x00, 0x00, 0x00, 0x00, 0x00, 0x00, 0x00, 0x00, 0x00,
  0x00, 0x00, 0x00, 0x00, 0x00, 0x00, 0x00, 0x00, 0x00, 0x00, 0x00, 0x00, 0x00, 0x00, 0x00, 0x00,
  0x00, 0x00, 0x00, 0x00, 0x00, 0x00, 0x00, 0x00, 0x00, 0x00, 0x00, 0x00, 0x00, 0x00, 0x00, 0x00,
  0x00, 0x00, 0x00, 0x00, 0x00, 0x00, 0x00, 0x00, 0x00, 0x00, 0x00, 0x00, 0x00, 0x00, 0x00, 0x00,
  0x00, 0x00, 0x00, 0x00, 0x00, 0x00, 0x00, 0x00, 0x00, 0x00, 0x00, 0x00, 0x00, 0x00, 0x00, 0x00,
  0x00, 0x00, 0x00, 0x00, 0x00, 0x00, 0x00, 0x00, 0x00, 0x00, 0x00, 0x00, 0x00, 0x00, 0x00, 0x00,
  0x00, 0x00, 0x00, 0x00, 0x00, 0x00, 0x00, 0x00, 0x00, 0x00, 0x00, 0x00, 0x00, 0x00, 0x00, 0x00,
  0x00, 0x00, 0x00, 0x00, 0x00, 0x00, 0x00, 0x00, 0x00, 0x00, 0x00, 0x00, 0x00, 0x00, 0x00, 0x00,
  0x00, 0x00, 0x00, 0x00, 0x00, 0x00, 0x00, 0x00, 0x00, 0x00, 0x00, 0x00, 0x00, 0x00, 0x00, 0x00,
  0x00, 0x00, 0x00, 0x00, 0x00, 0x00, 0x00, 0x00, 0x00, 0x00, 0x00, 0x00, 0x00, 0x00, 0x00, 0x00,
  0xff, 0xdf, 0x7f, 0x08, 0xff, 0xf6, 0x77, 0x1e, 0xff, 0xeb, 0x78, 0x5d, 0xff, 0xea, 0x7a, 0xc4,
  0xff, 0xef, 0x7d, 0xff, 0xff, 0xf3, 0x7f, 0xff, 0xff, 0xea, 0x7a, 0xfd, 0xff, 0xe9, 0x7a, 0xf9,
  0xff, 0xe9, 0x7a, 0xfa, 0xff, 0xe8, 0x7a, 0xfc, 0xff, 0xe9, 0x7a, 0xfd, 0xff, 0xe8, 0x7b, 0xfe,
  0xff, 0xe9, 0x7b, 0xfe, 0xff, 0xe9, 0x7b, 0xfe, 0xff, 0xe8, 0x7a, 0xfe, 0xff, 0xe7, 0x7a, 0xfe,
  0xff, 0xe7, 0x7b, 0xfe, 0xff, 0xe7, 0x7b, 0xfe, 0xff, 0xe6, 0x7b, 0xff, 0xff, 0xe6, 0x7b, 0xff,
  0xff, 0xe7, 0x7c, 0xff, 0xff, 0xe6, 0x7c, 0xff, 0xff, 0xe4, 0x7c, 0xff, 0xff, 0xe3, 0x7b, 0xfe,
  0xff, 0xe3, 0x7c, 0xff, 0xff, 0xe2, 0x7c, 0xff, 0xff, 0xe3, 0x7c, 0xff, 0xff, 0xe3, 0x7c, 0xff,
  0xff, 0xe3, 0x7c, 0xff, 0xff, 0xe1, 0x7d, 0xfe, 0xff, 0xe1, 0x7d, 0xfe, 0xff, 0xe1, 0x7d, 0xff,
  0xff, 0xe1, 0x7d, 0xff, 0xff, 0xdf, 0x7d, 0xff, 0xff, 0xdf, 0x7c, 0xfd, 0xff, 0xdd, 0x7c, 0xfc,
  0xff, 0xdd, 0x7c, 0xfb, 0xff, 0xdd, 0x7d, 0xfa, 0xff, 0xdc, 0x7d, 0xfe, 0xff, 0xdf, 0x7f, 0xff,
  0xff, 0xe3, 0x81, 0xff, 0xff, 0xdb, 0x7d, 0xe9, 0xff, 0xdc, 0x7f, 0x9c, 0xff, 0xdc, 0x81, 0x49,
  0xff, 0xda, 0x7f, 0x0e, 0x00, 0x00, 0x00, 0x00, 0x00, 0x00, 0x00, 0x00, 0x00, 0x00, 0x00, 0x00,
  0xff, 0x00, 0x00, 0x01, 0x00, 0x00, 0x00, 0x00, 0x00, 0x00, 0x00, 0x00, 0x00, 0x00, 0x00, 0x00,
  0x00, 0x00, 0x00, 0x00, 0x00, 0x00, 0x00, 0x00, 0x00, 0x00, 0x00, 0x00, 0x00, 0x00, 0x00, 0x00,
  0x00, 0x00, 0x00, 0x00, 0x00, 0x00, 0x00, 0x00, 0x00, 0x00, 0x00, 0x00, 0x00, 0x00, 0x00, 0x00,
  0x00, 0x00, 0x00, 0x00, 0x00, 0x00, 0x00, 0x00, 0x00, 0x00, 0x00, 0x00, 0x00, 0x00, 0x00, 0x00,
  0x00, 0x00, 0x00, 0x00, 0x00, 0x00, 0x00, 0x00, 0x00, 0x00, 0x00, 0x00, 0x00, 0x00, 0x00, 0x00,
  0x00, 0x00, 0x00, 0x00, 0x00, 0x00, 0x00, 0x00, 0x00, 0x00, 0x00, 0x00, 0x00, 0x00, 0x00, 0x00,
  0x00, 0x00, 0x00, 0x00, 0x00, 0x00, 0x00, 0x00, 0x00, 0x00, 0x00, 0x00, 0x00, 0x00, 0x00, 0x00,
  0x00, 0x00, 0x00, 0x00, 0x00, 0x00, 0x00, 0x00, 0x00, 0x00, 0x00, 0x00, 0x00, 0x00, 0x00, 0x00,
  0x00, 0x00, 0x00, 0x00, 0x00, 0x00, 0x00, 0x00, 0x00, 0x00, 0x00, 0x00, 0x00, 0x00, 0x00, 0x00,
  0xff, 0x00, 0x00, 0x01, 0xff, 0xff, 0x7f, 0x02, 0xff, 0xff, 0x7f, 0x04, 0x00, 0x00, 0x00, 0x00,
  0xff, 0xcc, 0x99, 0x05, 0xff, 0xe7, 0x7a, 0x4d, 0xff, 0xeb, 0x7a, 0xa0, 0xff, 0xea, 0x79, 0xe0,
  0xff, 0xef, 0x7d, 0xf9, 0xff, 0xef, 0x7d, 0xff, 0xff, 0xef, 0x7e, 0xff, 0xff, 0xeb, 0x7b, 0xff,
  0xff, 0xe8, 0x7b, 0xfe, 0xff, 0xe7, 0x7a, 0xfe, 0xff, 0xe7, 0x7a, 0xfe, 0xff, 0xe7, 0x7b, 0xff,
  0xff, 0xe7, 0x7a, 0xfe, 0xff, 0xe7, 0x7a, 0xfe, 0xff, 0xe7, 0x7b, 0xff, 0xff, 0xe7, 0x7c, 0xff,
  0xff, 0xe6, 0x7c, 0xfe, 0xff, 0xe6, 0x7c, 0xfe, 0xff, 0xe6, 0x7c, 0xfe, 0xff, 0xe4, 0x7c, 0xff,
  0xff, 0xe4, 0x7b, 0xff, 0xff, 0xe4, 0x7b, 0xff, 0xff, 0xe3, 0x7c, 0xfe, 0xff, 0xe2, 0x7c, 0xfe,
  0xff, 0xe2, 0x7c, 0xff, 0xff, 0xe1, 0x7c, 0xfe, 0xff, 0xe0, 0x7c, 0xfe, 0xff, 0xe1, 0x7c, 0xfe,
  0xff, 0xe1, 0x7c, 0xfe, 0xff, 0xe0, 0x7c, 0xff, 0xff, 0xe0, 0x7d, 0xff, 0xff, 0xe0, 0x7d, 0xff,
  0xff, 0xde, 0x7c, 0xfe, 0xff, 0xdd, 0x7c, 0xfe, 0xff, 0xdd, 0x7d, 0xff, 0xff, 0xdc, 0x7d, 0xff,
  0xff, 0xdc, 0x7c, 0xfe, 0xff, 0xdc, 0x7d, 0xfd, 0xff, 0xdb, 0x7d, 0xfd, 0xff, 0xdc, 0x7e, 0xff,
  0xff, 0xdf, 0x80, 0xff, 0xff, 0xe0, 0x81, 0xff, 0xff, 0xdf, 0x80, 0xff, 0xff, 0xe1, 0x81, 0xef,
  0xff, 0xd9, 0x80, 0xc3, 0xff, 0xd9, 0x80, 0x6d, 0xff, 0xd7, 0x7f, 0x1a, 0x00, 0x00, 0x00, 0x00,
  0x00, 0x00, 0x00, 0x00, 0xff, 0xaa, 0x7f, 0x06, 0xff, 0x00, 0x00, 0x01, 0x00, 0x00, 0x00, 0x00,
  0x00, 0x00, 0x00, 0x00, 0x00, 0x00, 0x00, 0x00, 0x00, 0x00, 0x00, 0x00, 0x00, 0x00, 0x00, 0x00,
  0x00, 0x00, 0x00, 0x00, 0x00, 0x00, 0x00, 0x00, 0x00, 0x00, 0x00, 0x00, 0x00, 0x00, 0x00, 0x00,
  0x00, 0x00, 0x00, 0x00, 0x00, 0x00, 0x00, 0x00, 0x00, 0x00, 0x00, 0x00, 0x00, 0x00, 0x00, 0x00,
  0x00, 0x00, 0x00, 0x00, 0x00, 0x00, 0x00, 0x00, 0x00, 0x00, 0x00, 0x00, 0x00, 0x00, 0x00, 0x00,
  0x00, 0x00, 0x00, 0x00, 0x00, 0x00, 0x00, 0x00, 0x00, 0x00, 0x00, 0x00, 0x00, 0x00, 0x00, 0x00,
  0x00, 0x00, 0x00, 0x00, 0x00, 0x00, 0x00, 0x00, 0x00, 0x00, 0x00, 0x00, 0x00, 0x00, 0x00, 0x00,
  0x00, 0x00, 0x00, 0x00, 0x00, 0x00, 0x00, 0x00, 0x00, 0x00, 0x00, 0x00, 0x00, 0x00, 0x00, 0x00,
  0x00, 0x00, 0x00, 0x00, 0x00, 0x00, 0x00, 0x00, 0x00, 0x00, 0x00, 0x00, 0x00, 0x00, 0x00, 0x00,
  0xff, 0xff, 0x00, 0x01, 0xff, 0xbf, 0x7f, 0x04, 0x00, 0x00, 0x00, 0x00, 0x00, 0x00, 0x00, 0x00,
  0xff, 0xe2, 0x78, 0x24, 0xff, 0xe8, 0x7a, 0x68, 0xff, 0xe9, 0x7b, 0xb2, 0xff, 0xea, 0x7b, 0xf2,
  0xff, 0xfc, 0x84, 0xff, 0xff, 0xf2, 0x7f, 0xff, 0xff, 0xe9, 0x7a, 0xf6, 0xff, 0xe7, 0x7a, 0xfa,
  0xff, 0xe8, 0x7a, 0xfc, 0xff, 0xe8, 0x7b, 0xff, 0xff, 0xe7, 0x7c, 0xff, 0xff, 0xe6, 0x7b, 0xff,
  0xff, 0xe6, 0x7b, 0xff, 0xff, 0xe5, 0x7a, 0xfe, 0xff, 0xe5, 0x7a, 0xfe, 0xff, 0xe5, 0x7b, 0xff,
  0xff, 0xe5, 0x7c, 0xff, 0xff, 0xe3, 0x7c, 0xfe, 0xff, 0xe3, 0x7c, 0xfe, 0xff, 0xe3, 0x7c, 0xfe,
  0xff, 0xe2, 0x7c, 0xff, 0xff, 0xe2, 0x7b, 0xff, 0xff, 0xe1, 0x7b, 0xff, 0xff, 0xe1, 0x7c, 0xfe,
  0xff, 0xe1, 0x7c, 0xfe, 0xff, 0xe1, 0x7c, 0xff, 0xff, 0xe0, 0x7c, 0xfe, 0xff, 0xdf, 0x7c, 0xfe,
  0xff, 0xdf, 0x7c, 0xfe, 0xff, 0xdf, 0x7c, 0xfe, 0xff, 0xde, 0x7c, 0xff, 0xff, 0xdd, 0x7d, 0xff,
  0xff, 0xdd, 0x7d, 0xff, 0xff, 0xdc, 0x7c, 0xfe, 0xff, 0xdb, 0x7c, 0xfe, 0xff, 0xdb, 0x7d, 0xfe,
  0xff, 0xdb, 0x7d, 0xff, 0xff, 0xdb, 0x7d, 0xff, 0xff, 0xda, 0x7e, 0xfe, 0xff, 0xd9, 0x7d, 0xfe,
  0xff, 0xd9, 0x7d, 0xfc, 0xff, 0xd9, 0x7e, 0xfb, 0xff, 0xd8, 0x7d, 0xf7, 0xff, 0xd9, 0x7d, 0xfd,
  0xff, 0xe6, 0x85, 0xff, 0xff, 0xdb, 0x81, 0xff, 0xff, 0xd7, 0x80, 0xcc, 0xff, 0xd6, 0x7f, 0x8a,
  0xff, 0xd1, 0x7d, 0x43, 0xff, 0xff, 0x7f, 0x04, 0x00, 0x00, 0x00, 0x00, 0xff, 0x7f, 0x7f, 0x02,
  0xff, 0xff, 0xff, 0x01, 0x00, 0x00, 0x00, 0x00, 0x00, 0x00, 0x00, 0x00, 0x00, 0x00, 0x00, 0x00,
  0x00, 0x00, 0x00, 0x00, 0x00, 0x00, 0x00, 0x00, 0x00, 0x00, 0x00, 0x00, 0x00, 0x00, 0x00, 0x00,
  0x00, 0x00, 0x00, 0x00, 0x00, 0x00, 0x00, 0x00, 0x00, 0x00, 0x00, 0x00, 0x00, 0x00, 0x00, 0x00,
  0x00, 0x00, 0x00, 0x00, 0x00, 0x00, 0x00, 0x00, 0x00, 0x00, 0x00, 0x00, 0x00, 0x00, 0x00, 0x00,
  0x00, 0x00, 0x00, 0x00, 0x00, 0x00, 0x00, 0x00, 0x00, 0x00, 0x00, 0x00, 0x00, 0x00, 0x00, 0x00,
  0x00, 0x00, 0x00, 0x00, 0x00, 0x00, 0x00, 0x00, 0x00, 0x00, 0x00, 0x00, 0x00, 0x00, 0x00, 0x00,
  0x00, 0x00, 0x00, 0x00, 0x00, 0x00, 0x00, 0x00, 0x00, 0x00, 0x00, 0x00, 0x00, 0x00, 0x00, 0x00,
  0x00, 0x00, 0x00, 0x00, 0x00, 0x00, 0x00, 0x00, 0x00, 0x00, 0x00, 0x00, 0x00, 0x00, 0x00, 0x00,
  0xff, 0xff, 0x00, 0x01, 0x00, 0x00, 0x00, 0x00, 0xff, 0xff, 0xff, 0x01, 0x00, 0x00, 0x00, 0x00,
  0xff, 0xeb, 0x75, 0x1a, 0xff, 0xe7, 0x77, 0x84, 0xff, 0xe8, 0x79, 0xe5, 0xff, 0xea, 0x7b, 0xff,
  0xff, 0xe8, 0x7a, 0xfe, 0xff, 0xe8, 0x7a, 0xfd, 0xff, 0xe8, 0x7a, 0xfd, 0xff, 0xe7, 0x7a, 0xfe,
  0xff, 0xe6, 0x7a, 0xfe, 0xff, 0xe5, 0x7a, 0xfe, 0xff, 0xe5, 0x7a, 0xfe, 0xff, 0xe5, 0x7c, 0xff,
  0xff, 0xe5, 0x7c, 0xff, 0xff, 0xe5, 0x7c, 0xff, 0xff, 0xe4, 0x7b, 0xfe, 0xff, 0xe3, 0x7b, 0xfe,
  0xff, 0xe3, 0x7b, 0xfe, 0xff, 0xe2, 0x7b, 0xfe, 0xff, 0xe1, 0x7b, 0xfe, 0xff, 0xe1, 0x7c, 0xfe,
  0xff, 0xe1, 0x7c, 0xfe, 0xff, 0xe1, 0x7c, 0xfe, 0xff, 0xe0, 0x7c, 0xfe, 0xff, 0xdf, 0x7c, 0xfe,
  0xff, 0xdf, 0x7c, 0xfe, 0xff, 0xdf, 0x7c, 0xfe, 0xff, 0xde, 0x7c, 0xfe, 0xff, 0xde, 0x7d, 0xff,
  0xff, 0xde, 0x7d, 0xff, 0xff, 0xdd, 0x7d, 0xfe, 0xff, 0xdd, 0x7d, 0xfe, 0xff, 0xdd, 0x7d, 0xff,
  0xff, 0xdb, 0x7d, 0xfe, 0xff, 0xdb, 0x7d, 0xfe, 0xff, 0xdb, 0x7d, 0xfe, 0xff, 0xdb, 0x7d, 0xfe,
  0xff, 0xda, 0x7d, 0xfe, 0xff, 0xd9, 0x7e, 0xff, 0xff, 0xd9, 0x7e, 0xff, 0xff, 0xd9, 0x7e, 0xff,
  0xff, 0xd8, 0x7d, 0xfe, 0xff, 0xd7, 0x7d, 0xfe, 0xff, 0xd6, 0x7e, 0xfe, 0xff, 0xd6, 0x7e, 0xfe,
  0xff, 0xd6, 0x7e, 0xfe, 0xff, 0xd4, 0x7e, 0xfe, 0xff, 0xd6, 0x7f, 0xff, 0xff, 0xd5, 0x7f, 0xff,
  0xff, 0xd8, 0x81, 0xff, 0xff, 0xd2, 0x7e, 0xbf, 0xff, 0xd0, 0x7f, 0x3c, 0xff, 0xff, 0xff, 0x01,
  0xff, 0xff, 0xff, 0x01, 0x00, 0x00, 0x00, 0x00, 0xff, 0xff, 0xff, 0x01, 0x00, 0x00, 0x00, 0x00,
  0x00, 0x00, 0x00, 0x00, 0x00, 0x00, 0x00, 0x00, 0x00, 0x00, 0x00, 0x00, 0x00, 0x00, 0x00, 0x00,
  0x00, 0x00, 0x00, 0x00, 0x00, 0x00, 0x00, 0x00, 0x00, 0x00, 0x00, 0x00, 0x00, 0x00, 0x00, 0x00,
  0x00, 0x00, 0x00, 0x00, 0x00, 0x00, 0x00, 0x00, 0x00, 0x00, 0x00, 0x00, 0x00, 0x00, 0x00, 0x00,
  0x00, 0x00, 0x00, 0x00, 0x00, 0x00, 0x00, 0x00, 0x00, 0x00, 0x00, 0x00, 0x00, 0x00, 0x00, 0x00,
  0x00, 0x00, 0x00, 0x00, 0x00, 0x00, 0x00, 0x00, 0x00, 0x00, 0x00, 0x00, 0x00, 0x00, 0x00, 0x00,
  0x00, 0x00, 0x00, 0x00, 0x00, 0x00, 0x00, 0x00, 0x00, 0x00, 0x00, 0x00, 0x00, 0x00, 0x00, 0x00,
  0x00, 0x00, 0x00, 0x00, 0x00, 0x00, 0x00, 0x00, 0x00, 0x00, 0x00, 0x00, 0x00, 0x00, 0x00, 0x00,
  0x00, 0x00, 0x00, 0x00, 0xff, 0xcc, 0x66, 0x05, 0xff, 0xff, 0xff, 0x01, 0x00, 0x00, 0x00, 0x00,
  0xff, 0xea, 0x78, 0x26, 0xff, 0xe6, 0x79, 0x93, 0xff, 0xeb, 0x7c, 0xe0, 0xff, 0xed, 0x7c, 0xff,
  0xff, 0xf2, 0x80, 0xff, 0xff, 0xe7, 0x7b, 0xff, 0xff, 0xe6, 0x79, 0xfb, 0xff, 0xe5, 0x7b, 0xfc,
  0xff, 0xe5, 0x7b, 0xfe, 0xff, 0xe4, 0x7b, 0xfe, 0xff, 0xe3, 0x7a, 0xfe, 0xff, 0xe3, 0x7a, 0xfe,
  0xff, 0xe3, 0x7c, 0xfe, 0xff, 0xe3, 0x7c, 0xfe, 0xff, 0xe2, 0x7c, 0xfe, 0xff, 0xe2, 0x7c, 0xfe,
  0xff, 0xe2, 0x7c, 0xfe, 0xff, 0xe1, 0x7c, 0xff, 0xff, 0xe0, 0x7c, 0xff, 0xff, 0xe0, 0x7c, 0xff,
  0xff, 0xe0, 0x7d, 0xff, 0xff, 0xe0, 0x7d, 0xff, 0xff, 0xde, 0x7d, 0xfe, 0xff, 0xdd, 0x7d, 0xfe,
  0xff, 0xdd, 0x7d, 0xfe, 0xff, 0xdd, 0x7d, 0xfe, 0xff, 0xdd, 0x7d, 0xfe, 0xff, 0xdc, 0x7d, 0xfe,
  0xff, 0xdc, 0x7e, 0xfe, 0xff, 0xdc, 0x7e, 0xfe, 0xff, 0xda, 0x7d, 0xfe, 0xff, 0xda, 0x7d, 0xff,
  0xff, 0xdb, 0x7e, 0xff, 0xff, 0xda, 0x7e, 0xfe, 0xff, 0xda, 0x7e, 0xfe, 0xff, 0xda, 0x7e, 0xff,
  0xff, 0xd9, 0x7e, 0xff, 0xff, 0xd8, 0x7e, 0xff, 0xff, 0xd7, 0x7e, 0xff, 0xff, 0xd7, 0x7f, 0xff,
  0xff, 0xd7, 0x7f, 0xff, 0xff, 0xd6, 0x7e, 0xfe, 0xff, 0xd6, 0x7e, 0xfe, 0xff, 0xd5, 0x7f, 0xff,
  0xff, 0xd4, 0x7f, 0xff, 0xff, 0xd4, 0x7e, 0xfd, 0xff, 0xd3, 0x7e, 0xfc, 0xff, 0xd2, 0x7f, 0xfe,
  0xff, 0xd8, 0x82, 0xff, 0xff, 0xe0, 0x87, 0xff, 0xff, 0xd3, 0x81, 0xf9, 0xff, 0xcf, 0x7f, 0xb8,
  0xff, 0xcd, 0x7f, 0x4e, 0x00, 0x00, 0x00, 0x00, 0x00, 0x00, 0x00, 0x00, 0xff, 0xb6, 0x6d, 0x07,
  0xff, 0xff, 0x00, 0x01, 0xff, 0xff, 0x00, 0x01, 0x00, 0x00, 0x00, 0x00, 0x00, 0x00, 0x00, 0x00,
  0x00, 0x00, 0x00, 0x00, 0x00, 0x00, 0x00, 0x00, 0x00, 0x00, 0x00, 0x00, 0x00, 0x00, 0x00, 0x00,
  0x00, 0x00, 0x00, 0x00, 0x00, 0x00, 0x00, 0x00, 0x00, 0x00, 0x00, 0x00, 0x00, 0x00, 0x00, 0x00,
  0x00, 0x00, 0x00, 0x00, 0x00, 0x00, 0x00, 0x00, 0x00, 0x00, 0x00, 0x00, 0x00, 0x00, 0x00, 0x00,
  0x00, 0x00, 0x00, 0x00, 0x00, 0x00, 0x00, 0x00, 0x00, 0x00, 0x00, 0x00, 0x00, 0x00, 0x00, 0x00,
  0x00, 0x00, 0x00, 0x00, 0x00, 0x00, 0x00, 0x00, 0x00, 0x00, 0x00, 0x00, 0x00, 0x00, 0x00, 0x00,
  0x00, 0x00, 0x00, 0x00, 0x00, 0x00, 0x00, 0x00, 0x00, 0x00, 0x00, 0x00, 0x00, 0x00, 0x00, 0x00,
  0x00, 0x00, 0x00, 0x00, 0xff, 0xff, 0x7f, 0x02, 0x00, 0x00, 0x00, 0x00, 0x00, 0x00, 0x00, 0x00,
  0xff, 0xe1, 0x74, 0x23, 0xff, 0xe5, 0x79, 0x84, 0xff, 0xe5, 0x7a, 0xf1, 0xff, 0xf2, 0x81, 0xff,
  0xff, 0xe5, 0x7a, 0xf9, 0xff, 0xe6, 0x7b, 0xfa, 0xff, 0xe4, 0x7b, 0xfc, 0xff, 0xe3, 0x7a, 0xfe,
  0xff, 0xe3, 0x7b, 0xfe, 0xff, 0xe3, 0x7c, 0xfe, 0xff, 0xe3, 0x7b, 0xfe, 0xff, 0xe2, 0x7c, 0xfe,
  0xff, 0xe2, 0x7c, 0xfe, 0xff, 0xe2, 0x7c, 0xfe, 0xff, 0xe1, 0x7c, 0xfe, 0xff, 0xe0, 0x7c, 0xfe,
  0xff, 0xe0, 0x7c, 0xfe, 0xff, 0xe0, 0x7c, 0xfe, 0xff, 0xdf, 0x7d, 0xff, 0xff, 0xde, 0x7d, 0xff,
  0xff, 0xde, 0x7d, 0xff, 0xff, 0xde, 0x7d, 0xff, 0xff, 0xde, 0x7d, 0xff, 0xff, 0xdc, 0x7d, 0xfe,
  0xff, 0xdc, 0x7d, 0xfe, 0xff, 0xdc, 0x7d, 0xfe, 0xff, 0xdb, 0x7d, 0xfe, 0xff, 0xdb, 0x7d, 0xfe,
  0xff, 0xdb, 0x7d, 0xfe, 0xff, 0xda, 0x7e, 0xfe, 0xff, 0xda, 0x7e, 0xfe, 0xff, 0xd8, 0x7d, 0xfe,
  0xff, 0xd8, 0x7d, 0xff, 0xff, 0xd9, 0x7e, 0xff, 0xff, 0xd8, 0x7e, 0xfe, 0xff, 0xd8, 0x7e, 0xfe,
  0xff, 0xd8, 0x7e, 0xff, 0xff, 0xd7, 0x7e, 0xff, 0xff, 0xd6, 0x7e, 0xff, 0xff, 0xd5, 0x7e, 0xff,
  0xff, 0xd5, 0x7f, 0xff, 0xff, 0xd5, 0x7f, 0xff, 0xff, 0xd4, 0x7e, 0xfe, 0xff, 0xd4, 0x7e, 0xfe,
  0xff, 0xd3, 0x7f, 0xff, 0xff, 0xd2, 0x7f, 0xff, 0xff, 0xd2, 0x7f, 0xfe, 0xff, 0xd1, 0x7f, 0xfe,
  0xff, 0xd1, 0x80, 0xfd, 0xff, 0xd1, 0x80, 0xfb, 0xff, 0xd1, 0x7f, 0xf6, 0xff, 0xd4, 0x82, 0xff,
  0xff, 0xd5, 0x83, 0xff, 0xff, 0xcf, 0x82, 0xb2, 0xff, 0xcb, 0x83, 0x40, 0xff, 0xe2, 0x8d, 0x09,
  0x00, 0x00, 0x00, 0x00, 0x00, 0x00, 0x00, 0x00, 0xff, 0x7f, 0x00, 0x02, 0x00, 0x00, 0x00, 0x00,
  0x00, 0x00, 0x00, 0x00, 0x00, 0x00, 0x00, 0x00, 0x00, 0x00, 0x00, 0x00, 0x00, 0x00, 0x00, 0x00,
  0x00, 0x00, 0x00, 0x00, 0x00, 0x00, 0x00, 0x00, 0x00, 0x00, 0x00, 0x00, 0x00, 0x00, 0x00, 0x00,
  0x00, 0x00, 0x00, 0x00, 0x00, 0x00, 0x00, 0x00, 0x00, 0x00, 0x00, 0x00, 0x00, 0x00, 0x00, 0x00,
  0x00, 0x00, 0x00, 0x00, 0x00, 0x00, 0x00, 0x00, 0x00, 0x00, 0x00, 0x00, 0x00, 0x00, 0x00, 0x00,
  0x00, 0x00, 0x00, 0x00, 0x00, 0x00, 0x00, 0x00, 0x00, 0x00, 0x00, 0x00, 0x00, 0x00, 0x00, 0x00,
  0x00, 0x00, 0x00, 0x00, 0x00, 0x00, 0x00, 0x00, 0x00, 0x00, 0x00, 0x00, 0x00, 0x00, 0x00, 0x00,
  0xff, 0xff, 0x00, 0x01, 0x00, 0x00, 0x00, 0x00, 0xff, 0xff, 0x7f, 0x04, 0x00, 0x00, 0x00, 0x00,
  0xff, 0xda, 0x76, 0x1c, 0xff, 0xe0, 0x78, 0x98, 0xff, 0xe2, 0x79, 0xf1, 0xff, 0xe6, 0x7d, 0xff,
  0xff, 0xe6, 0x7d, 0xff, 0xff, 0xe3, 0x7b, 0xfd, 0xff, 0xe3, 0x7c, 0xfe, 0xff, 0xe3, 0x7c, 0xfe,
  0xff, 0xe2, 0x7c, 0xff, 0xff, 0xe1, 0x7c, 0xfe, 0xff, 0xe1, 0x7c, 0xfe, 0xff, 0xe1, 0x7c, 0xfe,
  0xff, 0xe1, 0x7d, 0xff, 0xff, 0xe1, 0x7d, 0xff, 0xff, 0xe0, 0x7c, 0xfe, 0xff, 0xdf, 0x7c, 0xfe,
  0xff, 0xde, 0x7c, 0xfe, 0xff, 0xdd, 0x7d, 0xff, 0xff, 0xdd, 0x7d, 0xff, 0xff, 0xdd, 0x7d, 0xff,
  0xff, 0xdc, 0x7d, 0xfe, 0xff, 0xdb, 0x7d, 0xfe, 0xff, 0xdb, 0x7e, 0xff, 0xff, 0xdb, 0x7e, 0xff,
  0xff, 0xdb, 0x7d, 0xfe, 0xff, 0xdb, 0x7d, 0xfe, 0xff, 0xda, 0x7d, 0xfe, 0xff, 0xd9, 0x7d, 0xfe,
  0xff, 0xd9, 0x7d, 0xfe, 0xff, 0xd9, 0x7e, 0xff, 0xff, 0xd8, 0x7d, 0xfe, 0xff, 0xd7, 0x7d, 0xfe,
  0xff, 0xd6, 0x7e, 0xfe, 0xff, 0xd7, 0x7f, 0xff, 0xff, 0xd7, 0x7f, 0xff, 0xff, 0xd6, 0x7e, 0xfe,
  0xff, 0xd4, 0x7e, 0xfe, 0xff, 0xd5, 0x7e, 0xfe, 0xff, 0xd4, 0x7f, 0xfe, 0xff, 0xd4, 0x7f, 0xfe,
  0xff, 0xd3, 0x7e, 0xfe, 0xff, 0xd3, 0x7e, 0xff, 0xff, 0xd3, 0x7f, 0xff, 0xff, 0xd2, 0x7f, 0xfe,
  0xff, 0xd1, 0x7f, 0xfe, 0xff, 0xd1, 0x80, 0xff, 0xff, 0xd1, 0x80, 0xff, 0xff, 0xd0, 0x7f, 0xfe,
  0xff, 0xcf, 0x7f, 0xfe, 0xff, 0xcf, 0x7f, 0xfe, 0xff, 0xcf, 0x80, 0xff, 0xff, 0xd0, 0x81, 0xfc,
  0xff, 0xd0, 0x81, 0xff, 0xff, 0xcf, 0x81, 0xff, 0xff, 0xd1, 0x83, 0xf8, 0xff, 0xcb, 0x80, 0xc2,
  0xff, 0xce, 0x7d, 0x45, 0x00, 0x00, 0x00, 0x00, 0xff, 0xff, 0xff, 0x01, 0xff, 0xff, 0x7f, 0x02,
  0xff, 0xff, 0x00, 0x01, 0x00, 0x00, 0x00, 0x00, 0x00, 0x00, 0x00, 0x00, 0x00, 0x00, 0x00, 0x00,
  0x00, 0x00, 0x00, 0x00, 0x00, 0x00, 0x00, 0x00, 0x00, 0x00, 0x00, 0x00, 0x00, 0x00, 0x00, 0x00,
  0x00, 0x00, 0x00, 0x00, 0x00, 0x00, 0x00, 0x00, 0x00, 0x00, 0x00, 0x00, 0x00, 0x00, 0x00, 0x00,
  0x00, 0x00, 0x00, 0x00, 0x00, 0x00, 0x00, 0x00, 0x00, 0x00, 0x00, 0x00, 0x00, 0x00, 0x00, 0x00,
  0x00, 0x00, 0x00, 0x00, 0x00, 0x00, 0x00, 0x00, 0x00, 0x00, 0x00, 0x00, 0x00, 0x00, 0x00, 0x00,
  0x00, 0x00, 0x00, 0x00, 0x00, 0x00, 0x00, 0x00, 0x00, 0x00, 0x00, 0x00, 0x00, 0x00, 0x00, 0x00,
  0x00, 0x00, 0x00, 0x00, 0xff, 0xff, 0x7f, 0x04, 0xff, 0x00, 0x00, 0x01, 0x00, 0x00, 0x00, 0x00,
  0xff, 0xe2, 0x79, 0x2c, 0xff, 0xe2, 0x7a, 0x8d, 0xff, 0xe5, 0x7c, 0xe8, 0xff, 0xef, 0x81, 0xff,
  0xff, 0xe2, 0x7c, 0xff, 0xff, 0xe2, 0x7c, 0xfa, 0xff, 0xe2, 0x7b, 0xfd, 0xff, 0xe1, 0x7c, 0xfe,
  0xff, 0xe1, 0x7c, 0xfe, 0xff, 0xe1, 0x7c, 0xff, 0xff, 0xe0, 0x7c, 0xfe, 0xff, 0xe0, 0x7c, 0xfe,
  0xff, 0xdf, 0x7c, 0xfe, 0xff, 0xdf, 0x7d, 0xff, 0xff, 0xdf, 0x7d, 0xff, 0xff, 0xde, 0x7d, 0xfe,
  0xff, 0xdd, 0x7d, 0xfe, 0xff, 0xdc, 0x7d, 0xff, 0xff, 0xdc, 0x7e, 0xff, 0xff, 0xdc, 0x7e, 0xff,
  0xff, 0xdb, 0x7d, 0xfe, 0xff, 0xda, 0x7d, 0xfe, 0xff, 0xda, 0x7d, 0xfe, 0xff, 0xda, 0x7e, 0xfe,
  0xff, 0xd9, 0x7e, 0xfe, 0xff, 0xd9, 0x7e, 0xfe, 0xff, 0xd9, 0x7e, 0xff, 0xff, 0xd9, 0x7e, 0xff,
  0xff, 0xd8, 0x7e, 0xfe, 0xff, 0xd8, 0x7e, 0xfe, 0xff, 0xd8, 0x7e, 0xfe, 0xff, 0xd7, 0x7d, 0xfe,
  0xff, 0xd6, 0x7d, 0xfe, 0xff, 0xd4, 0x7e, 0xfe, 0xff, 0xd5, 0x7f, 0xfe, 0xff, 0xd5, 0x7f, 0xff,
  0xff, 0xd4, 0x7e, 0xfe, 0xff, 0xd3, 0x7e, 0xfe, 0xff, 0xd2, 0x7f, 0xfe, 0xff, 0xd2, 0x80, 0xfe,
  0xff, 0xd3, 0x80, 0xfe, 0xff, 0xd1, 0x7e, 0xfe, 0xff, 0xd1, 0x7e, 0xff, 0xff, 0xd1, 0x80, 0xff,
  0xff, 0xd1, 0x80, 0xfe, 0xff, 0xd0, 0x80, 0xfe, 0xff, 0xd0, 0x80, 0xff, 0xff, 0xd0, 0x80, 0xff,
  0xff, 0xcf, 0x7f, 0xff, 0xff, 0xce, 0x7f, 0xfe, 0xff, 0xce, 0x7f, 0xfe, 0xff, 0xce, 0x81, 0xff,
  0xff, 0xcd, 0x80, 0xfe, 0xff, 0xcb, 0x80, 0xfd, 0xff, 0xcc, 0x80, 0xfa, 0xff, 0xd7, 0x88, 0xff,
  0xff, 0xca, 0x80, 0xff, 0xff, 0xca, 0x80, 0xab, 0xff, 0xca, 0x83, 0x44, 0xff, 0xff, 0x00, 0x01,
  0x00, 0x00, 0x00, 0x00, 0xff, 0xff, 0xaa, 0x03, 0x00, 0x00, 0x00, 0x00, 0x00, 0x00, 0x00, 0x00,
  0x00, 0x00, 0x00, 0x00, 0x00, 0x00, 0x00, 0x00, 0x00, 0x00, 0x00, 0x00, 0x00, 0x00, 0x00, 0x00,
  0x00, 0x00, 0x00, 0x00, 0x00, 0x00, 0x00, 0x00, 0x00, 0x00, 0x00, 0x00, 0x00, 0x00, 0x00, 0x00,
  0x00, 0x00, 0x00, 0x00, 0x00, 0x00, 0x00, 0x00, 0x00, 0x00, 0x00, 0x00, 0x00, 0x00, 0x00, 0x00,
  0x00, 0x00, 0x00, 0x00, 0x00, 0x00, 0x00, 0x00, 0x00, 0x00, 0x00, 0x00, 0x00, 0x00, 0x00, 0x00,
  0x00, 0x00, 0x00, 0x00, 0x00, 0x00, 0x00, 0x00, 0x00, 0x00, 0x00, 0x00, 0x00, 0x00, 0x00, 0x00,
  0x00, 0x00, 0x00, 0x00, 0x00, 0x00, 0x00, 0x00, 0xff, 0xff, 0x55, 0x03, 0x00, 0x00, 0x00, 0x00,
  0xff, 0xda, 0x6d, 0x07, 0xff, 0xde, 0x79, 0x7c, 0xff, 0xe3, 0x7b, 0xf7, 0xff, 0xea, 0x80, 0xff,
  0xff, 0xe3, 0x7c, 0xf7, 0xff, 0xe0, 0x7c, 0xfe, 0xff, 0xe1, 0x7c, 0xfe, 0xff, 0xe1, 0x7c, 0xfe,
  0xff, 0xdf, 0x7c, 0xfe, 0xff, 0xdf, 0x7c, 0xfe, 0xff, 0xdf, 0x7c, 0xfe, 0xff, 0xde, 0x7c, 0xfe,
  0xff, 0xde, 0x7c, 0xfe, 0xff, 0xdd, 0x7c, 0xfe, 0xff, 0xdd, 0x7c, 0xfe, 0xff, 0xdd, 0x7d, 0xfe,
  0xff, 0xdb, 0x7d, 0xfe, 0xff, 0xdb, 0x7d, 0xfe, 0xff, 0xdb, 0x7d, 0xff, 0xff, 0xdb, 0x7e, 0xff,
  0xff, 0xdb, 0x7e, 0xff, 0xff, 0xd9, 0x7d, 0xfe, 0xff, 0xd9, 0x7d, 0xfe, 0xff, 0xd9, 0x7e, 0xff,
  0xff, 0xd9, 0x7e, 0xfe, 0xff, 0xd8, 0x7e, 0xfe, 0xff, 0xd7, 0x7e, 0xfe, 0xff, 0xd7, 0x7e, 0xff,
  0xff, 0xd7, 0x7e, 0xff, 0xff, 0xd6, 0x7e, 0xfe, 0xff, 0xd6, 0x7e, 0xfe, 0xff, 0xd6, 0x7e, 0xfe,
  0xff, 0xd6, 0x7e, 0xfe, 0xff, 0xd5, 0x7e, 0xfe, 0xff, 0xd3, 0x7e, 0xfe, 0xff, 0xd3, 0x7e, 0xfe,
  0xff, 0xd3, 0x7f, 0xff, 0xff, 0xd3, 0x7f, 0xff, 0xff, 0xd2, 0x7f, 0xff, 0xff, 0xd1, 0x7f, 0xfe,
  0xff, 0xd1, 0x80, 0xff, 0xff, 0xd1, 0x80, 0xff, 0xff, 0xcf, 0x7f, 0xfe, 0xff, 0xcf, 0x7f, 0xfe,
  0xff, 0xcf, 0x80, 0xff, 0xff, 0xcf, 0x80, 0xfe, 0xff, 0xcf, 0x80, 0xfe, 0xff, 0xcf, 0x80, 0xff,
  0xff, 0xcf, 0x80, 0xff, 0xff, 0xce, 0x80, 0xff, 0xff, 0xcd, 0x80, 0xfe, 0xff, 0xcd, 0x80, 0xfe,
  0xff, 0xcd, 0x81, 0xff, 0xff, 0xcb, 0x80, 0xfe, 0xff, 0xca, 0x80, 0xfe, 0xff, 0xca, 0x80, 0xfe,
  0xff, 0xca, 0x81, 0xfc, 0xff, 0xc8, 0x81, 0xfe, 0xff, 0xca, 0x81, 0xfa, 0xff, 0xc8, 0x81, 0xa8,
  0xff, 0xc6, 0x7f, 0x24, 0xff, 0x7f, 0x7f, 0x02, 0xff, 0xff, 0xff, 0x02, 0x00, 0x00, 0x00, 0x00,
  0x00, 0x00, 0x00, 0x00, 0x00, 0x00, 0x00, 0x00, 0x00, 0x00, 0x00, 0x00, 0x00, 0x00, 0x00, 0x00,
  0x00, 0x00, 0x00, 0x00, 0x00, 0x00, 0x00, 0x00, 0x00, 0x00, 0x00, 0x00, 0x00, 0x00, 0x00, 0x00,
  0x00, 0x00, 0x00, 0x00, 0x00, 0x00, 0x00, 0x00, 0x00, 0x00, 0x00, 0x00, 0x00, 0x00, 0x00, 0x00,
  0x00, 0x00, 0x00, 0x00, 0x00, 0x00, 0x00, 0x00, 0x00, 0x00, 0x00, 0x00, 0x00, 0x00, 0x00, 0x00,
  0x00, 0x00, 0x00, 0x00, 0x00, 0x00, 0x00, 0x00, 0x00, 0x00, 0x00, 0x00, 0x00, 0x00, 0x00, 0x00,
  0x00, 0x00, 0x00, 0x00, 0xff, 0xff, 0x7f, 0x02, 0x00, 0x00, 0x00, 0x00, 0x00, 0x00, 0x00, 0x00,
  0xff, 0xff, 0x91, 0x07, 0xff, 0xe1, 0x7a, 0x4f, 0xff, 0xde, 0x7a, 0xbe, 0xff, 0xe9, 0x80, 0xff,
  0xff, 0xea, 0x82, 0xff, 0xff, 0xe1, 0x7d, 0xf8, 0xff, 0xdf, 0x7d, 0xfe, 0xff, 0xe0, 0x7d, 0xfe,
  0xff, 0xdf, 0x7d, 0xfe, 0xff, 0xdd, 0x7c, 0xfe, 0xff, 0xdd, 0x7c, 0xfe, 0xff, 0xdd, 0x7d, 0xfe,
  0xff, 0xdc, 0x7d, 0xfe, 0xff, 0xdc, 0x7d, 0xfe, 0xff, 0xdc, 0x7d, 0xfe, 0xff, 0xdc, 0x7d, 0xfe,
  0xff, 0xdb, 0x7d, 0xfe, 0xff, 0xd9, 0x7d, 0xfe, 0xff, 0xda, 0x7d, 0xfe, 0xff, 0xda, 0x7d, 0xfe,
  0xff, 0xd9, 0x7e, 0xfe, 0xff, 0xd8, 0x7e, 0xfe, 0xff, 0xd7, 0x7e, 0xfe, 0xff, 0xd7, 0x7e, 0xff,
  0xff, 0xd7, 0x7e, 0xff, 0xff, 0xd6, 0x7e, 0xfe, 0xff, 0xd6, 0x7e, 0xfe, 0xff, 0xd5, 0x7e, 0xfe,
  0xff, 0xd6, 0x7e, 0xfe, 0xff, 0xd5, 0x7e, 0xfe, 0xff, 0xd4, 0x7e, 0xfe, 0xff, 0xd4, 0x7e, 0xfe,
  0xff, 0xd4, 0x7f, 0xff, 0xff, 0xd3, 0x80, 0xfe, 0xff, 0xd3, 0x80, 0xfe, 0xff, 0xd1, 0x80, 0xff,
  0xff, 0xd1, 0x80, 0xff, 0xff, 0xd1, 0x80, 0xff, 0xff, 0xd1, 0x80, 0xff, 0xff, 0xd1, 0x80, 0xff,
  0xff, 0xcf, 0x7f, 0xfe, 0xff, 0xcf, 0x7f, 0xfe, 0xff, 0xcf, 0x80, 0xfe, 0xff, 0xce, 0x80, 0xfe,
  0xff, 0xce, 0x80, 0xfe, 0xff, 0xcd, 0x80, 0xfe, 0xff, 0xcd, 0x80, 0xfe, 0xff, 0xcd, 0x80, 0xfe,
  0xff, 0xcc, 0x81, 0xfe, 0xff, 0xcc, 0x80, 0xfe, 0xff, 0xcb, 0x80, 0xfe, 0xff, 0xca, 0x81, 0xfe,
  0xff, 0xca, 0x81, 0xfe, 0xff, 0xca, 0x81, 0xfe, 0xff, 0xc9, 0x81, 0xfe, 0xff, 0xc8, 0x81, 0xfe,
  0xff, 0xc9, 0x81, 0xfe, 0xff, 0xc8, 0x81, 0xfc, 0xff, 0xc9, 0x83, 0xff, 0xff, 0xd3, 0x89, 0xff,
  0xff, 0xc6, 0x80, 0xe0, 0xff, 0xc2, 0x81, 0x76, 0xff, 0xc1, 0x8b, 0x21, 0xff, 0xff, 0xff, 0x01,
  0xff, 0x7f, 0x7f, 0x02, 0xff, 0xbf, 0x7f, 0x04, 0x00, 0x00, 0x00, 0x00, 0x00, 0x00, 0x00, 0x00,
  0x00, 0x00, 0x00, 0x00, 0x00, 0x00, 0x00, 0x00, 0x00, 0x00, 0x00, 0x00, 0x00, 0x00, 0x00, 0x00,
  0x00, 0x00, 0x00, 0x00, 0x00, 0x00, 0x00, 0x00, 0x00, 0x00, 0x00, 0x00, 0x00, 0x00, 0x00, 0x00,
  0x00, 0x00, 0x00, 0x00, 0x00, 0x00, 0x00, 0x00, 0x00, 0x00, 0x00, 0x00, 0x00, 0x00, 0x00, 0x00,
  0x00, 0x00, 0x00, 0x00, 0x00, 0x00, 0x00, 0x00, 0x00, 0x00, 0x00, 0x00, 0x00, 0x00, 0x00, 0x00,
  0x00, 0x00, 0x00, 0x00, 0xff, 0x00, 0x00, 0x01, 0xff, 0xff, 0x7f, 0x02, 0xff, 0xff, 0x7f, 0x02,
  0xff, 0xd4, 0x7f, 0x06, 0xff, 0xe5, 0x7f, 0x32, 0xff, 0xde, 0x7b, 0xaa, 0xff, 0xe5, 0x7f, 0xea,
  0xff, 0xe0, 0x7c, 0xfb, 0xff, 0xe1, 0x7e, 0xfc, 0xff, 0xde, 0x7d, 0xfc, 0xff, 0xde, 0x7d, 0xfe,
  0xff, 0xde, 0x7e, 0xfe, 0xff, 0xdd, 0x7e, 0xfe, 0xff, 0xdb, 0x7c, 0xfe, 0xff, 0xdb, 0x7c, 0xfe,
  0xff, 0xdb, 0x7d, 0xfe, 0xff, 0xda, 0x7d, 0xfe, 0xff, 0xda, 0x7d, 0xfe, 0xff, 0xda, 0x7d, 0xfe,
  0xff, 0xda, 0x7d, 0xfe, 0xff, 0xd9, 0x7d, 0xfe, 0xff, 0xd8, 0x7d, 0xfe, 0xff, 0xd8, 0x7d, 0xfe,
  0xff, 0xd8, 0x7d, 0xfe, 0xff, 0xd7, 0x7e, 0xfe, 0xff, 0xd7, 0x7e, 0xfe, 0xff, 0xd7, 0x7e, 0xfe,
  0xff, 0xd6, 0x7e, 0xff, 0xff, 0xd5, 0x7e, 0xff, 0xff, 0xd4, 0x7e, 0xfe, 0xff, 0xd4, 0x7e, 0xfe,
  0xff, 0xd4, 0x7e, 0xfe, 0xff, 0xd4, 0x7f, 0xfe, 0xff, 0xd3, 0x7f, 0xfe, 0xff, 0xd2, 0x7f, 0xfe,
  0xff, 0xd2, 0x7f, 0xfe, 0xff, 0xd2, 0x7f, 0xff, 0xff, 0xd1, 0x80, 0xfe, 0xff, 0xd1, 0x80, 0xfe,
  0xff, 0xd0, 0x80, 0xff, 0xff, 0xcf, 0x80, 0xff, 0xff, 0xcf, 0x80, 0xff, 0xff, 0xcf, 0x80, 0xff,
  0xff, 0xcf, 0x80, 0xff, 0xff, 0xce, 0x80, 0xfe, 0xff, 0xcd, 0x7f, 0xfe, 0xff, 0xcd, 0x80, 0xfe,
  0xff, 0xcd, 0x80, 0xfe, 0xff, 0xcd, 0x80, 0xfe, 0xff, 0xcc, 0x80, 0xfe, 0xff, 0xcb, 0x80, 0xfe,
  0xff, 0xcb, 0x80, 0xfe, 0xff, 0xca, 0x81, 0xfe, 0xff, 0xca, 0x80, 0xfe, 0xff, 0xc9, 0x80, 0xfe,
  0xff, 0xc9, 0x81, 0xfe, 0xff, 0xc9, 0x81, 0xfe, 0xff, 0xc8, 0x81, 0xfe, 0xff, 0xc7, 0x81, 0xfe,
  0xff, 0xc7, 0x81, 0xfe, 0xff, 0xc7, 0x81, 0xfe, 0xff, 0xc7, 0x81, 0xfc, 0xff, 0xc7, 0x83, 0xfd,
  0xff, 0xcb, 0x85, 0xf9, 0xff, 0xc9, 0x85, 0xf7, 0xff, 0xc7, 0x85, 0xcb, 0xff, 0xc3, 0x84, 0x55,
  0x00, 0x00, 0x00, 0x00, 0x00, 0x00, 0x00, 0x00, 0xff, 0xbf, 0x7f, 0x04, 0x00, 0x00, 0x00, 0x00,
  0x00, 0x00, 0x00, 0x00, 0x00, 0x00, 0x00, 0x00, 0x00, 0x00, 0x00, 0x00, 0x00, 0x00, 0x00, 0x00,
  0x00, 0x00, 0x00, 0x00, 0x00, 0x00, 0x00, 0x00, 0x00, 0x00, 0x00, 0x00, 0x00, 0x00, 0x00, 0x00,
  0x00, 0x00, 0x00, 0x00, 0x00, 0x00, 0x00, 0x00, 0x00, 0x00, 0x00, 0x00, 0x00, 0x00, 0x00, 0x00,
  0x00, 0x00, 0x00, 0x00, 0x00, 0x00, 0x00, 0x00, 0x00, 0x00, 0x00, 0x00, 0x00, 0x00, 0x00, 0x00,
  0x00, 0x00, 0x00, 0x00, 0x00, 0x00, 0x00, 0x00, 0xff, 0xaa, 0x55, 0x03, 0x00, 0x00, 0x00, 0x00,
  0x00, 0x00, 0x00, 0x00, 0xff, 0xdf, 0x7f, 0x28, 0xff, 0xde, 0x7d, 0x84, 0xff, 0xdd, 0x7b, 0xed,
  0xff, 0xeb, 0x84, 0xff, 0xff, 0xdc, 0x7c, 0xfd, 0xff, 0xdb, 0x7c, 0xfe, 0xff, 0xdc, 0x7d, 0xff,
  0xff, 0xdb, 0x7d, 0xfe, 0xff, 0xdb, 0x7e, 0xff, 0xff, 0xdb, 0x7e, 0xff, 0xff, 0xda, 0x7d, 0xfe,
  0xff, 0xd9, 0x7d, 0xfe, 0xff, 0xd9, 0x7e, 0xff, 0xff, 0xd9, 0x7e, 0xff, 0xff, 0xd9, 0x7e, 0xff,
  0xff, 0xd7, 0x7d, 0xfe, 0xff, 0xd7, 0x7d, 0xfe, 0xff, 0xd7, 0x7e, 0xfe, 0xff, 0xd6, 0x7e, 0xfe,
  0xff, 0xd5, 0x7e, 0xfe, 0xff, 0xd5, 0x7e, 0xfe, 0xff, 0xd6, 0x7f, 0xff, 0xff, 0xd6, 0x7f, 0xff,
  0xff, 0xd5, 0x7f, 0xfe, 0xff, 0xd4, 0x7f, 0xfe, 0xff, 0xd3, 0x7f, 0xff, 0xff, 0xd3, 0x7f, 0xfe,
  0xff, 0xd3, 0x7f, 0xfe, 0xff, 0xd2, 0x7f, 0xfe, 0xff, 0xd1, 0x80, 0xfe, 0xff, 0xd1, 0x80, 0xfe,
  0xff, 0xd1, 0x80, 0xff, 0xff, 0xd0, 0x80, 0xff, 0xff, 0xcf, 0x7f, 0xfe, 0xff, 0xcf, 0x80, 0xfe,
  0xff, 0xcf, 0x80, 0xfe, 0xff, 0xce, 0x80, 0xfe, 0xff, 0xcd, 0x80, 0xfe, 0xff, 0xcd, 0x80, 0xfe,
  0xff, 0xcd, 0x80, 0xfe, 0xff, 0xcd, 0x80, 0xfe, 0xff, 0xcd, 0x81, 0xff, 0xff, 0xcc, 0x81, 0xfe,
  0xff, 0xcb, 0x81, 0xfe, 0xff, 0xcb, 0x81, 0xff, 0xff, 0xcb, 0x81, 0xff, 0xff, 0xca, 0x81, 0xff,
  0xff, 0xc9, 0x81, 0xff, 0xff, 0xc9, 0x81, 0xff, 0xff, 0xc9, 0x82, 0xfe, 0xff, 0xc8, 0x81, 0xfe,
  0xff, 0xc7, 0x80, 0xfe, 0xff, 0xc8, 0x82, 0xfe, 0xff, 0xc8, 0x82, 0xfe, 0xff, 0xc6, 0x81, 0xfe,
  0xff, 0xc6, 0x81, 0xfe, 0xff, 0xc6, 0x82, 0xfe, 0xff, 0xc5, 0x82, 0xfe, 0xff, 0xc5, 0x82, 0xfe,
  0xff, 0xc4, 0x82, 0xfe, 0xff, 0xc4, 0x82, 0xf8, 0xff, 0xcd, 0x89, 0xff, 0xff, 0xc9, 0x87, 0xfe,
  0xff, 0xc2, 0x83, 0x9b, 0xff, 0xc4, 0x82, 0x27, 0xff, 0xff, 0xff, 0x01, 0x00, 0x00, 0x00, 0x00,
  0x00, 0x00, 0x00, 0x00, 0xff, 0xff, 0xff, 0x01, 0x00, 0x00, 0x00, 0x00, 0x00, 0x00, 0x00, 0x00,
  0x00, 0x00, 0x00, 0x00, 0x00, 0x00, 0x00, 0x00, 0x00, 0x00, 0x00, 0x00, 0x00, 0x00, 0x00, 0x00,
  0x00, 0x00, 0x00, 0x00, 0x00, 0x00, 0x00, 0x00, 0x00, 0x00, 0x00, 0x00, 0x00, 0x00, 0x00, 0x00,
  0x00, 0x00, 0x00, 0x00, 0x00, 0x00, 0x00, 0x00, 0x00, 0x00, 0x00, 0x00, 0x00, 0x00, 0x00, 0x00,
  0x00, 0x00, 0x00, 0x00, 0x00, 0x00, 0x00, 0x00, 0x00, 0x00, 0x00, 0x00, 0xff, 0xb6, 0x6d, 0x07,
  0x00, 0x00, 0x00, 0x00, 0x00, 0x00, 0x00, 0x00, 0xff, 0xdf, 0x7f, 0x60, 0xff, 0xda, 0x7b, 0xda,
  0xff, 0xe1, 0x80, 0xff, 0xff, 0xe3, 0x82, 0xff, 0xff, 0xdc, 0x7d, 0xfc, 0xff, 0xda, 0x7c, 0xfd,
  0xff, 0xda, 0x7d, 0xff, 0xff, 0xda, 0x7e, 0xff, 0xff, 0xd9, 0x7d, 0xff, 0xff, 0xd8, 0x7d, 0xfe,
  0xff, 0xd8, 0x7e, 0xfe, 0xff, 0xd8, 0x7e, 0xfe, 0xff, 0xd8, 0x7f, 0xfe, 0xff, 0xd7, 0x7f, 0xfe,
  0xff, 0xd7, 0x7f, 0xfe, 0xff, 0xd6, 0x7e, 0xff, 0xff, 0xd6, 0x7d, 0xff, 0xff, 0xd6, 0x7e, 0xfe,
  0xff, 0xd4, 0x7f, 0xfe, 0xff, 0xd4, 0x7f, 0xfe, 0xff, 0xd4, 0x7f, 0xff, 0xff, 0xd4, 0x80, 0xff,
  0xff, 0xd4, 0x80, 0xfe, 0xff, 0xd2, 0x7f, 0xfe, 0xff, 0xd2, 0x7f, 0xfe, 0xff, 0xd2, 0x80, 0xff,
  0xff, 0xd1, 0x80, 0xfe, 0xff, 0xd1, 0x80, 0xfe, 0xff, 0xd0, 0x7f, 0xfe, 0xff, 0xcf, 0x7f, 0xfe,
  0xff, 0xcf, 0x80, 0xfe, 0xff, 0xcf, 0x81, 0xff, 0xff, 0xcf, 0x81, 0xff, 0xff, 0xce, 0x80, 0xfe,
  0xff, 0xcd, 0x80, 0xfe, 0xff, 0xcc, 0x80, 0xfe, 0xff, 0xcc, 0x81, 0xff, 0xff, 0xcc, 0x81, 0xff,
  0xff, 0xcb, 0x80, 0xfe, 0xff, 0xcb, 0x81, 0xfe, 0xff, 0xcb, 0x81, 0xfe, 0xff, 0xcb, 0x82, 0xfe,
  0xff, 0xca, 0x82, 0xfe, 0xff, 0xc9, 0x81, 0xfe, 0xff, 0xc9, 0x81, 0xfe, 0xff, 0xc9, 0x81, 0xfe,
  0xff, 0xc8, 0x81, 0xff, 0xff, 0xc8, 0x82, 0xfe, 0xff, 0xc8, 0x82, 0xfe, 0xff, 0xc7, 0x83, 0xff,
  0xff, 0xc6, 0x82, 0xff, 0xff, 0xc6, 0x81, 0xfe, 0xff, 0xc6, 0x82, 0xfe, 0xff, 0xc6, 0x82, 0xfe,
  0xff, 0xc4, 0x82, 0xfe, 0xff, 0xc4, 0x82, 0xff, 0xff, 0xc4, 0x83, 0xff, 0xff, 0xc3, 0x83, 0xff,
  0xff, 0xc4, 0x83, 0xff, 0xff, 0xc3, 0x82, 0xff, 0xff, 0xc1, 0x82, 0xfa, 0xff, 0xc6, 0x86, 0xff,
  0xff, 0xc8, 0x89, 0xff, 0xff, 0xc2, 0x86, 0xe3, 0xff, 0xc1, 0x85, 0x88, 0xff, 0xbf, 0x8a, 0x18,
  0x00, 0x00, 0x00, 0x00, 0x00, 0x00, 0x00, 0x00, 0xff, 0x7f, 0x7f, 0x02, 0x00, 0x00, 0x00, 0x00,
  0x00, 0x00, 0x00, 0x00, 0x00, 0x00, 0x00, 0x00, 0x00, 0x00, 0x00, 0x00, 0x00, 0x00, 0x00, 0x00,
  0x00, 0x00, 0x00, 0x00, 0x00, 0x00, 0x00, 0x00, 0x00, 0x00, 0x00, 0x00, 0x00, 0x00, 0x00, 0x00,
  0x00, 0x00, 0x00, 0x00, 0x00, 0x00, 0x00, 0x00, 0x00, 0x00, 0x00, 0x00, 0x00, 0x00, 0x00, 0x00,
  0x00, 0x00, 0x00, 0x00, 0x00, 0x00, 0x00, 0x00, 0x00, 0x00, 0x00, 0x00, 0x00, 0x00, 0x00, 0x00,
  0xff, 0xff, 0x7f, 0x06, 0xff, 0xff, 0x7f, 0x04, 0xff, 0xd4, 0x71, 0x12, 0xff, 0xd9, 0x7c, 0x9e,
  0xff, 0xe1, 0x80, 0xff, 0xff, 0xde, 0x80, 0xfd, 0xff, 0xd9, 0x7d, 0xfa, 0xff, 0xdb, 0x7d, 0xfd,
  0xff, 0xda, 0x7d, 0xfd, 0xff, 0xd8, 0x7d, 0xfe, 0xff, 0xd9, 0x7e, 0xff, 0xff, 0xd7, 0x7d, 0xff,
  0xff, 0xd6, 0x7d, 0xfe, 0xff, 0xd7, 0x7e, 0xfe, 0xff, 0xd6, 0x7f, 0xfe, 0xff, 0xd6, 0x7f, 0xfe,
  0xff, 0xd5, 0x7f, 0xfe, 0xff, 0xd5, 0x7f, 0xfe, 0xff, 0xd5, 0x7f, 0xff, 0xff, 0xd5, 0x7e, 0xff,
  0xff, 0xd4, 0x7e, 0xfe, 0xff, 0xd3, 0x7f, 0xfe, 0xff, 0xd3, 0x7f, 0xfe, 0xff, 0xd3, 0x7f, 0xff,
  0xff, 0xd2, 0x80, 0xff, 0xff, 0xd1, 0x80, 0xfe, 0xff, 0xd1, 0x7f, 0xfe, 0xff, 0xd0, 0x7f, 0xff,
  0xff, 0xd0, 0x80, 0xff, 0xff, 0xcf, 0x80, 0xfe, 0xff, 0xce, 0x80, 0xfe, 0xff, 0xcf, 0x80, 0xfe,
  0xff, 0xce, 0x7f, 0xfe, 0xff, 0xcd, 0x80, 0xfe, 0xff, 0xcd, 0x81, 0xff, 0xff, 0xcd, 0x81, 0xff,
  0xff, 0xcc, 0x80, 0xfe, 0xff, 0xcc, 0x80, 0xfe, 0xff, 0xcb, 0x80, 0xfe, 0xff, 0xcb, 0x81, 0xff,
  0xff, 0xcb, 0x81, 0xff, 0xff, 0xca, 0x80, 0xfe, 0xff, 0xca, 0x81, 0xfe, 0xff, 0xc9, 0x82, 0xfe,
  0xff, 0xc9, 0x82, 0xfe, 0xff, 0xc8, 0x82, 0xfe, 0xff, 0xc8, 0x81, 0xfe, 0xff, 0xc6, 0x81, 0xfe,
  0xff, 0xc6, 0x81, 0xfe, 0xff, 0xc6, 0x81, 0xfe, 0xff, 0xc6, 0x82, 0xfe, 0xff, 0xc6, 0x82, 0xfe,
  0xff, 0xc5, 0x83, 0xff, 0xff, 0xc5, 0x83, 0xff, 0xff, 0xc4, 0x82, 0xfe, 0xff, 0xc3, 0x82, 0xfe,
  0xff, 0xc3, 0x82, 0xfe, 0xff, 0xc2, 0x82, 0xfe, 0xff, 0xc2, 0x83, 0xff, 0xff, 0xc2, 0x83, 0xff,
  0xff, 0xc1, 0x83, 0xff, 0xff, 0xc1, 0x83, 0xff, 0xff, 0xc2, 0x83, 0xff, 0xff, 0xc1, 0x83, 0xfe,
  0xff, 0xbe, 0x83, 0xfd, 0xff, 0xbe, 0x84, 0xf9, 0xff, 0xc9, 0x8c, 0xff, 0xff, 0xbe, 0x84, 0xda,
  0xff, 0xbd, 0x82, 0x4a, 0xff, 0xbf, 0x7f, 0x08, 0x00, 0x00, 0x00, 0x00, 0xff, 0x7f, 0x7f, 0x02,
  0xff, 0x00, 0x00, 0x01, 0x00, 0x00, 0x00, 0x00, 0x00, 0x00, 0x00, 0x00, 0x00, 0x00, 0x00, 0x00,
  0x00, 0x00, 0x00, 0x00, 0x00, 0x00, 0x00, 0x00, 0x00, 0x00, 0x00, 0x00, 0x00, 0x00, 0x00, 0x00,
  0x00, 0x00, 0x00, 0x00, 0x00, 0x00, 0x00, 0x00, 0x00, 0x00, 0x00, 0x00, 0x00, 0x00, 0x00, 0x00,
  0x00, 0x00, 0x00, 0x00, 0x00, 0x00, 0x00, 0x00, 0x00, 0x00, 0x00, 0x00, 0xff, 0xff, 0xff, 0x02,
  0x00, 0x00, 0x00, 0x00, 0xff, 0xff, 0x7f, 0x02, 0xff, 0xe2, 0x7a, 0x1b, 0xff, 0xd7, 0x7a, 0x68,
  0xff, 0xd8, 0x7b, 0xd2, 0xff, 0xe2, 0x83, 0xff, 0xff, 0xdd, 0x80, 0xff, 0xff, 0xd8, 0x7d, 0xfb,
  0xff, 0xd7, 0x7e, 0xfe, 0xff, 0xd6, 0x7e, 0xfe, 0xff, 0xd6, 0x7e, 0xfe, 0xff, 0xd6, 0x7e, 0xfe,
  0xff, 0xd5, 0x7f, 0xff, 0xff, 0xd5, 0x7f, 0xff, 0xff, 0xd5, 0x7f, 0xff, 0xff, 0xd4, 0x7f, 0xfe,
  0xff, 0xd4, 0x7e, 0xfe, 0xff, 0xd4, 0x7e, 0xff, 0xff, 0xd4, 0x7f, 0xff, 0xff, 0xd3, 0x80, 0xfe,
  0xff, 0xd2, 0x80, 0xfe, 0xff, 0xd2, 0x7f, 0xfe, 0xff, 0xd1, 0x7f, 0xfe, 0xff, 0xd1, 0x7f, 0xfe,
  0xff, 0xd0, 0x80, 0xff, 0xff, 0xd0, 0x80, 0xfe, 0xff, 0xcf, 0x80, 0xfe, 0xff, 0xcf, 0x80, 0xff,
  0xff, 0xce, 0x80, 0xff, 0xff, 0xcd, 0x80, 0xfe, 0xff, 0xcc, 0x80, 0xfe, 0xff, 0xcc, 0x81, 0xfe,
  0xff, 0xcd, 0x82, 0xff, 0xff, 0xcc, 0x81, 0xfe, 0xff, 0xcb, 0x80, 0xfe, 0xff, 0xcb, 0x81, 0xff,
  0xff, 0xcb, 0x81, 0xff, 0xff, 0xca, 0x81, 0xfe, 0xff, 0xca, 0x82, 0xff, 0xff, 0xca, 0x82, 0xff,
  0xff, 0xc9, 0x81, 0xfe, 0xff, 0xc9, 0x81, 0xfe, 0xff, 0xc9, 0x82, 0xfe, 0xff, 0xc8, 0x81, 0xfe,
  0xff, 0xc6, 0x81, 0xfe, 0xff, 0xc7, 0x81, 0xfe, 0xff, 0xc6, 0x82, 0xfe, 0xff, 0xc6, 0x82, 0xfe,
  0xff, 0xc4, 0x81, 0xfe, 0xff, 0xc4, 0x81, 0xfe, 0xff, 0xc4, 0x82, 0xfe, 0xff, 0xc3, 0x82, 0xfe,
  0xff, 0xc4, 0x82, 0xfe, 0xff, 0xc4, 0x82, 0xfe, 0xff, 0xc3, 0x82, 0xfe, 0xff, 0xc2, 0x82, 0xfe,
  0xff, 0xc1, 0x83, 0xfe, 0xff, 0xc0, 0x83, 0xfe, 0xff, 0xc0, 0x82, 0xfe, 0xff, 0xbf, 0x83, 0xfe,
  0xff, 0xbf, 0x83, 0xfe, 0xff, 0xbe, 0x83, 0xfe, 0xff, 0xbe, 0x83, 0xff, 0xff, 0xc0, 0x84, 0xff,
  0xff, 0xbf, 0x84, 0xfe, 0xff, 0xbd, 0x84, 0xfd, 0xff, 0xbd, 0x84, 0xfb, 0xff, 0xc7, 0x8b, 0xff,
  0xff, 0xbb, 0x84, 0xf3, 0xff, 0xba, 0x82, 0x92, 0xff, 0xb6, 0x81, 0x35, 0xff, 0xff, 0xff, 0x01,
  0xff, 0xff, 0x00, 0x01, 0xff, 0xaa, 0xaa, 0x03, 0x00, 0x00, 0x00, 0x00, 0x00, 0x00, 0x00, 0x00,
  0x00, 0x00, 0x00, 0x00, 0x00, 0x00, 0x00, 0x00, 0x00, 0x00, 0x00, 0x00, 0x00, 0x00, 0x00, 0x00,
  0x00, 0x00, 0x00, 0x00, 0x00, 0x00, 0x00, 0x00, 0x00, 0x00, 0x00, 0x00, 0x00, 0x00, 0x00, 0x00,
  0x00, 0x00, 0x00, 0x00, 0x00, 0x00, 0x00, 0x00, 0x00, 0x00, 0x00, 0x00, 0x00, 0x00, 0x00, 0x00,
  0xff, 0xff, 0x99, 0x05, 0x00, 0x00, 0x00, 0x00, 0x00, 0x00, 0x00, 0x00, 0xff, 0xd9, 0x7c, 0x2f,
  0xff, 0xd8, 0x7d, 0xb3, 0xff, 0xdb, 0x7f, 0xf2, 0xff, 0xdb, 0x81, 0xfb, 0xff, 0xd9, 0x7f, 0xff,
  0xff, 0xd7, 0x7e, 0xfc, 0xff, 0xd6, 0x7e, 0xfe, 0xff, 0xd5, 0x7f, 0xff, 0xff, 0xd5, 0x7f, 0xff,
  0xff, 0xd5, 0x7e, 0xfe, 0xff, 0xd4, 0x7f, 0xff, 0xff, 0xd4, 0x7f, 0xff, 0xff, 0xd4, 0x80, 0xff,
  0xff, 0xd2, 0x7f, 0xfe, 0xff, 0xd1, 0x7f, 0xfe, 0xff, 0xd1, 0x7e, 0xff, 0xff, 0xd1, 0x7f, 0xff,
  0xff, 0xd1, 0x80, 0xfe, 0xff, 0xd1, 0x80, 0xfe, 0xff, 0xcf, 0x7f, 0xfe, 0xff, 0xcf, 0x7f, 0xfe,
  0xff, 0xcf, 0x7f, 0xfe, 0xff, 0xcf, 0x81, 0xff, 0xff, 0xcd, 0x80, 0xfe, 0xff, 0xcd, 0x80, 0xfe,
  0xff, 0xcd, 0x80, 0xff, 0xff, 0xcd, 0x80, 0xff, 0xff, 0xcc, 0x80, 0xfe, 0xff, 0xcb, 0x81, 0xfd,
  0xff, 0xcc, 0x81, 0xfc, 0xff, 0xcb, 0x81, 0xfc, 0xff, 0xcc, 0x81, 0xfa, 0xff, 0xca, 0x81, 0xf9,
  0xff, 0xc9, 0x81, 0xfa, 0xff, 0xca, 0x82, 0xf9, 0xff, 0xc9, 0x82, 0xf9, 0xff, 0xc9, 0x82, 0xfa,
  0xff, 0xc9, 0x82, 0xfb, 0xff, 0xc7, 0x81, 0xfa, 0xff, 0xc7, 0x81, 0xfc, 0xff, 0xc7, 0x82, 0xfe,
  0xff, 0xc6, 0x82, 0xfe, 0xff, 0xc5, 0x82, 0xfe, 0xff, 0xc4, 0x82, 0xff, 0xff, 0xc5, 0x82, 0xfe,
  0xff, 0xc5, 0x83, 0xfe, 0xff, 0xc3, 0x82, 0xff, 0xff, 0xc3, 0x82, 0xff, 0xff, 0xc3, 0x82, 0xfe,
  0xff, 0xc2, 0x83, 0xff, 0xff, 0xc1, 0x83, 0xff, 0xff, 0xc1, 0x82, 0xfe, 0xff, 0xc1, 0x82, 0xfe,
  0xff, 0xc1, 0x82, 0xfe, 0xff, 0xc0, 0x83, 0xfe, 0xff, 0xbf, 0x83, 0xfe, 0xff, 0xbe, 0x82, 0xfe,
  0xff, 0xbe, 0x83, 0xfe, 0xff, 0xbe, 0x83, 0xfe, 0xff, 0xbe, 0x83, 0xfe, 0xff, 0xbd, 0x83, 0xfe,
  0xff, 0xbd, 0x84, 0xfe, 0xff, 0xbd, 0x84, 0xfe, 0xff, 0xbc, 0x85, 0xfd, 0xff, 0xbb, 0x84, 0xfd,
  0xff, 0xbf, 0x86, 0xfa, 0xff, 0xbd, 0x85, 0xfa, 0xff, 0xbd, 0x85, 0xd9, 0xff, 0xb9, 0x84, 0x6e,
  0x00, 0x00, 0x00, 0x00, 0x00, 0x00, 0x00, 0x00, 0xff, 0xcc, 0x99, 0x05, 0x00, 0x00, 0x00, 0x00,
  0x00, 0x00, 0x00, 0x00, 0x00, 0x00, 0x00, 0x00, 0x00, 0x00, 0x00, 0x00, 0x00, 0x00, 0x00, 0x00,
  0x00, 0x00, 0x00, 0x00, 0x00, 0x00, 0x00, 0x00, 0x00, 0x00, 0x00, 0x00, 0x00, 0x00, 0x00, 0x00,
  0x00, 0x00, 0x00, 0x00, 0x00, 0x00, 0x00, 0x00, 0x00, 0x00, 0x00, 0x00, 0x00, 0x00, 0x00, 0x00,
  0x00, 0x00, 0x00, 0x00, 0xff, 0xd4, 0x7f, 0x06, 0x00, 0x00, 0x00, 0x00, 0xff, 0xff, 0x7f, 0x02,
  0xff, 0xd5, 0x81, 0x4f, 0xff, 0xd7, 0x7e, 0xe1, 0xff, 0xdf, 0x85, 0xff, 0xff, 0xd5, 0x7e, 0xfb,
  0xff, 0xd6, 0x7f, 0xff, 0xff, 0xd5, 0x7f, 0xfe, 0xff, 0xd5, 0x7f, 0xfe, 0xff, 0xd4, 0x7f, 0xff,
  0xff, 0xd4, 0x7f, 0xff, 0xff, 0xd3, 0x7f, 0xfe, 0xff, 0xd2, 0x7f, 0xfe, 0xff, 0xd2, 0x7f, 0xfe,
  0xff, 0xd2, 0x80, 0xff, 0xff, 0xd1, 0x80, 0xff, 0xff, 0xd0, 0x80, 0xff, 0xff, 0xcf, 0x7f, 0xfe,
  0xff, 0xcf, 0x7f, 0xfe, 0xff, 0xcf, 0x80, 0xfe, 0xff, 0xcf, 0x80, 0xfe, 0xff, 0xce, 0x80, 0xfe,
  0xff, 0xcd, 0x80, 0xfe, 0xff, 0xcd, 0x80, 0xfe, 0xff, 0xcd, 0x81, 0xff, 0xff, 0xcc, 0x80, 0xfe,
  0xff, 0xcb, 0x80, 0xfe, 0xff, 0xcb, 0x80, 0xfe, 0xff, 0xcb, 0x80, 0xfe, 0xff, 0xcb, 0x80, 0xfe,
  0xff, 0xca, 0x81, 0xff, 0xff, 0xcb, 0x82, 0xff, 0xff, 0xcb, 0x82, 0xff, 0xff, 0xcc, 0x83, 0xff,
  0xff, 0xcc, 0x83, 0xff, 0xff, 0xcc, 0x85, 0xff, 0xff, 0xcc, 0x85, 0xff, 0xff, 0xcb, 0x85, 0xff,
  0xff, 0xcb, 0x84, 0xff, 0xff, 0xca, 0x84, 0xff, 0xff, 0xc7, 0x83, 0xff, 0xff, 0xc6, 0x82, 0xff,
  0xff, 0xc5, 0x82, 0xff, 0xff, 0xc4, 0x83, 0xff, 0xff, 0xc4, 0x83, 0xff, 0xff, 0xc3, 0x83, 0xff,
  0xff, 0xc3, 0x83, 0xfe, 0xff, 0xc3, 0x83, 0xfe, 0xff, 0xc2, 0x83, 0xff, 0xff, 0xc2, 0x83, 0xff,
  0xff, 0xc2, 0x83, 0xff, 0xff, 0xc2, 0x84, 0xff, 0xff, 0xc0, 0x84, 0xff, 0xff, 0xbf, 0x83, 0xfe,
  0xff, 0xbf, 0x83, 0xfe, 0xff, 0xbf, 0x83, 0xfe, 0xff, 0xbe, 0x83, 0xfe, 0xff, 0xbe, 0x83, 0xfe,
  0xff, 0xbd, 0x83, 0xfe, 0xff, 0xbd, 0x84, 0xff, 0xff, 0xbd, 0x84, 0xff, 0xff, 0xbd, 0x84, 0xfe,
  0xff, 0xbc, 0x84, 0xfe, 0xff, 0xbb, 0x84, 0xfe, 0xff, 0xbb, 0x84, 0xfe, 0xff, 0xba, 0x84, 0xfe,
  0xff, 0xb9, 0x84, 0xfe, 0xff, 0xb8, 0x84, 0xfa, 0xff, 0xbe, 0x87, 0xff, 0xff, 0xc1, 0x8b, 0xff,
  0xff, 0xb8, 0x85, 0xa2, 0xff, 0xae, 0x78, 0x13, 0xff, 0xff, 0x00, 0x01, 0xff, 0xcc, 0x99, 0x05,
  0x00, 0x00, 0x00, 0x00, 0x00, 0x00, 0x00, 0x00, 0x00, 0x00, 0x00, 0x00, 0x00, 0x00, 0x00, 0x00,
  0x00, 0x00, 0x00, 0x00, 0x00, 0x00, 0x00, 0x00, 0x00, 0x00, 0x00, 0x00, 0x00, 0x00, 0x00, 0x00,
  0x00, 0x00, 0x00, 0x00, 0x00, 0x00, 0x00, 0x00, 0x00, 0x00, 0x00, 0x00, 0x00, 0x00, 0x00, 0x00,
  0xff, 0xff, 0x00, 0x01, 0xff, 0x00, 0xff, 0x01, 0xff, 0x7f, 0x7f, 0x02, 0xff, 0xbf, 0x3f, 0x04,
  0xff, 0xdb, 0x7f, 0x24, 0xff, 0xd7, 0x7f, 0x86, 0xff, 0xd5, 0x80, 0xfa, 0xff, 0xe1, 0x87, 0xff,
  0xff, 0xd3, 0x7e, 0xf9, 0xff, 0xd4, 0x80, 0xfe, 0xff, 0xd4, 0x80, 0xfe, 0xff, 0xd3, 0x80, 0xfe,
  0xff, 0xd2, 0x7f, 0xfe, 0xff, 0xd1, 0x7f, 0xfe, 0xff, 0xd0, 0x7f, 0xfe, 0xff, 0xd0, 0x80, 0xfe,
  0xff, 0xd0, 0x80, 0xfe, 0xff, 0xd0, 0x80, 0xff, 0xff, 0xd0, 0x80, 0xff, 0xff, 0xcf, 0x80, 0xff,
  0xff, 0xce, 0x81, 0xff, 0xff, 0xcd, 0x80, 0xff, 0xff, 0xcd, 0x80, 0xfe, 0xff, 0xcc, 0x80, 0xfe,
  0xff, 0xcc, 0x81, 0xfe, 0xff, 0xcb, 0x81, 0xff, 0xff, 0xcb, 0x80, 0xff, 0xff, 0xcb, 0x80, 0xfe,
  0xff, 0xcb, 0x81, 0xff, 0xff, 0xca, 0x82, 0xff, 0xff, 0xca, 0x81, 0xfe, 0xff, 0xca, 0x80, 0xfc,
  0xff, 0xc9, 0x81, 0xf9, 0xff, 0xc7, 0x82, 0xfd, 0xff, 0xcb, 0x84, 0xff, 0xff, 0xd0, 0x87, 0xff,
  0xff, 0xd5, 0x8b, 0xff, 0xff, 0xd9, 0x8f, 0xff, 0xff, 0xdb, 0x90, 0xff, 0xff, 0xdb, 0x90, 0xff,
  0xff, 0xda, 0x90, 0xff, 0xff, 0xd7, 0x8e, 0xff, 0xff, 0xd3, 0x8c, 0xff, 0xff, 0xd0, 0x8b, 0xff,
  0xff, 0xc8, 0x85, 0xff, 0xff, 0xc3, 0x82, 0xfa, 0xff, 0xc1, 0x83, 0xf9, 0xff, 0xc2, 0x83, 0xfc,
  0xff, 0xc1, 0x83, 0xfe, 0xff, 0xc1, 0x83, 0xfe, 0xff, 0xc0, 0x83, 0xfe, 0xff, 0xbf, 0x83, 0xfe,
  0xff, 0xbf, 0x83, 0xfe, 0xff, 0xbf, 0x84, 0xff, 0xff, 0xbf, 0x84, 0xfe, 0xff, 0xbf, 0x84, 0xfe,
  0xff, 0xbd, 0x84, 0xfe, 0xff, 0xbd, 0x84, 0xfe, 0xff, 0xbd, 0x84, 0xfe, 0xff, 0xbd, 0x84, 0xff,
  0xff, 0xbd, 0x84, 0xff, 0xff, 0xbd, 0x85, 0xff, 0xff, 0xbc, 0x84, 0xfe, 0xff, 0xbb, 0x84, 0xfe,
  0xff, 0xba, 0x85, 0xfe, 0xff, 0xba, 0x85, 0xff, 0xff, 0xba, 0x85, 0xff, 0xff, 0xb9, 0x85, 0xfe,
  0xff, 0xb8, 0x85, 0xfe, 0xff, 0xb8, 0x85, 0xfe, 0xff, 0xb8, 0x85, 0xf9, 0xff, 0xbc, 0x88, 0xff,
  0xff, 0xc3, 0x8e, 0xff, 0xff, 0xb7, 0x85, 0xc7, 0xff, 0xb4, 0x81, 0x4f, 0xff, 0xbf, 0x7f, 0x10,
  0xff, 0xff, 0xff, 0x01, 0x00, 0x00, 0x00, 0x00, 0xff, 0x7f, 0x00, 0x02, 0x00, 0x00, 0x00, 0x00,
  0x00, 0x00, 0x00, 0x00, 0x00, 0x00, 0x00, 0x00, 0x00, 0x00, 0x00, 0x00, 0x00, 0x00, 0x00, 0x00,
  0x00, 0x00, 0x00, 0x00, 0x00, 0x00, 0x00, 0x00, 0x00, 0x00, 0x00, 0x00, 0x00, 0x00, 0x00, 0x00,
  0x00, 0x00, 0x00, 0x00, 0xff, 0x7f, 0x00, 0x02, 0xff, 0xaa, 0x55, 0x03, 0x00, 0x00, 0x00, 0x00,
  0xff, 0xd4, 0x7f, 0x06, 0xff, 0xd5, 0x7c, 0x56, 0xff, 0xd2, 0x7c, 0xbe, 0xff, 0xd3, 0x7f, 0xfe,
  0xff, 0xda, 0x84, 0xfe, 0xff, 0xd2, 0x80, 0xfa, 0xff, 0xd2, 0x80, 0xfe, 0xff, 0xd2, 0x80, 0xfe,
  0xff, 0xd1, 0x80, 0xfe, 0xff, 0xd0, 0x7f, 0xfe, 0xff, 0xcf, 0x7f, 0xfe, 0xff, 0xce, 0x7f, 0xfe,
  0xff, 0xce, 0x80, 0xfe, 0xff, 0xce, 0x80, 0xfe, 0xff, 0xce, 0x80, 0xff, 0xff, 0xce, 0x80, 0xff,
  0xff, 0xce, 0x80, 0xff, 0xff, 0xcd, 0x81, 0xff, 0xff, 0xcc, 0x81, 0xff, 0xff, 0xcb, 0x80, 0xfe,
  0xff, 0xca, 0x80, 0xfe, 0xff, 0xca, 0x81, 0xfe, 0xff, 0xca, 0x81, 0xff, 0xff, 0xca, 0x81, 0xff,
  0xff, 0xc9, 0x80, 0xfe, 0xff, 0xc9, 0x81, 0xff, 0xff, 0xc8, 0x81, 0xfe, 0xff, 0xc8, 0x81, 0xfc,
  0xff, 0xcb, 0x84, 0xff, 0xff, 0xcf, 0x87, 0xff, 0xff, 0xc9, 0x84, 0xff, 0xff, 0xc6, 0x82, 0xf3,
  0xff, 0xc8, 0x83, 0xdf, 0xff, 0xc6, 0x82, 0xcb, 0xff, 0xc6, 0x82, 0xbc, 0xff, 0xc6, 0x82, 0xb4,
  0xff, 0xc4, 0x83, 0xb3, 0xff, 0xc3, 0x83, 0xb3, 0xff, 0xc2, 0x82, 0xbe, 0xff, 0xc4, 0x82, 0xc7,
  0xff, 0xc2, 0x83, 0xd3, 0xff, 0xc3, 0x83, 0xee, 0xff, 0xc9, 0x88, 0xff, 0xff, 0xcb, 0x8a, 0xff,
  0xff, 0xc4, 0x86, 0xff, 0xff, 0xc0, 0x83, 0xfd, 0xff, 0xc0, 0x83, 0xfc, 0xff, 0xbe, 0x83, 0xfe,
  0xff, 0xbd, 0x83, 0xfe, 0xff, 0xbd, 0x83, 0xfe, 0xff, 0xbd, 0x84, 0xff, 0xff, 0xbd, 0x84, 0xfe,
  0xff, 0xbd, 0x84, 0xfe, 0xff, 0xbc, 0x84, 0xfe, 0xff, 0xbb, 0x84, 0xfe, 0xff, 0xbb, 0x84, 0xfe,
  0xff, 0xbb, 0x85, 0xff, 0xff, 0xbb, 0x85, 0xff, 0xff, 0xbb, 0x85, 0xff, 0xff, 0xba, 0x84, 0xfe,
  0xff, 0xb9, 0x84, 0xfe, 0xff, 0xb8, 0x85, 0xfe, 0xff, 0xb8, 0x85, 0xff, 0xff, 0xb8, 0x85, 0xff,
  0xff, 0xb7, 0x85, 0xfe, 0xff, 0xb6, 0x85, 0xfe, 0xff, 0xb6, 0x85, 0xfe, 0xff, 0xb6, 0x86, 0xfb,
  0xff, 0xb8, 0x88, 0xff, 0xff, 0xba, 0x89, 0xfd, 0xff, 0xb4, 0x84, 0xe1, 0xff, 0xb5, 0x85, 0x8a,
  0xff, 0xb8, 0x86, 0x24, 0x00, 0x00, 0x00, 0x00, 0x00, 0x00, 0x00, 0x00, 0xff, 0x7f, 0x7f, 0x04,
  0x00, 0x00, 0x00, 0x00, 0x00, 0x00, 0x00, 0x00, 0x00, 0x00, 0x00, 0x00, 0x00, 0x00, 0x00, 0x00,
  0x00, 0x00, 0x00, 0x00, 0x00, 0x00, 0x00, 0x00, 0x00, 0x00, 0x00, 0x00, 0x00, 0x00, 0x00, 0x00,
  0x00, 0x00, 0x00, 0x00, 0x00, 0x00, 0x00, 0x00, 0xff, 0x7f, 0x7f, 0x02, 0xff, 0xff, 0xaa, 0x03,
  0x00, 0x00, 0x00, 0x00, 0xff, 0xcf, 0x7f, 0x10, 0xff, 0xd3, 0x7e, 0x8d, 0xff, 0xd2, 0x7d, 0xe9,
  0xff, 0xd1, 0x7f, 0xfe, 0xff, 0xd3, 0x81, 0xff, 0xff, 0xce, 0x80, 0xfd, 0xff, 0xcf, 0x80, 0xff,
  0xff, 0xcf, 0x80, 0xff, 0xff, 0xcf, 0x80, 0xff, 0xff, 0xce, 0x80, 0xfe, 0xff, 0xce, 0x80, 0xfe,
  0xff, 0xcd, 0x80, 0xfe, 0xff, 0xcd, 0x81, 0xfe, 0xff, 0xcd, 0x81, 0xfe, 0xff, 0xcb, 0x80, 0xfe,
  0xff, 0xcb, 0x80, 0xfe, 0xff, 0xcb, 0x81, 0xff, 0xff, 0xca, 0x81, 0xff, 0xff, 0xca, 0x81, 0xff,
  0xff, 0xc9, 0x81, 0xfe, 0xff, 0xc9, 0x81, 0xfe, 0xff, 0xc9, 0x81, 0xfe, 0xff, 0xc8, 0x82, 0xfe,
  0xff, 0xc8, 0x82, 0xfe, 0xff, 0xc7, 0x82, 0xff, 0xff, 0xc6, 0x81, 0xfe, 0xff, 0xc6, 0x81, 0xfe,
  0xff, 0xc6, 0x82, 0xfa, 0xff, 0xc9, 0x85, 0xff, 0xff, 0xc7, 0x83, 0xff, 0xff, 0xc5, 0x83, 0xdf,
  0xff, 0xc5, 0x83, 0xb1, 0xff, 0xc6, 0x83, 0x7e, 0xff, 0xc7, 0x81, 0x49, 0xff, 0xc3, 0x78, 0x22,
  0xff, 0xc4, 0x75, 0x0d, 0xff, 0xc6, 0x71, 0x09, 0xff, 0xc6, 0x71, 0x09, 0xff, 0xbd, 0x7c, 0x27,
  0xff, 0xc2, 0x81, 0x3f, 0xff, 0xc4, 0x86, 0x5b, 0xff, 0xc1, 0x84, 0xa3, 0xff, 0xbe, 0x83, 0xee,
  0xff, 0xc3, 0x85, 0xff, 0xff, 0xbe, 0x84, 0xff, 0xff, 0xbd, 0x83, 0xfd, 0xff, 0xbe, 0x83, 0xfc,
  0xff, 0xbd, 0x84, 0xfe, 0xff, 0xbc, 0x84, 0xfe, 0xff, 0xbc, 0x84, 0xff, 0xff, 0xbc, 0x85, 0xff,
  0xff, 0xbb, 0x84, 0xfe, 0xff, 0xbb, 0x84, 0xfe, 0xff, 0xba, 0x85, 0xff, 0xff, 0xb9, 0x85, 0xff,
  0xff, 0xb9, 0x85, 0xff, 0xff, 0xb9, 0x85, 0xfe, 0xff, 0xb8, 0x85, 0xfe, 0xff, 0xb7, 0x85, 0xfe,
  0xff, 0xb7, 0x85, 0xfe, 0xff, 0xb7, 0x85, 0xfe, 0xff, 0xb7, 0x86, 0xfe, 0xff, 0xb6, 0x86, 0xfe,
  0xff, 0xb5, 0x85, 0xfe, 0xff, 0xb5, 0x86, 0xff, 0xff, 0xb5, 0x86, 0xff, 0xff, 0xb5, 0x86, 0xff,
  0xff, 0xb4, 0x86, 0xfd, 0xff, 0xb4, 0x87, 0xff, 0xff, 0xb4, 0x86, 0xff, 0xff, 0xb2, 0x85, 0xf8,
  0xff, 0xb4, 0x87, 0xb9, 0xff, 0xb4, 0x88, 0x3a, 0xff, 0x00, 0x00, 0x01, 0x00, 0x00, 0x00, 0x00,
  0xff, 0x99, 0x99, 0x05, 0x00, 0x00, 0x00, 0x00, 0x00, 0x00, 0x00, 0x00, 0x00, 0x00, 0x00, 0x00,
  0x00, 0x00, 0x00, 0x00, 0x00, 0x00, 0x00, 0x00, 0x00, 0x00, 0x00, 0x00, 0x00, 0x00, 0x00, 0x00,
  0x00, 0x00, 0x00, 0x00, 0x00, 0x00, 0x00, 0x00, 0xff, 0xff, 0xff, 0x01, 0xff, 0x00, 0xff, 0x01,
  0xff, 0xff, 0xaa, 0x03, 0x00, 0x00, 0x00, 0x00, 0xff, 0xd0, 0x7f, 0x26, 0xff, 0xd0, 0x7f, 0xbe,
  0xff, 0xdd, 0x87, 0xfc, 0xff, 0xcf, 0x7f, 0xfe, 0xff, 0xce, 0x7f, 0xfc, 0xff, 0xcd, 0x80, 0xfe,
  0xff, 0xce, 0x80, 0xfe, 0xff, 0xce, 0x81, 0xfe, 0xff, 0xce, 0x81, 0xff, 0xff, 0xcd, 0x80, 0xfe,
  0xff, 0xcc, 0x80, 0xfe, 0xff, 0xcb, 0x81, 0xfe, 0xff, 0xcb, 0x81, 0xff, 0xff, 0xcb, 0x81, 0xff,
  0xff, 0xca, 0x81, 0xff, 0xff, 0xca, 0x81, 0xff, 0xff, 0xc9, 0x81, 0xfe, 0xff, 0xc8, 0x81, 0xfe,
  0xff, 0xc8, 0x81, 0xfe, 0xff, 0xc8, 0x82, 0xff, 0xff, 0xc8, 0x82, 0xfe, 0xff, 0xc7, 0x82, 0xfe,
  0xff, 0xc6, 0x82, 0xfe, 0xff, 0xc6, 0x82, 0xff, 0xff, 0xc5, 0x82, 0xff, 0xff, 0xc3, 0x81, 0xfa,
  0xff, 0xc7, 0x84, 0xff, 0xff, 0xce, 0x88, 0xff, 0xff, 0xc5, 0x83, 0xf1, 0xff, 0xc5, 0x83, 0xb1,
  0xff, 0xc5, 0x84, 0x66, 0xff, 0xc8, 0x85, 0x3d, 0xff, 0xcc, 0x83, 0x23, 0xff, 0xcc, 0x7f, 0x0a,
  0x00, 0x00, 0x00, 0x00, 0x00, 0x00, 0x00, 0x00, 0x00, 0x00, 0x00, 0x00, 0x00, 0x00, 0x00, 0x00,
  0x00, 0x00, 0x00, 0x00, 0xff, 0xff, 0x55, 0x03, 0xff, 0xc9, 0x86, 0x13, 0xff, 0xc1, 0x84, 0x36,
  0xff, 0xbf, 0x84, 0x60, 0xff, 0xbe, 0x84, 0x9a, 0xff, 0xbc, 0x84, 0xda, 0xff, 0xc3, 0x89, 0xff,
  0xff, 0xc4, 0x89, 0xff, 0xff, 0xbb, 0x84, 0xfa, 0xff, 0xb9, 0x84, 0xfe, 0xff, 0xbb, 0x84, 0xff,
  0xff, 0xba, 0x84, 0xff, 0xff, 0xb9, 0x84, 0xfe, 0xff, 0xb9, 0x84, 0xfe, 0xff, 0xb8, 0x85, 0xff,
  0xff, 0xb8, 0x85, 0xff, 0xff, 0xb7, 0x85, 0xff, 0xff, 0xb7, 0x85, 0xfe, 0xff, 0xb7, 0x85, 0xfe,
  0xff, 0xb6, 0x86, 0xfe, 0xff, 0xb5, 0x85, 0xfe, 0xff, 0xb5, 0x85, 0xfe, 0xff, 0xb5, 0x86, 0xff,
  0xff, 0xb5, 0x86, 0xfe, 0xff, 0xb4, 0x85, 0xfe, 0xff, 0xb4, 0x87, 0xff, 0xff, 0xb4, 0x87, 0xff,
  0xff, 0xb3, 0x87, 0xff, 0xff, 0xb2, 0x86, 0xfe, 0xff, 0xb1, 0x87, 0xfe, 0xff, 0xaf, 0x85, 0xfb,
  0xff, 0xbb, 0x8e, 0xff, 0xff, 0xb2, 0x87, 0xe8, 0xff, 0xaf, 0x85, 0x50, 0x00, 0x00, 0x00, 0x00,
  0x00, 0x00, 0x00, 0x00, 0xff, 0x99, 0x99, 0x05, 0x00, 0x00, 0x00, 0x00, 0x00, 0x00, 0x00, 0x00,
  0x00, 0x00, 0x00, 0x00, 0x00, 0x00, 0x00, 0x00, 0x00, 0x00, 0x00, 0x00, 0x00, 0x00, 0x00, 0x00,
  0x00, 0x00, 0x00, 0x00, 0x00, 0x00, 0x00, 0x00, 0x00, 0x00, 0x00, 0x00, 0xff, 0xff, 0xff, 0x01,
  0x00, 0x00, 0x00, 0x00, 0xff, 0xff, 0x7f, 0x02, 0xff, 0xff, 0xff, 0x01, 0xff, 0xcf, 0x7f, 0x40,
  0xff, 0xce, 0x80, 0xd7, 0xff, 0xe3, 0x8e, 0xff, 0xff, 0xcd, 0x80, 0xff, 0xff, 0xcd, 0x80, 0xfa,
  0xff, 0xcd, 0x80, 0xfe, 0xff, 0xcd, 0x80, 0xfe, 0xff, 0xcc, 0x81, 0xfe, 0xff, 0xcc, 0x81, 0xfe,
  0xff, 0xcc, 0x80, 0xfe, 0xff, 0xca, 0x80, 0xfe, 0xff, 0xc9, 0x81, 0xfe, 0xff, 0xca, 0x81, 0xff,
  0xff, 0xca, 0x81, 0xff, 0xff, 0xc9, 0x82, 0xff, 0xff, 0xc9, 0x82, 0xff, 0xff, 0xc8, 0x81, 0xfe,
  0xff, 0xc7, 0x81, 0xfe, 0xff, 0xc6, 0x81, 0xfe, 0xff, 0xc7, 0x82, 0xff, 0xff, 0xc7, 0x82, 0xfe,
  0xff, 0xc5, 0x82, 0xfe, 0xff, 0xc5, 0x82, 0xff, 0xff, 0xc4, 0x82, 0xff, 0xff, 0xc3, 0x82, 0xfe,
  0xff, 0xc6, 0x85, 0xff, 0xff, 0xc3, 0x84, 0xfe, 0xff, 0xc2, 0x80, 0xe2, 0xff, 0xc2, 0x81, 0xa0,
  0xff, 0xc1, 0x81, 0x4b, 0xff, 0x7f, 0x7f, 0x04, 0x00, 0x00, 0x00, 0x00, 0x00, 0x00, 0x00, 0x00,
  0xff, 0x7f, 0x7f, 0x02, 0xff, 0xbf, 0x7f, 0x04, 0xff, 0xd4, 0x7f, 0x06, 0xff, 0xb6, 0x6d, 0x07,
  0xff, 0xb6, 0x6d, 0x07, 0xff, 0xff, 0xaa, 0x03, 0xff, 0xff, 0x00, 0x01, 0x00, 0x00, 0x00, 0x00,
  0x00, 0x00, 0x00, 0x00, 0x00, 0x00, 0x00, 0x00, 0xff, 0xbc, 0x85, 0x2a, 0xff, 0xbb, 0x83, 0x80,
  0xff, 0xba, 0x84, 0xce, 0xff, 0xbe, 0x85, 0xf6, 0xff, 0xbc, 0x86, 0xff, 0xff, 0xba, 0x86, 0xff,
  0xff, 0xb8, 0x84, 0xfe, 0xff, 0xb9, 0x84, 0xff, 0xff, 0xb8, 0x85, 0xfe, 0xff, 0xb6, 0x85, 0xfe,
  0xff, 0xb6, 0x85, 0xfe, 0xff, 0xb6, 0x85, 0xfe, 0xff, 0xb5, 0x85, 0xfe, 0xff, 0xb5, 0x85, 0xfe,
  0xff, 0xb5, 0x85, 0xfe, 0xff, 0xb4, 0x86, 0xfe, 0xff, 0xb3, 0x85, 0xfe, 0xff, 0xb3, 0x85, 0xfe,
  0xff, 0xb4, 0x86, 0xff, 0xff, 0xb4, 0x86, 0xff, 0xff, 0xb3, 0x86, 0xfe, 0xff, 0xb2, 0x87, 0xff,
  0xff, 0xb2, 0x87, 0xff, 0xff, 0xb1, 0x87, 0xff, 0xff, 0xb1, 0x87, 0xff, 0xff, 0xaf, 0x87, 0xfe,
  0xff, 0xae, 0x86, 0xf8, 0xff, 0xbf, 0x92, 0xff, 0xff, 0xb0, 0x87, 0xff, 0xff, 0xad, 0x86, 0x6e,
  0xff, 0xb6, 0x91, 0x07, 0x00, 0x00, 0x00, 0x00, 0xff, 0xff, 0xaa, 0x03, 0x00, 0x00, 0x00, 0x00,
  0x00, 0x00, 0x00, 0x00, 0x00, 0x00, 0x00, 0x00, 0x00, 0x00, 0x00, 0x00, 0x00, 0x00, 0x00, 0x00,
  0x00, 0x00, 0x00, 0x00, 0x00, 0x00, 0x00, 0x00, 0x00, 0x00, 0x00, 0x00, 0x00, 0x00, 0x00, 0x00,
  0xff, 0xff, 0x7f, 0x02, 0x00, 0x00, 0x00, 0x00, 0x00, 0x00, 0x00, 0x00, 0xff, 0xdd, 0x88, 0x0f,
  0xff, 0xcd, 0x80, 0x5d, 0xff, 0xcc, 0x80, 0xde, 0xff, 0xdc, 0x8b, 0xff, 0xff, 0xcb, 0x81, 0xfe,
  0xff, 0xcb, 0x81, 0xfb, 0xff, 0xcb, 0x81, 0xfe, 0xff, 0xcb, 0x81, 0xff, 0xff, 0xca, 0x81, 0xff,
  0xff, 0xc9, 0x81, 0xfe, 0xff, 0xca, 0x82, 0xff, 0xff, 0xc9, 0x82, 0xff, 0xff, 0xc8, 0x81, 0xfe,
  0xff, 0xc8, 0x81, 0xfe, 0xff, 0xc8, 0x82, 0xfe, 0xff, 0xc7, 0x82, 0xfe, 0xff, 0xc7, 0x82, 0xfe,
  0xff, 0xc7, 0x83, 0xff, 0xff, 0xc5, 0x82, 0xfe, 0xff, 0xc5, 0x82, 0xfe, 0xff, 0xc5, 0x83, 0xff,
  0xff, 0xc5, 0x83, 0xff, 0xff, 0xc3, 0x82, 0xfe, 0xff, 0xc4, 0x82, 0xff, 0xff, 0xc2, 0x81, 0xfe,
  0xff, 0xc2, 0x82, 0xfd, 0xff, 0xcd, 0x8c, 0xff, 0xff, 0xc1, 0x84, 0xe1, 0xff, 0xc3, 0x84, 0x6c,
  0xff, 0xc5, 0x7b, 0x1f, 0xff, 0x99, 0x66, 0x0a, 0x00, 0x00, 0x00, 0x00, 0x00, 0x00, 0x00, 0x00,
  0x00, 0x00, 0x00, 0x00, 0x00, 0x00, 0x00, 0x00, 0x00, 0x00, 0x00, 0x00, 0xff, 0xff, 0x00, 0x01,
  0xff, 0xff, 0xff, 0x01, 0xff, 0xff, 0xff, 0x01, 0x00, 0x00, 0x00, 0x00, 0x00, 0x00, 0x00, 0x00,
  0x00, 0x00, 0x00, 0x00, 0x00, 0x00, 0x00, 0x00, 0x00, 0x00, 0x00, 0x00, 0xff, 0x55, 0x55, 0x03,
  0xff, 0xbf, 0x7f, 0x14, 0xff, 0xba, 0x84, 0x47, 0xff, 0xb9, 0x83, 0xb8, 0xff, 0xbd, 0x88, 0xff,
  0xff, 0xbb, 0x88, 0xff, 0xff, 0xb5, 0x85, 0xfb, 0xff, 0xb8, 0x86, 0xff, 0xff, 0xb7, 0x86, 0xff,
  0xff, 0xb4, 0x86, 0xff, 0xff, 0xb4, 0x85, 0xfe, 0xff, 0xb4, 0x85, 0xfe, 0xff, 0xb3, 0x86, 0xfe,
  0xff, 0xb4, 0x86, 0xfe, 0xff, 0xb3, 0x86, 0xfe, 0xff, 0xb1, 0x86, 0xfe, 0xff, 0xb1, 0x86, 0xfe,
  0xff, 0xb2, 0x86, 0xfe, 0xff, 0xb2, 0x86, 0xfe, 0xff, 0xb2, 0x87, 0xff, 0xff, 0xb1, 0x87, 0xff,
  0xff, 0xb0, 0x86, 0xfe, 0xff, 0xb0, 0x86, 0xfe, 0xff, 0xaf, 0x87, 0xfe, 0xff, 0xaf, 0x88, 0xff,
  0xff, 0xad, 0x88, 0xfe, 0xff, 0xad, 0x88, 0xf9, 0xff, 0xb8, 0x8f, 0xff, 0xff, 0xad, 0x88, 0xff,
  0xff, 0xac, 0x87, 0x97, 0xff, 0xad, 0x8d, 0x2f, 0xff, 0x7f, 0x3f, 0x04, 0xff, 0x00, 0x00, 0x01,
  0xff, 0x7f, 0x7f, 0x02, 0xff, 0xff, 0x00, 0x01, 0x00, 0x00, 0x00, 0x00, 0x00, 0x00, 0x00, 0x00,
  0x00, 0x00, 0x00, 0x00, 0x00, 0x00, 0x00, 0x00, 0x00, 0x00, 0x00, 0x00, 0x00, 0x00, 0x00, 0x00,
  0x00, 0x00, 0x00, 0x00, 0xff, 0xff, 0x55, 0x03, 0x00, 0x00, 0x00, 0x00, 0x00, 0x00, 0x00, 0x00,
  0xff, 0xd0, 0x7f, 0x26, 0xff, 0xcd, 0x81, 0x80, 0xff, 0xcb, 0x80, 0xe4, 0xff, 0xd4, 0x86, 0xfe,
  0xff, 0xca, 0x81, 0xfe, 0xff, 0xc9, 0x82, 0xfc, 0xff, 0xc9, 0x82, 0xfe, 0xff, 0xc9, 0x81, 0xff,
  0xff, 0xc8, 0x81, 0xff, 0xff, 0xc7, 0x81, 0xff, 0xff, 0xc7, 0x82, 0xff, 0xff, 0xc8, 0x82, 0xff,
  0xff, 0xc6, 0x81, 0xfe, 0xff, 0xc5, 0x82, 0xfe, 0xff, 0xc5, 0x82, 0xfe, 0xff, 0xc5, 0x82, 0xfe,
  0xff, 0xc6, 0x82, 0xfe, 0xff, 0xc5, 0x83, 0xff, 0xff, 0xc3, 0x82, 0xfe, 0xff, 0xc3, 0x82, 0xfe,
  0xff, 0xc3, 0x84, 0xff, 0xff, 0xc3, 0x83, 0xff, 0xff, 0xc2, 0x83, 0xfe, 0xff, 0xc2, 0x83, 0xfc,
  0xff, 0xc4, 0x85, 0xfd, 0xff, 0xc1, 0x83, 0xff, 0xff, 0xc8, 0x88, 0xe8, 0xff, 0xc1, 0x83, 0x9d,
  0xff, 0xc3, 0x88, 0x1e, 0x00, 0x00, 0x00, 0x00, 0x00, 0x00, 0x00, 0x00, 0xff, 0xff, 0xaa, 0x03,
  0xff, 0xcc, 0x99, 0x05, 0xff, 0xff, 0xaa, 0x03, 0xff, 0xff, 0xff, 0x01, 0xff, 0xff, 0x00, 0x01,
  0x00, 0x00, 0x00, 0x00, 0x00, 0x00, 0x00, 0x00, 0x00, 0x00, 0x00, 0x00, 0xff, 0xff, 0x00, 0x01,
  0xff, 0xff, 0xff, 0x01, 0xff, 0xff, 0x7f, 0x02, 0xff, 0xcc, 0x99, 0x05, 0xff, 0xaa, 0x7f, 0x06,
  0x00, 0x00, 0x00, 0x00, 0x00, 0x00, 0x00, 0x00, 0x00, 0x00, 0x00, 0x00, 0xff, 0xb5, 0x83, 0x6b,
  0xff, 0xb6, 0x85, 0xdb, 0xff, 0xb8, 0x87, 0xfe, 0xff, 0xb9, 0x8a, 0xfd, 0xff, 0xb4, 0x86, 0xfe,
  0xff, 0xb4, 0x85, 0xfe, 0xff, 0xb3, 0x86, 0xff, 0xff, 0xb2, 0x85, 0xfe, 0xff, 0xb2, 0x86, 0xfe,
  0xff, 0xb2, 0x87, 0xfe, 0xff, 0xb2, 0x86, 0xfe, 0xff, 0xb1, 0x87, 0xfe, 0xff, 0xb1, 0x87, 0xfe,
  0xff, 0xb0, 0x87, 0xfe, 0xff, 0xb0, 0x86, 0xfe, 0xff, 0xaf, 0x86, 0xfe, 0xff, 0xaf, 0x87, 0xfe,
  0xff, 0xaf, 0x88, 0xff, 0xff, 0xae, 0x86, 0xfe, 0xff, 0xae, 0x86, 0xfe, 0xff, 0xac, 0x87, 0xfe,
  0xff, 0xad, 0x88, 0xff, 0xff, 0xac, 0x88, 0xfe, 0xff, 0xab, 0x88, 0xfb, 0xff, 0xb1, 0x8c, 0xff,
  0xff, 0xab, 0x88, 0xfc, 0xff, 0xaa, 0x88, 0xb5, 0xff, 0xab, 0x88, 0x52, 0xff, 0x9f, 0x7f, 0x08,
  0x00, 0x00, 0x00, 0x00, 0xff, 0xff, 0x7f, 0x02, 0xff, 0xff, 0x00, 0x01, 0x00, 0x00, 0x00, 0x00,
  0x00, 0x00, 0x00, 0x00, 0x00, 0x00, 0x00, 0x00, 0x00, 0x00, 0x00, 0x00, 0x00, 0x00, 0x00, 0x00,
  0x00, 0x00, 0x00, 0x00, 0x00, 0x00, 0x00, 0x00, 0xff, 0xcc, 0x66, 0x05, 0x00, 0x00, 0x00, 0x00,
  0x00, 0x00, 0x00, 0x00, 0xff, 0xc7, 0x7f, 0x40, 0xff, 0xcb, 0x80, 0xa7, 0xff, 0xc9, 0x81, 0xf1,
  0xff, 0xd0, 0x85, 0xff, 0xff, 0xc9, 0x81, 0xfe, 0xff, 0xc8, 0x82, 0xfc, 0xff, 0xc7, 0x82, 0xfe,
  0xff, 0xc7, 0x81, 0xfe, 0xff, 0xc7, 0x81, 0xff, 0xff, 0xc6, 0x82, 0xff, 0xff, 0xc5, 0x82, 0xfe,
  0xff, 0xc5, 0x82, 0xfe, 0xff, 0xc4, 0x82, 0xfe, 0xff, 0xc3, 0x83, 0xff, 0xff, 0xc3, 0x83, 0xff,
  0xff, 0xc3, 0x82, 0xfe, 0xff, 0xc3, 0x82, 0xfe, 0xff, 0xc2, 0x82, 0xfe, 0xff, 0xc1, 0x82, 0xfe,
  0xff, 0xc1, 0x82, 0xfe, 0xff, 0xc1, 0x84, 0xff, 0xff, 0xc1, 0x84, 0xff, 0xff, 0xc1, 0x84, 0xfe,
  0xff, 0xbf, 0x83, 0xfa, 0xff, 0xc6, 0x89, 0xff, 0xff, 0xc0, 0x84, 0xff, 0xff, 0xbe, 0x83, 0xaf,
  0xff, 0xc0, 0x84, 0x49, 0xff, 0xbf, 0x9f, 0x08, 0xff, 0x7f, 0x7f, 0x02, 0xff, 0xff, 0xff, 0x02,
  0xff, 0xff, 0xff, 0x01, 0x00, 0x00, 0x00, 0x00, 0x00, 0x00, 0x00, 0x00, 0x00, 0x00, 0x00, 0x00,
  0x00, 0x00, 0x00, 0x00, 0x00, 0x00, 0x00, 0x00, 0x00, 0x00, 0x00, 0x00, 0x00, 0x00, 0x00, 0x00,
  0x00, 0x00, 0x00, 0x00, 0x00, 0x00, 0x00, 0x00, 0x00, 0x00, 0x00, 0x00, 0x00, 0x00, 0x00, 0x00,
  0x00, 0x00, 0x00, 0x00, 0xff, 0x7f, 0x7f, 0x04, 0xff, 0x7f, 0x7f, 0x02, 0xff, 0xff, 0x00, 0x01,
  0xff, 0xb7, 0x82, 0x2b, 0xff, 0xb4, 0x85, 0x86, 0xff, 0xb4, 0x86, 0xe9, 0xff, 0xbc, 0x8d, 0xff,
  0xff, 0xb2, 0x86, 0xfd, 0xff, 0xb3, 0x86, 0xfc, 0xff, 0xb2, 0x86, 0xfe, 0xff, 0xb1, 0x86, 0xfe,
  0xff, 0xb1, 0x87, 0xfe, 0xff, 0xb1, 0x87, 0xfe, 0xff, 0xb0, 0x86, 0xfe, 0xff, 0xb0, 0x87, 0xfe,
  0xff, 0xb0, 0x88, 0xfe, 0xff, 0xaf, 0x87, 0xfe, 0xff, 0xae, 0x86, 0xfe, 0xff, 0xad, 0x86, 0xfe,
  0xff, 0xad, 0x87, 0xfe, 0xff, 0xad, 0x88, 0xfe, 0xff, 0xac, 0x87, 0xfe, 0xff, 0xac, 0x87, 0xfe,
  0xff, 0xab, 0x88, 0xfe, 0xff, 0xab, 0x87, 0xfe, 0xff, 0xab, 0x87, 0xfe, 0xff, 0xaa, 0x88, 0xfb,
  0xff, 0xaf, 0x8c, 0xff, 0xff, 0xa9, 0x88, 0xfe, 0xff, 0xa9, 0x87, 0xc7, 0xff, 0xa8, 0x88, 0x67,
  0xff, 0xa2, 0x8b, 0x0b, 0x00, 0x00, 0x00, 0x00, 0xff, 0xff, 0x7f, 0x02, 0xff, 0xff, 0xff, 0x01,
  0x00, 0x00, 0x00, 0x00, 0x00, 0x00, 0x00, 0x00, 0x00, 0x00, 0x00, 0x00, 0x00, 0x00, 0x00, 0x00,
  0x00, 0x00, 0x00, 0x00, 0x00, 0x00, 0x00, 0x00, 0x00, 0x00, 0x00, 0x00, 0xff, 0xd4, 0x7f, 0x06,
  0x00, 0x00, 0x00, 0x00, 0x00, 0x00, 0x00, 0x00, 0xff, 0xc8, 0x82, 0x54, 0xff, 0xc8, 0x82, 0xc6,
  0xff, 0xc8, 0x82, 0xf9, 0xff, 0xca, 0x84, 0xff, 0xff, 0xc6, 0x82, 0xfe, 0xff, 0xc6, 0x82, 0xfd,
  0xff, 0xc5, 0x82, 0xfe, 0xff, 0xc4, 0x82, 0xfe, 0xff, 0xc4, 0x82, 0xfe, 0xff, 0xc4, 0x82, 0xfe,
  0xff, 0xc4, 0x83, 0xff, 0xff, 0xc3, 0x83, 0xff, 0xff, 0xc2, 0x82, 0xfe, 0xff, 0xc1, 0x83, 0xff,
  0xff, 0xc1, 0x84, 0xff, 0xff, 0xc0, 0x83, 0xfe, 0xff, 0xc0, 0x83, 0xfe, 0xff, 0xc0, 0x83, 0xff,
  0xff, 0xc0, 0x83, 0xff, 0xff, 0xc0, 0x83, 0xff, 0xff, 0xc0, 0x84, 0xff, 0xff, 0xbe, 0x84, 0xff,
  0xff, 0xbe, 0x84, 0xff, 0xff, 0xbd, 0x83, 0xfa, 0xff, 0xc8, 0x8c, 0xff, 0xff, 0xbd, 0x85, 0xf9,
  0xff, 0xbb, 0x83, 0x72, 0xff, 0xb6, 0x7f, 0x0e, 0x00, 0x00, 0x00, 0x00, 0xff, 0xd4, 0x7f, 0x06,
  0xff, 0x7f, 0x7f, 0x02, 0xff, 0xff, 0xff, 0x01, 0x00, 0x00, 0x00, 0x00, 0x00, 0x00, 0x00, 0x00,
  0x00, 0x00, 0x00, 0x00, 0x00, 0x00, 0x00, 0x00, 0x00, 0x00, 0x00, 0x00, 0x00, 0x00, 0x00, 0x00,
  0x00, 0x00, 0x00, 0x00, 0x00, 0x00, 0x00, 0x00, 0x00, 0x00, 0x00, 0x00, 0x00, 0x00, 0x00, 0x00,
  0x00, 0x00, 0x00, 0x00, 0x00, 0x00, 0x00, 0x00, 0xff, 0x7f, 0x7f, 0x02, 0xff, 0xff, 0xaa, 0x03,
  0xff, 0x00, 0x00, 0x01, 0xff, 0xaa, 0x7f, 0x06, 0xff, 0xb4, 0x87, 0x33, 0xff, 0xb0, 0x87, 0xb7,
  0xff, 0xb4, 0x89, 0xf9, 0xff, 0xb1, 0x86, 0xfd, 0xff, 0xb0, 0x87, 0xfe, 0xff, 0xb0, 0x87, 0xfd,
  0xff, 0xaf, 0x87, 0xfe, 0xff, 0xae, 0x87, 0xfe, 0xff, 0xae, 0x87, 0xfe, 0xff, 0xae, 0x87, 0xfe,
  0xff, 0xad, 0x87, 0xfe, 0xff, 0xac, 0x87, 0xfe, 0xff, 0xac, 0x87, 0xfe, 0xff, 0xac, 0x86, 0xfe,
  0xff, 0xac, 0x87, 0xff, 0xff, 0xac, 0x88, 0xff, 0xff, 0xac, 0x88, 0xff, 0xff, 0xaa, 0x88, 0xfe,
  0xff, 0xaa, 0x88, 0xfe, 0xff, 0xaa, 0x89, 0xff, 0xff, 0xa9, 0x88, 0xfe, 0xff, 0xa8, 0x88, 0xfe,
  0xff, 0xa7, 0x88, 0xfc, 0xff, 0xac, 0x8c, 0xff, 0xff, 0xa7, 0x89, 0xfe, 0xff, 0xa7, 0x88, 0xd5,
  0xff, 0xa7, 0x85, 0x78, 0xff, 0xa3, 0x7f, 0x0e, 0x00, 0x00, 0x00, 0x00, 0xff, 0xaa, 0xaa, 0x03,
  0xff, 0x7f, 0x7f, 0x02, 0x00, 0x00, 0x00, 0x00, 0x00, 0x00, 0x00, 0x00, 0x00, 0x00, 0x00, 0x00,
  0x00, 0x00, 0x00, 0x00, 0x00, 0x00, 0x00, 0x00, 0x00, 0x00, 0x00, 0x00, 0x00, 0x00, 0x00, 0x00,
  0xff, 0xd4, 0x7f, 0x06, 0x00, 0x00, 0x00, 0x00, 0x00, 0x00, 0x00, 0x00, 0xff, 0xc5, 0x82, 0x62,
  0xff, 0xc5, 0x81, 0xdc, 0xff, 0xc6, 0x82, 0xfe, 0xff, 0xc5, 0x82, 0xfe, 0xff, 0xc4, 0x82, 0xfe,
  0xff, 0xc5, 0x82, 0xfd, 0xff, 0xc3, 0x82, 0xfe, 0xff, 0xc2, 0x82, 0xfe, 0xff, 0xc2, 0x82, 0xfe,
  0xff, 0xc2, 0x82, 0xfe, 0xff, 0xc2, 0x83, 0xff, 0xff, 0xc1, 0x83, 0xff, 0xff, 0xc0, 0x82, 0xfe,
  0xff, 0xc1, 0x83, 0xff, 0xff, 0xc1, 0x84, 0xff, 0xff, 0xbe, 0x83, 0xfe, 0xff, 0xbe, 0x83, 0xfe,
  0xff, 0xbf, 0x84, 0xff, 0xff, 0xbe, 0x84, 0xff, 0xff, 0xbe, 0x84, 0xff, 0xff, 0xbe, 0x84, 0xff,
  0xff, 0xbd, 0x85, 0xfd, 0xff, 0xbd, 0x85, 0xff, 0xff, 0xbf, 0x85, 0xfc, 0xff, 0xc0, 0x88, 0xf5,
  0xff, 0xbb, 0x85, 0xc3, 0xff, 0xba, 0x85, 0x3f, 0x00, 0x00, 0x00, 0x00, 0xff, 0xff, 0xff, 0x01,
  0xff, 0xd4, 0x7f, 0x06, 0x00, 0x00, 0x00, 0x00, 0x00, 0x00, 0x00, 0x00, 0x00, 0x00, 0x00, 0x00,
  0x00, 0x00, 0x00, 0x00, 0x00, 0x00, 0x00, 0x00, 0x00, 0x00, 0x00, 0x00, 0x00, 0x00, 0x00, 0x00,
  0x00, 0x00, 0x00, 0x00, 0x00, 0x00, 0x00, 0x00, 0x00, 0x00, 0x00, 0x00, 0x00, 0x00, 0x00, 0x00,
  0x00, 0x00, 0x00, 0x00, 0x00, 0x00, 0x00, 0x00, 0x00, 0x00, 0x00, 0x00, 0x00, 0x00, 0x00, 0x00,
  0xff, 0xff, 0x7f, 0x02, 0xff, 0xaa, 0xaa, 0x03, 0x00, 0x00, 0x00, 0x00, 0xff, 0xaa, 0x7f, 0x0c,
  0xff, 0xaf, 0x87, 0x84, 0xff, 0xad, 0x85, 0xe2, 0xff, 0xb0, 0x87, 0xfe, 0xff, 0xb2, 0x89, 0xff,
  0xff, 0xae, 0x88, 0xfb, 0xff, 0xad, 0x87, 0xfe, 0xff, 0xac, 0x87, 0xfe, 0xff, 0xac, 0x87, 0xfe,
  0xff, 0xac, 0x87, 0xfe, 0xff, 0xab, 0x87, 0xfe, 0xff, 0xaa, 0x87, 0xfe, 0xff, 0xab, 0x87, 0xfe,
  0xff, 0xaa, 0x88, 0xfe, 0xff, 0xaa, 0x88, 0xff, 0xff, 0xaa, 0x88, 0xff, 0xff, 0xaa, 0x88, 0xff,
  0xff, 0xa8, 0x88, 0xfe, 0xff, 0xa8, 0x88, 0xfe, 0xff, 0xa8, 0x89, 0xff, 0xff, 0xa7, 0x88, 0xfe,
  0xff, 0xa6, 0x88, 0xfe, 0xff, 0xa6, 0x89, 0xfd, 0xff, 0xa8, 0x8c, 0xff, 0xff, 0xa5, 0x89, 0xfe,
  0xff, 0xa5, 0x89, 0xe8, 0xff, 0xa5, 0x88, 0x8e, 0xff, 0xa5, 0x87, 0x11, 0x00, 0x00, 0x00, 0x00,
  0xff, 0xaa, 0xaa, 0x03, 0xff, 0x7f, 0x7f, 0x02, 0x00, 0x00, 0x00, 0x00, 0x00, 0x00, 0x00, 0x00,
  0x00, 0x00, 0x00, 0x00, 0x00, 0x00, 0x00, 0x00, 0x00, 0x00, 0x00, 0x00, 0x00, 0x00, 0x00, 0x00,
  0x00, 0x00, 0x00, 0x00, 0xff, 0xb6, 0x91, 0x07, 0x00, 0x00, 0x00, 0x00, 0x00, 0x00, 0x00, 0x00,
  0xff, 0xc3, 0x82, 0x6f, 0xff, 0xc3, 0x83, 0xef, 0xff, 0xc8, 0x86, 0xff, 0xff, 0xc4, 0x83, 0xfb,
  0xff, 0xc3, 0x83, 0xff, 0xff, 0xc2, 0x83, 0xfe, 0xff, 0xc2, 0x83, 0xfe, 0xff, 0xc1, 0x83, 0xfe,
  0xff, 0xc1, 0x83, 0xfe, 0xff, 0xc1, 0x84, 0xfe, 0xff, 0xc0, 0x84, 0xfe, 0xff, 0xbf, 0x84, 0xfe,
  0xff, 0xbf, 0x83, 0xfe, 0xff, 0xbf, 0x83, 0xff, 0xff, 0xbf, 0x84, 0xff, 0xff, 0xbd, 0x84, 0xfe,
  0xff, 0xbd, 0x84, 0xfe, 0xff, 0xbd, 0x84, 0xff, 0xff, 0xbc, 0x84, 0xfe, 0xff, 0xbb, 0x84, 0xfe,
  0xff, 0xbb, 0x84, 0xfe, 0xff, 0xba, 0x85, 0xfb, 0xff, 0xbe, 0x87, 0xff, 0xff, 0xc3, 0x8b, 0xff,
  0xff, 0xbc, 0x85, 0xd6, 0xff, 0xbb, 0x85, 0x6d, 0xff, 0xb7, 0x84, 0x19, 0x00, 0x00, 0x00, 0x00,
  0x00, 0x00, 0x00, 0x00, 0xff, 0xaa, 0x55, 0x03, 0x00, 0x00, 0x00, 0x00, 0x00, 0x00, 0x00, 0x00,
  0x00, 0x00, 0x00, 0x00, 0x00, 0x00, 0x00, 0x00, 0x00, 0x00, 0x00, 0x00, 0x00, 0x00, 0x00, 0x00,
  0x00, 0x00, 0x00, 0x00, 0x00, 0x00, 0x00, 0x00, 0x00, 0x00, 0x00, 0x00, 0x00, 0x00, 0x00, 0x00,
  0x00, 0x00, 0x00, 0x00, 0x00, 0x00, 0x00, 0x00, 0x00, 0x00, 0x00, 0x00, 0x00, 0x00, 0x00, 0x00,
  0x00, 0x00, 0x00, 0x00, 0xff, 0xff, 0xff, 0x01, 0xff, 0xff, 0xff, 0x01, 0x00, 0x00, 0x00, 0x00,
  0xff, 0xaa, 0x8d, 0x09, 0xff, 0xae, 0x85, 0x56, 0xff, 0xae, 0x87, 0xbb, 0xff, 0xae, 0x88, 0xff,
  0xff, 0xb4, 0x8d, 0xff, 0xff, 0xac, 0x87, 0xfa, 0xff, 0xab, 0x87, 0xfe, 0xff, 0xab, 0x88, 0xff,
  0xff, 0xab, 0x88, 0xff, 0xff, 0xaa, 0x88, 0xfe, 0xff, 0xaa, 0x88, 0xfe, 0xff, 0xaa, 0x89, 0xfe,
  0xff, 0xaa, 0x89, 0xfe, 0xff, 0xa9, 0x89, 0xfe, 0xff, 0xa7, 0x89, 0xfe, 0xff, 0xa7, 0x89, 0xfe,
  0xff, 0xa7, 0x88, 0xfe, 0xff, 0xa6, 0x88, 0xfe, 0xff, 0xa5, 0x88, 0xfe, 0xff, 0xa5, 0x88, 0xfe,
  0xff, 0xa5, 0x88, 0xfe, 0xff, 0xa5, 0x89, 0xfe, 0xff, 0xa4, 0x89, 0xfe, 0xff, 0xa4, 0x8a, 0xfe,
  0xff, 0xa4, 0x8a, 0xff, 0xff, 0xa6, 0x8c, 0xfd, 0xff, 0xa3, 0x8a, 0xaa, 0xff, 0xaa, 0x85, 0x15,
  0x00, 0x00, 0x00, 0x00, 0xff, 0x7f, 0x7f, 0x04, 0xff, 0x7f, 0x7f, 0x02, 0x00, 0x00, 0x00, 0x00,
  0x00, 0x00, 0x00, 0x00, 0x00, 0x00, 0x00, 0x00, 0x00, 0x00, 0x00, 0x00, 0x00, 0x00, 0x00, 0x00,
  0x00, 0x00, 0x00, 0x00, 0x00, 0x00, 0x00, 0x00, 0xff, 0xbf, 0x7f, 0x08, 0x00, 0x00, 0x00, 0x00,
  0x00, 0x00, 0x00, 0x00, 0xff, 0xbf, 0x80, 0x7d, 0xff, 0xc8, 0x87, 0xfb, 0xff, 0xcb, 0x89, 0xff,
  0xff, 0xc3, 0x83, 0xf8, 0xff, 0xc2, 0x84, 0xff, 0xff, 0xc0, 0x84, 0xfe, 0xff, 0xc0, 0x84, 0xfe,
  0xff, 0xc0, 0x83, 0xfe, 0xff, 0xbf, 0x83, 0xfe, 0xff, 0xbf, 0x84, 0xfe, 0xff, 0xbf, 0x84, 0xfe,
  0xff, 0xbe, 0x84, 0xfe, 0xff, 0xbe, 0x84, 0xfe, 0xff, 0xbd, 0x84, 0xfe, 0xff, 0xbd, 0x84, 0xfe,
  0xff, 0xbc, 0x85, 0xfe, 0xff, 0xbc, 0x85, 0xfe, 0xff, 0xbb, 0x84, 0xfe, 0xff, 0xba, 0x84, 0xfe,
  0xff, 0xba, 0x84, 0xfe, 0xff, 0xb9, 0x84, 0xfe, 0xff, 0xb9, 0x84, 0xfa, 0xff, 0xbd, 0x88, 0xff,
  0xff, 0xc6, 0x8f, 0xff, 0xff, 0xb7, 0x83, 0xc7, 0xff, 0xba, 0x85, 0x43, 0xff, 0xcc, 0x66, 0x05,
  0xff, 0x7f, 0x7f, 0x02, 0x00, 0x00, 0x00, 0x00, 0xff, 0x7f, 0x7f, 0x02, 0x00, 0x00, 0x00, 0x00,
  0x00, 0x00, 0x00, 0x00, 0x00, 0x00, 0x00, 0x00, 0x00, 0x00, 0x00, 0x00, 0x00, 0x00, 0x00, 0x00,
  0x00, 0x00, 0x00, 0x00, 0x00, 0x00, 0x00, 0x00, 0x00, 0x00, 0x00, 0x00, 0x00, 0x00, 0x00, 0x00,
  0x00, 0x00, 0x00, 0x00, 0x00, 0x00, 0x00, 0x00, 0x00, 0x00, 0x00, 0x00, 0x00, 0x00, 0x00, 0x00,
  0x00, 0x00, 0x00, 0x00, 0x00, 0x00, 0x00, 0x00, 0x00, 0x00, 0x00, 0x00, 0x00, 0x00, 0x00, 0x00,
  0xff, 0x7f, 0x7f, 0x02, 0xff, 0xaa, 0x7f, 0x06, 0xff, 0xae, 0x83, 0x23, 0xff, 0xad, 0x87, 0x93,
  0xff, 0xad, 0x88, 0xff, 0xff, 0xb5, 0x8f, 0xff, 0xff, 0xab, 0x87, 0xf9, 0xff, 0xaa, 0x87, 0xfe,
  0xff, 0xaa, 0x88, 0xfe, 0xff, 0xa9, 0x88, 0xfe, 0xff, 0xa8, 0x89, 0xff, 0xff, 0xa9, 0x89, 0xff,
  0xff, 0xa8, 0x89, 0xfe, 0xff, 0xa8, 0x89, 0xfe, 0xff, 0xa7, 0x89, 0xfe, 0xff, 0xa6, 0x89, 0xfe,
  0xff, 0xa6, 0x89, 0xfe, 0xff, 0xa6, 0x89, 0xfe, 0xff, 0xa5, 0x89, 0xff, 0xff, 0xa4, 0x89, 0xff,
  0xff, 0xa4, 0x88, 0xfe, 0xff, 0xa4, 0x88, 0xff, 0xff, 0xa4, 0x89, 0xff, 0xff, 0xa2, 0x8a, 0xfe,
  0xff, 0xa2, 0x8b, 0xfd, 0xff, 0xa2, 0x8a, 0xfe, 0xff, 0xa9, 0x91, 0xff, 0xff, 0xa0, 0x89, 0xb7,
  0xff, 0xad, 0x8b, 0x16, 0x00, 0x00, 0x00, 0x00, 0xff, 0xbf, 0x7f, 0x04, 0xff, 0x7f, 0x7f, 0x02,
  0x00, 0x00, 0x00, 0x00, 0x00, 0x00, 0x00, 0x00, 0x00, 0x00, 0x00, 0x00, 0x00, 0x00, 0x00, 0x00,
  0x00, 0x00, 0x00, 0x00, 0x00, 0x00, 0x00, 0x00, 0x00, 0x00, 0x00, 0x00, 0xff, 0xbf, 0x7f, 0x08,
  0x00, 0x00, 0x00, 0x00, 0x00, 0x00, 0x00, 0x00, 0xff, 0xc1, 0x82, 0x85, 0xff, 0xce, 0x8c, 0xff,
  0xff, 0xcc, 0x8b, 0xff, 0xff, 0xc0, 0x84, 0xf7, 0xff, 0xc0, 0x84, 0xff, 0xff, 0xbf, 0x84, 0xfe,
  0xff, 0xbf, 0x84, 0xfe, 0xff, 0xbe, 0x83, 0xfe, 0xff, 0xbc, 0x83, 0xfe, 0xff, 0xbc, 0x84, 0xfe,
  0xff, 0xbc, 0x84, 0xfe, 0xff, 0xbd, 0x84, 0xfe, 0xff, 0xbb, 0x84, 0xfe, 0xff, 0xba, 0x84, 0xfe,
  0xff, 0xba, 0x84, 0xfe, 0xff, 0xba, 0x85, 0xfe, 0xff, 0xba, 0x85, 0xfe, 0xff, 0xb9, 0x84, 0xfe,
  0xff, 0xb9, 0x84, 0xfe, 0xff, 0xb9, 0x84, 0xfe, 0xff, 0xb8, 0x84, 0xfe, 0xff, 0xb8, 0x85, 0xf9,
  0xff, 0xbb, 0x88, 0xff, 0xff, 0xc6, 0x91, 0xff, 0xff, 0xb6, 0x86, 0xbe, 0xff, 0xb8, 0x87, 0x2f,
  0x00, 0x00, 0x00, 0x00, 0xff, 0xff, 0x7f, 0x02, 0x00, 0x00, 0x00, 0x00, 0xff, 0xff, 0xff, 0x01,
  0x00, 0x00, 0x00, 0x00, 0x00, 0x00, 0x00, 0x00, 0x00, 0x00, 0x00, 0x00, 0x00, 0x00, 0x00, 0x00,
  0x00, 0x00, 0x00, 0x00, 0x00, 0x00, 0x00, 0x00, 0x00, 0x00, 0x00, 0x00, 0x00, 0x00, 0x00, 0x00,
  0x00, 0x00, 0x00, 0x00, 0x00, 0x00, 0x00, 0x00, 0x00, 0x00, 0x00, 0x00, 0x00, 0x00, 0x00, 0x00,
  0x00, 0x00, 0x00, 0x00, 0x00, 0x00, 0x00, 0x00, 0x00, 0x00, 0x00, 0x00, 0x00, 0x00, 0x00, 0x00,
  0x00, 0x00, 0x00, 0x00, 0xff, 0xaa, 0x55, 0x03, 0x00, 0x00, 0x00, 0x00, 0xff, 0x7f, 0x7f, 0x02,
  0xff, 0xaa, 0x88, 0x76, 0xff, 0xad, 0x89, 0xff, 0xff, 0xb6, 0x92, 0xff, 0xff, 0xa8, 0x87, 0xf8,
  0xff, 0xa9, 0x88, 0xfe, 0xff, 0xa8, 0x88, 0xfe, 0xff, 0xa8, 0x88, 0xfe, 0xff, 0xa7, 0x89, 0xff,
  0xff, 0xa7, 0x89, 0xff, 0xff, 0xa5, 0x88, 0xfe, 0xff, 0xa5, 0x89, 0xfe, 0xff, 0xa6, 0x89, 0xfe,
  0xff, 0xa5, 0x89, 0xfe, 0xff, 0xa5, 0x89, 0xfe, 0xff, 0xa5, 0x8a, 0xfe, 0xff, 0xa4, 0x8a, 0xff,
  0xff, 0xa4, 0x8a, 0xff, 0xff, 0xa3, 0x89, 0xfe, 0xff, 0xa3, 0x89, 0xff, 0xff, 0xa3, 0x8a, 0xff,
  0xff, 0xa1, 0x8a, 0xfe, 0xff, 0xa1, 0x8b, 0xfb, 0xff, 0x9f, 0x8a, 0xfe, 0xff, 0xaa, 0x94, 0xfe,
  0xff, 0x9f, 0x89, 0xbd, 0xff, 0xa6, 0x90, 0x17, 0x00, 0x00, 0x00, 0x00, 0xff, 0xbf, 0x7f, 0x04,
  0xff, 0x7f, 0x7f, 0x02, 0x00, 0x00, 0x00, 0x00, 0x00, 0x00, 0x00, 0x00, 0x00, 0x00, 0x00, 0x00,
  0x00, 0x00, 0x00, 0x00, 0x00, 0x00, 0x00, 0x00, 0x00, 0x00, 0x00, 0x00, 0x00, 0x00, 0x00, 0x00,
  0xff, 0xbf, 0x7f, 0x08, 0x00, 0x00, 0x00, 0x00, 0x00, 0x00, 0x00, 0x00, 0xff, 0xc0, 0x83, 0x86,
  0xff, 0xcd, 0x8d, 0xff, 0xff, 0xca, 0x8c, 0xff, 0xff, 0xbd, 0x84, 0xf7, 0xff, 0xbe, 0x84, 0xff,
  0xff, 0xbd, 0x84, 0xfe, 0xff, 0xbd, 0x84, 0xfe, 0xff, 0xbc, 0x84, 0xfe, 0xff, 0xbb, 0x84, 0xfe,
  0xff, 0xba, 0x84, 0xfe, 0xff, 0xba, 0x84, 0xfe, 0xff, 0xba, 0x84, 0xfe, 0xff, 0xb9, 0x84, 0xfe,
  0xff, 0xb8, 0x84, 0xfe, 0xff, 0xb8, 0x84, 0xfe, 0xff, 0xb8, 0x85, 0xff, 0xff, 0xb8, 0x85, 0xff,
  0xff, 0xb7, 0x85, 0xfe, 0xff, 0xb7, 0x85, 0xfe, 0xff, 0xb7, 0x85, 0xfe, 0xff, 0xb6, 0x86, 0xfe,
  0xff, 0xb7, 0x86, 0xf8, 0xff, 0xb9, 0x89, 0xff, 0xff, 0xc7, 0x94, 0xff, 0xff, 0xb5, 0x86, 0xb0,
  0xff, 0xb6, 0x7f, 0x0e, 0x00, 0x00, 0x00, 0x00, 0xff, 0xaa, 0x7f, 0x06, 0xff, 0xff, 0xff, 0x01,
  0x00, 0x00, 0x00, 0x00, 0x00, 0x00, 0x00, 0x00, 0x00, 0x00, 0x00, 0x00, 0x00, 0x00, 0x00, 0x00,
  0x00, 0x00, 0x00, 0x00, 0x00, 0x00, 0x00, 0x00, 0x00, 0x00, 0x00, 0x00, 0x00, 0x00, 0x00, 0x00,
  0x00, 0x00, 0x00, 0x00, 0x00, 0x00, 0x00, 0x00, 0x00, 0x00, 0x00, 0x00, 0x00, 0x00, 0x00, 0x00,
  0x00, 0x00, 0x00, 0x00, 0x00, 0x00, 0x00, 0x00, 0x00, 0x00, 0x00, 0x00, 0x00, 0x00, 0x00, 0x00,
  0x00, 0x00, 0x00, 0x00, 0x00, 0x00, 0x00, 0x00, 0xff, 0xaa, 0x7f, 0x06, 0x00, 0x00, 0x00, 0x00,
  0x00, 0x00, 0x00, 0x00, 0xff, 0xa9, 0x89, 0x68, 0xff, 0xac, 0x8b, 0xff, 0xff, 0xb6, 0x94, 0xff,
  0xff, 0xa7, 0x89, 0xf7, 0xff, 0xa6, 0x89, 0xfe, 0xff, 0xa5, 0x89, 0xff, 0xff, 0xa6, 0x89, 0xff,
  0xff, 0xa6, 0x89, 0xfe, 0xff, 0xa5, 0x89, 0xfe, 0xff, 0xa3, 0x89, 0xfe, 0xff, 0xa4, 0x89, 0xfe,
  0xff, 0xa4, 0x89, 0xfe, 0xff, 0xa4, 0x8a, 0xff, 0xff, 0xa3, 0x8a, 0xff, 0xff, 0xa2, 0x8a, 0xfe,
  0xff, 0xa2, 0x8a, 0xff, 0xff, 0xa2, 0x8a, 0xff, 0xff, 0xa1, 0x8a, 0xff, 0xff, 0xa0, 0x8b, 0xff,
  0xff, 0xa0, 0x8b, 0xff, 0xff, 0xa0, 0x8a, 0xfe, 0xff, 0xa0, 0x8a, 0xf9, 0xff, 0x9e, 0x8a, 0xff,
  0xff, 0xae, 0x9a, 0xff, 0xff, 0x9c, 0x8a, 0xc8, 0xff, 0x9c, 0x89, 0x1a, 0x00, 0x00, 0x00, 0x00,
  0xff, 0xbf, 0x7f, 0x04, 0xff, 0x7f, 0x7f, 0x02, 0x00, 0x00, 0x00, 0x00, 0x00, 0x00, 0x00, 0x00,
  0x00, 0x00, 0x00, 0x00, 0x00, 0x00, 0x00, 0x00, 0x00, 0x00, 0x00, 0x00, 0x00, 0x00, 0x00, 0x00,
  0x00, 0x00, 0x00, 0x00, 0xff, 0xbf, 0x7f, 0x08, 0x00, 0x00, 0x00, 0x00, 0x00, 0x00, 0x00, 0x00,
  0xff, 0xbd, 0x84, 0x85, 0xff, 0xcb, 0x8e, 0xfe, 0xff, 0xc8, 0x8c, 0xff, 0xff, 0xbb, 0x84, 0xf7,
  0xff, 0xbc, 0x84, 0xff, 0xff, 0xbb, 0x84, 0xfe, 0xff, 0xbb, 0x84, 0xfe, 0xff, 0xba, 0x84, 0xfe,
  0xff, 0xb9, 0x84, 0xfe, 0xff, 0xb8, 0x84, 0xfe, 0xff, 0xb8, 0x84, 0xfe, 0xff, 0xb8, 0x84, 0xfe,
  0xff, 0xb8, 0x85, 0xfe, 0xff, 0xb7, 0x85, 0xfe, 0xff, 0xb6, 0x84, 0xfe, 0xff, 0xb6, 0x85, 0xff,
  0xff, 0xb6, 0x85, 0xff, 0xff, 0xb6, 0x85, 0xfe, 0xff, 0xb5, 0x85, 0xfe, 0xff, 0xb5, 0x86, 0xfe,
  0xff, 0xb4, 0x86, 0xfe, 0xff, 0xb4, 0x86, 0xf8, 0xff, 0xb8, 0x89, 0xff, 0xff, 0xc6, 0x94, 0xff,
  0xff, 0xb4, 0x87, 0xaa, 0x00, 0x00, 0x00, 0x00, 0xff, 0xff, 0xff, 0x01, 0xff, 0xbf, 0x7f, 0x08,
  0xff, 0xff, 0xff, 0x01, 0x00, 0x00, 0x00, 0x00, 0x00, 0x00, 0x00, 0x00, 0x00, 0x00, 0x00, 0x00,
  0x00, 0x00, 0x00, 0x00, 0x00, 0x00, 0x00, 0x00, 0x00, 0x00, 0x00, 0x00, 0x00, 0x00, 0x00, 0x00,
  0x00, 0x00, 0x00, 0x00, 0x00, 0x00, 0x00, 0x00, 0x00, 0x00, 0x00, 0x00, 0x00, 0x00, 0x00, 0x00,
  0x00, 0x00, 0x00, 0x00, 0x00, 0x00, 0x00, 0x00, 0x00, 0x00, 0x00, 0x00, 0x00, 0x00, 0x00, 0x00,
  0x00, 0x00, 0x00, 0x00, 0x00, 0x00, 0x00, 0x00, 0x00, 0x00, 0x00, 0x00, 0xff, 0xbf, 0x9f, 0x08,
  0x00, 0x00, 0x00, 0x00, 0x00, 0x00, 0x00, 0x00, 0xff, 0xa8, 0x8b, 0x61, 0xff, 0xaa, 0x8c, 0xff,
  0xff, 0xb4, 0x95, 0xff, 0xff, 0xa5, 0x89, 0xf6, 0xff, 0xa4, 0x89, 0xfe, 0xff, 0xa4, 0x89, 0xff,
  0xff, 0xa5, 0x89, 0xff, 0xff, 0xa5, 0x89, 0xfe, 0xff, 0xa3, 0x89, 0xfe, 0xff, 0xa2, 0x89, 0xfe,
  0xff, 0xa2, 0x89, 0xfe, 0xff, 0xa1, 0x89, 0xfe, 0xff, 0xa1, 0x8a, 0xff, 0xff, 0xa1, 0x8a, 0xff,
  0xff, 0xa0, 0x8a, 0xfe, 0xff, 0x9f, 0x8a, 0xfe, 0xff, 0x9f, 0x8a, 0xfe, 0xff, 0x9f, 0x8a, 0xff,
  0xff, 0x9e, 0x8b, 0xff, 0xff, 0x9d, 0x8b, 0xfe, 0xff, 0x9e, 0x8a, 0xfe, 0xff, 0x9d, 0x8b, 0xf9,
  0xff, 0x9c, 0x8a, 0xff, 0xff, 0xae, 0x9c, 0xff, 0xff, 0x9c, 0x8c, 0xca, 0xff, 0x9c, 0x89, 0x1a,
  0x00, 0x00, 0x00, 0x00, 0xff, 0xbf, 0x7f, 0x04, 0xff, 0x7f, 0x7f, 0x02, 0x00, 0x00, 0x00, 0x00,
  0x00, 0x00, 0x00, 0x00, 0x00, 0x00, 0x00, 0x00, 0x00, 0x00, 0x00, 0x00, 0x00, 0x00, 0x00, 0x00,
  0x00, 0x00, 0x00, 0x00, 0x00, 0x00, 0x00, 0x00, 0xff, 0xbf, 0x7f, 0x08, 0x00, 0x00, 0x00, 0x00,
  0x00, 0x00, 0x00, 0x00, 0xff, 0xbb, 0x85, 0x84, 0xff, 0xc8, 0x8e, 0xff, 0xff, 0xc6, 0x8d, 0xff,
  0xff, 0xba, 0x85, 0xf7, 0xff, 0xba, 0x84, 0xfe, 0xff, 0xb9, 0x84, 0xfe, 0xff, 0xb9, 0x84, 0xfe,
  0xff, 0xb8, 0x84, 0xfe, 0xff, 0xb7, 0x84, 0xfe, 0xff, 0xb7, 0x85, 0xfe, 0xff, 0xb7, 0x85, 0xfe,
  0xff, 0xb7, 0x85, 0xfe, 0xff, 0xb7, 0x86, 0xff, 0xff, 0xb6, 0x86, 0xff, 0xff, 0xb5, 0x85, 0xfe,
  0xff, 0xb4, 0x85, 0xfe, 0xff, 0xb4, 0x85, 0xfe, 0xff, 0xb3, 0x85, 0xfe, 0xff, 0xb3, 0x86, 0xff,
  0xff, 0xb3, 0x87, 0xff, 0xff, 0xb2, 0x86, 0xfe, 0xff, 0xb2, 0x86, 0xf8, 0xff, 0xb6, 0x89, 0xff,
  0xff, 0xc4, 0x94, 0xff, 0xff, 0xb2, 0x86, 0xad, 0xff, 0xaa, 0x7f, 0x06, 0x00, 0x00, 0x00, 0x00,
  0xff, 0xb6, 0x91, 0x07, 0xff, 0xff, 0xff, 0x01, 0x00, 0x00, 0x00, 0x00, 0x00, 0x00, 0x00, 0x00,
  0x00, 0x00, 0x00, 0x00, 0x00, 0x00, 0x00, 0x00, 0x00, 0x00, 0x00, 0x00, 0x00, 0x00, 0x00, 0x00,
  0x00, 0x00, 0x00, 0x00, 0x00, 0x00, 0x00, 0x00, 0x00, 0x00, 0x00, 0x00, 0x00, 0x00, 0x00, 0x00,
  0x00, 0x00, 0x00, 0x00, 0x00, 0x00, 0x00, 0x00, 0x00, 0x00, 0x00, 0x00, 0x00, 0x00, 0x00, 0x00,
  0x00, 0x00, 0x00, 0x00, 0x00, 0x00, 0x00, 0x00, 0x00, 0x00, 0x00, 0x00, 0x00, 0x00, 0x00, 0x00,
  0xff, 0xb6, 0x91, 0x07, 0x00, 0x00, 0x00, 0x00, 0x00, 0x00, 0x00, 0x00, 0xff, 0xa4, 0x8a, 0x65,
  0xff, 0xa7, 0x8c, 0xff, 0xff, 0xb1, 0x95, 0xff, 0xff, 0xa3, 0x89, 0xf6, 0xff, 0xa3, 0x89, 0xfe,
  0xff, 0xa3, 0x89, 0xfe, 0xff, 0xa3, 0x89, 0xfe, 0xff, 0xa2, 0x8a, 0xff, 0xff, 0xa2, 0x8a, 0xff,
  0xff, 0xa1, 0x8a, 0xfe, 0xff, 0xa0, 0x8a, 0xfe, 0xff, 0x9f, 0x8a, 0xfe, 0xff, 0x9f, 0x8a, 0xfe,
  0xff, 0x9f, 0x8a, 0xfe, 0xff, 0x9f, 0x8a, 0xfe, 0xff, 0x9d, 0x8a, 0xfe, 0xff, 0x9d, 0x8a, 0xfe,
  0xff, 0x9e, 0x8b, 0xff, 0xff, 0x9c, 0x8a, 0xff, 0xff, 0x9b, 0x8a, 0xfe, 0xff, 0x9b, 0x8b, 0xfe,
  0xff, 0x9b, 0x8b, 0xfa, 0xff, 0x9a, 0x8b, 0xff, 0xff, 0xac, 0x9c, 0xff, 0xff, 0x9a, 0x8c, 0xc9,
  0xff, 0x99, 0x8e, 0x19, 0x00, 0x00, 0x00, 0x00, 0xff, 0xbf, 0x7f, 0x04, 0xff, 0x7f, 0x7f, 0x02,
  0x00, 0x00, 0x00, 0x00, 0x00, 0x00, 0x00, 0x00, 0x00, 0x00, 0x00, 0x00, 0x00, 0x00, 0x00, 0x00,
  0x00, 0x00, 0x00, 0x00, 0x00, 0x00, 0x00, 0x00, 0x00, 0x00, 0x00, 0x00, 0xff, 0x9f, 0x7f, 0x08,
  0x00, 0x00, 0x00, 0x00, 0x00, 0x00, 0x00, 0x00, 0xff, 0xbb, 0x86, 0x7d, 0xff, 0xbf, 0x88, 0xff,
  0xff, 0xc1, 0x8c, 0xff, 0xff, 0xb8, 0x85, 0xf8, 0xff, 0xb7, 0x85, 0xfe, 0xff, 0xb8, 0x85, 0xfe,
  0xff, 0xb8, 0x85, 0xff, 0xff, 0xb6, 0x85, 0xfe, 0xff, 0xb6, 0x85, 0xfe, 0xff, 0xb6, 0x85, 0xff,
  0xff, 0xb5, 0x85, 0xfe, 0xff, 0xb4, 0x85, 0xfe, 0xff, 0xb4, 0x86, 0xff, 0xff, 0xb4, 0x86, 0xff,
  0xff, 0xb3, 0x86, 0xfe, 0xff, 0xb2, 0x86, 0xfe, 0xff, 0xb2, 0x86, 0xfe, 0xff, 0xb2, 0x86, 0xfe,
  0xff, 0xb2, 0x87, 0xfe, 0xff, 0xb2, 0x87, 0xfe, 0xff, 0xb0, 0x86, 0xfe, 0xff, 0xb0, 0x86, 0xf8,
  0xff, 0xb4, 0x8a, 0xff, 0xff, 0xc0, 0x93, 0xff, 0xff, 0xaf, 0x85, 0xb3, 0xff, 0xaa, 0x85, 0x15,
  0x00, 0x00, 0x00, 0x00, 0xff, 0x99, 0x99, 0x05, 0x00, 0x00, 0x00, 0x00, 0xff, 0xff, 0x00, 0x01,
  0x00, 0x00, 0x00, 0x00, 0x00, 0x00, 0x00, 0x00, 0x00, 0x00, 0x00, 0x00, 0x00, 0x00, 0x00, 0x00,
  0x00, 0x00, 0x00, 0x00, 0x00, 0x00, 0x00, 0x00, 0x00, 0x00, 0x00, 0x00, 0x00, 0x00, 0x00, 0x00,
  0x00, 0x00, 0x00, 0x00, 0x00, 0x00, 0x00, 0x00, 0x00, 0x00, 0x00, 0x00, 0x00, 0x00, 0x00, 0x00,
  0x00, 0x00, 0x00, 0x00, 0x00, 0x00, 0x00, 0x00, 0x00, 0x00, 0x00, 0x00, 0xff, 0x00, 0x00, 0x01,
  0xff, 0x00, 0x00, 0x01, 0xff, 0xff, 0x7f, 0x02, 0x00, 0x00, 0x00, 0x00, 0xff, 0x9c, 0x75, 0x0d,
  0xff, 0xa1, 0x88, 0x7b, 0xff, 0xa5, 0x8c, 0xff, 0xff, 0xae, 0x94, 0xff, 0xff, 0xa2, 0x8a, 0xf7,
  0xff, 0xa1, 0x8a, 0xfe, 0xff, 0xa0, 0x8a, 0xfe, 0xff, 0xa0, 0x8a, 0xfe, 0xff, 0xa0, 0x8a, 0xfe,
  0xff, 0xa0, 0x8a, 0xfe, 0xff, 0x9f, 0x8b, 0xff, 0xff, 0x9e, 0x8a, 0xfe, 0xff, 0x9d, 0x8a, 0xfe,
  0xff, 0x9e, 0x8b, 0xff, 0xff, 0x9e, 0x8b, 0xff, 0xff, 0x9d, 0x8b, 0xfe, 0xff, 0x9b, 0x8b, 0xff,
  0xff, 0x9b, 0x8b, 0xff, 0xff, 0x9b, 0x8b, 0xfe, 0xff, 0x9b, 0x8b, 0xff, 0xff, 0x9a, 0x8b, 0xff,
  0xff, 0x99, 0x8b, 0xfe, 0xff, 0x99, 0x8b, 0xfa, 0xff, 0x99, 0x8c, 0xff, 0xff, 0xab, 0x9e, 0xfe,
  0xff, 0x99, 0x8c, 0xcb, 0xff, 0x99, 0x8e, 0x19, 0x00, 0x00, 0x00, 0x00, 0xff, 0xbf, 0x7f, 0x04,
  0xff, 0x7f, 0x7f, 0x02, 0x00, 0x00, 0x00, 0x00, 0x00, 0x00, 0x00, 0x00, 0x00, 0x00, 0x00, 0x00,
  0x00, 0x00, 0x00, 0x00, 0x00, 0x00, 0x00, 0x00, 0x00, 0x00, 0x00, 0x00, 0x00, 0x00, 0x00, 0x00,
  0xff, 0x9f, 0x7f, 0x08, 0x00, 0x00, 0x00, 0x00, 0x00, 0x00, 0x00, 0x00, 0xff, 0xb7, 0x84, 0x79,
  0xff, 0xb8, 0x84, 0xff, 0xff, 0xbe, 0x8b, 0xff, 0xff, 0xb5, 0x84, 0xfa, 0xff, 0xb5, 0x85, 0xfe,
  0xff, 0xb6, 0x86, 0xfe, 0xff, 0xb6, 0x86, 0xff, 0xff, 0xb4, 0x85, 0xfe, 0xff, 0xb4, 0x85, 0xfe,
  0xff, 0xb4, 0x85, 0xff, 0xff, 0xb3, 0x85, 0xfe, 0xff, 0xb2, 0x85, 0xfe, 0xff, 0xb2, 0x86, 0xff,
  0xff, 0xb2, 0x86, 0xff, 0xff, 0xb1, 0x86, 0xfe, 0xff, 0xb1, 0x86, 0xfe, 0xff, 0xb1, 0x86, 0xfe,
  0xff, 0xb0, 0x86, 0xfe, 0xff, 0xb0, 0x87, 0xfe, 0xff, 0xb0, 0x87, 0xfe, 0xff, 0xaf, 0x86, 0xfe,
  0xff, 0xae, 0x86, 0xfa, 0xff, 0xb2, 0x8a, 0xff, 0xff, 0xbb, 0x91, 0xff, 0xff, 0xad, 0x87, 0xc0,
  0xff, 0xb2, 0x8b, 0x35, 0xff, 0x99, 0x99, 0x05, 0xff, 0xaa, 0xaa, 0x03, 0x00, 0x00, 0x00, 0x00,
  0xff, 0xff, 0x00, 0x01, 0x00, 0x00, 0x00, 0x00, 0x00, 0x00, 0x00, 0x00, 0x00, 0x00, 0x00, 0x00,
  0x00, 0x00, 0x00, 0x00, 0x00, 0x00, 0x00, 0x00, 0x00, 0x00, 0x00, 0x00, 0x00, 0x00, 0x00, 0x00,
  0x00, 0x00, 0x00, 0x00, 0x00, 0x00, 0x00, 0x00, 0x00, 0x00, 0x00, 0x00, 0x00, 0x00, 0x00, 0x00,
  0x00, 0x00, 0x00, 0x00, 0x00, 0x00, 0x00, 0x00, 0x00, 0x00, 0x00, 0x00, 0x00, 0x00, 0x00, 0x00,
  0xff, 0x00, 0x00, 0x01, 0xff, 0x00, 0x00, 0x01, 0x00, 0x00, 0x00, 0x00, 0xff, 0xff, 0xff, 0x01,
  0xff, 0x9c, 0x89, 0x1a, 0xff, 0x9f, 0x88, 0x8e, 0xff, 0xa4, 0x8c, 0xff, 0xff, 0xab, 0x94, 0xff,
  0xff, 0xa0, 0x8a, 0xf8, 0xff, 0x9f, 0x8a, 0xfe, 0xff, 0x9e, 0x8a, 0xfe, 0xff, 0x9e, 0x8a, 0xfe,
  0xff, 0x9e, 0x8a, 0xfe, 0xff, 0x9e, 0x8a, 0xfe, 0xff, 0x9d, 0x8b, 0xff, 0xff, 0x9d, 0x8a, 0xfe,
  0xff, 0x9d, 0x8a, 0xfe, 0xff, 0x9c, 0x8b, 0xff, 0xff, 0x9c, 0x8c, 0xff, 0xff, 0x9b, 0x8c, 0xfe,
  0xff, 0x9b, 0x8c, 0xff, 0xff, 0x9b, 0x8c, 0xff, 0xff, 0x99, 0x8b, 0xfe, 0xff, 0x99, 0x8c, 0xff,
  0xff, 0x9a, 0x8c, 0xff, 0xff, 0x99, 0x8b, 0xfe, 0xff, 0x98, 0x8b, 0xfb, 0xff, 0x97, 0x8c, 0xff,
  0xff, 0xa6, 0x9b, 0xff, 0xff, 0x98, 0x8c, 0xc4, 0xff, 0x94, 0x94, 0x18, 0x00, 0x00, 0x00, 0x00,
  0xff, 0xbf, 0x7f, 0x04, 0xff, 0x7f, 0x7f, 0x02, 0x00, 0x00, 0x00, 0x00, 0x00, 0x00, 0x00, 0x00,
  0x00, 0x00, 0x00, 0x00, 0x00, 0x00, 0x00, 0x00, 0x00, 0x00, 0x00, 0x00, 0x00, 0x00, 0x00, 0x00,
  0x00, 0x00, 0x00, 0x00, 0xff, 0xb6, 0x91, 0x07, 0x00, 0x00, 0x00, 0x00, 0x00, 0x00, 0x00, 0x00,
  0xff, 0xb7, 0x86, 0x72, 0xff, 0xb5, 0x86, 0xf5, 0xff, 0xbb, 0x89, 0xff, 0xff, 0xb4, 0x85, 0xfc,
  0xff, 0xb4, 0x86, 0xff, 0xff, 0xb3, 0x86, 0xfe, 0xff, 0xb3, 0x86, 0xfe, 0xff, 0xb2, 0x86, 0xff,
  0xff, 0xb1, 0x86, 0xff, 0xff, 0xb1, 0x86, 0xfe, 0xff, 0xb1, 0x87, 0xff, 0xff, 0xb1, 0x87, 0xff,
  0xff, 0xb1, 0x87, 0xff, 0xff, 0xb0, 0x86, 0xfe, 0xff, 0xaf, 0x86, 0xfe, 0xff, 0xaf, 0x87, 0xfe,
  0xff, 0xaf, 0x87, 0xfe, 0xff, 0xae, 0x86, 0xfe, 0xff, 0xad, 0x87, 0xff, 0xff, 0xad, 0x88, 0xff,
  0xff, 0xad, 0x88, 0xff, 0xff, 0xac, 0x87, 0xfc, 0xff, 0xae, 0x8a, 0xff, 0xff, 0xb4, 0x8f, 0xff,
  0xff, 0xab, 0x89, 0xd6, 0xff, 0xaf, 0x8b, 0x6a, 0xff, 0xaa, 0x84, 0x1b, 0xff, 0x7f, 0x7f, 0x02,
  0x00, 0x00, 0x00, 0x00, 0xff, 0xaa, 0xaa, 0x03, 0x00, 0x00, 0x00, 0x00, 0x00, 0x00, 0x00, 0x00,
  0x00, 0x00, 0x00, 0x00, 0x00, 0x00, 0x00, 0x00, 0x00, 0x00, 0x00, 0x00, 0x00, 0x00, 0x00, 0x00,
  0x00, 0x00, 0x00, 0x00, 0x00, 0x00, 0x00, 0x00, 0x00, 0x00, 0x00, 0x00, 0x00, 0x00, 0x00, 0x00,
  0x00, 0x00, 0x00, 0x00, 0x00, 0x00, 0x00, 0x00, 0x00, 0x00, 0x00, 0x00, 0x00, 0x00, 0x00, 0x00,
  0x00, 0x00, 0x00, 0x00, 0xff, 0xff, 0xff, 0x01, 0xff, 0xff, 0xff, 0x01, 0xff, 0x00, 0x00, 0x01,
  0xff, 0x91, 0x91, 0x07, 0xff, 0x9d, 0x8f, 0x37, 0xff, 0x9e, 0x8b, 0xa3, 0xff, 0xa2, 0x8c, 0xff,
  0xff, 0xa6, 0x92, 0xff, 0xff, 0x9d, 0x8a, 0xf9, 0xff, 0x9d, 0x8a, 0xfe, 0xff, 0x9d, 0x8a, 0xff,
  0xff, 0x9d, 0x8b, 0xff, 0xff, 0x9c, 0x8c, 0xff, 0xff, 0x9c, 0x8c, 0xff, 0xff, 0x9b, 0x8b, 0xff,
  0xff, 0x9b, 0x8b, 0xff, 0xff, 0x9b, 0x8c, 0xff, 0xff, 0x9a, 0x8c, 0xff, 0xff, 0x99, 0x8b, 0xff,
  0xff, 0x99, 0x8b, 0xfe, 0xff, 0x99, 0x8c, 0xfe, 0xff, 0x99, 0x8c, 0xfe, 0xff, 0x98, 0x8c, 0xff,
  0xff, 0x97, 0x8d, 0xff, 0xff, 0x97, 0x8d, 0xfe, 0xff, 0x98, 0x8d, 0xfd, 0xff, 0x97, 0x8d, 0xfd,
  0xff, 0x95, 0x8d, 0xfe, 0xff, 0x9a, 0x92, 0xff, 0xff, 0x95, 0x8d, 0xb0, 0xff, 0x91, 0x91, 0x15,
  0x00, 0x00, 0x00, 0x00, 0xff, 0x7f, 0x7f, 0x04, 0xff, 0x7f, 0x7f, 0x02, 0x00, 0x00, 0x00, 0x00,
  0x00, 0x00, 0x00, 0x00, 0x00, 0x00, 0x00, 0x00, 0x00, 0x00, 0x00, 0x00, 0x00, 0x00, 0x00, 0x00,
  0x00, 0x00, 0x00, 0x00, 0x00, 0x00, 0x00, 0x00, 0xff, 0xd4, 0xaa, 0x06, 0x00, 0x00, 0x00, 0x00,
  0x00, 0x00, 0x00, 0x00, 0xff, 0xb6, 0x84, 0x62, 0xff, 0xb5, 0x85, 0xdb, 0xff, 0xb6, 0x87, 0xfc,
  0xff, 0xb3, 0x86, 0xfe, 0xff, 0xb3, 0x86, 0xfe, 0xff, 0xb2, 0x87, 0xfd, 0xff, 0xb2, 0x86, 0xfe,
  0xff, 0xb1, 0x86, 0xff, 0xff, 0xb0, 0x86, 0xff, 0xff, 0xb0, 0x87, 0xfe, 0xff, 0xb0, 0x87, 0xff,
  0xff, 0xb0, 0x87, 0xff, 0xff, 0xaf, 0x88, 0xff, 0xff, 0xae, 0x87, 0xfe, 0xff, 0xae, 0x87, 0xff,
  0xff, 0xae, 0x88, 0xff, 0xff, 0xad, 0x88, 0xff, 0xff, 0xac, 0x87, 0xfe, 0xff, 0xac, 0x88, 0xff,
  0xff, 0xac, 0x88, 0xff, 0xff, 0xab, 0x88, 0xff, 0xff, 0xab, 0x87, 0xfc, 0xff, 0xab, 0x8a, 0xff,
  0xff, 0xae, 0x8b, 0xff, 0xff, 0xa8, 0x88, 0xed, 0xff, 0xa8, 0x8a, 0x9d, 0xff, 0xab, 0x88, 0x2b,
  0x00, 0x00, 0x00, 0x00, 0xff, 0x00, 0x00, 0x01, 0xff, 0x99, 0x99, 0x05, 0x00, 0x00, 0x00, 0x00,
  0x00, 0x00, 0x00, 0x00, 0x00, 0x00, 0x00, 0x00, 0x00, 0x00, 0x00, 0x00, 0x00, 0x00, 0x00, 0x00,
  0x00, 0x00, 0x00, 0x00, 0x00, 0x00, 0x00, 0x00, 0x00, 0x00, 0x00, 0x00, 0x00, 0x00, 0x00, 0x00,
  0x00, 0x00, 0x00, 0x00, 0x00, 0x00, 0x00, 0x00, 0x00, 0x00, 0x00, 0x00, 0x00, 0x00, 0x00, 0x00,
  0x00, 0x00, 0x00, 0x00, 0x00, 0x00, 0x00, 0x00, 0xff, 0xff, 0x7f, 0x02, 0xff, 0xaa, 0xaa, 0x03,
  0x00, 0x00, 0x00, 0x00, 0xff, 0x99, 0x7f, 0x0a, 0xff, 0x9c, 0x8b, 0x7c, 0xff, 0x9e, 0x8e, 0xd7,
  0xff, 0x9e, 0x8c, 0xff, 0xff, 0xa0, 0x8e, 0xff, 0xff, 0x9c, 0x8a, 0xfb, 0xff, 0x9c, 0x8a, 0xff,
  0xff, 0x9c, 0x8a, 0xff, 0xff, 0x9c, 0x8b, 0xff, 0xff, 0x9b, 0x8c, 0xff, 0xff, 0x9b, 0x8c, 0xff,
  0xff, 0x9a, 0x8c, 0xff, 0xff, 0x99, 0x8c, 0xff, 0xff, 0x99, 0x8c, 0xff, 0xff, 0x98, 0x8d, 0xff,
  0xff, 0x98, 0x8c, 0xff, 0xff, 0x98, 0x8b, 0xff, 0xff, 0x97, 0x8c, 0xfe, 0xff, 0x97, 0x8c, 0xfe,
  0xff, 0x96, 0x8d, 0xff, 0xff, 0x95, 0x8e, 0xff, 0xff, 0x95, 0x8e, 0xff, 0xff, 0x96, 0x8d, 0xfc,
  0xff, 0x96, 0x8d, 0xfe, 0xff, 0x94, 0x8e, 0xfe, 0xff, 0x94, 0x8d, 0xf8, 0xff, 0x91, 0x8d, 0x9f,
  0xff, 0x93, 0x93, 0x13, 0x00, 0x00, 0x00, 0x00, 0xff, 0xaa, 0xaa, 0x03, 0xff, 0x7f, 0x7f, 0x02,
  0x00, 0x00, 0x00, 0x00, 0x00, 0x00, 0x00, 0x00, 0x00, 0x00, 0x00, 0x00, 0x00, 0x00, 0x00, 0x00,
  0x00, 0x00, 0x00, 0x00, 0x00, 0x00, 0x00, 0x00, 0x00, 0x00, 0x00, 0x00, 0xff, 0xaa, 0x7f, 0x06,
  0x00, 0x00, 0x00, 0x00, 0x00, 0x00, 0x00, 0x00, 0xff, 0xb7, 0x87, 0x4f, 0xff, 0xb4, 0x85, 0xbf,
  0xff, 0xb1, 0x86, 0xf7, 0xff, 0xb3, 0x88, 0xff, 0xff, 0xb1, 0x87, 0xfe, 0xff, 0xb1, 0x88, 0xfd,
  0xff, 0xb1, 0x87, 0xff, 0xff, 0xb0, 0x86, 0xfe, 0xff, 0xaf, 0x86, 0xfe, 0xff, 0xaf, 0x87, 0xff,
  0xff, 0xaf, 0x87, 0xfe, 0xff, 0xae, 0x87, 0xfe, 0xff, 0xad, 0x88, 0xff, 0xff, 0xad, 0x88, 0xff,
  0xff, 0xad, 0x88, 0xff, 0xff, 0xac, 0x88, 0xff, 0xff, 0xab, 0x88, 0xff, 0xff, 0xab, 0x88, 0xfe,
  0xff, 0xab, 0x88, 0xff, 0xff, 0xab, 0x88, 0xff, 0xff, 0xa9, 0x88, 0xfe, 0xff, 0xaa, 0x88, 0xfc,
  0xff, 0xaa, 0x89, 0xff, 0xff, 0xa8, 0x89, 0xfe, 0xff, 0xa8, 0x8a, 0xfc, 0xff, 0xa6, 0x88, 0xcd,
  0xff, 0xa5, 0x85, 0x50, 0xff, 0x7f, 0x7f, 0x04, 0x00, 0x00, 0x00, 0x00, 0xff, 0x99, 0x99, 0x05,
  0x00, 0x00, 0x00, 0x00, 0x00, 0x00, 0x00, 0x00, 0x00, 0x00, 0x00, 0x00, 0x00, 0x00, 0x00, 0x00,
  0x00, 0x00, 0x00, 0x00, 0x00, 0x00, 0x00, 0x00, 0x00, 0x00, 0x00, 0x00, 0x00, 0x00, 0x00, 0x00,
  0x00, 0x00, 0x00, 0x00, 0x00, 0x00, 0x00, 0x00, 0x00, 0x00, 0x00, 0x00, 0x00, 0x00, 0x00, 0x00,
  0x00, 0x00, 0x00, 0x00, 0x00, 0x00, 0x00, 0x00, 0x00, 0x00, 0x00, 0x00, 0xff, 0xaa, 0x55, 0x03,
  0xff, 0x00, 0x00, 0x01, 0xff, 0xff, 0xff, 0x01, 0xff, 0x9a, 0x86, 0x26, 0xff, 0x99, 0x8b, 0xc4,
  0xff, 0xa4, 0x93, 0xff, 0xff, 0x9a, 0x8c, 0xfe, 0xff, 0x9a, 0x8b, 0xff, 0xff, 0x9a, 0x8a, 0xfe,
  0xff, 0x9a, 0x8b, 0xff, 0xff, 0x9a, 0x8b, 0xff, 0xff, 0x9a, 0x8b, 0xff, 0xff, 0x99, 0x8c, 0xff,
  0xff, 0x99, 0x8c, 0xff, 0xff, 0x98, 0x8c, 0xff, 0xff, 0x97, 0x8c, 0xff, 0xff, 0x97, 0x8c, 0xff,
  0xff, 0x97, 0x8d, 0xff, 0xff, 0x97, 0x8d, 0xff, 0xff, 0x96, 0x8c, 0xff, 0xff, 0x95, 0x8c, 0xfe,
  0xff, 0x95, 0x8c, 0xfe, 0xff, 0x94, 0x8d, 0xff, 0xff, 0x94, 0x8e, 0xff, 0xff, 0x94, 0x8e, 0xff,
  0xff, 0x93, 0x8d, 0xfc, 0xff, 0x95, 0x8f, 0xff, 0xff, 0x93, 0x8e, 0xfe, 0xff, 0x92, 0x8d, 0xe8,
  0xff, 0x8f, 0x8c, 0x8e, 0xff, 0x96, 0x96, 0x11, 0x00, 0x00, 0x00, 0x00, 0xff, 0xaa, 0xaa, 0x03,
  0xff, 0x7f, 0x7f, 0x02, 0x00, 0x00, 0x00, 0x00, 0x00, 0x00, 0x00, 0x00, 0x00, 0x00, 0x00, 0x00,
  0x00, 0x00, 0x00, 0x00, 0x00, 0x00, 0x00, 0x00, 0x00, 0x00, 0x00, 0x00, 0x00, 0x00, 0x00, 0x00,
  0xff, 0x99, 0x66, 0x05, 0x00, 0x00, 0x00, 0x00, 0x00, 0x00, 0x00, 0x00, 0xff, 0xaf, 0x85, 0x43,
  0xff, 0xae, 0x84, 0xab, 0xff, 0xaf, 0x86, 0xf1, 0xff, 0xb4, 0x8a, 0xff, 0xff, 0xb0, 0x88, 0xff,
  0xff, 0xaf, 0x88, 0xfd, 0xff, 0xaf, 0x88, 0xfe, 0xff, 0xae, 0x88, 0xfe, 0xff, 0xae, 0x88, 0xff,
  0xff, 0xae, 0x88, 0xff, 0xff, 0xac, 0x88, 0xfe, 0xff, 0xac, 0x88, 0xfe, 0xff, 0xac, 0x88, 0xff,
  0xff, 0xab, 0x88, 0xff, 0xff, 0xaa, 0x88, 0xfe, 0xff, 0xaa, 0x88, 0xfe, 0xff, 0xa9, 0x88, 0xfe,
  0xff, 0xa9, 0x88, 0xfe, 0xff, 0xa8, 0x88, 0xfe, 0xff, 0xa8, 0x88, 0xfe, 0xff, 0xa7, 0x89, 0xfe,
  0xff, 0xa7, 0x89, 0xfe, 0xff, 0xa7, 0x89, 0xff, 0xff, 0xa5, 0x89, 0xfb, 0xff, 0xac, 0x8f, 0xff,
  0xff, 0xa6, 0x89, 0xf7, 0xff, 0xa3, 0x88, 0x97, 0xff, 0xa3, 0x89, 0x32, 0xff, 0xaa, 0x7f, 0x06,
  0xff, 0xaa, 0xaa, 0x06, 0xff, 0xbf, 0xbf, 0x04, 0xff, 0x7f, 0x7f, 0x02, 0x00, 0x00, 0x00, 0x00,
  0x00, 0x00, 0x00, 0x00, 0x00, 0x00, 0x00, 0x00, 0x00, 0x00, 0x00, 0x00, 0x00, 0x00, 0x00, 0x00,
  0x00, 0x00, 0x00, 0x00, 0x00, 0x00, 0x00, 0x00, 0x00, 0x00, 0x00, 0x00, 0x00, 0x00, 0x00, 0x00,
  0x00, 0x00, 0x00, 0x00, 0x00, 0x00, 0x00, 0x00, 0x00, 0x00, 0x00, 0x00, 0xff, 0x99, 0x99, 0x05,
  0xff, 0x7f, 0x7f, 0x06, 0xff, 0x7f, 0x7f, 0x02, 0xff, 0x9a, 0x7f, 0x1c, 0xff, 0x9b, 0x8a, 0x69,
  0xff, 0x9a, 0x8a, 0xe6, 0xff, 0xa6, 0x96, 0xff, 0xff, 0x98, 0x8b, 0xfe, 0xff, 0x99, 0x8b, 0xfd,
  0xff, 0x99, 0x8c, 0xff, 0xff, 0x98, 0x8c, 0xff, 0xff, 0x98, 0x8c, 0xff, 0xff, 0x98, 0x8c, 0xff,
  0xff, 0x97, 0x8c, 0xff, 0xff, 0x97, 0x8c, 0xff, 0xff, 0x96, 0x8c, 0xff, 0xff, 0x94, 0x8c, 0xff,
  0xff, 0x95, 0x8c, 0xff, 0xff, 0x95, 0x8d, 0xff, 0xff, 0x95, 0x8d, 0xff, 0xff, 0x94, 0x8d, 0xff,
  0xff, 0x93, 0x8d, 0xff, 0xff, 0x93, 0x8d, 0xff, 0xff, 0x92, 0x8e, 0xff, 0xff, 0x92, 0x8d, 0xfe,
  0xff, 0x92, 0x8d, 0xfe, 0xff, 0x92, 0x8e, 0xfb, 0xff, 0x95, 0x92, 0xff, 0xff, 0x90, 0x8e, 0xfe,
  0xff, 0x8f, 0x8c, 0xd2, 0xff, 0x8d, 0x8b, 0x73, 0xff, 0x89, 0x89, 0x0d, 0x00, 0x00, 0x00, 0x00,
  0xff, 0x55, 0x55, 0x03, 0xff, 0xff, 0xff, 0x01, 0x00, 0x00, 0x00, 0x00, 0x00, 0x00, 0x00, 0x00,
  0x00, 0x00, 0x00, 0x00, 0x00, 0x00, 0x00, 0x00, 0x00, 0x00, 0x00, 0x00, 0x00, 0x00, 0x00, 0x00,
  0x00, 0x00, 0x00, 0x00, 0xff, 0xbf, 0x7f, 0x04, 0x00, 0x00, 0x00, 0x00, 0x00, 0x00, 0x00, 0x00,
  0xff, 0xad, 0x86, 0x35, 0xff, 0xad, 0x87, 0x99, 0xff, 0xae, 0x86, 0xeb, 0xff, 0xb4, 0x8c, 0xff,
  0xff, 0xae, 0x88, 0xff, 0xff, 0xad, 0x88, 0xfd, 0xff, 0xad, 0x88, 0xfe, 0xff, 0xab, 0x88, 0xfe,
  0xff, 0xac, 0x88, 0xff, 0xff, 0xac, 0x88, 0xff, 0xff, 0xaa, 0x88, 0xfe, 0xff, 0xaa, 0x88, 0xfe,
  0xff, 0xaa, 0x88, 0xff, 0xff, 0xa9, 0x88, 0xff, 0xff, 0xa8, 0x88, 0xfe, 0xff, 0xa8, 0x88, 0xfe,
  0xff, 0xa8, 0x88, 0xfe, 0xff, 0xa7, 0x88, 0xfe, 0xff, 0xa6, 0x88, 0xfe, 0xff, 0xa6, 0x88, 0xfe,
  0xff, 0xa5, 0x89, 0xfe, 0xff, 0xa5, 0x89, 0xff, 0xff, 0xa5, 0x89, 0xff, 0xff, 0xa4, 0x8a, 0xfb,
  0xff, 0xa9, 0x8d, 0xfe, 0xff, 0xa7, 0x8c, 0xff, 0xff, 0xa6, 0x8d, 0xda, 0xff, 0xa1, 0x89, 0x80,
  0xff, 0x93, 0x86, 0x13, 0x00, 0x00, 0x00, 0x00, 0x00, 0x00, 0x00, 0x00, 0xff, 0xff, 0x7f, 0x02,
  0xff, 0xaa, 0xaa, 0x03, 0xff, 0x7f, 0x7f, 0x02, 0xff, 0x00, 0x00, 0x01, 0xff, 0x00, 0x00, 0x01,
  0x00, 0x00, 0x00, 0x00, 0x00, 0x00, 0x00, 0x00, 0x00, 0x00, 0x00, 0x00, 0x00, 0x00, 0x00, 0x00,
  0xff, 0x00, 0x00, 0x01, 0xff, 0xff, 0xff, 0x01, 0xff, 0xaa, 0xaa, 0x03, 0xff, 0x55, 0x55, 0x03,
  0x00, 0x00, 0x00, 0x00, 0x00, 0x00, 0x00, 0x00, 0x00, 0x00, 0x00, 0x00, 0xff, 0x98, 0x8b, 0x52,
  0xff, 0x99, 0x8a, 0xbf, 0xff, 0x9b, 0x8d, 0xf5, 0xff, 0x9e, 0x90, 0xfb, 0xff, 0x98, 0x8c, 0xfe,
  0xff, 0x98, 0x8d, 0xfd, 0xff, 0x98, 0x8c, 0xff, 0xff, 0x96, 0x8c, 0xff, 0xff, 0x96, 0x8d, 0xff,
  0xff, 0x96, 0x8d, 0xff, 0xff, 0x95, 0x8c, 0xff, 0xff, 0x95, 0x8c, 0xff, 0xff, 0x94, 0x8c, 0xff,
  0xff, 0x94, 0x8c, 0xff, 0xff, 0x93, 0x8c, 0xff, 0xff, 0x93, 0x8d, 0xff, 0xff, 0x93, 0x8d, 0xff,
  0xff, 0x92, 0x8d, 0xff, 0xff, 0x91, 0x8d, 0xff, 0xff, 0x91, 0x8d, 0xff, 0xff, 0x91, 0x8e, 0xff,
  0xff, 0x90, 0x8d, 0xfe, 0xff, 0x90, 0x8e, 0xfe, 0xff, 0x90, 0x8e, 0xfb, 0xff, 0x95, 0x94, 0xff,
  0xff, 0x8d, 0x8e, 0xfd, 0xff, 0x8c, 0x8c, 0xb5, 0xff, 0x8d, 0x8a, 0x53, 0xff, 0x7f, 0x7f, 0x08,
  0x00, 0x00, 0x00, 0x00, 0xff, 0x7f, 0x7f, 0x02, 0xff, 0xff, 0xff, 0x01, 0x00, 0x00, 0x00, 0x00,
  0x00, 0x00, 0x00, 0x00, 0x00, 0x00, 0x00, 0x00, 0x00, 0x00, 0x00, 0x00, 0x00, 0x00, 0x00, 0x00,
  0x00, 0x00, 0x00, 0x00, 0x00, 0x00, 0x00, 0x00, 0xff, 0xaa, 0xaa, 0x03, 0x00, 0x00, 0x00, 0x00,
  0x00, 0x00, 0x00, 0x00, 0xff, 0xaa, 0x83, 0x21, 0xff, 0xad, 0x89, 0x77, 0xff, 0xac, 0x87, 0xe3,
  0xff, 0xb6, 0x90, 0xff, 0xff, 0xab, 0x88, 0xfe, 0xff, 0xab, 0x89, 0xfb, 0xff, 0xab, 0x88, 0xfe,
  0xff, 0xa9, 0x87, 0xfe, 0xff, 0xa9, 0x88, 0xff, 0xff, 0xa9, 0x89, 0xff, 0xff, 0xa9, 0x89, 0xfe,
  0xff, 0xa9, 0x89, 0xfe, 0xff, 0xa7, 0x89, 0xfe, 0xff, 0xa6, 0x88, 0xfe, 0xff, 0xa6, 0x88, 0xfe,
  0xff, 0xa6, 0x89, 0xff, 0xff, 0xa6, 0x89, 0xff, 0xff, 0xa5, 0x89, 0xfe, 0xff, 0xa5, 0x89, 0xfe,
  0xff, 0xa5, 0x89, 0xfe, 0xff, 0xa4, 0x89, 0xfe, 0xff, 0xa3, 0x89, 0xfe, 0xff, 0xa3, 0x8a, 0xfe,
  0xff, 0xa3, 0x8a, 0xfe, 0xff, 0xa2, 0x89, 0xfe, 0xff, 0xa0, 0x89, 0xfe, 0xff, 0xa8, 0x90, 0xff,
  0xff, 0xa2, 0x8a, 0xce, 0xff, 0x9c, 0x88, 0x4b, 0xff, 0xaa, 0x55, 0x03, 0x00, 0x00, 0x00, 0x00,
  0xff, 0x00, 0x00, 0x01, 0xff, 0x7f, 0x7f, 0x02, 0x00, 0x00, 0x00, 0x00, 0x00, 0x00, 0x00, 0x00,
  0x00, 0x00, 0x00, 0x00, 0x00, 0x00, 0x00, 0x00, 0x00, 0x00, 0x00, 0x00, 0x00, 0x00, 0x00, 0x00,
  0x00, 0x00, 0x00, 0x00, 0x00, 0x00, 0x00, 0x00, 0x00, 0x00, 0x00, 0x00, 0xff, 0x7f, 0x7f, 0x02,
  0xff, 0x00, 0x00, 0x01, 0xff, 0xff, 0x00, 0x01, 0x00, 0x00, 0x00, 0x00, 0xff, 0x90, 0x90, 0x25,
  0xff, 0x97, 0x8e, 0x9e, 0xff, 0x98, 0x8d, 0xfe, 0xff, 0x9b, 0x90, 0xff, 0xff, 0x97, 0x8c, 0xfb,
  0xff, 0x97, 0x8d, 0xff, 0xff, 0x96, 0x8d, 0xff, 0xff, 0x96, 0x8d, 0xff, 0xff, 0x95, 0x8d, 0xff,
  0xff, 0x95, 0x8e, 0xff, 0xff, 0x94, 0x8e, 0xff, 0xff, 0x93, 0x8c, 0xff, 0xff, 0x93, 0x8c, 0xff,
  0xff, 0x93, 0x8d, 0xff, 0xff, 0x93, 0x8d, 0xff, 0xff, 0x92, 0x8d, 0xff, 0xff, 0x91, 0x8e, 0xff,
  0xff, 0x91, 0x8e, 0xff, 0xff, 0x91, 0x8d, 0xff, 0xff, 0x90, 0x8e, 0xff, 0xff, 0x8f, 0x8e, 0xff,
  0xff, 0x8f, 0x8e, 0xff, 0xff, 0x8e, 0x8e, 0xff, 0xff, 0x8e, 0x8f, 0xff, 0xff, 0x8d, 0x8e, 0xfa,
  0xff, 0x95, 0x97, 0xff, 0xff, 0x8b, 0x8e, 0xfd, 0xff, 0x8a, 0x8e, 0x95, 0xff, 0x8a, 0x90, 0x2e,
  0xff, 0x7f, 0x7f, 0x02, 0x00, 0x00, 0x00, 0x00, 0xff, 0xff, 0xff, 0x01, 0xff, 0x00, 0x00, 0x01,
  0x00, 0x00, 0x00, 0x00, 0x00, 0x00, 0x00, 0x00, 0x00, 0x00, 0x00, 0x00, 0x00, 0x00, 0x00, 0x00,
  0x00, 0x00, 0x00, 0x00, 0x00, 0x00, 0x00, 0x00, 0x00, 0x00, 0x00, 0x00, 0xff, 0x7f, 0x7f, 0x02,
  0x00, 0x01, 0x01, 0x00, 0xff, 0x7f, 0x7f, 0x02, 0xff, 0xb2, 0x7f, 0x0a, 0xff, 0xad, 0x88, 0x45,
  0xff, 0xaa, 0x88, 0xda, 0xff, 0xbc, 0x98, 0xff, 0xff, 0xaa, 0x89, 0xff, 0xff, 0xa9, 0x88, 0xfa,
  0xff, 0xa9, 0x88, 0xfe, 0xff, 0xa8, 0x87, 0xfe, 0xff, 0xa8, 0x88, 0xfe, 0xff, 0xa7, 0x89, 0xfe,
  0xff, 0xa6, 0x89, 0xfe, 0xff, 0xa6, 0x89, 0xfe, 0xff, 0xa6, 0x8a, 0xff, 0xff, 0xa5, 0x89, 0xff,
  0xff, 0xa4, 0x89, 0xfe, 0xff, 0xa3, 0x89, 0xfe, 0xff, 0xa3, 0x89, 0xfe, 0xff, 0xa3, 0x89, 0xfe,
  0xff, 0xa3, 0x8a, 0xfe, 0xff, 0xa3, 0x8a, 0xfe, 0xff, 0xa3, 0x8a, 0xff, 0xff, 0xa2, 0x8a, 0xfe,
  0xff, 0xa1, 0x8a, 0xfe, 0xff, 0xa2, 0x8b, 0xff, 0xff, 0xa0, 0x8a, 0xff, 0xff, 0x9f, 0x8a, 0xfd,
  0xff, 0xa6, 0x8f, 0xff, 0xff, 0xa2, 0x8b, 0xf8, 0xff, 0x9f, 0x89, 0xbd, 0xff, 0x9a, 0x87, 0x75,
  0xff, 0x9b, 0x90, 0x2e, 0x00, 0x00, 0x00, 0x00, 0x00, 0x00, 0x00, 0x00, 0x00, 0x00, 0x00, 0x00,
  0xff, 0x00, 0x00, 0x01, 0xff, 0x7f, 0x7f, 0x02, 0xff, 0xaa, 0x7f, 0x06, 0xff, 0x7f, 0x7f, 0x08,
  0xff, 0x7f, 0x7f, 0x08, 0xff, 0x99, 0x99, 0x05, 0xff, 0x00, 0x7f, 0x02, 0x00, 0x00, 0x00, 0x00,
  0x00, 0x00, 0x00, 0x00, 0x00, 0x00, 0x00, 0x00, 0xff, 0x90, 0x90, 0x17, 0xff, 0x94, 0x8c, 0x59,
  0xff, 0x96, 0x8c, 0xa3, 0xff, 0x97, 0x8f, 0xe6, 0xff, 0x9b, 0x91, 0xff, 0xff, 0x97, 0x8f, 0xff,
  0xff, 0x94, 0x8b, 0xfd, 0xff, 0x95, 0x8c, 0xff, 0xff, 0x94, 0x8d, 0xff, 0xff, 0x94, 0x8e, 0xff,
  0xff, 0x93, 0x8d, 0xff, 0xff, 0x93, 0x8d, 0xff, 0xff, 0x92, 0x8e, 0xff, 0xff, 0x90, 0x8d, 0xff,
  0xff, 0x90, 0x8d, 0xff, 0xff, 0x91, 0x8e, 0xff, 0xff, 0x91, 0x8e, 0xff, 0xff, 0x90, 0x8e, 0xff,
  0xff, 0x8f, 0x8e, 0xff, 0xff, 0x8f, 0x8d, 0xff, 0xff, 0x8e, 0x8d, 0xff, 0xff, 0x8e, 0x8e, 0xff,
  0xff, 0x8d, 0x8e, 0xff, 0xff, 0x8c, 0x8e, 0xff, 0xff, 0x8c, 0x8f, 0xff, 0xff, 0x8c, 0x8f, 0xfe,
  0xff, 0x8c, 0x8e, 0xf8, 0xff, 0x97, 0x9a, 0xff, 0xff, 0x8c, 0x90, 0xff, 0xff, 0x89, 0x8f, 0x7e,
  0xff, 0x6d, 0x91, 0x0e, 0x00, 0x00, 0x00, 0x00, 0xff, 0x00, 0x00, 0x01, 0xff, 0x00, 0x00, 0x01,
  0x00, 0x00, 0x00, 0x00, 0x00, 0x00, 0x00, 0x00, 0x00, 0x00, 0x00, 0x00, 0x00, 0x00, 0x00, 0x00,
  0x00, 0x00, 0x00, 0x00, 0x00, 0x00, 0x00, 0x00, 0x00, 0x00, 0x00, 0x00, 0x00, 0x00, 0x00, 0x00,
  0xff, 0x00, 0x00, 0x01, 0xff, 0xff, 0xff, 0x01, 0xff, 0xaa, 0xaa, 0x03, 0x00, 0x00, 0x00, 0x00,
  0xff, 0xac, 0x8b, 0x1f, 0xff, 0xa8, 0x89, 0xc5, 0xff, 0xb7, 0x95, 0xfe, 0xff, 0xa8, 0x89, 0xff,
  0xff, 0xa7, 0x89, 0xfb, 0xff, 0xa6, 0x88, 0xfe, 0xff, 0xa6, 0x88, 0xfe, 0xff, 0xa6, 0x89, 0xfe,
  0xff, 0xa5, 0x89, 0xfe, 0xff, 0xa5, 0x89, 0xfe, 0xff, 0xa5, 0x89, 0xfe, 0xff, 0xa5, 0x8a, 0xff,
  0xff, 0xa3, 0x8a, 0xff, 0xff, 0xa2, 0x89, 0xfe, 0xff, 0xa2, 0x89, 0xfe, 0xff, 0xa2, 0x89, 0xfe,
  0xff, 0xa1, 0x89, 0xfe, 0xff, 0xa1, 0x8a, 0xfe, 0xff, 0xa1, 0x8a, 0xfe, 0xff, 0xa1, 0x8a, 0xff,
  0xff, 0xa0, 0x8a, 0xfe, 0xff, 0xa0, 0x8a, 0xfe, 0xff, 0x9f, 0x8b, 0xff, 0xff, 0x9f, 0x8b, 0xff,
  0xff, 0x9f, 0x8a, 0xfe, 0xff, 0x9e, 0x8a, 0xfa, 0xff, 0xa1, 0x8d, 0xff, 0xff, 0xa3, 0x8f, 0xff,
  0xff, 0x9c, 0x8b, 0xdf, 0xff, 0x9b, 0x8d, 0x8d, 0xff, 0x9a, 0x8b, 0x42, 0xff, 0x9c, 0x8b, 0x1f,
  0xff, 0xa2, 0x8b, 0x0b, 0xff, 0xbf, 0x7f, 0x04, 0x00, 0x00, 0x00, 0x00, 0x00, 0x00, 0x00, 0x00,
  0x00, 0x00, 0x00, 0x00, 0x00, 0x00, 0x00, 0x00, 0x00, 0x00, 0x00, 0x00, 0x00, 0x00, 0x00, 0x00,
  0xff, 0x89, 0x75, 0x0d, 0xff, 0x96, 0x8b, 0x16, 0xff, 0x97, 0x90, 0x25, 0xff, 0x93, 0x8e, 0x6b,
  0xff, 0x96, 0x8e, 0xc1, 0xff, 0x96, 0x8e, 0xff, 0xff, 0x9a, 0x92, 0xff, 0xff, 0x93, 0x8c, 0xfa,
  0xff, 0x93, 0x8c, 0xfe, 0xff, 0x93, 0x8d, 0xff, 0xff, 0x92, 0x8c, 0xff, 0xff, 0x92, 0x8d, 0xff,
  0xff, 0x92, 0x8e, 0xff, 0xff, 0x91, 0x8d, 0xff, 0xff, 0x91, 0x8d, 0xff, 0xff, 0x90, 0x8e, 0xff,
  0xff, 0x8e, 0x8d, 0xff, 0xff, 0x8e, 0x8d, 0xff, 0xff, 0x8f, 0x8e, 0xff, 0xff, 0x8e, 0x8e, 0xff,
  0xff, 0x8d, 0x8e, 0xff, 0xff, 0x8d, 0x8e, 0xff, 0xff, 0x8d, 0x8d, 0xff, 0xff, 0x8d, 0x8d, 0xff,
  0xff, 0x8b, 0x8e, 0xff, 0xff, 0x8c, 0x8e, 0xff, 0xff, 0x8a, 0x8e, 0xff, 0xff, 0x8a, 0x8f, 0xff,
  0xff, 0x8a, 0x8f, 0xfe, 0xff, 0x8a, 0x8e, 0xf9, 0xff, 0x94, 0x99, 0xff, 0xff, 0x8a, 0x8f, 0xf5,
  0xff, 0x88, 0x8f, 0x67, 0x00, 0x00, 0x00, 0x00, 0x00, 0x00, 0x00, 0x00, 0xff, 0xaa, 0xaa, 0x03,
  0xff, 0x00, 0x00, 0x01, 0x00, 0x00, 0x00, 0x00, 0x00, 0x00, 0x00, 0x00, 0x00, 0x00, 0x00, 0x00,
  0x00, 0x00, 0x00, 0x00, 0x00, 0x00, 0x00, 0x00, 0x00, 0x00, 0x00, 0x00, 0x00, 0x00, 0x00, 0x00,
  0x00, 0x00, 0x00, 0x00, 0x00, 0x00, 0x00, 0x00, 0xff, 0x7f, 0x7f, 0x02, 0xff, 0xaa, 0xaa, 0x03,
  0x00, 0x00, 0x00, 0x00, 0xff, 0xaa, 0x7f, 0x12, 0xff, 0xa7, 0x88, 0x9b, 0xff, 0xa8, 0x8b, 0xf0,
  0xff, 0xa5, 0x89, 0xfe, 0xff, 0xa6, 0x8a, 0xfe, 0xff, 0xa4, 0x89, 0xfc, 0xff, 0xa4, 0x89, 0xfe,
  0xff, 0xa4, 0x8a, 0xff, 0xff, 0xa3, 0x8a, 0xff, 0xff, 0xa3, 0x89, 0xfe, 0xff, 0xa3, 0x89, 0xfe,
  0xff, 0xa2, 0x8a, 0xff, 0xff, 0xa1, 0x89, 0xfe, 0xff, 0xa0, 0x89, 0xfe, 0xff, 0xa1, 0x8a, 0xff,
  0xff, 0xa1, 0x8a, 0xff, 0xff, 0x9f, 0x8a, 0xfe, 0xff, 0x9e, 0x8a, 0xfe, 0xff, 0x9f, 0x8a, 0xfe,
  0xff, 0x9f, 0x8a, 0xfe, 0xff, 0x9e, 0x8b, 0xff, 0xff, 0x9e, 0x8b, 0xff, 0xff, 0x9c, 0x8a, 0xfe,
  0xff, 0x9d, 0x8a, 0xfe, 0xff, 0x9c, 0x8b, 0xfe, 0xff, 0x9b, 0x8b, 0xfe, 0xff, 0x9d, 0x8d, 0xff,
  0xff, 0x9f, 0x8f, 0xff, 0xff, 0x9b, 0x8d, 0xff, 0xff, 0x9a, 0x8b, 0xf1, 0xff, 0x99, 0x8b, 0xdc,
  0xff, 0x99, 0x89, 0xa3, 0xff, 0x99, 0x8f, 0x50, 0xff, 0x95, 0x8f, 0x29, 0xff, 0xa5, 0x8c, 0x14,
  0x00, 0x00, 0x00, 0x00, 0x00, 0x00, 0x00, 0x00, 0x00, 0x00, 0x00, 0x00, 0x00, 0x00, 0x00, 0x00,
  0xff, 0xa3, 0x84, 0x19, 0xff, 0x93, 0x89, 0x4c, 0xff, 0x94, 0x8d, 0x7c, 0xff, 0x93, 0x8d, 0xab,
  0xff, 0x93, 0x8d, 0xe1, 0xff, 0x95, 0x8f, 0xfa, 0xff, 0x95, 0x8f, 0xff, 0xff, 0x94, 0x8e, 0xff,
  0xff, 0x92, 0x8d, 0xfe, 0xff, 0x91, 0x8d, 0xff, 0xff, 0x91, 0x8d, 0xff, 0xff, 0x90, 0x8d, 0xff,
  0xff, 0x8f, 0x8e, 0xff, 0xff, 0x8f, 0x8e, 0xff, 0xff, 0x8f, 0x8e, 0xff, 0xff, 0x8f, 0x8f, 0xff,
  0xff, 0x8e, 0x8f, 0xff, 0xff, 0x8d, 0x8e, 0xff, 0xff, 0x8d, 0x8e, 0xff, 0xff, 0x8e, 0x8e, 0xff,
  0xff, 0x8d, 0x8e, 0xff, 0xff, 0x8c, 0x8e, 0xff, 0xff, 0x8b, 0x8f, 0xff, 0xff, 0x8c, 0x8f, 0xff,
  0xff, 0x8b, 0x8f, 0xff, 0xff, 0x8a, 0x90, 0xff, 0xff, 0x8a, 0x90, 0xff, 0xff, 0x89, 0x90, 0xff,
  0xff, 0x89, 0x8f, 0xfd, 0xff, 0x88, 0x90, 0xff, 0xff, 0x86, 0x8f, 0xfe, 0xff, 0x89, 0x92, 0xfa,
  0xff, 0x87, 0x8f, 0xca, 0xff, 0x87, 0x8e, 0x44, 0x00, 0x00, 0x00, 0x00, 0x00, 0x00, 0x00, 0x00,
  0xff, 0x99, 0x99, 0x05, 0x00, 0x00, 0x00, 0x00, 0x00, 0x00, 0x00, 0x00, 0x00, 0x00, 0x00, 0x00,
  0x00, 0x00, 0x00, 0x00, 0x00, 0x00, 0x00, 0x00, 0x00, 0x00, 0x00, 0x00, 0x00, 0x00, 0x00, 0x00,
  0x00, 0x00, 0x00, 0x00, 0x00, 0x00, 0x00, 0x00, 0x00, 0x00, 0x00, 0x00, 0xff, 0x7f, 0x7f, 0x02,
  0xff, 0xaa, 0xaa, 0x03, 0x00, 0x00, 0x00, 0x00, 0xff, 0xaa, 0x7f, 0x0c, 0xff, 0xa6, 0x87, 0x71,
  0xff, 0xa2, 0x85, 0xd4, 0xff, 0xa5, 0x89, 0xfd, 0xff, 0xa9, 0x8d, 0xff, 0xff, 0xa3, 0x89, 0xfc,
  0xff, 0xa2, 0x8a, 0xfe, 0xff, 0xa1, 0x8a, 0xff, 0xff, 0xa2, 0x8a, 0xff, 0xff, 0xa1, 0x89, 0xfe,
  0xff, 0xa1, 0x89, 0xfe, 0xff, 0xa0, 0x8a, 0xff, 0xff, 0xa0, 0x8a, 0xfe, 0xff, 0xa0, 0x8a, 0xff,
  0xff, 0xa0, 0x8a, 0xff, 0xff, 0xa0, 0x8a, 0xff, 0xff, 0x9e, 0x8a, 0xfe, 0xff, 0x9d, 0x8a, 0xfe,
  0xff, 0x9c, 0x8a, 0xfe, 0xff, 0x9c, 0x8b, 0xfe, 0xff, 0x9c, 0x8c, 0xff, 0xff, 0x9d, 0x8c, 0xff,
  0xff, 0x9b, 0x8a, 0xfe, 0xff, 0x9b, 0x8a, 0xfe, 0xff, 0x9b, 0x8c, 0xfe, 0xff, 0x9a, 0x8c, 0xff,
  0xff, 0x99, 0x8c, 0xfd, 0xff, 0x9a, 0x8c, 0xfa, 0xff, 0x9a, 0x8e, 0xff, 0xff, 0xa2, 0x94, 0xff,
  0xff, 0xa5, 0x96, 0xff, 0xff, 0x97, 0x8b, 0xf1, 0xff, 0x96, 0x8c, 0xb9, 0xff, 0x95, 0x8d, 0x9d,
  0xff, 0x97, 0x8c, 0x8f, 0xff, 0x94, 0x8e, 0x7a, 0xff, 0x94, 0x8d, 0x75, 0xff, 0x94, 0x8d, 0x75,
  0xff, 0x95, 0x8d, 0x7e, 0xff, 0x96, 0x8d, 0x92, 0xff, 0x94, 0x8c, 0xb6, 0xff, 0x93, 0x8e, 0xd7,
  0xff, 0x92, 0x8e, 0xf6, 0xff, 0x9a, 0x95, 0xff, 0xff, 0x98, 0x93, 0xff, 0xff, 0x91, 0x8c, 0xfc,
  0xff, 0x91, 0x8d, 0xfb, 0xff, 0x91, 0x8e, 0xff, 0xff, 0x90, 0x8d, 0xff, 0xff, 0x90, 0x8d, 0xff,
  0xff, 0x8f, 0x8e, 0xff, 0xff, 0x8e, 0x8f, 0xff, 0xff, 0x8e, 0x8e, 0xff, 0xff, 0x8d, 0x8e, 0xff,
  0xff, 0x8d, 0x8f, 0xff, 0xff, 0x8d, 0x8f, 0xff, 0xff, 0x8c, 0x8e, 0xff, 0xff, 0x8c, 0x8e, 0xff,
  0xff, 0x8b, 0x8e, 0xff, 0xff, 0x8b, 0x8e, 0xff, 0xff, 0x8b, 0x8e, 0xff, 0xff, 0x8a, 0x90, 0xff,
  0xff, 0x89, 0x90, 0xff, 0xff, 0x89, 0x8f, 0xff, 0xff, 0x89, 0x90, 0xff, 0xff, 0x89, 0x90, 0xff,
  0xff, 0x88, 0x90, 0xff, 0xff, 0x86, 0x8f, 0xfc, 0xff, 0x88, 0x91, 0xff, 0xff, 0x8a, 0x94, 0xfe,
  0xff, 0x84, 0x8f, 0xe9, 0xff, 0x84, 0x90, 0x94, 0xff, 0x86, 0x93, 0x26, 0x00, 0x00, 0x00, 0x00,
  0x00, 0x00, 0x00, 0x00, 0xff, 0x7f, 0x7f, 0x04, 0x00, 0x00, 0x00, 0x00, 0x00, 0x00, 0x00, 0x00,
  0x00, 0x00, 0x00, 0x00, 0x00, 0x00, 0x00, 0x00, 0x00, 0x00, 0x00, 0x00, 0x00, 0x00, 0x00, 0x00,
  0x00, 0x00, 0x00, 0x00, 0x00, 0x00, 0x00, 0x00, 0x00, 0x00, 0x00, 0x00, 0x00, 0x00, 0x00, 0x00,
  0xff, 0xff, 0xff, 0x01, 0xff, 0x7f, 0x7f, 0x02, 0x00, 0x00, 0x00, 0x00, 0xff, 0xaa, 0x7f, 0x06,
  0xff, 0xa6, 0x87, 0x42, 0xff, 0xa3, 0x89, 0xa7, 0xff, 0xa3, 0x8a, 0xfe, 0xff, 0xac, 0x91, 0xff,
  0xff, 0xa2, 0x8a, 0xfb, 0xff, 0xa1, 0x8a, 0xfe, 0xff, 0xa0, 0x8a, 0xfe, 0xff, 0xa0, 0x8a, 0xfe,
  0xff, 0x9f, 0x8a, 0xfe, 0xff, 0x9f, 0x8a, 0xfe, 0xff, 0x9f, 0x8a, 0xfe, 0xff, 0x9f, 0x8b, 0xff,
  0xff, 0x9f, 0x8b, 0xff, 0xff, 0x9e, 0x8a, 0xfe, 0xff, 0x9e, 0x8a, 0xfe, 0xff, 0x9d, 0x8a, 0xfe,
  0xff, 0x9c, 0x8b, 0xfe, 0xff, 0x9b, 0x8b, 0xfe, 0xff, 0x9b, 0x8c, 0xfe, 0xff, 0x9b, 0x8c, 0xff,
  0xff, 0x9b, 0x8c, 0xff, 0xff, 0x9a, 0x8b, 0xfe, 0xff, 0x9a, 0x8b, 0xfe, 0xff, 0x9a, 0x8c, 0xfe,
  0xff, 0x99, 0x8c, 0xfe, 0xff, 0x98, 0x8c, 0xfe, 0xff, 0x97, 0x8c, 0xfe, 0xff, 0x96, 0x8b, 0xfe,
  0xff, 0x96, 0x8c, 0xfd, 0xff, 0x97, 0x8c, 0xfb, 0xff, 0x95, 0x8c, 0xfe, 0xff, 0x97, 0x8f, 0xff,
  0xff, 0x99, 0x90, 0xff, 0xff, 0x9a, 0x91, 0xff, 0xff, 0x9b, 0x93, 0xff, 0xff, 0x9a, 0x94, 0xff,
  0xff, 0x9a, 0x94, 0xff, 0xff, 0x99, 0x93, 0xff, 0xff, 0x98, 0x92, 0xff, 0xff, 0x96, 0x91, 0xff,
  0xff, 0x93, 0x90, 0xff, 0xff, 0x91, 0x8e, 0xfe, 0xff, 0x90, 0x8e, 0xfd, 0xff, 0x91, 0x8e, 0xfd,
  0xff, 0x91, 0x8e, 0xfe, 0xff, 0x90, 0x8e, 0xfe, 0xff, 0x8f, 0x8e, 0xff, 0xff, 0x8e, 0x8e, 0xff,
  0xff, 0x8e, 0x8e, 0xff, 0xff, 0x8d, 0x8e, 0xff, 0xff, 0x8d, 0x8f, 0xff, 0xff, 0x8d, 0x8f, 0xff,
  0xff, 0x8b, 0x8e, 0xff, 0xff, 0x8b, 0x8e, 0xff, 0xff, 0x8b, 0x8e, 0xff, 0xff, 0x8b, 0x8f, 0xff,
  0xff, 0x8a, 0x8f, 0xff, 0xff, 0x89, 0x8f, 0xff, 0xff, 0x89, 0x8f, 0xff, 0xff, 0x89, 0x8f, 0xff,
  0xff, 0x88, 0x90, 0xff, 0xff, 0x87, 0x90, 0xff, 0xff, 0x87, 0x8f, 0xff, 0xff, 0x87, 0x90, 0xff,
  0xff, 0x87, 0x90, 0xff, 0xff, 0x86, 0x90, 0xff, 0xff, 0x85, 0x90, 0xfb, 0xff, 0x88, 0x93, 0xff,
  0xff, 0x8c, 0x98, 0xff, 0xff, 0x83, 0x90, 0xc8, 0xff, 0x82, 0x91, 0x54, 0xff, 0x7f, 0x9f, 0x10,
  0xff, 0x00, 0x00, 0x01, 0x00, 0x00, 0x00, 0x00, 0xff, 0x7f, 0x7f, 0x02, 0x00, 0x00, 0x00, 0x00,
  0x00, 0x00, 0x00, 0x00, 0x00, 0x00, 0x00, 0x00, 0x00, 0x00, 0x00, 0x00, 0x00, 0x00, 0x00, 0x00,
  0x00, 0x00, 0x00, 0x00, 0x00, 0x00, 0x00, 0x00, 0x00, 0x00, 0x00, 0x00, 0x00, 0x00, 0x00, 0x00,
  0x00, 0x00, 0x00, 0x00, 0x00, 0x00, 0x00, 0x00, 0x00, 0x00, 0x00, 0x00, 0xff, 0x55, 0x55, 0x03,
  0xff, 0xff, 0x00, 0x01, 0xff, 0xa3, 0x91, 0x0e, 0xff, 0xa1, 0x8b, 0x73, 0xff, 0xa1, 0x8a, 0xfa,
  0xff, 0xab, 0x94, 0xff, 0xff, 0x9f, 0x8a, 0xf9, 0xff, 0x9f, 0x8a, 0xfe, 0xff, 0x9f, 0x8b, 0xfe,
  0xff, 0x9f, 0x8b, 0xff, 0xff, 0x9e, 0x8a, 0xfe, 0xff, 0x9e, 0x8a, 0xfe, 0xff, 0x9e, 0x8b, 0xfe,
  0xff, 0x9d, 0x8c, 0xfe, 0xff, 0x9c, 0x8c, 0xfe, 0xff, 0x9b, 0x8b, 0xfe, 0xff, 0x9b, 0x8b, 0xfe,
  0xff, 0x9a, 0x8b, 0xfe, 0xff, 0x9a, 0x8b, 0xfe, 0xff, 0x99, 0x8b, 0xfe, 0xff, 0x9a, 0x8c, 0xff,
  0xff, 0x9a, 0x8c, 0xfe, 0xff, 0x99, 0x8c, 0xfe, 0xff, 0x98, 0x8c, 0xff, 0xff, 0x98, 0x8c, 0xff,
  0xff, 0x97, 0x8c, 0xfe, 0xff, 0x97, 0x8d, 0xfe, 0xff, 0x97, 0x8d, 0xfe, 0xff, 0x95, 0x8c, 0xfe,
  0xff, 0x95, 0x8b, 0xfe, 0xff, 0x94, 0x8c, 0xfe, 0xff, 0x94, 0x8d, 0xfd, 0xff, 0x95, 0x8e, 0xff,
  0xff, 0x99, 0x92, 0xff, 0xff, 0x9b, 0x94, 0xff, 0xff, 0x9c, 0x95, 0xff, 0xff, 0x9c, 0x97, 0xff,
  0xff, 0x9b, 0x97, 0xff, 0xff, 0x9b, 0x97, 0xff, 0xff, 0x9a, 0x96, 0xff, 0xff, 0x98, 0x95, 0xff,
  0xff, 0x96, 0x94, 0xff, 0xff, 0x93, 0x91, 0xff, 0xff, 0x90, 0x8f, 0xff, 0xff, 0x8e, 0x8e, 0xfd,
  0xff, 0x8e, 0x8e, 0xfd, 0xff, 0x8d, 0x8e, 0xfe, 0xff, 0x8d, 0x8e, 0xff, 0xff, 0x8d, 0x8e, 0xff,
  0xff, 0x8c, 0x8f, 0xff, 0xff, 0x8c, 0x8f, 0xff, 0xff, 0x8b, 0x8f, 0xff, 0xff, 0x8a, 0x8f, 0xff,
  0xff, 0x8a, 0x8f, 0xff, 0xff, 0x89, 0x8f, 0xff, 0xff, 0x88, 0x8f, 0xff, 0xff, 0x88, 0x8f, 0xff,
  0xff, 0x89, 0x90, 0xff, 0xff, 0x89, 0x90, 0xff, 0xff, 0x88, 0x90, 0xff, 0xff, 0x88, 0x90, 0xff,
  0xff, 0x88, 0x90, 0xff, 0xff, 0x86, 0x90, 0xff, 0xff, 0x86, 0x90, 0xff, 0xff, 0x85, 0x90, 0xff,
  0xff, 0x85, 0x90, 0xff, 0xff, 0x84, 0x90, 0xff, 0xff, 0x84, 0x90, 0xff, 0xff, 0x82, 0x8f, 0xfc,
  0xff, 0x86, 0x93, 0xff, 0xff, 0x86, 0x95, 0xff, 0xff, 0x82, 0x91, 0x9c, 0xff, 0x7f, 0x8d, 0x12,
  0xff, 0x7f, 0xff, 0x02, 0xff, 0x66, 0x99, 0x05, 0x00, 0x00, 0x00, 0x00, 0x00, 0x00, 0x00, 0x00,
  0x00, 0x00, 0x00, 0x00, 0x00, 0x00, 0x00, 0x00, 0x00, 0x00, 0x00, 0x00, 0x00, 0x00, 0x00, 0x00,
  0x00, 0x00, 0x00, 0x00, 0x00, 0x00, 0x00, 0x00, 0x00, 0x00, 0x00, 0x00, 0x00, 0x00, 0x00, 0x00,
  0x00, 0x00, 0x00, 0x00, 0x00, 0x00, 0x00, 0x00, 0x00, 0x00, 0x00, 0x00, 0x00, 0x00, 0x00, 0x00,
  0xff, 0x7f, 0x7f, 0x04, 0x00, 0x00, 0x00, 0x00, 0x00, 0x00, 0x00, 0x00, 0xff, 0x9c, 0x8e, 0x46,
  0xff, 0x9d, 0x8a, 0xd3, 0xff, 0xa4, 0x90, 0xf9, 0xff, 0xa0, 0x8c, 0xfa, 0xff, 0x9f, 0x8c, 0xfe,
  0xff, 0x9e, 0x8c, 0xfd, 0xff, 0x9d, 0x8b, 0xff, 0xff, 0x9c, 0x8a, 0xfe, 0xff, 0x9c, 0x8a, 0xfe,
  0xff, 0x9c, 0x8b, 0xfe, 0xff, 0x9b, 0x8c, 0xfe, 0xff, 0x9a, 0x8c, 0xfe, 0xff, 0x99, 0x8b, 0xfe,
  0xff, 0x99, 0x8b, 0xfe, 0xff, 0x98, 0x8b, 0xfe, 0xff, 0x98, 0x8c, 0xfe, 0xff, 0x99, 0x8b, 0xfe,
  0xff, 0x98, 0x8c, 0xff, 0xff, 0x98, 0x8c, 0xfe, 0xff, 0x97, 0x8c, 0xfe, 0xff, 0x96, 0x8c, 0xff,
  0xff, 0x96, 0x8c, 0xff, 0xff, 0x95, 0x8c, 0xfe, 0xff, 0x95, 0x8d, 0xfe, 0xff, 0x95, 0x8d, 0xfe,
  0xff, 0x94, 0x8d, 0xfe, 0xff, 0x94, 0x8d, 0xfe, 0xff, 0x93, 0x8d, 0xff, 0xff, 0x92, 0x8d, 0xfe,
  0xff, 0x92, 0x8d, 0xfd, 0xff, 0x92, 0x8e, 0xf9, 0xff, 0x92, 0x8d, 0xf8, 0xff, 0x91, 0x8e, 0xf7,
  0xff, 0x90, 0x8e, 0xf6, 0xff, 0x90, 0x8e, 0xf6, 0xff, 0x8f, 0x8e, 0xf6, 0xff, 0x8f, 0x8e, 0xf6,
  0xff, 0x8f, 0x8e, 0xf7, 0xff, 0x8e, 0x8e, 0xf9, 0xff, 0x8e, 0x8e, 0xfb, 0xff, 0x8d, 0x8e, 0xfd,
  0xff, 0x8c, 0x8e, 0xfe, 0xff, 0x8c, 0x8f, 0xfe, 0xff, 0x8b, 0x8e, 0xff, 0xff, 0x8b, 0x8e, 0xff,
  0xff, 0x8b, 0x8f, 0xff, 0xff, 0x8a, 0x8f, 0xff, 0xff, 0x8a, 0x8f, 0xff, 0xff, 0x89, 0x8f, 0xff,
  0xff, 0x88, 0x8f, 0xff, 0xff, 0x88, 0x8f, 0xff, 0xff, 0x87, 0x8f, 0xff, 0xff, 0x86, 0x8f, 0xff,
  0xff, 0x86, 0x8f, 0xff, 0xff, 0x87, 0x90, 0xff, 0xff, 0x87, 0x90, 0xff, 0xff, 0x86, 0x90, 0xff,
  0xff, 0x86, 0x90, 0xff, 0xff, 0x86, 0x90, 0xff, 0xff, 0x84, 0x90, 0xff, 0xff, 0x84, 0x90, 0xff,
  0xff, 0x84, 0x90, 0xff, 0xff, 0x83, 0x90, 0xff, 0xff, 0x82, 0x90, 0xff, 0xff, 0x82, 0x90, 0xfe,
  0xff, 0x83, 0x92, 0xfd, 0xff, 0x83, 0x93, 0xfd, 0xff, 0x7e, 0x90, 0xe9, 0xff, 0x81, 0x91, 0x72,
  0x00, 0x00, 0x00, 0x00, 0x00, 0x00, 0x00, 0x00, 0xff, 0x6d, 0x91, 0x07, 0x00, 0x00, 0x00, 0x00,
  0x00, 0x00, 0x00, 0x00, 0x00, 0x00, 0x00, 0x00, 0x00, 0x00, 0x00, 0x00, 0x00, 0x00, 0x00, 0x00,
  0x00, 0x00, 0x00, 0x00, 0x00, 0x00, 0x00, 0x00, 0x00, 0x00, 0x00, 0x00, 0x00, 0x00, 0x00, 0x00,
  0x00, 0x00, 0x00, 0x00, 0x00, 0x00, 0x00, 0x00, 0x00, 0x00, 0x00, 0x00, 0x00, 0x00, 0x00, 0x00,
  0x00, 0x00, 0x00, 0x00, 0xff, 0xaa, 0xaa, 0x03, 0x00, 0x00, 0x00, 0x00, 0x00, 0x00, 0x00, 0x00,
  0xff, 0x96, 0x8e, 0x22, 0xff, 0x9a, 0x8b, 0x84, 0xff, 0x9e, 0x8b, 0xdd, 0xff, 0xa1, 0x8f, 0xfe,
  0xff, 0x9e, 0x8e, 0xff, 0xff, 0x9a, 0x8b, 0xfc, 0xff, 0x9b, 0x8c, 0xff, 0xff, 0x9a, 0x8b, 0xfe,
  0xff, 0x9a, 0x8b, 0xfe, 0xff, 0x9a, 0x8c, 0xfe, 0xff, 0x9a, 0x8c, 0xff, 0xff, 0x99, 0x8c, 0xff,
  0xff, 0x98, 0x8c, 0xfe, 0xff, 0x98, 0x8c, 0xfe, 0xff, 0x97, 0x8c, 0xfe, 0xff, 0x97, 0x8d, 0xfe,
  0xff, 0x97, 0x8d, 0xfe, 0xff, 0x96, 0x8c, 0xfe, 0xff, 0x95, 0x8c, 0xfe, 0xff, 0x94, 0x8c, 0xfe,
  0xff, 0x93, 0x8c, 0xfe, 0xff, 0x93, 0x8c, 0xfe, 0xff, 0x93, 0x8c, 0xfe, 0xff, 0x92, 0x8c, 0xfe,
  0xff, 0x92, 0x8c, 0xfe, 0xff, 0x92, 0x8e, 0xff, 0xff, 0x92, 0x8e, 0xff, 0xff, 0x91, 0x8e, 0xfe,
  0xff, 0x90, 0x8d, 0xfe, 0xff, 0x8f, 0x8d, 0xfe, 0xff, 0x8f, 0x8e, 0xfe, 0xff, 0x8f, 0x8e, 0xfe,
  0xff, 0x8f, 0x8e, 0xfe, 0xff, 0x8e, 0x8e, 0xfe, 0xff, 0x8e, 0x8e, 0xfe, 0xff, 0x8d, 0x8e, 0xfe,
  0xff, 0x8d, 0x8f, 0xfe, 0xff, 0x8d, 0x8f, 0xfe, 0xff, 0x8c, 0x8e, 0xfe, 0xff, 0x8b, 0x8e, 0xfe,
  0xff, 0x8b, 0x8f, 0xff, 0xff, 0x8b, 0x90, 0xff, 0xff, 0x8b, 0x90, 0xff, 0xff, 0x8a, 0x8f, 0xff,
  0xff, 0x89, 0x8f, 0xff, 0xff, 0x89, 0x90, 0xff, 0xff, 0x88, 0x90, 0xff, 0xff, 0x87, 0x90, 0xff,
  0xff, 0x87, 0x90, 0xff, 0xff, 0x87, 0x8f, 0xff, 0xff, 0x87, 0x8f, 0xff, 0xff, 0x86, 0x8f, 0xff,
  0xff, 0x85, 0x90, 0xff, 0xff, 0x85, 0x90, 0xff, 0xff, 0x85, 0x90, 0xff, 0xff, 0x84, 0x90, 0xff,
  0xff, 0x83, 0x90, 0xff, 0xff, 0x83, 0x90, 0xff, 0xff, 0x83, 0x90, 0xff, 0xff, 0x82, 0x90, 0xff,
  0xff, 0x82, 0x90, 0xff, 0xff, 0x82, 0x91, 0xff, 0xff, 0x81, 0x91, 0xff, 0xff, 0x80, 0x90, 0xfe,
  0xff, 0x80, 0x90, 0xfd, 0xff, 0x85, 0x96, 0xfe, 0xff, 0x80, 0x92, 0xf4, 0xff, 0x7f, 0x91, 0xaa,
  0xff, 0x7f, 0x8e, 0x46, 0x00, 0x00, 0x00, 0x00, 0x00, 0x00, 0x00, 0x00, 0xff, 0x7f, 0x7f, 0x04,
  0x00, 0x00, 0x00, 0x00, 0x00, 0x00, 0x00, 0x00, 0x00, 0x00, 0x00, 0x00, 0x00, 0x00, 0x00, 0x00,
  0x00, 0x00, 0x00, 0x00, 0x00, 0x00, 0x00, 0x00, 0x00, 0x00, 0x00, 0x00, 0x00, 0x00, 0x00, 0x00,
  0x00, 0x00, 0x00, 0x00, 0x00, 0x00, 0x00, 0x00, 0x00, 0x00, 0x00, 0x00, 0x00, 0x00, 0x00, 0x00,
  0x00, 0x00, 0x00, 0x00, 0x00, 0x00, 0x00, 0x00, 0xff, 0xff, 0xff, 0x01, 0x00, 0x00, 0x00, 0x00,
  0xff, 0x99, 0x66, 0x05, 0xff, 0x8d, 0x8d, 0x09, 0xff, 0x98, 0x89, 0x34, 0xff, 0x99, 0x8a, 0xba,
  0xff, 0xa3, 0x94, 0xff, 0xff, 0x9c, 0x8e, 0xfe, 0xff, 0x99, 0x8a, 0xfa, 0xff, 0x9a, 0x8c, 0xff,
  0xff, 0x99, 0x8d, 0xff, 0xff, 0x99, 0x8c, 0xfe, 0xff, 0x98, 0x8d, 0xfe, 0xff, 0x98, 0x8c, 0xff,
  0xff, 0x97, 0x8c, 0xff, 0xff, 0x96, 0x8d, 0xfe, 0xff, 0x96, 0x8d, 0xfe, 0xff, 0x95, 0x8c, 0xfe,
  0xff, 0x95, 0x8d, 0xfe, 0xff, 0x95, 0x8e, 0xfe, 0xff, 0x94, 0x8d, 0xfe, 0xff, 0x94, 0x8d, 0xff,
  0xff, 0x93, 0x8d, 0xff, 0xff, 0x92, 0x8c, 0xfe, 0xff, 0x91, 0x8c, 0xfe, 0xff, 0x91, 0x8d, 0xff,
  0xff, 0x91, 0x8d, 0xff, 0xff, 0x91, 0x8d, 0xff, 0xff, 0x90, 0x8e, 0xff, 0xff, 0x90, 0x8e, 0xff,
  0xff, 0x8f, 0x8e, 0xff, 0xff, 0x8f, 0x8e, 0xfe, 0xff, 0x8e, 0x8e, 0xfe, 0xff, 0x8d, 0x8e, 0xfe,
  0xff, 0x8e, 0x8f, 0xff, 0xff, 0x8e, 0x8f, 0xff, 0xff, 0x8d, 0x8e, 0xfe, 0xff, 0x8c, 0x8e, 0xfe,
  0xff, 0x8b, 0x8e, 0xfe, 0xff, 0x8b, 0x8f, 0xfe, 0xff, 0x8b, 0x8f, 0xfe, 0xff, 0x8a, 0x8f, 0xff,
  0xff, 0x8a, 0x8f, 0xfe, 0xff, 0x89, 0x90, 0xff, 0xff, 0x89, 0x90, 0xff, 0xff, 0x89, 0x90, 0xff,
  0xff, 0x88, 0x90, 0xff, 0xff, 0x87, 0x90, 0xff, 0xff, 0x87, 0x90, 0xff, 0xff, 0x86, 0x90, 0xff,
  0xff, 0x86, 0x90, 0xff, 0xff, 0x86, 0x90, 0xff, 0xff, 0x85, 0x8f, 0xff, 0xff, 0x85, 0x8f, 0xff,
  0xff, 0x84, 0x8f, 0xff, 0xff, 0x84, 0x90, 0xff, 0xff, 0x83, 0x90, 0xff, 0xff, 0x83, 0x90, 0xff,
  0xff, 0x83, 0x90, 0xff, 0xff, 0x82, 0x90, 0xff, 0xff, 0x82, 0x90, 0xff, 0xff, 0x82, 0x90, 0xff,
  0xff, 0x81, 0x90, 0xff, 0xff, 0x81, 0x91, 0xff, 0xff, 0x80, 0x92, 0xff, 0xff, 0x80, 0x91, 0xff,
  0xff, 0x7e, 0x90, 0xfe, 0xfd, 0x7e, 0x90, 0xfc, 0xff, 0x8a, 0x9d, 0xff, 0xfc, 0x7f, 0x90, 0xea,
  0xf1, 0x82, 0x8c, 0x62, 0xff, 0x7f, 0x8b, 0x16, 0xff, 0x7f, 0x7f, 0x02, 0xff, 0xff, 0xff, 0x01,
  0xff, 0xff, 0xff, 0x01, 0x00, 0x00, 0x00, 0x00, 0x00, 0x00, 0x00, 0x00, 0x00, 0x00, 0x00, 0x00,
  0x00, 0x00, 0x00, 0x00, 0x00, 0x00, 0x00, 0x00, 0x00, 0x00, 0x00, 0x00, 0x00, 0x00, 0x00, 0x00,
  0x00, 0x00, 0x00, 0x00, 0x00, 0x00, 0x00, 0x00, 0x00, 0x00, 0x00, 0x00, 0x00, 0x00, 0x00, 0x00,
  0x00, 0x00, 0x00, 0x00, 0x00, 0x00, 0x00, 0x00, 0x00, 0x00, 0x00, 0x00, 0x00, 0x00, 0x00, 0x00,
  0x00, 0x00, 0x00, 0x00, 0xff, 0x99, 0x66, 0x05, 0x00, 0x00, 0x00, 0x00, 0xff, 0xaa, 0x7f, 0x06,
  0xff, 0x99, 0x8c, 0x78, 0xff, 0x97, 0x8b, 0xe5, 0xff, 0x9b, 0x8f, 0xff, 0xff, 0x9b, 0x8e, 0xfe,
  0xff, 0x98, 0x8d, 0xfd, 0xff, 0x97, 0x8d, 0xff, 0xff, 0x98, 0x8d, 0xff, 0xff, 0x96, 0x8d, 0xfe,
  0xff, 0x95, 0x8c, 0xfe, 0xff, 0x95, 0x8c, 0xfe, 0xff, 0x94, 0x8d, 0xfe, 0xff, 0x93, 0x8d, 0xfe,
  0xff, 0x93, 0x8c, 0xfe, 0xff, 0x93, 0x8d, 0xfe, 0xff, 0x93, 0x8e, 0xfe, 0xff, 0x92, 0x8d, 0xfe,
  0xff, 0x92, 0x8d, 0xff, 0xff, 0x92, 0x8e, 0xff, 0xff, 0x91, 0x8d, 0xfe, 0xff, 0x90, 0x8d, 0xfe,
  0xff, 0x8f, 0x8e, 0xff, 0xff, 0x91, 0x8e, 0xff, 0xff, 0x91, 0x8e, 0xff, 0xff, 0x8e, 0x8e, 0xff,
  0xff, 0x8d, 0x8e, 0xff, 0xff, 0x8d, 0x8e, 0xff, 0xff, 0x8e, 0x8f, 0xff, 0xff, 0x8d, 0x8f, 0xff,
  0xff, 0x8c, 0x8e, 0xfe, 0xff, 0x8d, 0x8f, 0xff, 0xff, 0x8d, 0x8f, 0xff, 0xff, 0x8b, 0x8e, 0xfe,
  0xff, 0x89, 0x8e, 0xfe, 0xff, 0x89, 0x8e, 0xfe, 0xff, 0x88, 0x8f, 0xfe, 0xff, 0x89, 0x8f, 0xfe,
  0xff, 0x89, 0x90, 0xff, 0xff, 0x89, 0x90, 0xff, 0xff, 0x87, 0x90, 0xff, 0xff, 0x87, 0x90, 0xff,
  0xff, 0x87, 0x90, 0xff, 0xff, 0x86, 0x90, 0xff, 0xff, 0x85, 0x90, 0xff, 0xff, 0x85, 0x90, 0xff,
  0xff, 0x84, 0x90, 0xff, 0xff, 0x85, 0x90, 0xff, 0xff, 0x85, 0x90, 0xff, 0xff, 0x83, 0x90, 0xff,
  0xff, 0x83, 0x90, 0xff, 0xff, 0x83, 0x90, 0xff, 0xff, 0x83, 0x90, 0xff, 0xff, 0x82, 0x90, 0xff,
  0xff, 0x82, 0x90, 0xff, 0xff, 0x82, 0x90, 0xff, 0xff, 0x81, 0x91, 0xff, 0xff, 0x81, 0x91, 0xff,
  0xff, 0x81, 0x91, 0xff, 0xff, 0x80, 0x91, 0xff, 0xff, 0x80, 0x92, 0xff, 0xff, 0x7e, 0x92, 0xff,
  0xff, 0x7d, 0x91, 0xfd, 0xff, 0x7d, 0x92, 0xfe, 0xff, 0x7d, 0x93, 0xfe, 0xff, 0x85, 0x99, 0xfa,
  0xf5, 0x80, 0x8d, 0xc5, 0xd2, 0x85, 0x7f, 0x2e, 0x00, 0x00, 0x00, 0x00, 0x00, 0x00, 0x00, 0x00,
  0xff, 0x7f, 0x7f, 0x02, 0x00, 0x00, 0x00, 0x00, 0x00, 0x00, 0x00, 0x00, 0x00, 0x00, 0x00, 0x00,
  0x00, 0x00, 0x00, 0x00, 0x00, 0x00, 0x00, 0x00, 0x00, 0x00, 0x00, 0x00, 0x00, 0x00, 0x00, 0x00,
  0x00, 0x00, 0x00, 0x00, 0x00, 0x00, 0x00, 0x00, 0x00, 0x00, 0x00, 0x00, 0x00, 0x00, 0x00, 0x00,
  0x00, 0x00, 0x00, 0x00, 0x00, 0x00, 0x00, 0x00, 0x00, 0x00, 0x00, 0x00, 0x00, 0x00, 0x00, 0x00,
  0x00, 0x00, 0x00, 0x00, 0x00, 0x00, 0x00, 0x00, 0xff, 0xaa, 0x55, 0x03, 0x00, 0x00, 0x00, 0x00,
  0x00, 0x00, 0x00, 0x00, 0xff, 0x9d, 0x96, 0x22, 0xff, 0x96, 0x8d, 0x84, 0xff, 0x98, 0x8e, 0xf3,
  0xff, 0xa1, 0x98, 0xff, 0xff, 0x94, 0x8d, 0xfb, 0xff, 0x95, 0x8d, 0xfd, 0xff, 0x96, 0x8d, 0xff,
  0xff, 0x94, 0x8d, 0xfe, 0xff, 0x93, 0x8d, 0xfe, 0xff, 0x93, 0x8d, 0xfe, 0xff, 0x93, 0x8d, 0xfe,
  0xff, 0x91, 0x8d, 0xfe, 0xff, 0x91, 0x8d, 0xfe, 0xff, 0x91, 0x8d, 0xfe, 0xff, 0x91, 0x8d, 0xfe,
  0xff, 0x90, 0x8d, 0xfe, 0xff, 0x90, 0x8d, 0xfe, 0xff, 0x90, 0x8e, 0xff, 0xff, 0x90, 0x8f, 0xff,
  0xff, 0x8e, 0x8f, 0xff, 0xff, 0x8d, 0x8e, 0xfe, 0xff, 0x8e, 0x8e, 0xfe, 0xff, 0x8e, 0x8e, 0xfe,
  0xff, 0x8b, 0x8e, 0xfe, 0xff, 0x8b, 0x8e, 0xfe, 0xff, 0x8b, 0x8f, 0xfe, 0xff, 0x8c, 0x8f, 0xff,
  0xff, 0x8c, 0x8f, 0xff, 0xff, 0x8a, 0x90, 0xff, 0xff, 0x8b, 0x90, 0xff, 0xff, 0x8b, 0x90, 0xff,
  0xff, 0x89, 0x8f, 0xfe, 0xff, 0x87, 0x8f, 0xfe, 0xff, 0x87, 0x90, 0xff, 0xff, 0x87, 0x90, 0xfe,
  0xff, 0x87, 0x90, 0xfe, 0xff, 0x87, 0x90, 0xff, 0xff, 0x87, 0x90, 0xff, 0xff, 0x85, 0x90, 0xff,
  0xff, 0x86, 0x90, 0xff, 0xff, 0x86, 0x90, 0xff, 0xff, 0x84, 0x90, 0xff, 0xff, 0x83, 0x90, 0xff,
  0xff, 0x83, 0x90, 0xff, 0xff, 0x83, 0x90, 0xff, 0xff, 0x83, 0x90, 0xff, 0xff, 0x83, 0x90, 0xff,
  0xff, 0x82, 0x91, 0xff, 0xff, 0x81, 0x91, 0xff, 0xff, 0x81, 0x91, 0xff, 0xff, 0x82, 0x91, 0xff,
  0xff, 0x80, 0x91, 0xff, 0xff, 0x80, 0x91, 0xff, 0xff, 0x80, 0x91, 0xff, 0xff, 0x80, 0x92, 0xff,
  0xff, 0x7f, 0x92, 0xff, 0xff, 0x7f, 0x92, 0xff, 0xff, 0x7d, 0x92, 0xff, 0xff, 0x7e, 0x92, 0xff,
  0xff, 0x7d, 0x92, 0xff, 0xff, 0x7b, 0x91, 0xfb, 0xff, 0x7e, 0x96, 0xfe, 0xff, 0x7d, 0x96, 0xfe,
  0xfa, 0x7e, 0x90, 0xd5, 0xe8, 0x7f, 0x85, 0x7e, 0xcc, 0x8c, 0x72, 0x14, 0x00, 0x00, 0x00, 0x00,
  0x00, 0x00, 0x00, 0x00, 0xff, 0x7f, 0x7f, 0x02, 0x00, 0x00, 0x00, 0x00, 0x00, 0x00, 0x00, 0x00,
  0x00, 0x00, 0x00, 0x00, 0x00, 0x00, 0x00, 0x00, 0x00, 0x00, 0x00, 0x00, 0x00, 0x00, 0x00, 0x00,
  0x00, 0x00, 0x00, 0x00, 0x00, 0x00, 0x00, 0x00, 0x00, 0x00, 0x00, 0x00, 0x00, 0x00, 0x00, 0x00,
  0x00, 0x00, 0x00, 0x00, 0x00, 0x00, 0x00, 0x00, 0x00, 0x00, 0x00, 0x00, 0x00, 0x00, 0x00, 0x00,
  0x00, 0x00, 0x00, 0x00, 0x00, 0x00, 0x00, 0x00, 0x00, 0x00, 0x00, 0x00, 0xff, 0x00, 0x00, 0x01,
  0xff, 0x7f, 0x7f, 0x02, 0xff, 0xff, 0xff, 0x01, 0x00, 0x00, 0x00, 0x00, 0xff, 0x9b, 0x92, 0x36,
  0xff, 0x95, 0x8e, 0xc1, 0xff, 0x9d, 0x95, 0xf5, 0xff, 0x94, 0x8f, 0xfd, 0xff, 0x95, 0x8e, 0xfc,
  0xff, 0x93, 0x8d, 0xfd, 0xff, 0x92, 0x8d, 0xfe, 0xff, 0x92, 0x8d, 0xfe, 0xff, 0x91, 0x8d, 0xfe,
  0xff, 0x91, 0x8e, 0xfe, 0xff, 0x90, 0x8e, 0xfe, 0xff, 0x90, 0x8e, 0xff, 0xff, 0x90, 0x8d, 0xfe,
  0xff, 0x90, 0x8d, 0xfe, 0xff, 0x8e, 0x8d, 0xfe, 0xff, 0x8e, 0x8d, 0xfe, 0xff, 0x8e, 0x8e, 0xff,
  0xff, 0x8d, 0x8f, 0xff, 0xff, 0x8d, 0x8f, 0xff, 0xff, 0x8c, 0x8f, 0xfe, 0xff, 0x8c, 0x8e, 0xfe,
  0xff, 0x8c, 0x8e, 0xfe, 0xff, 0x8a, 0x8f, 0xfe, 0xff, 0x8b, 0x8f, 0xfe, 0xff, 0x8a, 0x8f, 0xfe,
  0xff, 0x8a, 0x8f, 0xff, 0xff, 0x89, 0x8f, 0xff, 0xff, 0x88, 0x90, 0xff, 0xff, 0x89, 0x90, 0xff,
  0xff, 0x89, 0x90, 0xff, 0xff, 0x86, 0x8f, 0xfe, 0xff, 0x86, 0x90, 0xfe, 0xff, 0x86, 0x90, 0xff,
  0xff, 0x86, 0x90, 0xfe, 0xff, 0x86, 0x90, 0xfe, 0xff, 0x85, 0x90, 0xfe, 0xff, 0x85, 0x90, 0xfe,
  0xff, 0x84, 0x90, 0xff, 0xff, 0x84, 0x90, 0xff, 0xff, 0x84, 0x90, 0xff, 0xff, 0x83, 0x90, 0xff,
  0xff, 0x83, 0x90, 0xff, 0xff, 0x82, 0x90, 0xff, 0xff, 0x81, 0x90, 0xff, 0xff, 0x81, 0x90, 0xff,
  0xff, 0x81, 0x90, 0xff, 0xff, 0x80, 0x91, 0xff, 0xff, 0x80, 0x91, 0xff, 0xff, 0x7f, 0x91, 0xff,
  0xff, 0x7f, 0x92, 0xff, 0xff, 0x7f, 0x92, 0xff, 0xff, 0x7d, 0x91, 0xff, 0xff, 0x7d, 0x91, 0xff,
  0xff, 0x7d, 0x92, 0xff, 0xff, 0x7d, 0x92, 0xff, 0xff, 0x7d, 0x92, 0xff, 0xff, 0x7c, 0x93, 0xff,
  0xff, 0x7c, 0x92, 0xff, 0xff, 0x7b, 0x92, 0xff, 0xff, 0x78, 0x92, 0xfb, 0xff, 0x80, 0x96, 0xff,
  0xf6, 0x7c, 0x8f, 0xfd, 0xeb, 0x7d, 0x85, 0xa6, 0xd0, 0x86, 0x78, 0x37, 0xdf, 0x7f, 0x7f, 0x08,
  0xff, 0x7f, 0x7f, 0x02, 0x00, 0x00, 0x00, 0x00, 0xff, 0xff, 0xff, 0x01, 0x00, 0x00, 0x00, 0x00,
  0x00, 0x00, 0x00, 0x00, 0x00, 0x00, 0x00, 0x00, 0x00, 0x00, 0x00, 0x00, 0x00, 0x00, 0x00, 0x00,
  0x00, 0x00, 0x00, 0x00, 0x00, 0x00, 0x00, 0x00, 0x00, 0x00, 0x00, 0x00, 0x00, 0x00, 0x00, 0x00,
  0x00, 0x00, 0x00, 0x00, 0x00, 0x00, 0x00, 0x00, 0x00, 0x00, 0x00, 0x00, 0x00, 0x00, 0x00, 0x00,
  0x00, 0x00, 0x00, 0x00, 0x00, 0x00, 0x00, 0x00, 0x00, 0x00, 0x00, 0x00, 0x00, 0x00, 0x00, 0x00,
  0x00, 0x00, 0x00, 0x00, 0xff, 0x7f, 0x7f, 0x02, 0x00, 0x00, 0x00, 0x00, 0xff, 0x00, 0x00, 0x01,
  0xff, 0x9b, 0x8d, 0x12, 0xff, 0x93, 0x8e, 0x6d, 0xff, 0x92, 0x8d, 0xcd, 0xff, 0x95, 0x90, 0xff,
  0xff, 0x95, 0x92, 0xff, 0xff, 0x91, 0x8d, 0xfa, 0xff, 0x91, 0x8d, 0xfe, 0xff, 0x90, 0x8d, 0xfe,
  0xff, 0x8f, 0x8d, 0xfe, 0xff, 0x8f, 0x8f, 0xfe, 0xff, 0x8f, 0x8f, 0xfe, 0xff, 0x8e, 0x8e, 0xff,
  0xff, 0x8e, 0x8e, 0xfe, 0xff, 0x8e, 0x8e, 0xfe, 0xff, 0x8d, 0x8e, 0xfe, 0xff, 0x8d, 0x8e, 0xfe,
  0xff, 0x8c, 0x8e, 0xfe, 0xff, 0x8b, 0x8e, 0xfe, 0xff, 0x8b, 0x8f, 0xfe, 0xff, 0x8b, 0x90, 0xff,
  0xff, 0x8a, 0x8f, 0xfe, 0xff, 0x8a, 0x8f, 0xfe, 0xff, 0x8a, 0x90, 0xff, 0xff, 0x8a, 0x90, 0xff,
  0xff, 0x89, 0x90, 0xfe, 0xff, 0x88, 0x8f, 0xfe, 0xff, 0x86, 0x8f, 0xfe, 0xff, 0x86, 0x8f, 0xfe,
  0xff, 0x87, 0x90, 0xff, 0xff, 0x87, 0x90, 0xff, 0xff, 0x85, 0x90, 0xfe, 0xff, 0x85, 0x90, 0xfe,
  0xff, 0x85, 0x90, 0xff, 0xff, 0x85, 0x90, 0xfe, 0xff, 0x84, 0x90, 0xfe, 0xff, 0x83, 0x90, 0xfe,
  0xff, 0x83, 0x90, 0xfe, 0xff, 0x83, 0x90, 0xff, 0xff, 0x82, 0x90, 0xff, 0xff, 0x82, 0x90, 0xff,
  0xff, 0x82, 0x91, 0xff, 0xff, 0x82, 0x91, 0xff, 0xff, 0x81, 0x91, 0xff, 0xff, 0x7f, 0x91, 0xff,
  0xff, 0x7f, 0x91, 0xff, 0xff, 0x7f, 0x91, 0xff, 0xff, 0x7e, 0x91, 0xff, 0xff, 0x7e, 0x91, 0xff,
  0xff, 0x7d, 0x92, 0xff, 0xff, 0x7d, 0x92, 0xff, 0xff, 0x7d, 0x92, 0xff, 0xff, 0x7b, 0x92, 0xff,
  0xff, 0x7b, 0x92, 0xff, 0xff, 0x7b, 0x92, 0xff, 0xff, 0x7b, 0x92, 0xff, 0xff, 0x7b, 0x92, 0xff,
  0xff, 0x7b, 0x93, 0xff, 0xff, 0x7a, 0x92, 0xfe, 0xff, 0x79, 0x93, 0xff, 0xff, 0x77, 0x96, 0xfd,
  0xfd, 0x7e, 0x91, 0xff, 0xe3, 0x80, 0x82, 0xe7, 0xd4, 0x86, 0x7b, 0x72, 0x73, 0xb9, 0x45, 0x0b,
  0x00, 0x00, 0x00, 0x00, 0xff, 0x7f, 0x7f, 0x02, 0x00, 0x00, 0x00, 0x00, 0x00, 0x00, 0x00, 0x00,
  0x00, 0x00, 0x00, 0x00, 0x00, 0x00, 0x00, 0x00, 0x00, 0x00, 0x00, 0x00, 0x00, 0x00, 0x00, 0x00,
  0x00, 0x00, 0x00, 0x00, 0x00, 0x00, 0x00, 0x00, 0x00, 0x00, 0x00, 0x00, 0x00, 0x00, 0x00, 0x00,
  0x00, 0x00, 0x00, 0x00, 0x00, 0x00, 0x00, 0x00, 0x00, 0x00, 0x00, 0x00, 0x00, 0x00, 0x00, 0x00,
  0x00, 0x00, 0x00, 0x00, 0x00, 0x00, 0x00, 0x00, 0x00, 0x00, 0x00, 0x00, 0x00, 0x00, 0x00, 0x00,
  0x00, 0x00, 0x00, 0x00, 0x00, 0x00, 0x00, 0x00, 0xff, 0x00, 0x00, 0x01, 0x00, 0x00, 0x00, 0x00,
  0xff, 0xaa, 0xaa, 0x03, 0xff, 0xff, 0x00, 0x01, 0xff, 0x89, 0x89, 0x1a, 0xff, 0x8f, 0x8d, 0x8b,
  0xff, 0x91, 0x8f, 0xf7, 0xff, 0x94, 0x93, 0xff, 0xff, 0x8f, 0x8e, 0xf7, 0xff, 0x8e, 0x8e, 0xfd,
  0xff, 0x8e, 0x8e, 0xfd, 0xff, 0x8e, 0x8d, 0xfe, 0xff, 0x8e, 0x8e, 0xfe, 0xff, 0x8d, 0x8e, 0xfe,
  0xff, 0x8c, 0x8e, 0xfe, 0xff, 0x8c, 0x8f, 0xfe, 0xff, 0x8c, 0x8f, 0xfe, 0xff, 0x8b, 0x8f, 0xfe,
  0xff, 0x8b, 0x8f, 0xfe, 0xff, 0x8b, 0x8f, 0xfe, 0xff, 0x8a, 0x8f, 0xfe, 0xff, 0x88, 0x8f, 0xfe,
  0xff, 0x88, 0x8f, 0xfe, 0xff, 0x88, 0x8f, 0xfe, 0xff, 0x88, 0x8f, 0xfe, 0xff, 0x88, 0x90, 0xff,
  0xff, 0x88, 0x91, 0xff, 0xff, 0x87, 0x91, 0xff, 0xff, 0x86, 0x90, 0xfe, 0xff, 0x84, 0x90, 0xfe,
  0xff, 0x84, 0x90, 0xfe, 0xff, 0x84, 0x91, 0xfe, 0xff, 0x84, 0x91, 0xfe, 0xff, 0x84, 0x91, 0xff,
  0xff, 0x84, 0x90, 0xff, 0xff, 0x83, 0x90, 0xfe, 0xff, 0x83, 0x91, 0xff, 0xff, 0x83, 0x92, 0xff,
  0xff, 0x82, 0x91, 0xff, 0xff, 0x82, 0x91, 0xff, 0xff, 0x81, 0x91, 0xff, 0xff, 0x80, 0x91, 0xff,
  0xff, 0x80, 0x91, 0xff, 0xff, 0x80, 0x91, 0xff, 0xff, 0x7f, 0x92, 0xff, 0xff, 0x7e, 0x92, 0xff,
  0xff, 0x7d, 0x92, 0xff, 0xff, 0x7d, 0x92, 0xff, 0xff, 0x7c, 0x92, 0xff, 0xff, 0x7c, 0x92, 0xff,
  0xff, 0x7c, 0x92, 0xff, 0xff, 0x7c, 0x93, 0xff, 0xff, 0x7c, 0x92, 0xff, 0xff, 0x7b, 0x92, 0xff,
  0xff, 0x7a, 0x93, 0xff, 0xff, 0x7a, 0x93, 0xff, 0xff, 0x7a, 0x93, 0xff, 0xff, 0x79, 0x92, 0xff,
  0xff, 0x78, 0x92, 0xff, 0xff, 0x78, 0x93, 0xff, 0xff, 0x79, 0x92, 0xfc, 0xfe, 0x79, 0x94, 0xff,
  0xff, 0x78, 0x9a, 0xfb, 0xf5, 0x7b, 0x8d, 0xf2, 0xd0, 0x89, 0x77, 0xb4, 0xb4, 0x95, 0x66, 0x41,
  0x00, 0x00, 0x00, 0x00, 0x00, 0x00, 0x00, 0x00, 0xff, 0x7f, 0x7f, 0x04, 0x00, 0x00, 0x00, 0x00,
  0x00, 0x00, 0x00, 0x00, 0x00, 0x00, 0x00, 0x00, 0x00, 0x00, 0x00, 0x00, 0x00, 0x00, 0x00, 0x00,
  0x00, 0x00, 0x00, 0x00, 0x00, 0x00, 0x00, 0x00, 0x00, 0x00, 0x00, 0x00, 0x00, 0x00, 0x00, 0x00,
  0x00, 0x00, 0x00, 0x00, 0x00, 0x00, 0x00, 0x00, 0x00, 0x00, 0x00, 0x00, 0x00, 0x00, 0x00, 0x00,
  0x00, 0x00, 0x00, 0x00, 0x00, 0x00, 0x00, 0x00, 0x00, 0x00, 0x00, 0x00, 0x00, 0x00, 0x00, 0x00,
  0x00, 0x00, 0x00, 0x00, 0x00, 0x00, 0x00, 0x00, 0x00, 0x00, 0x00, 0x00, 0x00, 0x00, 0x00, 0x00,
  0x00, 0x00, 0x00, 0x00, 0xff, 0x7f, 0x7f, 0x04, 0x00, 0x00, 0x00, 0x00, 0x00, 0x00, 0x00, 0x00,
  0xff, 0x91, 0x91, 0x3f, 0xff, 0x8d, 0x8f, 0xab, 0xff, 0x8e, 0x8e, 0xf5, 0xff, 0x93, 0x94, 0xff,
  0xff, 0x8d, 0x8f, 0xff, 0xff, 0x8c, 0x8e, 0xfc, 0xff, 0x8c, 0x8f, 0xfe, 0xff, 0x8c, 0x8e, 0xfe,
  0xff, 0x8b, 0x8e, 0xfe, 0xff, 0x8a, 0x8e, 0xfe, 0xff, 0x8a, 0x8f, 0xfe, 0xff, 0x8a, 0x8f, 0xfe,
  0xff, 0x89, 0x8f, 0xfe, 0xff, 0x89, 0x90, 0xfe, 0xff, 0x89, 0x90, 0xfe, 0xff, 0x88, 0x8f, 0xfe,
  0xff, 0x87, 0x8f, 0xfe, 0xff, 0x86, 0x8f, 0xfe, 0xff, 0x87, 0x8f, 0xfe, 0xff, 0x86, 0x8f, 0xfe,
  0xff, 0x86, 0x90, 0xff, 0xff, 0x86, 0x91, 0xff, 0xff, 0x85, 0x91, 0xff, 0xff, 0x84, 0x90, 0xfe,
  0xff, 0x84, 0x90, 0xfe, 0xff, 0x82, 0x90, 0xfe, 0xff, 0x82, 0x91, 0xfe, 0xff, 0x82, 0x91, 0xfe,
  0xff, 0x82, 0x91, 0xff, 0xff, 0x82, 0x90, 0xff, 0xff, 0x81, 0x90, 0xfe, 0xff, 0x81, 0x91, 0xff,
  0xff, 0x81, 0x92, 0xff, 0xff, 0x80, 0x92, 0xff, 0xff, 0x80, 0x91, 0xff, 0xff, 0x7f, 0x91, 0xff,
  0xff, 0x7e, 0x91, 0xff, 0xff, 0x7e, 0x91, 0xff, 0xff, 0x7e, 0x91, 0xff, 0xff, 0x7d, 0x92, 0xff,
  0xff, 0x7c, 0x92, 0xff, 0xff, 0x7b, 0x92, 0xff, 0xff, 0x7b, 0x92, 0xff, 0xff, 0x7a, 0x92, 0xff,
  0xff, 0x7a, 0x92, 0xff, 0xff, 0x7b, 0x92, 0xff, 0xff, 0x7a, 0x93, 0xff, 0xff, 0x7a, 0x92, 0xff,
  0xff, 0x79, 0x92, 0xff, 0xff, 0x78, 0x93, 0xff, 0xff, 0x78, 0x93, 0xff, 0xff, 0x78, 0x93, 0xff,
  0xff, 0x77, 0x93, 0xff, 0xff, 0x77, 0x92, 0xff, 0xff, 0x76, 0x93, 0xff, 0xff, 0x74, 0x94, 0xfc,
  0xff, 0x76, 0x94, 0xff, 0xfb, 0x83, 0x93, 0xff, 0xe0, 0x83, 0x81, 0xd8, 0xc3, 0x91, 0x6f, 0x62,
  0xa0, 0xa0, 0x55, 0x1b, 0xff, 0x55, 0xaa, 0x03, 0xff, 0xff, 0xff, 0x01, 0xaa, 0xaa, 0xaa, 0x03,
  0x00, 0x00, 0x00, 0x00, 0x00, 0x00, 0x00, 0x00, 0x00, 0x00, 0x00, 0x00, 0x00, 0x00, 0x00, 0x00,
  0x00, 0x00, 0x00, 0x00, 0x00, 0x00, 0x00, 0x00, 0x00, 0x00, 0x00, 0x00, 0x00, 0x00, 0x00, 0x00,
  0x00, 0x00, 0x00, 0x00, 0x00, 0x00, 0x00, 0x00, 0x00, 0x00, 0x00, 0x00, 0x00, 0x00, 0x00, 0x00,
  0x00, 0x00, 0x00, 0x00, 0x00, 0x00, 0x00, 0x00, 0x00, 0x00, 0x00, 0x00, 0x00, 0x00, 0x00, 0x00,
  0x00, 0x00, 0x00, 0x00, 0x00, 0x00, 0x00, 0x00, 0x00, 0x00, 0x00, 0x00, 0x00, 0x00, 0x00, 0x00,
  0x00, 0x00, 0x00, 0x00, 0x00, 0x00, 0x00, 0x00, 0xff, 0xff, 0xff, 0x01, 0x00, 0x00, 0x00, 0x00,
  0x00, 0x00, 0x00, 0x00, 0xff, 0x7f, 0x7f, 0x04, 0xff, 0x8f, 0x8f, 0x37, 0xff, 0x8c, 0x8e, 0xb7,
  0xff, 0x8e, 0x90, 0xff, 0xff, 0x8c, 0x8e, 0xfe, 0xff, 0x8b, 0x8f, 0xfc, 0xff, 0x8a, 0x90, 0xfe,
  0xff, 0x89, 0x90, 0xff, 0xff, 0x89, 0x90, 0xff, 0xff, 0x89, 0x90, 0xff, 0xff, 0x88, 0x8f, 0xfe,
  0xff, 0x87, 0x8f, 0xfe, 0xff, 0x87, 0x90, 0xff, 0xff, 0x87, 0x90, 0xff, 0xff, 0x87, 0x90, 0xff,
  0xff, 0x86, 0x90, 0xfe, 0xff, 0x86, 0x90, 0xfe, 0xff, 0x85, 0x90, 0xfe, 0xff, 0x85, 0x90, 0xfe,
  0xff, 0x85, 0x90, 0xfe, 0xff, 0x83, 0x90, 0xfe, 0xff, 0x83, 0x90, 0xfe, 0xff, 0x83, 0x91, 0xff,
  0xff, 0x82, 0x91, 0xff, 0xff, 0x82, 0x91, 0xff, 0xff, 0x81, 0x90, 0xfe, 0xff, 0x81, 0x91, 0xff,
  0xff, 0x81, 0x92, 0xff, 0xff, 0x80, 0x91, 0xfe, 0xff, 0x80, 0x91, 0xfe, 0xff, 0x7f, 0x91, 0xfe,
  0xff, 0x7e, 0x91, 0xfe, 0xff, 0x7e, 0x91, 0xfe, 0xff, 0x7e, 0x92, 0xff, 0xff, 0x7e, 0x92, 0xff,
  0xff, 0x7d, 0x92, 0xff, 0xff, 0x7b, 0x92, 0xff, 0xff, 0x7b, 0x92, 0xff, 0xff, 0x7c, 0x93, 0xff,
  0xff, 0x7c, 0x92, 0xff, 0xff, 0x7b, 0x92, 0xff, 0xff, 0x7a, 0x93, 0xff, 0xff, 0x79, 0x93, 0xff,
  0xff, 0x79, 0x92, 0xff, 0xff, 0x79, 0x93, 0xff, 0xff, 0x79, 0x93, 0xff, 0xff, 0x77, 0x93, 0xff,
  0xff, 0x77, 0x93, 0xff, 0xff, 0x77, 0x93, 0xff, 0xff, 0x76, 0x93, 0xff, 0xff, 0x76, 0x93, 0xff,
  0xff, 0x76, 0x94, 0xff, 0xff, 0x76, 0x94, 0xff, 0xff, 0x75, 0x94, 0xff, 0xff, 0x75, 0x93, 0xfe,
  0xff, 0x71, 0x94, 0xfe, 0xf9, 0x78, 0x8f, 0xff, 0xdc, 0x8c, 0x7e, 0xff, 0xc2, 0x93, 0x6e, 0xa8,
  0xb8, 0x9b, 0x71, 0x12, 0xff, 0xff, 0x00, 0x01, 0xcc, 0x99, 0x66, 0x05, 0xff, 0xff, 0xff, 0x01,
  0x00, 0x00, 0x00, 0x00, 0x00, 0x00, 0x00, 0x00, 0x00, 0x00, 0x00, 0x00, 0x00, 0x00, 0x00, 0x00,
  0x00, 0x00, 0x00, 0x00, 0x00, 0x00, 0x00, 0x00, 0x00, 0x00, 0x00, 0x00, 0x00, 0x00, 0x00, 0x00,
  0x00, 0x00, 0x00, 0x00, 0x00, 0x00, 0x00, 0x00, 0x00, 0x00, 0x00, 0x00, 0x00, 0x00, 0x00, 0x00,
  0x00, 0x00, 0x00, 0x00, 0x00, 0x00, 0x00, 0x00, 0x00, 0x00, 0x00, 0x00, 0x00, 0x00, 0x00, 0x00,
  0x00, 0x00, 0x00, 0x00, 0x00, 0x00, 0x00, 0x00, 0x00, 0x00, 0x00, 0x00, 0x00, 0x00, 0x00, 0x00,
  0x00, 0x00, 0x00, 0x00, 0x00, 0x00, 0x00, 0x00, 0x00, 0x00, 0x00, 0x00, 0x00, 0x00, 0x00, 0x00,
  0x00, 0x00, 0x00, 0x00, 0xff, 0x7f, 0x7f, 0x04, 0x00, 0x00, 0x00, 0x00, 0xff, 0x7f, 0x7f, 0x02,
  0xff, 0x8e, 0x91, 0x46, 0xff, 0x8a, 0x8f, 0xab, 0xff, 0x8a, 0x90, 0xfd, 0xff, 0x90, 0x96, 0xff,
  0xff, 0x89, 0x90, 0xf8, 0xff, 0x88, 0x90, 0xfb, 0xff, 0x88, 0x90, 0xfd, 0xff, 0x88, 0x90, 0xff,
  0xff, 0x87, 0x90, 0xfe, 0xff, 0x85, 0x8f, 0xfe, 0xff, 0x85, 0x90, 0xfe, 0xff, 0x85, 0x90, 0xfe,
  0xff, 0x85, 0x90, 0xfe, 0xff, 0x84, 0x91, 0xff, 0xff, 0x85, 0x91, 0xff, 0xff, 0x84, 0x91, 0xff,
  0xff, 0x83, 0x90, 0xfe, 0xff, 0x83, 0x90, 0xfe, 0xff, 0x82, 0x90, 0xfe, 0xff, 0x82, 0x90, 0xfe,
  0xff, 0x81, 0x91, 0xfe, 0xff, 0x80, 0x92, 0xff, 0xff, 0x80, 0x92, 0xff, 0xff, 0x80, 0x91, 0xfe,
  0xff, 0x80, 0x91, 0xff, 0xff, 0x80, 0x91, 0xff, 0xff, 0x7e, 0x91, 0xfe, 0xff, 0x7e, 0x92, 0xfe,
  0xff, 0x7d, 0x92, 0xfe, 0xff, 0x7c, 0x91, 0xfe, 0xff, 0x7c, 0x91, 0xfe, 0xff, 0x7d, 0x92, 0xff,
  0xff, 0x7c, 0x92, 0xff, 0xff, 0x7b, 0x92, 0xff, 0xff, 0x7a, 0x92, 0xff, 0xff, 0x7a, 0x92, 0xff,
  0xff, 0x7b, 0x93, 0xff, 0xff, 0x7a, 0x93, 0xff, 0xff, 0x79, 0x92, 0xff, 0xff, 0x78, 0x94, 0xff,
  0xff, 0x78, 0x94, 0xff, 0xff, 0x78, 0x93, 0xff, 0xff, 0x77, 0x93, 0xff, 0xff, 0x77, 0x93, 0xff,
  0xff, 0x76, 0x93, 0xff, 0xff, 0x76, 0x94, 0xff, 0xff, 0x76, 0x94, 0xff, 0xff, 0x75, 0x94, 0xff,
  0xff, 0x75, 0x93, 0xff, 0xfe, 0x75, 0x94, 0xff, 0xfe, 0x75, 0x94, 0xff, 0xff, 0x72, 0x96, 0xfe,
  0xff, 0x71, 0x97, 0xfc, 0xf9, 0x7d, 0x92, 0xfd, 0xdc, 0x87, 0x7e, 0xfc, 0xc7, 0x92, 0x71, 0xcf,
  0xb8, 0x9c, 0x67, 0x65, 0x00, 0x00, 0x00, 0x00, 0x00, 0x00, 0x00, 0x00, 0xff, 0xbf, 0x7f, 0x04,
  0xff, 0xff, 0xff, 0x01, 0x00, 0x00, 0x00, 0x00, 0x00, 0x00, 0x00, 0x00, 0x00, 0x00, 0x00, 0x00,
  0x00, 0x00, 0x00, 0x00, 0x00, 0x00, 0x00, 0x00, 0x00, 0x00, 0x00, 0x00, 0x00, 0x00, 0x00, 0x00,
  0x00, 0x00, 0x00, 0x00, 0x00, 0x00, 0x00, 0x00, 0x00, 0x00, 0x00, 0x00, 0x00, 0x00, 0x00, 0x00,
  0x00, 0x00, 0x00, 0x00, 0x00, 0x00, 0x00, 0x00, 0x00, 0x00, 0x00, 0x00, 0x00, 0x00, 0x00, 0x00,
  0x00, 0x00, 0x00, 0x00, 0x00, 0x00, 0x00, 0x00, 0x00, 0x00, 0x00, 0x00, 0x00, 0x00, 0x00, 0x00,
  0x00, 0x00, 0x00, 0x00, 0x00, 0x00, 0x00, 0x00, 0x00, 0x00, 0x00, 0x00, 0x00, 0x00, 0x00, 0x00,
  0x00, 0x00, 0x00, 0x00, 0x00, 0x00, 0x00, 0x00, 0xff, 0x00, 0x00, 0x01, 0xff, 0x55, 0x55, 0x03,
  0xff, 0x00, 0x00, 0x01, 0x00, 0x00, 0x00, 0x00, 0xff, 0x89, 0x91, 0x3f, 0xff, 0x87, 0x8f, 0xbc,
  0xff, 0x89, 0x91, 0xf7, 0xff, 0x89, 0x93, 0xff, 0xff, 0x89, 0x93, 0xff, 0xff, 0x86, 0x90, 0xff,
  0xff, 0x85, 0x90, 0xff, 0xff, 0x85, 0x90, 0xfe, 0xff, 0x84, 0x90, 0xfe, 0xff, 0x83, 0x90, 0xfe,
  0xff, 0x83, 0x90, 0xfe, 0xff, 0x84, 0x91, 0xfe, 0xff, 0x82, 0x91, 0xff, 0xff, 0x82, 0x91, 0xff,
  0xff, 0x82, 0x91, 0xff, 0xff, 0x80, 0x90, 0xfe, 0xff, 0x80, 0x90, 0xfe, 0xff, 0x81, 0x91, 0xfe,
  0xff, 0x81, 0x91, 0xfe, 0xff, 0x80, 0x91, 0xfe, 0xff, 0x7f, 0x92, 0xff, 0xff, 0x7f, 0x92, 0xff,
  0xff, 0x7e, 0x92, 0xfe, 0xff, 0x7e, 0x91, 0xfe, 0xff, 0x7e, 0x91, 0xfe, 0xff, 0x7c, 0x92, 0xfe,
  0xff, 0x7c, 0x92, 0xfe, 0xff, 0x7c, 0x92, 0xfe, 0xff, 0x7b, 0x92, 0xff, 0xff, 0x7b, 0x92, 0xff,
  0xff, 0x7a, 0x92, 0xff, 0xff, 0x79, 0x92, 0xff, 0xff, 0x79, 0x92, 0xff, 0xff, 0x79, 0x92, 0xff,
  0xff, 0x79, 0x92, 0xff, 0xff, 0x78, 0x93, 0xff, 0xff, 0x77, 0x93, 0xff, 0xff, 0x77, 0x93, 0xff,
  0xff, 0x77, 0x94, 0xff, 0xff, 0x77, 0x94, 0xff, 0xff, 0x76, 0x94, 0xff, 0xff, 0x76, 0x93, 0xff,
  0xff, 0x75, 0x93, 0xff, 0xff, 0x75, 0x93, 0xff, 0xff, 0x75, 0x94, 0xff, 0xff, 0x75, 0x94, 0xff,
  0xff, 0x74, 0x94, 0xff, 0xff, 0x73, 0x94, 0xff, 0xff, 0x72, 0x95, 0xff, 0xff, 0x72, 0x95, 0xff,
  0xff, 0x71, 0x94, 0xfe, 0xf6, 0x75, 0x90, 0xfb, 0xe9, 0x91, 0x89, 0xff, 0xc3, 0x96, 0x71, 0xf8,
  0xbf, 0x99, 0x6f, 0x85, 0xd1, 0x96, 0x75, 0x27, 0xff, 0xbf, 0x7f, 0x04, 0x7f, 0x7f, 0x7f, 0x02,
  0xff, 0xff, 0xff, 0x01, 0x00, 0x00, 0x00, 0x01, 0x00, 0x00, 0x00, 0x00, 0x00, 0x00, 0x00, 0x00,
  0x00, 0x00, 0x00, 0x00, 0x00, 0x00, 0x00, 0x00, 0x00, 0x00, 0x00, 0x00, 0x00, 0x00, 0x00, 0x00,
  0x00, 0x00, 0x00, 0x00, 0x00, 0x00, 0x00, 0x00, 0x00, 0x00, 0x00, 0x00, 0x00, 0x00, 0x00, 0x00,
  0x00, 0x00, 0x00, 0x00, 0x00, 0x00, 0x00, 0x00, 0x00, 0x00, 0x00, 0x00, 0x00, 0x00, 0x00, 0x00,
  0x00, 0x00, 0x00, 0x00, 0x00, 0x00, 0x00, 0x00, 0x00, 0x00, 0x00, 0x00, 0x00, 0x00, 0x00, 0x00,
  0x00, 0x00, 0x00, 0x00, 0x00, 0x00, 0x00, 0x00, 0x00, 0x00, 0x00, 0x00, 0x00, 0x00, 0x00, 0x00,
  0x00, 0x00, 0x00, 0x00, 0x00, 0x00, 0x00, 0x00, 0x00, 0x00, 0x00, 0x00, 0x00, 0x00, 0x00, 0x00,
  0xff, 0x00, 0x00, 0x02, 0x00, 0x00, 0x00, 0x00, 0x00, 0x00, 0x00, 0x00, 0xff, 0x91, 0x91, 0x07,
  0xff, 0x81, 0x8e, 0x3b, 0xff, 0x83, 0x90, 0xaf, 0xff, 0x89, 0x96, 0xff, 0xff, 0x8b, 0x99, 0xff,
  0xff, 0x84, 0x91, 0xfc, 0xff, 0x83, 0x90, 0xfa, 0xff, 0x82, 0x90, 0xfd, 0xff, 0x82, 0x91, 0xff,
  0xff, 0x81, 0x92, 0xff, 0xff, 0x81, 0x92, 0xff, 0xff, 0x82, 0x92, 0xff, 0xff, 0x80, 0x91, 0xfe,
  0xff, 0x80, 0x91, 0xfe, 0xff, 0x80, 0x91, 0xfe, 0xff, 0x7f, 0x91, 0xfe, 0xff, 0x7e, 0x91, 0xfe,
  0xff, 0x7f, 0x92, 0xfe, 0xff, 0x7f, 0x92, 0xfe, 0xff, 0x7d, 0x92, 0xff, 0xff, 0x7d, 0x92, 0xff,
  0xff, 0x7e, 0x92, 0xff, 0xff, 0x7c, 0x92, 0xff, 0xff, 0x7c, 0x92, 0xfe, 0xff, 0x7c, 0x92, 0xfe,
  0xff, 0x7a, 0x93, 0xff, 0xff, 0x7a, 0x93, 0xff, 0xff, 0x7a, 0x93, 0xff, 0xff, 0x7a, 0x93, 0xff,
  0xff, 0x79, 0x93, 0xff, 0xff, 0x78, 0x93, 0xff, 0xff, 0x77, 0x93, 0xff, 0xff, 0x77, 0x94, 0xff,
  0xff, 0x77, 0x93, 0xff, 0xff, 0x77, 0x93, 0xff, 0xff, 0x76, 0x93, 0xff, 0xff, 0x76, 0x93, 0xff,
  0xff, 0x75, 0x94, 0xff, 0xff, 0x76, 0x94, 0xff, 0xff, 0x75, 0x94, 0xff, 0xff, 0x74, 0x94, 0xff,
  0xff, 0x74, 0x94, 0xff, 0xff, 0x73, 0x94, 0xff, 0xff, 0x73, 0x95, 0xff, 0xff, 0x73, 0x95, 0xff,
  0xff, 0x73, 0x95, 0xff, 0xfe, 0x72, 0x93, 0xff, 0xfe, 0x71, 0x94, 0xff, 0xff, 0x70, 0x96, 0xff,
  0xff, 0x6e, 0x96, 0xff, 0xf3, 0x76, 0x8d, 0xff, 0xd8, 0x86, 0x7c, 0xfb, 0xd3, 0x9e, 0x7a, 0xff,
  0xc2, 0x99, 0x72, 0xe4, 0xc1, 0x9c, 0x70, 0x4b, 0xff, 0xbf, 0x7f, 0x04, 0xff, 0xff, 0x00, 0x01,
  0xcc, 0x99, 0x66, 0x05, 0x00, 0x00, 0x00, 0x00, 0x00, 0x00, 0x00, 0x00, 0x00, 0x00, 0x00, 0x00,
  0x00, 0x00, 0x00, 0x00, 0x00, 0x00, 0x00, 0x00, 0x00, 0x00, 0x00, 0x00, 0x00, 0x00, 0x00, 0x00,
  0x00, 0x00, 0x00, 0x00, 0x00, 0x00, 0x00, 0x00, 0x00, 0x00, 0x00, 0x00, 0x00, 0x00, 0x00, 0x00,
  0x00, 0x00, 0x00, 0x00, 0x00, 0x00, 0x00, 0x00, 0x00, 0x00, 0x00, 0x00, 0x00, 0x00, 0x00, 0x00,
  0x00, 0x00, 0x00, 0x00, 0x00, 0x00, 0x00, 0x00, 0x00, 0x00, 0x00, 0x00, 0x00, 0x00, 0x00, 0x00,
  0x00, 0x00, 0x00, 0x00, 0x00, 0x00, 0x00, 0x00, 0x00, 0x00, 0x00, 0x00, 0x00, 0x00, 0x00, 0x00,
  0x00, 0x00, 0x00, 0x00, 0x00, 0x00, 0x00, 0x00, 0x00, 0x00, 0x00, 0x00, 0x00, 0x00, 0x00, 0x00,
  0x00, 0x00, 0x00, 0x00, 0xff, 0x00, 0x00, 0x01, 0xff, 0xff, 0xff, 0x01, 0xff, 0x6d, 0x6d, 0x07,
  0x00, 0x00, 0x00, 0x00, 0x00, 0x00, 0x00, 0x00, 0xff, 0x7c, 0x8d, 0x4a, 0xff, 0x81, 0x91, 0xa5,
  0xff, 0x84, 0x93, 0xd3, 0xff, 0x82, 0x92, 0xf8, 0xff, 0x89, 0x99, 0xff, 0xff, 0x85, 0x96, 0xff,
  0xff, 0x81, 0x91, 0xfb, 0xff, 0x80, 0x91, 0xfc, 0xff, 0x81, 0x92, 0xfd, 0xff, 0x80, 0x91, 0xfe,
  0xff, 0x7e, 0x91, 0xfe, 0xff, 0x7e, 0x91, 0xfe, 0xff, 0x7e, 0x91, 0xfe, 0xff, 0x7d, 0x92, 0xfe,
  0xff, 0x7c, 0x92, 0xfe, 0xff, 0x7d, 0x92, 0xfe, 0xff, 0x7d, 0x92, 0xfe, 0xff, 0x7c, 0x92, 0xff,
  0xff, 0x7c, 0x92, 0xff, 0xff, 0x7c, 0x92, 0xff, 0xff, 0x7a, 0x92, 0xff, 0xff, 0x7a, 0x93, 0xfe,
  0xff, 0x7a, 0x93, 0xfe, 0xff, 0x79, 0x93, 0xff, 0xff, 0x79, 0x93, 0xff, 0xff, 0x79, 0x93, 0xff,
  0xff, 0x79, 0x93, 0xff, 0xff, 0x78, 0x93, 0xff, 0xff, 0x76, 0x94, 0xff, 0xff, 0x76, 0x94, 0xff,
  0xff, 0x76, 0x94, 0xff, 0xff, 0x76, 0x95, 0xff, 0xff, 0x75, 0x95, 0xff, 0xff, 0x74, 0x93, 0xff,
  0xff, 0x74, 0x93, 0xff, 0xff, 0x74, 0x94, 0xff, 0xff, 0x73, 0x94, 0xff, 0xff, 0x73, 0x94, 0xff,
  0xff, 0x72, 0x94, 0xff, 0xff, 0x72, 0x94, 0xff, 0xff, 0x72, 0x94, 0xff, 0xff, 0x71, 0x95, 0xff,
  0xfe, 0x71, 0x95, 0xff, 0xff, 0x71, 0x95, 0xff, 0xff, 0x6e, 0x97, 0xff, 0xff, 0x6e, 0x96, 0xff,
  0xf8, 0x73, 0x91, 0xfe, 0xed, 0x79, 0x8a, 0xfc, 0xdd, 0x87, 0x80, 0xff, 0xcb, 0x95, 0x74, 0xfc,
  0xc8, 0x9d, 0x73, 0xed, 0xc9, 0x9a, 0x74, 0xa8, 0xce, 0x97, 0x75, 0x25, 0x00, 0x00, 0x00, 0x00,
  0x00, 0x00, 0x00, 0x00, 0xcc, 0x99, 0x66, 0x05, 0x00, 0x00, 0x00, 0x00, 0x00, 0x00, 0x00, 0x00,
  0x00, 0x00, 0x00, 0x00, 0x00, 0x00, 0x00, 0x00, 0x00, 0x00, 0x00, 0x00, 0x00, 0x00, 0x00, 0x00,
  0x00, 0x00, 0x00, 0x00, 0x00, 0x00, 0x00, 0x00, 0x00, 0x00, 0x00, 0x00, 0x00, 0x00, 0x00, 0x00,
  0x00, 0x00, 0x00, 0x00, 0x00, 0x00, 0x00, 0x00, 0x00, 0x00, 0x00, 0x00, 0x00, 0x00, 0x00, 0x00,
  0x00, 0x00, 0x00, 0x00, 0x00, 0x00, 0x00, 0x00, 0x00, 0x00, 0x00, 0x00, 0x00, 0x00, 0x00, 0x00,
  0x00, 0x00, 0x00, 0x00, 0x00, 0x00, 0x00, 0x00, 0x00, 0x00, 0x00, 0x00, 0x00, 0x00, 0x00, 0x00,
  0x00, 0x00, 0x00, 0x00, 0x00, 0x00, 0x00, 0x00, 0x00, 0x00, 0x00, 0x00, 0x00, 0x00, 0x00, 0x00,
  0x00, 0x00, 0x00, 0x00, 0x00, 0x00, 0x00, 0x00, 0x00, 0x00, 0x00, 0x00, 0x00, 0x00, 0x00, 0x00,
  0xff, 0x00, 0x00, 0x01, 0x00, 0x00, 0x00, 0x00, 0xff, 0xff, 0xff, 0x01, 0x00, 0x00, 0x00, 0x00,
  0xff, 0x89, 0x9c, 0x1a, 0xff, 0x85, 0x91, 0x6b, 0xff, 0x82, 0x91, 0xc6, 0xff, 0x80, 0x92, 0xfe,
  0xff, 0x84, 0x97, 0xff, 0xff, 0x7e, 0x91, 0xfc, 0xff, 0x7f, 0x91, 0xff, 0xff, 0x7f, 0x91, 0xfe,
  0xff, 0x7e, 0x91, 0xfe, 0xff, 0x7c, 0x91, 0xfe, 0xff, 0x7c, 0x91, 0xfe, 0xff, 0x7c, 0x92, 0xfe,
  0xff, 0x7b, 0x92, 0xfe, 0xff, 0x7b, 0x92, 0xfe, 0xff, 0x7b, 0x92, 0xfe, 0xff, 0x7b, 0x93, 0xfe,
  0xff, 0x7b, 0x93, 0xfe, 0xff, 0x7a, 0x92, 0xfe, 0xff, 0x79, 0x92, 0xfe, 0xff, 0x79, 0x92, 0xfe,
  0xff, 0x79, 0x93, 0xfe, 0xff, 0x78, 0x93, 0xfe, 0xff, 0x77, 0x93, 0xfe, 0xff, 0x77, 0x93, 0xfe,
  0xff, 0x77, 0x94, 0xff, 0xff, 0x76, 0x94, 0xff, 0xff, 0x76, 0x94, 0xff, 0xff, 0x75, 0x94, 0xff,
  0xff, 0x75, 0x94, 0xff, 0xff, 0x75, 0x94, 0xff, 0xff, 0x74, 0x95, 0xff, 0xff, 0x74, 0x95, 0xff,
  0xff, 0x73, 0x94, 0xff, 0xff, 0x72, 0x94, 0xff, 0xff, 0x72, 0x94, 0xff, 0xff, 0x71, 0x94, 0xff,
  0xff, 0x71, 0x94, 0xff, 0xff, 0x71, 0x95, 0xff, 0xff, 0x70, 0x95, 0xff, 0xff, 0x70, 0x95, 0xff,
  0xff, 0x6f, 0x95, 0xff, 0xfe, 0x70, 0x95, 0xff, 0xff, 0x70, 0x95, 0xff, 0xff, 0x6f, 0x96, 0xff,
  0xf8, 0x73, 0x91, 0xff, 0xe4, 0x7e, 0x85, 0xfe, 0xcf, 0x8b, 0x79, 0xf9, 0xcc, 0x99, 0x77, 0xff,
  0xd1, 0x9d, 0x79, 0xff, 0xcc, 0x99, 0x76, 0xc1, 0xcd, 0x9f, 0x74, 0x53, 0xda, 0xa3, 0x7f, 0x0e,
  0x00, 0x00, 0x00, 0x00, 0x00, 0x00, 0x00, 0x00, 0xff, 0x7f, 0x7f, 0x02, 0x00, 0x00, 0x00, 0x00,
  0x00, 0x00, 0x00, 0x00, 0x00, 0x00, 0x00, 0x00, 0x00, 0x00, 0x00, 0x00, 0x00, 0x00, 0x00, 0x00,
  0x00, 0x00, 0x00, 0x00, 0x00, 0x00, 0x00, 0x00, 0x00, 0x00, 0x00, 0x00, 0x00, 0x00, 0x00, 0x00,
  0x00, 0x00, 0x00, 0x00, 0x00, 0x00, 0x00, 0x00, 0x00, 0x00, 0x00, 0x00, 0x00, 0x00, 0x00, 0x00,
  0x00, 0x00, 0x00, 0x00, 0x00, 0x00, 0x00, 0x00, 0x00, 0x00, 0x00, 0x00, 0x00, 0x00, 0x00, 0x00,
  0x00, 0x00, 0x00, 0x00, 0x00, 0x00, 0x00, 0x00, 0x00, 0x00, 0x00, 0x00, 0x00, 0x00, 0x00, 0x00,
  0x00, 0x00, 0x00, 0x00, 0x00, 0x00, 0x00, 0x00, 0x00, 0x00, 0x00, 0x00, 0x00, 0x00, 0x00, 0x00,
  0x00, 0x00, 0x00, 0x00, 0x00, 0x00, 0x00, 0x00, 0x00, 0x00, 0x00, 0x00, 0x00, 0x00, 0x00, 0x00,
  0x00, 0x00, 0x00, 0x00, 0x00, 0x00, 0x00, 0x00, 0xff, 0xff, 0xff, 0x01, 0xff, 0xff, 0xff, 0x01,
  0x00, 0x00, 0x00, 0x00, 0x00, 0x00, 0x00, 0x00, 0xff, 0x7f, 0x94, 0x18, 0xff, 0x7f, 0x8f, 0x52,
  0xff, 0x7f, 0x93, 0xa2, 0xff, 0x80, 0x95, 0xe7, 0xff, 0x83, 0x9a, 0xff, 0xff, 0x83, 0x99, 0xff,
  0xff, 0x7e, 0x94, 0xff, 0xff, 0x7c, 0x92, 0xfa, 0xff, 0x7b, 0x92, 0xf8, 0xff, 0x7b, 0x91, 0xfa,
  0xff, 0x7a, 0x92, 0xfc, 0xff, 0x79, 0x93, 0xfd, 0xff, 0x7a, 0x92, 0xfe, 0xff, 0x79, 0x93, 0xfe,
  0xff, 0x79, 0x94, 0xff, 0xff, 0x79, 0x94, 0xff, 0xff, 0x77, 0x93, 0xfe, 0xff, 0x77, 0x93, 0xfe,
  0xff, 0x77, 0x93, 0xfe, 0xff, 0x77, 0x93, 0xfe, 0xff, 0x76, 0x93, 0xfe, 0xff, 0x75, 0x93, 0xfe,
  0xff, 0x75, 0x93, 0xfe, 0xff, 0x74, 0x94, 0xff, 0xff, 0x74, 0x95, 0xff, 0xff, 0x74, 0x95, 0xff,
  0xff, 0x73, 0x94, 0xff, 0xff, 0x72, 0x94, 0xff, 0xff, 0x72, 0x94, 0xff, 0xff, 0x72, 0x94, 0xff,
  0xff, 0x72, 0x94, 0xff, 0xff, 0x71, 0x94, 0xff, 0xff, 0x70, 0x94, 0xff, 0xff, 0x70, 0x94, 0xff,
  0xff, 0x70, 0x95, 0xff, 0xfe, 0x70, 0x95, 0xff, 0xfe, 0x70, 0x94, 0xff, 0xfd, 0x70, 0x95, 0xff,
  0xfe, 0x70, 0x95, 0xff, 0xff, 0x6f, 0x96, 0xff, 0xff, 0x6d, 0x98, 0xff, 0xfd, 0x71, 0x95, 0xff,
  0xe8, 0x7a, 0x89, 0xfe, 0xd8, 0x85, 0x7e, 0xff, 0xcd, 0x8e, 0x77, 0xff, 0xc3, 0x92, 0x72, 0xfa,
  0xcd, 0x9d, 0x78, 0xff, 0xd6, 0xa0, 0x7c, 0xff, 0xcf, 0x99, 0x79, 0x97, 0xd4, 0xaa, 0x71, 0x12,
  0xff, 0x7f, 0x7f, 0x02, 0xd4, 0x7f, 0x7f, 0x06, 0x00, 0x00, 0x00, 0x00, 0x00, 0x00, 0x00, 0x00,
  0x00, 0x00, 0x00, 0x00, 0x00, 0x00, 0x00, 0x00, 0x00, 0x00, 0x00, 0x00, 0x00, 0x00, 0x00, 0x00,
  0x00, 0x00, 0x00, 0x00, 0x00, 0x00, 0x00, 0x00, 0x00, 0x00, 0x00, 0x00, 0x00, 0x00, 0x00, 0x00,
  0x00, 0x00, 0x00, 0x00, 0x00, 0x00, 0x00, 0x00, 0x00, 0x00, 0x00, 0x00, 0x00, 0x00, 0x00, 0x00,
  0x00, 0x00, 0x00, 0x00, 0x00, 0x00, 0x00, 0x00, 0x00, 0x00, 0x00, 0x00, 0x00, 0x00, 0x00, 0x00,
  0x00, 0x00, 0x00, 0x00, 0x00, 0x00, 0x00, 0x00, 0x00, 0x00, 0x00, 0x00, 0x00, 0x00, 0x00, 0x00,
  0x00, 0x00, 0x00, 0x00, 0x00, 0x00, 0x00, 0x00, 0x00, 0x00, 0x00, 0x00, 0x00, 0x00, 0x00, 0x00,
  0x00, 0x00, 0x00, 0x00, 0x00, 0x00, 0x00, 0x00, 0x00, 0x00, 0x00, 0x00, 0x00, 0x00, 0x00, 0x00,
  0x00, 0x00, 0x00, 0x00, 0x00, 0x00, 0x00, 0x00, 0x00, 0x00, 0x00, 0x00, 0x00, 0x00, 0x00, 0x00,
  0xff, 0x00, 0x00, 0x01, 0xff, 0x6d, 0x91, 0x07, 0xff, 0xaa, 0xaa, 0x03, 0x00, 0x00, 0x00, 0x00,
  0xff, 0x55, 0xaa, 0x03, 0xff, 0x7b, 0x94, 0x3c, 0xff, 0x7b, 0x91, 0x8a, 0xff, 0x7c, 0x92, 0xc1,
  0xff, 0x7b, 0x92, 0xe6, 0xff, 0x79, 0x92, 0xfc, 0xff, 0x7e, 0x98, 0xff, 0xff, 0x7e, 0x99, 0xff,
  0xff, 0x7c, 0x96, 0xff, 0xff, 0x79, 0x94, 0xff, 0xff, 0x78, 0x93, 0xfd, 0xff, 0x78, 0x92, 0xfd,
  0xff, 0x78, 0x93, 0xfc, 0xff, 0x77, 0x93, 0xfe, 0xff, 0x76, 0x93, 0xfe, 0xff, 0x75, 0x95, 0xfd,
  0xff, 0x75, 0x94, 0xfe, 0xff, 0x75, 0x94, 0xfe, 0xff, 0x75, 0x93, 0xfe, 0xff, 0x74, 0x93, 0xfe,
  0xff, 0x73, 0x93, 0xfe, 0xff, 0x73, 0x93, 0xfe, 0xff, 0x72, 0x94, 0xff, 0xff, 0x72, 0x95, 0xff,
  0xff, 0x72, 0x95, 0xff, 0xff, 0x71, 0x94, 0xff, 0xff, 0x70, 0x94, 0xff, 0xff, 0x70, 0x94, 0xff,
  0xff, 0x70, 0x94, 0xff, 0xff, 0x70, 0x94, 0xff, 0xff, 0x70, 0x94, 0xff, 0xfe, 0x6f, 0x94, 0xff,
  0xff, 0x6f, 0x95, 0xff, 0xff, 0x70, 0x96, 0xff, 0xff, 0x6f, 0x97, 0xff, 0xff, 0x6e, 0x97, 0xff,
  0xff, 0x6f, 0x98, 0xff, 0xff, 0x6f, 0x97, 0xff, 0xfb, 0x72, 0x93, 0xff, 0xf5, 0x73, 0x8f, 0xff,
  0xe7, 0x7b, 0x87, 0xff, 0xd0, 0x87, 0x79, 0xfe, 0xc2, 0x92, 0x71, 0xfd, 0xc3, 0x96, 0x72, 0xff,
  0xce, 0x9b, 0x77, 0xfd, 0xd2, 0x9a, 0x7a, 0xfd, 0xcf, 0x99, 0x79, 0xdb, 0xcd, 0x9b, 0x78, 0x61,
  0x00, 0x00, 0x00, 0x00, 0x00, 0x00, 0x00, 0x00, 0xda, 0x91, 0x6d, 0x07, 0x00, 0x00, 0x00, 0x00,
  0x00, 0x00, 0x00, 0x00, 0x00, 0x00, 0x00, 0x00, 0x00, 0x00, 0x00, 0x00, 0x00, 0x00, 0x00, 0x00,
  0x00, 0x00, 0x00, 0x00, 0x00, 0x00, 0x00, 0x00, 0x00, 0x00, 0x00, 0x00, 0x00, 0x00, 0x00, 0x00,
  0x00, 0x00, 0x00, 0x00, 0x00, 0x00, 0x00, 0x00, 0x00, 0x00, 0x00, 0x00, 0x00, 0x00, 0x00, 0x00,
  0x00, 0x00, 0x00, 0x00, 0x00, 0x00, 0x00, 0x00, 0x00, 0x00, 0x00, 0x00, 0x00, 0x00, 0x00, 0x00,
  0x00, 0x00, 0x00, 0x00, 0x00, 0x00, 0x00, 0x00, 0x00, 0x00, 0x00, 0x00, 0x00, 0x00, 0x00, 0x00,
  0x00, 0x00, 0x00, 0x00, 0x00, 0x00, 0x00, 0x00, 0x00, 0x00, 0x00, 0x00, 0x00, 0x00, 0x00, 0x00,
  0x00, 0x00, 0x00, 0x00, 0x00, 0x00, 0x00, 0x00, 0x00, 0x00, 0x00, 0x00, 0x00, 0x00, 0x00, 0x00,
  0x00, 0x00, 0x00, 0x00, 0x00, 0x00, 0x00, 0x00, 0x00, 0x00, 0x00, 0x00, 0x00, 0x00, 0x00, 0x00,
  0x00, 0x00, 0x00, 0x00, 0x00, 0x00, 0x00, 0x00, 0xff, 0x00, 0x00, 0x01, 0x00, 0x00, 0x00, 0x00,
  0x00, 0x00, 0x00, 0x00, 0x00, 0x00, 0x00, 0x00, 0xff, 0x7f, 0xbf, 0x04, 0xff, 0x77, 0x88, 0x0f,
  0xff, 0x7f, 0x97, 0x2a, 0xff, 0x79, 0x93, 0x82, 0xff, 0x79, 0x92, 0xcc, 0xff, 0x78, 0x92, 0xf6,
  0xff, 0x7b, 0x98, 0xff, 0xff, 0x7a, 0x96, 0xff, 0xff, 0x76, 0x93, 0xfe, 0xff, 0x76, 0x93, 0xfb,
  0xff, 0x75, 0x93, 0xfb, 0xff, 0x76, 0x93, 0xfa, 0xff, 0x74, 0x93, 0xfb, 0xff, 0x73, 0x93, 0xfc,
  0xff, 0x75, 0x94, 0xfc, 0xff, 0x74, 0x94, 0xfd, 0xff, 0x73, 0x94, 0xfe, 0xff, 0x72, 0x94, 0xfe,
  0xff, 0x71, 0x94, 0xfe, 0xff, 0x71, 0x94, 0xff, 0xff, 0x71, 0x94, 0xff, 0xff, 0x70, 0x94, 0xff,
  0xff, 0x70, 0x95, 0xff, 0xff, 0x70, 0x95, 0xff, 0xff, 0x70, 0x95, 0xff, 0xff, 0x70, 0x95, 0xff,
  0xfe, 0x6f, 0x94, 0xff, 0xfe, 0x6f, 0x94, 0xff, 0xfe, 0x6f, 0x94, 0xff, 0xfe, 0x6f, 0x94, 0xff,
  0xfe, 0x70, 0x95, 0xff, 0xfe, 0x70, 0x95, 0xff, 0xff, 0x6f, 0x95, 0xff, 0xff, 0x6f, 0x96, 0xff,
  0xff, 0x6f, 0x97, 0xff, 0xff, 0x6f, 0x98, 0xff, 0xfa, 0x71, 0x93, 0xff, 0xe7, 0x7a, 0x87, 0xff,
  0xd2, 0x83, 0x7a, 0xfe, 0xc7, 0x8b, 0x72, 0xfe, 0xc5, 0x90, 0x72, 0xfe, 0xc8, 0x94, 0x74, 0xfb,
  0xca, 0x96, 0x76, 0xfd, 0xdc, 0xa3, 0x80, 0xfe, 0xd3, 0x9c, 0x7c, 0xe8, 0xce, 0x9b, 0x7b, 0x7e,
  0xd0, 0x9a, 0x7b, 0x21, 0x00, 0x00, 0x00, 0x00, 0x00, 0x00, 0x00, 0x00, 0xbf, 0x7f, 0x3f, 0x04,
  0x00, 0x00, 0x00, 0x00, 0x00, 0x00, 0x00, 0x00, 0x00, 0x00, 0x00, 0x00, 0x00, 0x00, 0x00, 0x00,
  0x00, 0x00, 0x00, 0x00, 0x00, 0x00, 0x00, 0x00, 0x00, 0x00, 0x00, 0x00, 0x00, 0x00, 0x00, 0x00,
  0x00, 0x00, 0x00, 0x00, 0x00, 0x00, 0x00, 0x00, 0x00, 0x00, 0x00, 0x00, 0x00, 0x00, 0x00, 0x00,
  0x00, 0x00, 0x00, 0x00, 0x00, 0x00, 0x00, 0x00, 0x00, 0x00, 0x00, 0x00, 0x00, 0x00, 0x00, 0x00,
  0x00, 0x00, 0x00, 0x00, 0x00, 0x00, 0x00, 0x00, 0x00, 0x00, 0x00, 0x00, 0x00, 0x00, 0x00, 0x00,
  0x00, 0x00, 0x00, 0x00, 0x00, 0x00, 0x00, 0x00, 0x00, 0x00, 0x00, 0x00, 0x00, 0x00, 0x00, 0x00,
  0x00, 0x00, 0x00, 0x00, 0x00, 0x00, 0x00, 0x00, 0x00, 0x00, 0x00, 0x00, 0x00, 0x00, 0x00, 0x00,
  0x00, 0x00, 0x00, 0x00, 0x00, 0x00, 0x00, 0x00, 0x00, 0x00, 0x00, 0x00, 0x00, 0x00, 0x00, 0x00,
  0x00, 0x00, 0x00, 0x00, 0x00, 0x00, 0x00, 0x00, 0x00, 0x00, 0x00, 0x00, 0x00, 0x00, 0x00, 0x00,
  0xff, 0x00, 0x00, 0x01, 0xff, 0x55, 0xaa, 0x03, 0xff, 0x55, 0x55, 0x03, 0x00, 0x00, 0x00, 0x00,
  0x00, 0x00, 0x00, 0x00, 0x00, 0x00, 0x00, 0x00, 0xff, 0x79, 0x92, 0x28, 0xff, 0x78, 0x93, 0x55,
  0xff, 0x77, 0x92, 0x73, 0xff, 0x77, 0x92, 0xa5, 0xff, 0x76, 0x93, 0xcf, 0xff, 0x74, 0x93, 0xf2,
  0xff, 0x7b, 0x9d, 0xff, 0xff, 0x7f, 0xa3, 0xff, 0xff, 0x7d, 0xa0, 0xff, 0xff, 0x78, 0x9b, 0xff,
  0xff, 0x76, 0x98, 0xff, 0xff, 0x75, 0x97, 0xff, 0xff, 0x73, 0x95, 0xff, 0xfd, 0x71, 0x93, 0xfe,
  0xfc, 0x70, 0x93, 0xfe, 0xfb, 0x6f, 0x93, 0xfe, 0xfc, 0x6f, 0x93, 0xff, 0xfc, 0x6f, 0x93, 0xff,
  0xfc, 0x6f, 0x93, 0xff, 0xfd, 0x6f, 0x93, 0xff, 0xfe, 0x6f, 0x94, 0xff, 0xfe, 0x70, 0x95, 0xff,
  0xff, 0x70, 0x96, 0xff, 0xff, 0x70, 0x97, 0xff, 0xff, 0x6f, 0x97, 0xff, 0xff, 0x6f, 0x97, 0xff,
  0xff, 0x6f, 0x99, 0xff, 0xff, 0x6e, 0x9b, 0xff, 0xff, 0x6e, 0x9a, 0xff, 0xfe, 0x6f, 0x95, 0xff,
  0xf6, 0x71, 0x8f, 0xff, 0xed, 0x75, 0x8b, 0xff, 0xe3, 0x7a, 0x86, 0xff, 0xd8, 0x7f, 0x7f, 0xff,
  0xce, 0x86, 0x78, 0xff, 0xc3, 0x8d, 0x71, 0xfe, 0xc0, 0x92, 0x6f, 0xfe, 0xc7, 0x94, 0x74, 0xfe,
  0xcd, 0x94, 0x77, 0xfc, 0xd1, 0x97, 0x79, 0xfb, 0xe0, 0xa3, 0x83, 0xff, 0xd5, 0x9b, 0x7d, 0xcb,
  0xd3, 0x9e, 0x7d, 0x35, 0xaa, 0xaa, 0xaa, 0x03, 0xff, 0xaa, 0xaa, 0x03, 0xff, 0x7f, 0x7f, 0x02,
  0x00, 0xff, 0x00, 0x01, 0x00, 0x00, 0x00, 0x00, 0x00, 0x00, 0x00, 0x00, 0x00, 0x00, 0x00, 0x00,
  0x00, 0x00, 0x00, 0x00, 0x00, 0x00, 0x00, 0x00, 0x00, 0x00, 0x00, 0x00, 0x00, 0x00, 0x00, 0x00,
  0x00, 0x00, 0x00, 0x00, 0x00, 0x00, 0x00, 0x00, 0x00, 0x00, 0x00, 0x00, 0x00, 0x00, 0x00, 0x00,
  0x00, 0x00, 0x00, 0x00, 0x00, 0x00, 0x00, 0x00, 0x00, 0x00, 0x00, 0x00, 0x00, 0x00, 0x00, 0x00,
  0x00, 0x00, 0x00, 0x00, 0x00, 0x00, 0x00, 0x00, 0x00, 0x00, 0x00, 0x00, 0x00, 0x00, 0x00, 0x00,
  0x00, 0x00, 0x00, 0x00, 0x00, 0x00, 0x00, 0x00, 0x00, 0x00, 0x00, 0x00, 0x00, 0x00, 0x00, 0x00,
  0x00, 0x00, 0x00, 0x00, 0x00, 0x00, 0x00, 0x00, 0x00, 0x00, 0x00, 0x00, 0x00, 0x00, 0x00, 0x00,
  0x00, 0x00, 0x00, 0x00, 0x00, 0x00, 0x00, 0x00, 0x00, 0x00, 0x00, 0x00, 0x00, 0x00, 0x00, 0x00,
  0x00, 0x00, 0x00, 0x00, 0x00, 0x00, 0x00, 0x00, 0x00, 0x00, 0x00, 0x00, 0x00, 0x00, 0x00, 0x00,
  0x00, 0x00, 0x00, 0x00, 0x00, 0x00, 0x00, 0x00, 0x00, 0x00, 0x00, 0x00, 0x00, 0x00, 0x00, 0x00,
  0xff, 0x7f, 0x7f, 0x02, 0xff, 0x7f, 0x7f, 0x04, 0xff, 0x3f, 0x7f, 0x04, 0x00, 0x00, 0x00, 0x00,
  0x00, 0x00, 0x00, 0x00, 0x00, 0x00, 0x00, 0x00, 0xff, 0x74, 0x8f, 0x30, 0xff, 0x74, 0x93, 0x70,
  0xff, 0x74, 0x94, 0xa7, 0xff, 0x73, 0x94, 0xd8, 0xff, 0x74, 0x97, 0xed, 0xff, 0x73, 0x97, 0xf1,
  0xff, 0x71, 0x93, 0xf3, 0xff, 0x70, 0x94, 0xf9, 0xff, 0x70, 0x95, 0xfd, 0xff, 0x71, 0x95, 0xff,
  0xff, 0x70, 0x95, 0xff, 0xff, 0x6f, 0x96, 0xff, 0xff, 0x6f, 0x97, 0xfe, 0xff, 0x6f, 0x97, 0xff,
  0xff, 0x6f, 0x97, 0xff, 0xff, 0x70, 0x98, 0xff, 0xff, 0x6f, 0x97, 0xff, 0xff, 0x6f, 0x96, 0xff,
  0xff, 0x70, 0x97, 0xff, 0xff, 0x70, 0x96, 0xff, 0xfe, 0x70, 0x95, 0xff, 0xfd, 0x6f, 0x94, 0xff,
  0xfd, 0x6f, 0x93, 0xff, 0xfb, 0x71, 0x94, 0xff, 0xfa, 0x70, 0x92, 0xff, 0xf6, 0x70, 0x90, 0xff,
  0xea, 0x75, 0x89, 0xff, 0xde, 0x79, 0x81, 0xff, 0xd1, 0x7e, 0x79, 0xfe, 0xc2, 0x87, 0x71, 0xfe,
  0xbb, 0x8d, 0x6e, 0xfe, 0xc0, 0x8f, 0x6f, 0xfe, 0xc6, 0x91, 0x73, 0xfe, 0xca, 0x92, 0x77, 0xfe,
  0xcf, 0x96, 0x79, 0xfb, 0xd5, 0x9b, 0x7d, 0xff, 0xd6, 0x9c, 0x7d, 0xff, 0xd5, 0x9a, 0x7d, 0xe4,
  0xd7, 0x9c, 0x80, 0x87, 0xe1, 0xa5, 0x87, 0x11, 0x00, 0x00, 0x00, 0x01, 0xff, 0x7f, 0x7f, 0x02,
  0xff, 0x7f, 0x7f, 0x02, 0x00, 0x00, 0x00, 0x00, 0x00, 0x00, 0x00, 0x00, 0x00, 0x00, 0x00, 0x00,
  0x00, 0x00, 0x00, 0x00, 0x00, 0x00, 0x00, 0x00, 0x00, 0x00, 0x00, 0x00, 0x00, 0x00, 0x00, 0x00,
  0x00, 0x00, 0x00, 0x00, 0x00, 0x00, 0x00, 0x00, 0x00, 0x00, 0x00, 0x00, 0x00, 0x00, 0x00, 0x00,
  0x00, 0x00, 0x00, 0x00, 0x00, 0x00, 0x00, 0x00, 0x00, 0x00, 0x00, 0x00, 0x00, 0x00, 0x00, 0x00,
  0x00, 0x00, 0x00, 0x00, 0x00, 0x00, 0x00, 0x00, 0x00, 0x00, 0x00, 0x00, 0x00, 0x00, 0x00, 0x00,
  0x00, 0x00, 0x00, 0x00, 0x00, 0x00, 0x00, 0x00, 0x00, 0x00, 0x00, 0x00, 0x00, 0x00, 0x00, 0x00,
  0x00, 0x00, 0x00, 0x00, 0x00, 0x00, 0x00, 0x00, 0x00, 0x00, 0x00, 0x00, 0x00, 0x00, 0x00, 0x00,
  0x00, 0x00, 0x00, 0x00, 0x00, 0x00, 0x00, 0x00, 0x00, 0x00, 0x00, 0x00, 0x00, 0x00, 0x00, 0x00,
  0x00, 0x00, 0x00, 0x00, 0x00, 0x00, 0x00, 0x00, 0x00, 0x00, 0x00, 0x00, 0x00, 0x00, 0x00, 0x00,
  0x00, 0x00, 0x00, 0x00, 0x00, 0x00, 0x00, 0x00, 0x00, 0x00, 0x00, 0x00, 0x00, 0x00, 0x00, 0x00,
  0x00, 0x00, 0x00, 0x00, 0xff, 0x00, 0x00, 0x01, 0xff, 0xff, 0xff, 0x01, 0xff, 0x00, 0x00, 0x01,
  0x00, 0x00, 0x00, 0x00, 0x00, 0x00, 0x00, 0x00, 0x00, 0x00, 0x00, 0x00, 0xff, 0x55, 0xaa, 0x03,
  0xff, 0x6d, 0x91, 0x15, 0xff, 0x75, 0x97, 0x25, 0xff, 0x73, 0x97, 0x40, 0xff, 0x70, 0x9a, 0x5b,
  0xff, 0x71, 0x96, 0x77, 0xfd, 0x6f, 0x94, 0x97, 0xff, 0x6f, 0x96, 0xb9, 0xff, 0x6f, 0x96, 0xd4,
  0xfd, 0x6f, 0x95, 0xec, 0xfd, 0x6f, 0x95, 0xfd, 0xff, 0x71, 0x9a, 0xff, 0xff, 0x70, 0x9d, 0xff,
  0xff, 0x70, 0x9d, 0xff, 0xff, 0x70, 0x9d, 0xff, 0xff, 0x71, 0x9e, 0xff, 0xff, 0x70, 0x9c, 0xff,
  0xff, 0x70, 0x99, 0xff, 0xff, 0x70, 0x96, 0xff, 0xf7, 0x6f, 0x90, 0xff, 0xed, 0x70, 0x8a, 0xff,
  0xe7, 0x70, 0x85, 0xfe, 0xe3, 0x71, 0x83, 0xfe, 0xda, 0x75, 0x7f, 0xff, 0xce, 0x78, 0x77, 0xff,
  0xc4, 0x7c, 0x71, 0xff, 0xc0, 0x81, 0x70, 0xff, 0xc1, 0x84, 0x6f, 0xff, 0xc0, 0x86, 0x6e, 0xfe,
  0xbe, 0x8b, 0x6e, 0xfe, 0xbf, 0x8f, 0x70, 0xfe, 0xc5, 0x92, 0x73, 0xfe, 0xcb, 0x94, 0x76, 0xfe,
  0xcd, 0x95, 0x79, 0xfe, 0xd2, 0x98, 0x7c, 0xf8, 0xe4, 0xa5, 0x87, 0xff, 0xdf, 0xa1, 0x83, 0xff,
  0xdb, 0x9c, 0x81, 0x96, 0xe0, 0x9a, 0x7b, 0x21, 0x01, 0x00, 0x00, 0x00, 0xff, 0xff, 0x00, 0x01,
  0xff, 0x00, 0x00, 0x01, 0xff, 0x00, 0x00, 0x01, 0x00, 0x00, 0x00, 0x00, 0x00, 0x00, 0x00, 0x00,
  0x00, 0x00, 0x00, 0x00, 0x00, 0x00, 0x00, 0x00, 0x00, 0x00, 0x00, 0x00, 0x00, 0x00, 0x00, 0x00,
  0x00, 0x00, 0x00, 0x00, 0x00, 0x00, 0x00, 0x00, 0x00, 0x00, 0x00, 0x00, 0x00, 0x00, 0x00, 0x00,
  0x00, 0x00, 0x00, 0x00, 0x00, 0x00, 0x00, 0x00, 0x00, 0x00, 0x00, 0x00, 0x00, 0x00, 0x00, 0x00,
  0x00, 0x00, 0x00, 0x00, 0x00, 0x00, 0x00, 0x00, 0x00, 0x00, 0x00, 0x00, 0x00, 0x00, 0x00, 0x00,
  0x00, 0x00, 0x00, 0x00, 0x00, 0x00, 0x00, 0x00, 0x00, 0x00, 0x00, 0x00, 0x00, 0x00, 0x00, 0x00,
  0x00, 0x00, 0x00, 0x00, 0x00, 0x00, 0x00, 0x00, 0x00, 0x00, 0x00, 0x00, 0x00, 0x00, 0x00, 0x00,
  0x00, 0x00, 0x00, 0x00, 0x00, 0x00, 0x00, 0x00, 0x00, 0x00, 0x00, 0x00, 0x00, 0x00, 0x00, 0x00,
  0x00, 0x00, 0x00, 0x00, 0x00, 0x00, 0x00, 0x00, 0x00, 0x00, 0x00, 0x00, 0x00, 0x00, 0x00, 0x00,
  0x00, 0x00, 0x00, 0x00, 0x00, 0x00, 0x00, 0x00, 0x00, 0x00, 0x00, 0x00, 0x00, 0x00, 0x00, 0x00,
  0x00, 0x00, 0x00, 0x00, 0x00, 0x00, 0x00, 0x00, 0x00, 0x00, 0x00, 0x00, 0x00, 0x00, 0x00, 0x00,
  0xff, 0x00, 0x00, 0x01, 0xff, 0x55, 0xaa, 0x03, 0xff, 0x7f, 0x7f, 0x06, 0xff, 0x7f, 0xaa, 0x06,
  0x00, 0x00, 0x00, 0x00, 0x00, 0x00, 0x00, 0x00, 0x00, 0x00, 0x00, 0x00, 0x00, 0x00, 0x00, 0x00,
  0xff, 0x00, 0xff, 0x01, 0xff, 0x6b, 0x89, 0x1a, 0xfa, 0x6d, 0x96, 0x38, 0xff, 0x6f, 0x96, 0x55,
  0xff, 0x70, 0x95, 0x6d, 0xf5, 0x6d, 0x90, 0x8a, 0xdf, 0x6c, 0x81, 0xc3, 0xd7, 0x6a, 0x7b, 0xf1,
  0xda, 0x6c, 0x7c, 0xff, 0xda, 0x6c, 0x7c, 0xff, 0xd8, 0x6a, 0x7b, 0xfe, 0xd9, 0x6c, 0x7c, 0xff,
  0xd6, 0x6c, 0x7b, 0xff, 0xd5, 0x6d, 0x7a, 0xff, 0xd4, 0x6e, 0x79, 0xff, 0xce, 0x6f, 0x76, 0xff,
  0xc7, 0x72, 0x72, 0xff, 0xc5, 0x74, 0x70, 0xfe, 0xc3, 0x77, 0x70, 0xfe, 0xbd, 0x7c, 0x6d, 0xff,
  0xb3, 0x80, 0x66, 0xff, 0xad, 0x84, 0x64, 0xff, 0xb1, 0x88, 0x67, 0xff, 0xb8, 0x8a, 0x6a, 0xff,
  0xbe, 0x8c, 0x6e, 0xfe, 0xc4, 0x8e, 0x72, 0xfe, 0xc9, 0x90, 0x76, 0xfe, 0xcc, 0x92, 0x79, 0xfe,
  0xcf, 0x94, 0x7a, 0xfe, 0xd2, 0x97, 0x7c, 0xfe, 0xd6, 0x98, 0x7e, 0xf9, 0xe5, 0xa3, 0x88, 0xfc,
  0xdd, 0x9e, 0x83, 0xeb, 0xdf, 0x9d, 0x86, 0x59, 0x00, 0x00, 0x00, 0x00, 0x00, 0x00, 0x00, 0x00,
  0xcc, 0x99, 0x66, 0x05, 0x00, 0x00, 0x00, 0x00, 0x00, 0x00, 0x00, 0x00, 0x00, 0x00, 0x00, 0x00,
  0x00, 0x00, 0x00, 0x00, 0x00, 0x00, 0x00, 0x00, 0x00, 0x00, 0x00, 0x00, 0x00, 0x00, 0x00, 0x00,
  0x00, 0x00, 0x00, 0x00, 0x00, 0x00, 0x00, 0x00, 0x00, 0x00, 0x00, 0x00, 0x00, 0x00, 0x00, 0x00,
  0x00, 0x00, 0x00, 0x00, 0x00, 0x00, 0x00, 0x00, 0x00, 0x00, 0x00, 0x00, 0x00, 0x00, 0x00, 0x00,
  0x00, 0x00, 0x00, 0x00, 0x00, 0x00, 0x00, 0x00, 0x00, 0x00, 0x00, 0x00, 0x00, 0x00, 0x00, 0x00,
  0x00, 0x00, 0x00, 0x00, 0x00, 0x00, 0x00, 0x00, 0x00, 0x00, 0x00, 0x00, 0x00, 0x00, 0x00, 0x00,
  0x00, 0x00, 0x00, 0x00, 0x00, 0x00, 0x00, 0x00, 0x00, 0x00, 0x00, 0x00, 0x00, 0x00, 0x00, 0x00,
  0x00, 0x00, 0x00, 0x00, 0x00, 0x00, 0x00, 0x00, 0x00, 0x00, 0x00, 0x00, 0x00, 0x00, 0x00, 0x00,
  0x00, 0x00, 0x00, 0x00, 0x00, 0x00, 0x00, 0x00, 0x00, 0x00, 0x00, 0x00, 0x00, 0x00, 0x00, 0x00,
  0x00, 0x00, 0x00, 0x00, 0x00, 0x00, 0x00, 0x00, 0x00, 0x00, 0x00, 0x00, 0x00, 0x00, 0x00, 0x00,
  0x00, 0x00, 0x00, 0x00, 0x00, 0x00, 0x00, 0x00, 0x00, 0x00, 0x00, 0x00, 0x00, 0x00, 0x00, 0x00,
  0x00, 0x00, 0x00, 0x00, 0x00, 0x00, 0x00, 0x00, 0x00, 0x00, 0x00, 0x00, 0x00, 0x00, 0x00, 0x00,
  0x00, 0x00, 0x00, 0x00, 0x00, 0x00, 0x00, 0x00, 0x00, 0x00, 0x00, 0x00, 0x00, 0x00, 0x00, 0x00,
  0x00, 0x00, 0x00, 0x00, 0x00, 0x00, 0x00, 0x00, 0x00, 0x00, 0x00, 0x00, 0xbf, 0x3f, 0x3f, 0x04,
  0xff, 0xff, 0xff, 0x01, 0xff, 0x7f, 0x7f, 0x02, 0x91, 0x66, 0x50, 0x23, 0x8d, 0x63, 0x4c, 0x90,
  0x8d, 0x63, 0x4b, 0xe3, 0x90, 0x65, 0x4c, 0xff, 0x91, 0x65, 0x4c, 0xff, 0x8d, 0x63, 0x4a, 0xfc,
  0x8f, 0x64, 0x4c, 0xfe, 0x92, 0x68, 0x4e, 0xfe, 0x97, 0x6b, 0x51, 0xfe, 0x9c, 0x6e, 0x56, 0xfe,
  0xa0, 0x72, 0x59, 0xfe, 0xa4, 0x76, 0x5c, 0xff, 0xaa, 0x7a, 0x60, 0xff, 0xae, 0x7d, 0x64, 0xff,
  0xb2, 0x81, 0x67, 0xff, 0xb5, 0x83, 0x69, 0xff, 0xb9, 0x86, 0x6c, 0xff, 0xbd, 0x89, 0x6f, 0xfe,
  0xc1, 0x8c, 0x71, 0xfe, 0xc5, 0x8e, 0x73, 0xfe, 0xc9, 0x91, 0x76, 0xfe, 0xcc, 0x93, 0x79, 0xfe,
  0xcf, 0x94, 0x7b, 0xff, 0xd3, 0x95, 0x7d, 0xfc, 0xd9, 0x99, 0x81, 0xff, 0xde, 0x9c, 0x84, 0xff,
  0xde, 0x9b, 0x83, 0xec, 0xdd, 0x9c, 0x84, 0xa5, 0xdd, 0x9e, 0x81, 0x35, 0x00, 0x00, 0x00, 0x00,
  0x00, 0x00, 0x00, 0x00, 0xff, 0xbf, 0x7f, 0x04, 0x00, 0x00, 0x00, 0x00, 0x00, 0x00, 0x00, 0x00,
  0x00, 0x00, 0x00, 0x00, 0x00, 0x00, 0x00, 0x00, 0x00, 0x00, 0x00, 0x00, 0x00, 0x00, 0x00, 0x00,
  0x00, 0x00, 0x00, 0x00, 0x00, 0x00, 0x00, 0x00, 0x00, 0x00, 0x00, 0x00, 0x00, 0x00, 0x00, 0x00,
  0x00, 0x00, 0x00, 0x00, 0x00, 0x00, 0x00, 0x00, 0x00, 0x00, 0x00, 0x00, 0x00, 0x00, 0x00, 0x00,
  0x00, 0x00, 0x00, 0x00, 0x00, 0x00, 0x00, 0x00, 0x00, 0x00, 0x00, 0x00, 0x00, 0x00, 0x00, 0x00,
  0x00, 0x00, 0x00, 0x00, 0x00, 0x00, 0x00, 0x00, 0x00, 0x00, 0x00, 0x00, 0x00, 0x00, 0x00, 0x00,
  0x00, 0x00, 0x00, 0x00, 0x00, 0x00, 0x00, 0x00, 0x00, 0x00, 0x00, 0x00, 0x00, 0x00, 0x00, 0x00,
  0x00, 0x00, 0x00, 0x00, 0x00, 0x00, 0x00, 0x00, 0x00, 0x00, 0x00, 0x00, 0x00, 0x00, 0x00, 0x00,
  0x00, 0x00, 0x00, 0x00, 0x00, 0x00, 0x00, 0x00, 0x00, 0x00, 0x00, 0x00, 0x00, 0x00, 0x00, 0x00,
  0x00, 0x00, 0x00, 0x00, 0x00, 0x00, 0x00, 0x00, 0x00, 0x00, 0x00, 0x00, 0x00, 0x00, 0x00, 0x00,
  0x00, 0x00, 0x00, 0x00, 0x00, 0x00, 0x00, 0x00, 0x00, 0x00, 0x00, 0x00, 0x00, 0x00, 0x00, 0x00,
  0x00, 0x00, 0x00, 0x00, 0x00, 0x00, 0x00, 0x00, 0x00, 0x00, 0x00, 0x00, 0x00, 0x00, 0x00, 0x00,
  0x00, 0x00, 0x00, 0x00, 0x00, 0x00, 0x00, 0x00, 0xff, 0xff, 0xff, 0x01, 0xff, 0x7f, 0x7f, 0x02,
  0xff, 0x55, 0xaa, 0x03, 0xff, 0x7f, 0x7f, 0x02, 0x00, 0x00, 0x00, 0x00, 0x00, 0x00, 0x00, 0x00,
  0x00, 0x00, 0x00, 0x00, 0x00, 0x00, 0x00, 0x00, 0x00, 0x00, 0x00, 0x00, 0x5c, 0x62, 0x2e, 0x2c,
  0x81, 0x62, 0x42, 0xc3, 0x8b, 0x68, 0x48, 0xf2, 0x82, 0x61, 0x42, 0xfc, 0x83, 0x62, 0x43, 0xfe,
  0x84, 0x63, 0x44, 0xfd, 0x88, 0x66, 0x48, 0xfe, 0x8c, 0x6a, 0x4b, 0xff, 0x92, 0x6d, 0x4f, 0xff,
  0x98, 0x72, 0x54, 0xff, 0x9e, 0x76, 0x59, 0xff, 0xa5, 0x79, 0x5d, 0xff, 0xaa, 0x7d, 0x61, 0xff,
  0xaf, 0x7f, 0x65, 0xff, 0xb5, 0x83, 0x69, 0xff, 0xbb, 0x85, 0x6d, 0xff, 0xc0, 0x88, 0x70, 0xfe,
  0xc4, 0x8a, 0x73, 0xfe, 0xc8, 0x8d, 0x75, 0xfe, 0xcb, 0x8f, 0x77, 0xfe, 0xce, 0x92, 0x7a, 0xfe,
  0xd0, 0x94, 0x7b, 0xfe, 0xd3, 0x95, 0x7d, 0xff, 0xd7, 0x97, 0x80, 0xf9, 0xdf, 0x9d, 0x86, 0xff,
  0xf1, 0xa9, 0x91, 0xff, 0xdc, 0x99, 0x83, 0xd1, 0xde, 0x99, 0x86, 0x4e, 0xdd, 0x99, 0x88, 0x0f,
  0xbf, 0x7f, 0x7f, 0x04, 0x00, 0x00, 0x00, 0x00, 0xff, 0xff, 0x7f, 0x02, 0x00, 0x00, 0x00, 0x00,
  0x00, 0x00, 0x00, 0x00, 0x00, 0x00, 0x00, 0x00, 0x00, 0x00, 0x00, 0x00, 0x00, 0x00, 0x00, 0x00,
  0x00, 0x00, 0x00, 0x00, 0x00, 0x00, 0x00, 0x00, 0x00, 0x00, 0x00, 0x00, 0x00, 0x00, 0x00, 0x00,
  0x00, 0x00, 0x00, 0x00, 0x00, 0x00, 0x00, 0x00, 0x00, 0x00, 0x00, 0x00, 0x00, 0x00, 0x00, 0x00,
  0x00, 0x00, 0x00, 0x00, 0x00, 0x00, 0x00, 0x00, 0x00, 0x00, 0x00, 0x00, 0x00, 0x00, 0x00, 0x00,
  0x00, 0x00, 0x00, 0x00, 0x00, 0x00, 0x00, 0x00, 0x00, 0x00, 0x00, 0x00, 0x00, 0x00, 0x00, 0x00,
  0x00, 0x00, 0x00, 0x00, 0x00, 0x00, 0x00, 0x00, 0x00, 0x00, 0x00, 0x00, 0x00, 0x00, 0x00, 0x00,
  0x00, 0x00, 0x00, 0x00, 0x00, 0x00, 0x00, 0x00, 0x00, 0x00, 0x00, 0x00, 0x00, 0x00, 0x00, 0x00,
  0x00, 0x00, 0x00, 0x00, 0x00, 0x00, 0x00, 0x00, 0x00, 0x00, 0x00, 0x00, 0x00, 0x00, 0x00, 0x00,
  0x00, 0x00, 0x00, 0x00, 0x00, 0x00, 0x00, 0x00, 0x00, 0x00, 0x00, 0x00, 0x00, 0x00, 0x00, 0x00,
  0x00, 0x00, 0x00, 0x00, 0x00, 0x00, 0x00, 0x00, 0x00, 0x00, 0x00, 0x00, 0x00, 0x00, 0x00, 0x00,
  0x00, 0x00, 0x00, 0x00, 0x00, 0x00, 0x00, 0x00, 0x00, 0x00, 0x00, 0x00, 0x00, 0x00, 0x00, 0x00,
  0x00, 0x00, 0x00, 0x00, 0x00, 0x00, 0x00, 0x00, 0x00, 0x00, 0x00, 0x00, 0x00, 0x00, 0x00, 0x00,
  0x00, 0x00, 0x00, 0x00, 0x00, 0x00, 0x00, 0x00, 0x00, 0x00, 0x00, 0x00, 0xff, 0x00, 0xff, 0x01,
  0x7f, 0x3f, 0x3f, 0x04, 0xff, 0x7f, 0x7f, 0x04, 0xff, 0xaa, 0xaa, 0x03, 0xa1, 0x5d, 0x5d, 0x13,
  0x90, 0x61, 0x4c, 0x78, 0x90, 0x63, 0x4d, 0xff, 0x9f, 0x6c, 0x55, 0xff, 0x90, 0x60, 0x4d, 0xfa,
  0x93, 0x63, 0x4f, 0xfd, 0x98, 0x68, 0x52, 0xff, 0x9d, 0x6c, 0x56, 0xfe, 0xa0, 0x6e, 0x5a, 0xff,
  0xa5, 0x72, 0x5d, 0xff, 0xaa, 0x76, 0x60, 0xff, 0xae, 0x7a, 0x64, 0xff, 0xb3, 0x7c, 0x66, 0xff,
  0xb5, 0x7f, 0x68, 0xfe, 0xb9, 0x81, 0x6b, 0xfe, 0xbe, 0x85, 0x6f, 0xff, 0xc1, 0x87, 0x71, 0xff,
  0xc4, 0x8a, 0x72, 0xfe, 0xc8, 0x8b, 0x76, 0xfe, 0xcb, 0x8e, 0x78, 0xfe, 0xce, 0x90, 0x7a, 0xfe,
  0xd2, 0x92, 0x7d, 0xfe, 0xd4, 0x94, 0x7e, 0xfe, 0xd7, 0x96, 0x80, 0xfe, 0xda, 0x99, 0x82, 0xfa,
  0xe1, 0x9d, 0x88, 0xfe, 0xf0, 0xa8, 0x90, 0xfa, 0xe1, 0x9b, 0x86, 0xa7, 0xe4, 0x93, 0x86, 0x13,
  0x00, 0x00, 0x00, 0x00, 0xff, 0xbf, 0x7f, 0x04, 0x00, 0x00, 0x00, 0x00, 0x00, 0x01, 0x00, 0x00,
  0x00, 0x00, 0x00, 0x00, 0x00, 0x00, 0x00, 0x00, 0x00, 0x00, 0x00, 0x00, 0x00, 0x00, 0x00, 0x00,
  0x00, 0x00, 0x00, 0x00, 0x00, 0x00, 0x00, 0x00, 0x00, 0x00, 0x00, 0x00, 0x00, 0x00, 0x00, 0x00,
  0x00, 0x00, 0x00, 0x00, 0x00, 0x00, 0x00, 0x00, 0x00, 0x00, 0x00, 0x00, 0x00, 0x00, 0x00, 0x00,
  0x00, 0x00, 0x00, 0x00, 0x00, 0x00, 0x00, 0x00, 0x00, 0x00, 0x00, 0x00, 0x00, 0x00, 0x00, 0x00,
  0x00, 0x00, 0x00, 0x00, 0x00, 0x00, 0x00, 0x00, 0x00, 0x00, 0x00, 0x00, 0x00, 0x00, 0x00, 0x00,
  0x00, 0x00, 0x00, 0x00, 0x00, 0x00, 0x00, 0x00, 0x00, 0x00, 0x00, 0x00, 0x00, 0x00, 0x00, 0x00,
  0x00, 0x00, 0x00, 0x00, 0x00, 0x00, 0x00, 0x00, 0x00, 0x00, 0x00, 0x00, 0x00, 0x00, 0x00, 0x00,
  0x00, 0x00, 0x00, 0x00, 0x00, 0x00, 0x00, 0x00, 0x00, 0x00, 0x00, 0x00, 0x00, 0x00, 0x00, 0x00,
  0x00, 0x00, 0x00, 0x00, 0x00, 0x00, 0x00, 0x00, 0x00, 0x00, 0x00, 0x00, 0x00, 0x00, 0x00, 0x00,
  0x00, 0x00, 0x00, 0x00, 0x00, 0x00, 0x00, 0x00, 0x00, 0x00, 0x00, 0x00, 0x00, 0x00, 0x00, 0x00,
  0x00, 0x00, 0x00, 0x00, 0x00, 0x00, 0x00, 0x00, 0x00, 0x00, 0x00, 0x00, 0x00, 0x00, 0x00, 0x00,
  0x00, 0x00, 0x00, 0x00, 0x00, 0x00, 0x00, 0x00, 0x00, 0x00, 0x00, 0x00, 0x00, 0x00, 0x00, 0x00,
  0x00, 0x00, 0x00, 0x00, 0x00, 0x00, 0x00, 0x00, 0x00, 0x00, 0x00, 0x00, 0x00, 0x00, 0x00, 0x00,
  0x00, 0x00, 0x00, 0x01, 0x7f, 0x7f, 0x3f, 0x04, 0x7f, 0x7f, 0x7f, 0x02, 0xbf, 0x7f, 0x3f, 0x04,
  0x8b, 0x61, 0x48, 0x54, 0x89, 0x5f, 0x48, 0xbb, 0x8c, 0x61, 0x4b, 0xfe, 0x95, 0x67, 0x50, 0xff,
  0x93, 0x64, 0x4f, 0xfb, 0x97, 0x67, 0x53, 0xfe, 0x9c, 0x6b, 0x56, 0xff, 0xa0, 0x6e, 0x59, 0xff,
  0xa4, 0x72, 0x5c, 0xfe, 0xa8, 0x76, 0x5f, 0xfe, 0xad, 0x79, 0x63, 0xff, 0xb1, 0x7d, 0x67, 0xff,
  0xb5, 0x7e, 0x69, 0xfe, 0xb9, 0x81, 0x6c, 0xfe, 0xbc, 0x84, 0x6f, 0xfe, 0xc1, 0x87, 0x72, 0xff,
  0xc5, 0x89, 0x74, 0xff, 0xc9, 0x8c, 0x76, 0xfe, 0xcc, 0x8e, 0x79, 0xfe, 0xcf, 0x90, 0x7b, 0xfe,
  0xd2, 0x92, 0x7d, 0xfe, 0xd6, 0x95, 0x80, 0xff, 0xd9, 0x96, 0x82, 0xfe, 0xdc, 0x98, 0x84, 0xfc,
  0xe0, 0x9b, 0x87, 0xfd, 0xe2, 0x9b, 0x88, 0xf9, 0xe7, 0x9d, 0x8a, 0xd2, 0xe7, 0x9b, 0x88, 0x6e,
  0xff, 0x7f, 0x7f, 0x02, 0x00, 0x00, 0x00, 0x00, 0xff, 0xbf, 0x7f, 0x04, 0x00, 0x00, 0x00, 0x01,
  0x00, 0x00, 0x00, 0x00, 0x00, 0x00, 0x00, 0x00, 0x00, 0x00, 0x00, 0x00, 0x00, 0x00, 0x00, 0x00,
  0x00, 0x00, 0x00, 0x00, 0x00, 0x00, 0x00, 0x00, 0x00, 0x00, 0x00, 0x00, 0x00, 0x00, 0x00, 0x00,
  0x00, 0x00, 0x00, 0x00, 0x00, 0x00, 0x00, 0x00, 0x00, 0x00, 0x00, 0x00, 0x00, 0x00, 0x00, 0x00,
  0x00, 0x00, 0x00, 0x00, 0x00, 0x00, 0x00, 0x00, 0x00, 0x00, 0x00, 0x00, 0x00, 0x00, 0x00, 0x00,
  0x00, 0x00, 0x00, 0x00, 0x00, 0x00, 0x00, 0x00, 0x00, 0x00, 0x00, 0x00, 0x00, 0x00, 0x00, 0x00,
  0x00, 0x00, 0x00, 0x00, 0x00, 0x00, 0x00, 0x00, 0x00, 0x00, 0x00, 0x00, 0x00, 0x00, 0x00, 0x00,
  0x00, 0x00, 0x00, 0x00, 0x00, 0x00, 0x00, 0x00, 0x00, 0x00, 0x00, 0x00, 0x00, 0x00, 0x00, 0x00,
  0x00, 0x00, 0x00, 0x00, 0x00, 0x00, 0x00, 0x00, 0x00, 0x00, 0x00, 0x00, 0x00, 0x00, 0x00, 0x00,
  0x00, 0x00, 0x00, 0x00, 0x00, 0x00, 0x00, 0x00, 0x00, 0x00, 0x00, 0x00, 0x00, 0x00, 0x00, 0x00,
  0x00, 0x00, 0x00, 0x00, 0x00, 0x00, 0x00, 0x00, 0x00, 0x00, 0x00, 0x00, 0x00, 0x00, 0x00, 0x00,
  0x00, 0x00, 0x00, 0x00, 0x00, 0x00, 0x00, 0x00, 0x00, 0x00, 0x00, 0x00, 0x00, 0x00, 0x00, 0x00,
  0x00, 0x00, 0x00, 0x00, 0x00, 0x00, 0x00, 0x00, 0x00, 0x00, 0x00, 0x00, 0x00, 0x00, 0x00, 0x00,
  0x00, 0x00, 0x00, 0x00, 0x00, 0x00, 0x00, 0x00, 0x00, 0x00, 0x00, 0x00, 0x00, 0x00, 0x00, 0x00,
  0x00, 0x00, 0x00, 0x00, 0x00, 0x00, 0x00, 0x01, 0x99, 0x66, 0x33, 0x05, 0x00, 0x00, 0x00, 0x00,
  0x88, 0x55, 0x55, 0x0f, 0x8c, 0x60, 0x4a, 0x97, 0x93, 0x65, 0x4e, 0xed, 0x8f, 0x62, 0x4c, 0xfc,
  0x93, 0x64, 0x4f, 0xfb, 0x97, 0x68, 0x53, 0xfd, 0x9c, 0x6b, 0x57, 0xfe, 0xa1, 0x6e, 0x5a, 0xfe,
  0xa5, 0x71, 0x5d, 0xff, 0xaa, 0x76, 0x61, 0xfe, 0xad, 0x7a, 0x64, 0xfe, 0xb2, 0x7c, 0x67, 0xfe,
  0xb6, 0x7f, 0x6a, 0xfe, 0xba, 0x81, 0x6d, 0xfe, 0xbe, 0x84, 0x70, 0xff, 0xc1, 0x87, 0x73, 0xff,
  0xc6, 0x89, 0x76, 0xfe, 0xc9, 0x8c, 0x78, 0xff, 0xcd, 0x8d, 0x79, 0xff, 0xd0, 0x8f, 0x7c, 0xfe,
  0xd3, 0x91, 0x7e, 0xfe, 0xd6, 0x93, 0x80, 0xfe, 0xda, 0x96, 0x83, 0xff, 0xdb, 0x97, 0x83, 0xfd,
  0xdf, 0x97, 0x85, 0xfa, 0xf3, 0xa6, 0x92, 0xff, 0xe4, 0x9a, 0x89, 0xfb, 0xe2, 0x97, 0x87, 0x8f,
  0xec, 0x97, 0x8b, 0x2a, 0xff, 0x00, 0x00, 0x01, 0x7f, 0x7f, 0x00, 0x02, 0xff, 0xaa, 0xaa, 0x03,
  0x00, 0x00, 0x00, 0x01, 0x00, 0x00, 0x00, 0x00, 0x00, 0x00, 0x00, 0x00, 0x00, 0x00, 0x00, 0x00,
  0x00, 0x00, 0x00, 0x00, 0x00, 0x00, 0x00, 0x00, 0x00, 0x00, 0x00, 0x00, 0x00, 0x00, 0x00, 0x00,
  0x00, 0x00, 0x00, 0x00, 0x00, 0x00, 0x00, 0x00, 0x00, 0x00, 0x00, 0x00, 0x00, 0x00, 0x00, 0x00,
  0x00, 0x00, 0x00, 0x00, 0x00, 0x00, 0x00, 0x00, 0x00, 0x00, 0x00, 0x00, 0x00, 0x00, 0x00, 0x00,
  0x00, 0x00, 0x00, 0x00, 0x00, 0x00, 0x00, 0x00, 0x00, 0x00, 0x00, 0x00, 0x00, 0x00, 0x00, 0x00,
  0x00, 0x00, 0x00, 0x00, 0x00, 0x00, 0x00, 0x00, 0x00, 0x00, 0x00, 0x00, 0x00, 0x00, 0x00, 0x00,
  0x00, 0x00, 0x00, 0x00, 0x00, 0x00, 0x00, 0x00, 0x00, 0x00, 0x00, 0x00, 0x00, 0x00, 0x00, 0x00,
  0x00, 0x00, 0x00, 0x00, 0x00, 0x00, 0x00, 0x00, 0x00, 0x00, 0x00, 0x00, 0x00, 0x00, 0x00, 0x00,
  0x00, 0x00, 0x00, 0x00, 0x00, 0x00, 0x00, 0x00, 0x00, 0x00, 0x00, 0x00, 0x00, 0x00, 0x00, 0x00,
  0x00, 0x00, 0x00, 0x00, 0x00, 0x00, 0x00, 0x00, 0x00, 0x00, 0x00, 0x00, 0x00, 0x00, 0x00, 0x00,
  0x00, 0x00, 0x00, 0x00, 0x00, 0x00, 0x00, 0x00, 0x00, 0x00, 0x00, 0x00, 0x00, 0x00, 0x00, 0x00,
  0x00, 0x00, 0x00, 0x00, 0x00, 0x00, 0x00, 0x00, 0x00, 0x00, 0x00, 0x00, 0x00, 0x00, 0x00, 0x00,
  0x00, 0x00, 0x00, 0x00, 0x00, 0x00, 0x00, 0x00, 0x00, 0x00, 0x00, 0x00, 0x00, 0x00, 0x00, 0x00,
  0x00, 0x00, 0x00, 0x00, 0xff, 0x00, 0x00, 0x01, 0x00, 0x00, 0x00, 0x00, 0x00, 0x00, 0x00, 0x00,
  0x55, 0x55, 0x55, 0x03, 0x8b, 0x5c, 0x51, 0x42, 0x8f, 0x5f, 0x4c, 0xcb, 0x9c, 0x6a, 0x54, 0xff,
  0x96, 0x64, 0x51, 0xff, 0x98, 0x67, 0x53, 0xf9, 0x9c, 0x6b, 0x58, 0xfe, 0xa1, 0x6f, 0x5b, 0xfe,
  0xa6, 0x72, 0x5d, 0xfe, 0xab, 0x74, 0x61, 0xfe, 0xb0, 0x79, 0x65, 0xff, 0xb3, 0x7c, 0x68, 0xff,
  0xb7, 0x7f, 0x6a, 0xfe, 0xbb, 0x81, 0x6d, 0xfe, 0xc0, 0x83, 0x70, 0xfe, 0xc3, 0x87, 0x74, 0xff,
  0xc7, 0x89, 0x76, 0xff, 0xcb, 0x8b, 0x79, 0xfe, 0xcd, 0x8d, 0x7b, 0xff, 0xd0, 0x8f, 0x7c, 0xff,
  0xd4, 0x91, 0x7e, 0xfe, 0xd8, 0x93, 0x80, 0xfe, 0xda, 0x94, 0x82, 0xfe, 0xdd, 0x96, 0x84, 0xfe,
  0xe0, 0x97, 0x86, 0xfc, 0xe2, 0x97, 0x87, 0xfb, 0xfb, 0xa8, 0x96, 0xff, 0xe7, 0x9a, 0x8b, 0xe8,
  0xea, 0x9d, 0x90, 0x4c, 0x00, 0x00, 0x00, 0x00, 0x00, 0x00, 0x00, 0x00, 0xff, 0xff, 0x00, 0x01,
  0xff, 0xff, 0xff, 0x01, 0x00, 0x00, 0x00, 0x00, 0x00, 0x00, 0x00, 0x00, 0x00, 0x00, 0x00, 0x00,
  0x00, 0x00, 0x00, 0x00, 0x00, 0x00, 0x00, 0x00, 0x00, 0x00, 0x00, 0x00, 0x00, 0x00, 0x00, 0x00,
  0x00, 0x00, 0x00, 0x00, 0x00, 0x00, 0x00, 0x00, 0x00, 0x00, 0x00, 0x00, 0x00, 0x00, 0x00, 0x00,
  0x00, 0x00, 0x00, 0x00, 0x00, 0x00, 0x00, 0x00, 0x00, 0x00, 0x00, 0x00, 0x00, 0x00, 0x00, 0x00,
  0x00, 0x00, 0x00, 0x00, 0x00, 0x00, 0x00, 0x00, 0x00, 0x00, 0x00, 0x00, 0x00, 0x00, 0x00, 0x00,
  0x00, 0x00, 0x00, 0x00, 0x00, 0x00, 0x00, 0x00, 0x00, 0x00, 0x00, 0x00, 0x00, 0x00, 0x00, 0x00,
  0x00, 0x00, 0x00, 0x00, 0x00, 0x00, 0x00, 0x00, 0x00, 0x00, 0x00, 0x00, 0x00, 0x00, 0x00, 0x00,
  0x00, 0x00, 0x00, 0x00, 0x00, 0x00, 0x00, 0x00, 0x00, 0x00, 0x00, 0x00, 0x00, 0x00, 0x00, 0x00,
  0x00, 0x00, 0x00, 0x00, 0x00, 0x00, 0x00, 0x00, 0x00, 0x00, 0x00, 0x00, 0x00, 0x00, 0x00, 0x00,
  0x00, 0x00, 0x00, 0x00, 0x00, 0x00, 0x00, 0x00, 0x00, 0x00, 0x00, 0x00, 0x00, 0x00, 0x00, 0x00,
  0x00, 0x00, 0x00, 0x00, 0x00, 0x00, 0x00, 0x00, 0x00, 0x00, 0x00, 0x00, 0x00, 0x00, 0x00, 0x00,
  0x00, 0x00, 0x00, 0x00, 0x00, 0x00, 0x00, 0x00, 0x00, 0x00, 0x00, 0x00, 0x00, 0x00, 0x00, 0x00,
  0x00, 0x00, 0x00, 0x00, 0x00, 0x00, 0x00, 0x00, 0x00, 0x00, 0x00, 0x00, 0x00, 0x00, 0x00, 0x00,
  0x00, 0x00, 0x00, 0x00, 0x00, 0x00, 0x00, 0x00, 0x99, 0x66, 0x66, 0x05, 0x00, 0x00, 0x00, 0x00,
  0x00, 0x00, 0x00, 0x00, 0x92, 0x61, 0x4b, 0x2f, 0x8e, 0x5d, 0x4d, 0xa1, 0x90, 0x60, 0x4d, 0xf3,
  0x9b, 0x68, 0x55, 0xff, 0x9c, 0x68, 0x56, 0xff, 0x9e, 0x6b, 0x59, 0xfb, 0xa1, 0x6e, 0x5d, 0xfe,
  0xa7, 0x73, 0x61, 0xff, 0xac, 0x76, 0x63, 0xff, 0xb0, 0x78, 0x65, 0xfe, 0xb4, 0x7b, 0x69, 0xfe,
  0xb8, 0x7e, 0x6c, 0xfe, 0xbc, 0x81, 0x6f, 0xff, 0xc0, 0x83, 0x72, 0xff, 0xc4, 0x85, 0x75, 0xfe,
  0xc8, 0x8a, 0x78, 0xfe, 0xca, 0x8b, 0x7a, 0xfe, 0xce, 0x8d, 0x7d, 0xff, 0xd1, 0x8e, 0x7e, 0xff,
  0xd5, 0x91, 0x80, 0xfe, 0xd8, 0x93, 0x82, 0xfe, 0xdb, 0x95, 0x84, 0xfe, 0xde, 0x95, 0x85, 0xfe,
  0xe1, 0x97, 0x87, 0xfc, 0xe6, 0x9a, 0x8b, 0xfd, 0xe7, 0x99, 0x8a, 0xfd, 0xf0, 0x9e, 0x8e, 0xf0,
  0xe7, 0x99, 0x8c, 0xb0, 0xeb, 0x96, 0x8f, 0x27, 0x00, 0x00, 0x00, 0x00, 0x00, 0x00, 0x00, 0x00,
  0xff, 0xaa, 0xaa, 0x03, 0x00, 0x00, 0x00, 0x00, 0x00, 0x00, 0x00, 0x00, 0x00, 0x00, 0x00, 0x00,
  0x00, 0x00, 0x00, 0x00, 0x00, 0x00, 0x00, 0x00, 0x00, 0x00, 0x00, 0x00, 0x00, 0x00, 0x00, 0x00,
  0x00, 0x00, 0x00, 0x00, 0x00, 0x00, 0x00, 0x00, 0x00, 0x00, 0x00, 0x00, 0x00, 0x00, 0x00, 0x00,
  0x00, 0x00, 0x00, 0x00, 0x00, 0x00, 0x00, 0x00, 0x00, 0x00, 0x00, 0x00, 0x00, 0x00, 0x00, 0x00,
  0x00, 0x00, 0x00, 0x00, 0x00, 0x00, 0x00, 0x00, 0x00, 0x00, 0x00, 0x00, 0x00, 0x00, 0x00, 0x00,
  0x00, 0x00, 0x00, 0x00, 0x00, 0x00, 0x00, 0x00, 0x00, 0x00, 0x00, 0x00, 0x00, 0x00, 0x00, 0x00,
  0x00, 0x00, 0x00, 0x00, 0x00, 0x00, 0x00, 0x00, 0x00, 0x00, 0x00, 0x00, 0x00, 0x00, 0x00, 0x00,
  0x00, 0x00, 0x00, 0x00, 0x00, 0x00, 0x00, 0x00, 0x00, 0x00, 0x00, 0x00, 0x00, 0x00, 0x00, 0x00,
  0x00, 0x00, 0x00, 0x00, 0x00, 0x00, 0x00, 0x00, 0x00, 0x00, 0x00, 0x00, 0x00, 0x00, 0x00, 0x00,
  0x00, 0x00, 0x00, 0x00, 0x00, 0x00, 0x00, 0x00, 0x00, 0x00, 0x00, 0x00, 0x00, 0x00, 0x00, 0x00,
  0x00, 0x00, 0x00, 0x00, 0x00, 0x00, 0x00, 0x00, 0x00, 0x00, 0x00, 0x00, 0x00, 0x00, 0x00, 0x00,
  0x00, 0x00, 0x00, 0x00, 0x00, 0x00, 0x00, 0x00, 0x00, 0x00, 0x00, 0x00, 0x00, 0x00, 0x00, 0x00,
  0x00, 0x00, 0x00, 0x00, 0x00, 0x00, 0x00, 0x00, 0x00, 0x00, 0x00, 0x00, 0x00, 0x00, 0x00, 0x00,
  0x00, 0x00, 0x00, 0x00, 0x00, 0x00, 0x00, 0x00, 0x00, 0x00, 0x00, 0x00, 0x99, 0x66, 0x66, 0x05,
  0xff, 0xff, 0x00, 0x01, 0x8b, 0x5c, 0x45, 0x0b, 0x90, 0x5d, 0x4a, 0x6a, 0x92, 0x61, 0x4f, 0xe7,
  0x98, 0x66, 0x54, 0xff, 0x99, 0x67, 0x56, 0xfb, 0xa0, 0x6b, 0x5a, 0xff, 0xa4, 0x6f, 0x5d, 0xfe,
  0xa7, 0x72, 0x61, 0xfe, 0xad, 0x77, 0x65, 0xff, 0xb2, 0x79, 0x67, 0xff, 0xb5, 0x7b, 0x69, 0xfe,
  0xb9, 0x7d, 0x6c, 0xfe, 0xbc, 0x80, 0x6f, 0xfe, 0xc1, 0x83, 0x73, 0xff, 0xc4, 0x85, 0x75, 0xff,
  0xc8, 0x87, 0x77, 0xfe, 0xcc, 0x8a, 0x7a, 0xfe, 0xce, 0x8c, 0x7c, 0xfe, 0xd2, 0x8f, 0x7f, 0xff,
  0xd5, 0x90, 0x81, 0xff, 0xd9, 0x91, 0x82, 0xfe, 0xdc, 0x93, 0x85, 0xfe, 0xdf, 0x95, 0x86, 0xfe,
  0xe1, 0x95, 0x87, 0xfe, 0xe1, 0x95, 0x88, 0xfc, 0xec, 0x9c, 0x8f, 0xff, 0xeb, 0x9b, 0x8c, 0xff,
  0xe6, 0x96, 0x89, 0xc5, 0xe9, 0x97, 0x8d, 0x5e, 0xf0, 0x8d, 0x8d, 0x12, 0xff, 0xaa, 0xaa, 0x03,
  0x00, 0x00, 0x00, 0x00, 0xff, 0x55, 0xaa, 0x03, 0x00, 0x00, 0x00, 0x00, 0x00, 0x00, 0x00, 0x00,
  0x00, 0x00, 0x00, 0x00, 0x00, 0x00, 0x00, 0x00, 0x00, 0x00, 0x00, 0x00, 0x00, 0x00, 0x00, 0x00,
  0x00, 0x00, 0x00, 0x00, 0x00, 0x00, 0x00, 0x00, 0x00, 0x00, 0x00, 0x00, 0x00, 0x00, 0x00, 0x00,
  0x00, 0x00, 0x00, 0x00, 0x00, 0x00, 0x00, 0x00, 0x00, 0x00, 0x00, 0x00, 0x00, 0x00, 0x00, 0x00,
  0x00, 0x00, 0x00, 0x00, 0x00, 0x00, 0x00, 0x00, 0x00, 0x00, 0x00, 0x00, 0x00, 0x00, 0x00, 0x00,
  0x00, 0x00, 0x00, 0x00, 0x00, 0x00, 0x00, 0x00, 0x00, 0x00, 0x00, 0x00, 0x00, 0x00, 0x00, 0x00,
  0x00, 0x00, 0x00, 0x00, 0x00, 0x00, 0x00, 0x00, 0x00, 0x00, 0x00, 0x00, 0x00, 0x00, 0x00, 0x00,
  0x00, 0x00, 0x00, 0x00, 0x00, 0x00, 0x00, 0x00, 0x00, 0x00, 0x00, 0x00, 0x00, 0x00, 0x00, 0x00,
  0x00, 0x00, 0x00, 0x00, 0x00, 0x00, 0x00, 0x00, 0x00, 0x00, 0x00, 0x00, 0x00, 0x00, 0x00, 0x00,
  0x00, 0x00, 0x00, 0x00, 0x00, 0x00, 0x00, 0x00, 0x00, 0x00, 0x00, 0x00, 0x00, 0x00, 0x00, 0x00,
  0x00, 0x00, 0x00, 0x00, 0x00, 0x00, 0x00, 0x00, 0x00, 0x00, 0x00, 0x00, 0x00, 0x00, 0x00, 0x00,
  0x00, 0x00, 0x00, 0x00, 0x00, 0x00, 0x00, 0x00, 0x00, 0x00, 0x00, 0x00, 0x00, 0x00, 0x00, 0x00,
  0x00, 0x00, 0x00, 0x00, 0x00, 0x00, 0x00, 0x00, 0x00, 0x00, 0x00, 0x00, 0x00, 0x00, 0x00, 0x00,
  0x00, 0x00, 0x00, 0x00, 0x00, 0x00, 0x00, 0x00, 0xff, 0x00, 0x00, 0x01, 0x00, 0x00, 0x00, 0x01,
  0x00, 0x00, 0x00, 0x01, 0x7f, 0x5f, 0x3f, 0x08, 0x8d, 0x61, 0x50, 0x3f, 0x93, 0x60, 0x4f, 0xa9,
  0x99, 0x65, 0x54, 0xff, 0xa3, 0x6c, 0x5c, 0xff, 0xa1, 0x6c, 0x5d, 0xf9, 0xa5, 0x6e, 0x5e, 0xfe,
  0xaa, 0x73, 0x61, 0xfe, 0xae, 0x77, 0x65, 0xfe, 0xb2, 0x79, 0x69, 0xfe, 0xb7, 0x7b, 0x6c, 0xfe,
  0xbb, 0x7e, 0x6e, 0xfe, 0xbf, 0x80, 0x71, 0xfe, 0xc2, 0x83, 0x74, 0xfe, 0xc6, 0x86, 0x77, 0xff,
  0xc9, 0x87, 0x78, 0xff, 0xcc, 0x88, 0x7a, 0xfe, 0xd0, 0x8b, 0x7d, 0xfe, 0xd4, 0x8d, 0x7f, 0xfe,
  0xd7, 0x90, 0x82, 0xfe, 0xd9, 0x91, 0x84, 0xfe, 0xdc, 0x92, 0x85, 0xfe, 0xdf, 0x94, 0x87, 0xfe,
  0xe2, 0x95, 0x88, 0xfe, 0xe5, 0x96, 0x8a, 0xff, 0xe5, 0x96, 0x8b, 0xfd, 0xed, 0x9a, 0x8f, 0xff,
  0xea, 0x99, 0x8c, 0xee, 0xeb, 0x99, 0x8c, 0x83, 0xf2, 0x91, 0x91, 0x15, 0x00, 0x00, 0x00, 0x00,
  0xff, 0x7f, 0x7f, 0x02, 0x00, 0x00, 0x00, 0x00, 0xff, 0x00, 0x00, 0x01, 0x00, 0x00, 0x00, 0x00,
  0x00, 0x00, 0x00, 0x00, 0x00, 0x00, 0x00, 0x00, 0x00, 0x00, 0x00, 0x00, 0x00, 0x00, 0x00, 0x00,
  0x00, 0x00, 0x00, 0x00, 0x00, 0x00, 0x00, 0x00, 0x00, 0x00, 0x00, 0x00, 0x00, 0x00, 0x00, 0x00,
  0x00, 0x00, 0x00, 0x00, 0x00, 0x00, 0x00, 0x00, 0x00, 0x00, 0x00, 0x00, 0x00, 0x00, 0x00, 0x00,
  0x00, 0x00, 0x00, 0x00, 0x00, 0x00, 0x00, 0x00, 0x00, 0x00, 0x00, 0x00, 0x00, 0x00, 0x00, 0x00,
  0x00, 0x00, 0x00, 0x00, 0x00, 0x00, 0x00, 0x00, 0x00, 0x00, 0x00, 0x00, 0x00, 0x00, 0x00, 0x00,
  0x00, 0x00, 0x00, 0x00, 0x00, 0x00, 0x00, 0x00, 0x00, 0x00, 0x00, 0x00, 0x00, 0x00, 0x00, 0x00,
  0x00, 0x00, 0x00, 0x00, 0x00, 0x00, 0x00, 0x00, 0x00, 0x00, 0x00, 0x00, 0x00, 0x00, 0x00, 0x00,
  0x00, 0x00, 0x00, 0x00, 0x00, 0x00, 0x00, 0x00, 0x00, 0x00, 0x00, 0x00, 0x00, 0x00, 0x00, 0x00,
  0x00, 0x00, 0x00, 0x00, 0x00, 0x00, 0x00, 0x00, 0x00, 0x00, 0x00, 0x00, 0x00, 0x00, 0x00, 0x00,
  0x00, 0x00, 0x00, 0x00, 0x00, 0x00, 0x00, 0x00, 0x00, 0x00, 0x00, 0x00, 0x00, 0x00, 0x00, 0x00,
  0x00, 0x00, 0x00, 0x00, 0x00, 0x00, 0x00, 0x00, 0x00, 0x00, 0x00, 0x00, 0x00, 0x00, 0x00, 0x00,
  0x00, 0x00, 0x00, 0x00, 0x00, 0x00, 0x00, 0x00, 0x00, 0x00, 0x00, 0x00, 0x00, 0x00, 0x00, 0x00,
  0x00, 0x00, 0x00, 0x00, 0x00, 0x00, 0x00, 0x00, 0x00, 0x00, 0x00, 0x00, 0xaa, 0x55, 0x55, 0x03,
  0xff, 0xff, 0xff, 0x01, 0x00, 0x00, 0x00, 0x00, 0x8f, 0x5f, 0x4f, 0x10, 0x95, 0x62, 0x55, 0x8c,
  0x9a, 0x66, 0x56, 0xe6, 0xa0, 0x69, 0x5a, 0xff, 0xa5, 0x6d, 0x5e, 0xfe, 0xa7, 0x6f, 0x60, 0xfa,
  0xaa, 0x71, 0x63, 0xff, 0xaf, 0x76, 0x65, 0xfe, 0xb3, 0x79, 0x68, 0xfe, 0xb8, 0x7b, 0x6c, 0xfe,
  0xbc, 0x7e, 0x6f, 0xfe, 0xc0, 0x80, 0x72, 0xfe, 0xc4, 0x83, 0x74, 0xfe, 0xc7, 0x85, 0x76, 0xfe,
  0xca, 0x87, 0x79, 0xfe, 0xcd, 0x89, 0x7b, 0xff, 0xd0, 0x8a, 0x7d, 0xff, 0xd4, 0x8d, 0x80, 0xfe,
  0xd8, 0x8e, 0x82, 0xfe, 0xdb, 0x90, 0x84, 0xfe, 0xdc, 0x91, 0x86, 0xfe, 0xdf, 0x92, 0x86, 0xfe,
  0xe2, 0x94, 0x88, 0xfe, 0xe5, 0x95, 0x8a, 0xfd, 0xe9, 0x97, 0x8c, 0xff, 0xef, 0x9a, 0x90, 0xfc,
  0xed, 0x98, 0x8f, 0xf6, 0xeb, 0x99, 0x8d, 0xc2, 0xf1, 0x9b, 0x91, 0x4d, 0x00, 0x00, 0x00, 0x00,
  0x00, 0x00, 0x00, 0x00, 0xff, 0x7f, 0x7f, 0x04, 0x00, 0x00, 0x00, 0x00, 0x00, 0x00, 0x00, 0x00,
  0x00, 0x00, 0x00, 0x00, 0x00, 0x00, 0x00, 0x00, 0x00, 0x00, 0x00, 0x00, 0x00, 0x00, 0x00, 0x00,
  0x00, 0x00, 0x00, 0x00, 0x00, 0x00, 0x00, 0x00, 0x00, 0x00, 0x00, 0x00, 0x00, 0x00, 0x00, 0x00,
  0x00, 0x00, 0x00, 0x00, 0x00, 0x00, 0x00, 0x00, 0x00, 0x00, 0x00, 0x00, 0x00, 0x00, 0x00, 0x00,
  0x00, 0x00, 0x00, 0x00, 0x00, 0x00, 0x00, 0x00, 0x00, 0x00, 0x00, 0x00, 0x00, 0x00, 0x00, 0x00,
  0x00, 0x00, 0x00, 0x00, 0x00, 0x00, 0x00, 0x00, 0x00, 0x00, 0x00, 0x00, 0x00, 0x00, 0x00, 0x00,
  0x00, 0x00, 0x00, 0x00, 0x00, 0x00, 0x00, 0x00, 0x00, 0x00, 0x00, 0x00, 0x00, 0x00, 0x00, 0x00,
  0x00, 0x00, 0x00, 0x00, 0x00, 0x00, 0x00, 0x00, 0x00, 0x00, 0x00, 0x00, 0x00, 0x00, 0x00, 0x00,
  0x00, 0x00, 0x00, 0x00, 0x00, 0x00, 0x00, 0x00, 0x00, 0x00, 0x00, 0x00, 0x00, 0x00, 0x00, 0x00,
  0x00, 0x00, 0x00, 0x00, 0x00, 0x00, 0x00, 0x00, 0x00, 0x00, 0x00, 0x00, 0x00, 0x00, 0x00, 0x00,
  0x00, 0x00, 0x00, 0x00, 0x00, 0x00, 0x00, 0x00, 0x00, 0x00, 0x00, 0x00, 0x00, 0x00, 0x00, 0x00,
  0x00, 0x00, 0x00, 0x00, 0x00, 0x00, 0x00, 0x00, 0x00, 0x00, 0x00, 0x00, 0x00, 0x00, 0x00, 0x00,
  0x00, 0x00, 0x00, 0x00, 0x00, 0x00, 0x00, 0x00, 0x00, 0x00, 0x00, 0x00, 0x00, 0x00, 0x00, 0x00,
  0x00, 0x00, 0x00, 0x00, 0x00, 0x00, 0x00, 0x00, 0x00, 0x00, 0x00, 0x00, 0x00, 0x00, 0x00, 0x00,
  0xaa, 0x55, 0x55, 0x03, 0xff, 0xff, 0xff, 0x01, 0x7f, 0x7f, 0x7f, 0x02, 0x99, 0x66, 0x5a, 0x2d,
  0x9a, 0x65, 0x59, 0xcb, 0xa7, 0x6e, 0x60, 0xff, 0xa2, 0x6b, 0x5e, 0xfc, 0xa7, 0x6d, 0x60, 0xfe,
  0xab, 0x71, 0x63, 0xfe, 0xb0, 0x75, 0x68, 0xff, 0xb4, 0x77, 0x6a, 0xfe, 0xb8, 0x7a, 0x6c, 0xfe,
  0xbd, 0x7e, 0x70, 0xff, 0xc0, 0x81, 0x73, 0xff, 0xc4, 0x82, 0x76, 0xfe, 0xc8, 0x86, 0x77, 0xfe,
  0xcb, 0x87, 0x79, 0xfe, 0xce, 0x88, 0x7c, 0xfe, 0xd1, 0x8a, 0x7f, 0xff, 0xd4, 0x8d, 0x81, 0xff,
  0xd8, 0x8f, 0x83, 0xfe, 0xdb, 0x8f, 0x85, 0xfe, 0xde, 0x90, 0x87, 0xfe, 0xe0, 0x91, 0x87, 0xfe,
  0xe3, 0x92, 0x88, 0xfe, 0xe5, 0x94, 0x8a, 0xfe, 0xe7, 0x94, 0x8b, 0xfc, 0xec, 0x97, 0x8f, 0xff,
  0xfa, 0x9f, 0x97, 0xff, 0xee, 0x97, 0x8f, 0xe3, 0xee, 0x99, 0x8f, 0x7b, 0xea, 0x9a, 0x93, 0x26,
  0xff, 0x7f, 0x7f, 0x02, 0xff, 0x00, 0x00, 0x01, 0xff, 0x7f, 0x7f, 0x04, 0x00, 0x00, 0x00, 0x00,
  0x00, 0x00, 0x00, 0x00, 0x00, 0x00, 0x00, 0x00, 0x00, 0x00, 0x00, 0x00, 0x00, 0x00, 0x00, 0x00,
  0x00, 0x00, 0x00, 0x00, 0x00, 0x00, 0x00, 0x00, 0x00, 0x00, 0x00, 0x00, 0x00, 0x00, 0x00, 0x00,
  0x00, 0x00, 0x00, 0x00, 0x00, 0x00, 0x00, 0x00, 0x00, 0x00, 0x00, 0x00, 0x00, 0x00, 0x00, 0x00,
  0x00, 0x00, 0x00, 0x00, 0x00, 0x00, 0x00, 0x00, 0x00, 0x00, 0x00, 0x00, 0x00, 0x00, 0x00, 0x00,
  0x00, 0x00, 0x00, 0x00, 0x00, 0x00, 0x00, 0x00, 0x00, 0x00, 0x00, 0x00, 0x00, 0x00, 0x00, 0x00,
  0x00, 0x00, 0x00, 0x00, 0x00, 0x00, 0x00, 0x00, 0x00, 0x00, 0x00, 0x00, 0x00, 0x00, 0x00, 0x00,
  0x00, 0x00, 0x00, 0x00, 0x00, 0x00, 0x00, 0x00, 0x00, 0x00, 0x00, 0x00, 0x00, 0x00, 0x00, 0x00,
  0x00, 0x00, 0x00, 0x00, 0x00, 0x00, 0x00, 0x00, 0x00, 0x00, 0x00, 0x00, 0x00, 0x00, 0x00, 0x00,
  0x00, 0x00, 0x00, 0x00, 0x00, 0x00, 0x00, 0x00, 0x00, 0x00, 0x00, 0x00, 0x00, 0x00, 0x00, 0x00,
  0x00, 0x00, 0x00, 0x00, 0x00, 0x00, 0x00, 0x00, 0x00, 0x00, 0x00, 0x00, 0x00, 0x00, 0x00, 0x00,
  0x00, 0x00, 0x00, 0x00, 0x00, 0x00, 0x00, 0x00, 0x00, 0x00, 0x00, 0x00, 0x00, 0x00, 0x00, 0x00,
  0x00, 0x00, 0x00, 0x00, 0x00, 0x00, 0x00, 0x00, 0x00, 0x00, 0x00, 0x00, 0x00, 0x00, 0x00, 0x00,
  0x00, 0x00, 0x00, 0x00, 0x00, 0x00, 0x00, 0x00, 0x00, 0x00, 0x00, 0x00, 0x00, 0x00, 0x00, 0x00,
  0x7f, 0x7f, 0x7f, 0x02, 0xff, 0x00, 0x00, 0x01, 0xaa, 0x55, 0x55, 0x03, 0xa0, 0x67, 0x5e, 0x1b,
  0xa1, 0x67, 0x5b, 0x6a, 0xa0, 0x68, 0x5d, 0xe8, 0xb0, 0x73, 0x66, 0xff, 0xa8, 0x6e, 0x62, 0xfd,
  0xae, 0x71, 0x65, 0xfd, 0xb1, 0x75, 0x68, 0xff, 0xb6, 0x78, 0x6c, 0xfe, 0xba, 0x7a, 0x6f, 0xfe,
  0xbe, 0x7c, 0x72, 0xfe, 0xc2, 0x80, 0x75, 0xff, 0xc5, 0x83, 0x77, 0xff, 0xc9, 0x84, 0x79, 0xfe,
  0xcc, 0x87, 0x7c, 0xfe, 0xcf, 0x88, 0x7d, 0xfe, 0xd3, 0x89, 0x7f, 0xfe, 0xd7, 0x8c, 0x82, 0xff,
  0xd9, 0x8e, 0x85, 0xff, 0xdc, 0x90, 0x87, 0xfe, 0xde, 0x91, 0x88, 0xfe, 0xe1, 0x92, 0x89, 0xff,
  0xe4, 0x93, 0x89, 0xff, 0xe6, 0x93, 0x8a, 0xff, 0xe9, 0x94, 0x8d, 0xfe, 0xe9, 0x94, 0x8e, 0xfe,
  0xee, 0x95, 0x8f, 0xfe, 0xf8, 0x9b, 0x95, 0xff, 0xee, 0x96, 0x8f, 0xbe, 0xef, 0x9a, 0x94, 0x30,
  0xff, 0xbf, 0xbf, 0x04, 0xff, 0xff, 0xff, 0x02, 0xff, 0x00, 0x00, 0x01, 0xff, 0x00, 0x00, 0x01,
  0x00, 0x00, 0x00, 0x00, 0x00, 0x00, 0x00, 0x00, 0x00, 0x00, 0x00, 0x00, 0x00, 0x00, 0x00, 0x00,
  0x00, 0x00, 0x00, 0x00, 0x00, 0x00, 0x00, 0x00, 0x00, 0x00, 0x00, 0x00, 0x00, 0x00, 0x00, 0x00,
  0x00, 0x00, 0x00, 0x00, 0x00, 0x00, 0x00, 0x00, 0x00, 0x00, 0x00, 0x00, 0x00, 0x00, 0x00, 0x00,
  0x00, 0x00, 0x00, 0x00, 0x00, 0x00, 0x00, 0x00, 0x00, 0x00, 0x00, 0x00, 0x00, 0x00, 0x00, 0x00,
  0x00, 0x00, 0x00, 0x00, 0x00, 0x00, 0x00, 0x00, 0x00, 0x00, 0x00, 0x00, 0x00, 0x00, 0x00, 0x00,
  0x00, 0x00, 0x00, 0x00, 0x00, 0x00, 0x00, 0x00, 0x00, 0x00, 0x00, 0x00, 0x00, 0x00, 0x00, 0x00,
  0x00, 0x00, 0x00, 0x00, 0x00, 0x00, 0x00, 0x00, 0x00, 0x00, 0x00, 0x00, 0x00, 0x00, 0x00, 0x00,
  0x00, 0x00, 0x00, 0x00, 0x00, 0x00, 0x00, 0x00, 0x00, 0x00, 0x00, 0x00, 0x00, 0x00, 0x00, 0x00,
  0x00, 0x00, 0x00, 0x00, 0x00, 0x00, 0x00, 0x00, 0x00, 0x00, 0x00, 0x00, 0x00, 0x00, 0x00, 0x00,
  0x00, 0x00, 0x00, 0x00, 0x00, 0x00, 0x00, 0x00, 0x00, 0x00, 0x00, 0x00, 0x00, 0x00, 0x00, 0x00,
  0x00, 0x00, 0x00, 0x00, 0x00, 0x00, 0x00, 0x00, 0x00, 0x00, 0x00, 0x00, 0x00, 0x00, 0x00, 0x00,
  0x00, 0x00, 0x00, 0x00, 0x00, 0x00, 0x00, 0x00, 0x00, 0x00, 0x00, 0x00, 0x00, 0x00, 0x00, 0x00,
  0x00, 0x00, 0x00, 0x00, 0x00, 0x00, 0x00, 0x00, 0x00, 0x00, 0x00, 0x00, 0x00, 0x00, 0x00, 0x00,
  0x00, 0x00, 0x00, 0x00, 0x7f, 0x55, 0x55, 0x06, 0x00, 0x00, 0x00, 0x00, 0x00, 0x00, 0x00, 0x00,
  0xa1, 0x68, 0x5d, 0x4c, 0xa0, 0x69, 0x5d, 0xbd, 0xa6, 0x6c, 0x61, 0xf6, 0xaf, 0x72, 0x67, 0xfc,
  0xad, 0x71, 0x66, 0xfe, 0xb3, 0x74, 0x69, 0xfd, 0xb7, 0x77, 0x6b, 0xff, 0xba, 0x7a, 0x6f, 0xfe,
  0xbe, 0x7b, 0x72, 0xfe, 0xc2, 0x7e, 0x75, 0xff, 0xc6, 0x82, 0x78, 0xff, 0xc9, 0x84, 0x7a, 0xff,
  0xcd, 0x85, 0x7c, 0xfe, 0xd0, 0x87, 0x7f, 0xff, 0xd3, 0x8a, 0x81, 0xff, 0xd7, 0x8c, 0x83, 0xff,
  0xda, 0x8d, 0x84, 0xff, 0xdc, 0x8e, 0x87, 0xff, 0xdf, 0x90, 0x89, 0xfe, 0xe1, 0x91, 0x8a, 0xfe,
  0xe4, 0x92, 0x8b, 0xff, 0xe7, 0x93, 0x8c, 0xff, 0xe9, 0x93, 0x8d, 0xff, 0xeb, 0x93, 0x8e, 0xfc,
  0xf2, 0x97, 0x93, 0xfe, 0xef, 0x94, 0x90, 0xfe, 0xf1, 0x94, 0x8f, 0xde, 0xf0, 0x94, 0x8f, 0x7c,
  0xe7, 0x8b, 0x8b, 0x0b, 0x00, 0x00, 0x00, 0x00, 0xff, 0x7f, 0x7f, 0x04, 0xff, 0x00, 0x00, 0x01,
  0x00, 0x00, 0x00, 0x00, 0x00, 0x00, 0x00, 0x00, 0x00, 0x00, 0x00, 0x00, 0x00, 0x00, 0x00, 0x00,
  0x00, 0x00, 0x00, 0x00, 0x00, 0x00, 0x00, 0x00, 0x00, 0x00, 0x00, 0x00, 0x00, 0x00, 0x00, 0x00,
  0x00, 0x00, 0x00, 0x00, 0x00, 0x00, 0x00, 0x00, 0x00, 0x00, 0x00, 0x00, 0x00, 0x00, 0x00, 0x00,
  0x00, 0x00, 0x00, 0x00, 0x00, 0x00, 0x00, 0x00, 0x00, 0x00, 0x00, 0x00, 0x00, 0x00, 0x00, 0x00,
  0x00, 0x00, 0x00, 0x00, 0x00, 0x00, 0x00, 0x00, 0x00, 0x00, 0x00, 0x00, 0x00, 0x00, 0x00, 0x00,
  0x00, 0x00, 0x00, 0x00, 0x00, 0x00, 0x00, 0x00, 0x00, 0x00, 0x00, 0x00, 0x00, 0x00, 0x00, 0x00,
  0x00, 0x00, 0x00, 0x00, 0x00, 0x00, 0x00, 0x00, 0x00, 0x00, 0x00, 0x00, 0x00, 0x00, 0x00, 0x00,
  0x00, 0x00, 0x00, 0x00, 0x00, 0x00, 0x00, 0x00, 0x00, 0x00, 0x00, 0x00, 0x00, 0x00, 0x00, 0x00,
  0x00, 0x00, 0x00, 0x00, 0x00, 0x00, 0x00, 0x00, 0x00, 0x00, 0x00, 0x00, 0x00, 0x00, 0x00, 0x00,
  0x00, 0x00, 0x00, 0x00, 0x00, 0x00, 0x00, 0x00, 0x00, 0x00, 0x00, 0x00, 0x00, 0x00, 0x00, 0x00,
  0x00, 0x00, 0x00, 0x00, 0x00, 0x00, 0x00, 0x00, 0x00, 0x00, 0x00, 0x00, 0x00, 0x00, 0x00, 0x00,
  0x00, 0x00, 0x00, 0x00, 0x00, 0x00, 0x00, 0x00, 0x00, 0x00, 0x00, 0x00, 0x00, 0x00, 0x00, 0x00,
  0x00, 0x00, 0x00, 0x00, 0x00, 0x00, 0x00, 0x00, 0x00, 0x00, 0x00, 0x00, 0x00, 0x00, 0x00, 0x00,
  0x00, 0x00, 0x00, 0x00, 0x00, 0x00, 0x00, 0x00, 0x91, 0x6d, 0x6d, 0x07, 0x00, 0x00, 0x00, 0x00,
  0x7f, 0x7f, 0x7f, 0x02, 0xa4, 0x6b, 0x60, 0x87, 0xa5, 0x6c, 0x61, 0xfc, 0xaf, 0x70, 0x65, 0xff,
  0xaf, 0x71, 0x67, 0xfc, 0xb2, 0x73, 0x6a, 0xff, 0xb6, 0x76, 0x6d, 0xfe, 0xbb, 0x79, 0x6f, 0xfe,
  0xbf, 0x7c, 0x73, 0xfe, 0xc3, 0x7d, 0x75, 0xff, 0xc7, 0x80, 0x78, 0xff, 0xcb, 0x83, 0x7b, 0xff,
  0xcd, 0x85, 0x7d, 0xff, 0xd0, 0x86, 0x7f, 0xfe, 0xd4, 0x88, 0x81, 0xff, 0xd7, 0x8b, 0x84, 0xff,
  0xda, 0x8d, 0x86, 0xff, 0xdd, 0x8d, 0x86, 0xff, 0xdf, 0x8d, 0x87, 0xfe, 0xe2, 0x8f, 0x89, 0xfe,
  0xe4, 0x91, 0x8b, 0xfe, 0xe7, 0x92, 0x8d, 0xfe, 0xe9, 0x93, 0x8e, 0xff, 0xeb, 0x93, 0x8f, 0xfe,
  0xed, 0x92, 0x8f, 0xfa, 0xfd, 0x9b, 0x99, 0xff, 0xf1, 0x94, 0x91, 0xfb, 0xf3, 0x93, 0x90, 0x98,
  0xf5, 0x91, 0x91, 0x33, 0xff, 0x7f, 0x7f, 0x04, 0xff, 0x00, 0x00, 0x01, 0xff, 0x7f, 0x7f, 0x02,
  0xff, 0x00, 0x00, 0x01, 0x00, 0x00, 0x00, 0x00, 0x00, 0x00, 0x00, 0x00, 0x00, 0x00, 0x00, 0x00,
  0x00, 0x00, 0x00, 0x00, 0x00, 0x00, 0x00, 0x00, 0x00, 0x00, 0x00, 0x00, 0x00, 0x00, 0x00, 0x00,
  0x00, 0x00, 0x00, 0x00, 0x00, 0x00, 0x00, 0x00, 0x00, 0x00, 0x00, 0x00, 0x00, 0x00, 0x00, 0x00,
  0x00, 0x00, 0x00, 0x00, 0x00, 0x00, 0x00, 0x00, 0x00, 0x00, 0x00, 0x00, 0x00, 0x00, 0x00, 0x00,
  0x00, 0x00, 0x00, 0x00, 0x00, 0x00, 0x00, 0x00, 0x00, 0x00, 0x00, 0x00, 0x00, 0x00, 0x00, 0x00,
  0x00, 0x00, 0x00, 0x00, 0x00, 0x00, 0x00, 0x00, 0x00, 0x00, 0x00, 0x00, 0x00, 0x00, 0x00, 0x00,
  0x00, 0x00, 0x00, 0x00, 0x00, 0x00, 0x00, 0x00, 0x00, 0x00, 0x00, 0x00, 0x00, 0x00, 0x00, 0x00,
  0x00, 0x00, 0x00, 0x00, 0x00, 0x00, 0x00, 0x00, 0x00, 0x00, 0x00, 0x00, 0x00, 0x00, 0x00, 0x00,
  0x00, 0x00, 0x00, 0x00, 0x00, 0x00, 0x00, 0x00, 0x00, 0x00, 0x00, 0x00, 0x00, 0x00, 0x00, 0x00,
  0x00, 0x00, 0x00, 0x00, 0x00, 0x00, 0x00, 0x00, 0x00, 0x00, 0x00, 0x00, 0x00, 0x00, 0x00, 0x00,
  0x00, 0x00, 0x00, 0x00, 0x00, 0x00, 0x00, 0x00, 0x00, 0x00, 0x00, 0x00, 0x00, 0x00, 0x00, 0x00,
  0x00, 0x00, 0x00, 0x00, 0x00, 0x00, 0x00, 0x00, 0x00, 0x00, 0x00, 0x00, 0x00, 0x00, 0x00, 0x00,
  0x00, 0x00, 0x00, 0x00, 0x00, 0x00, 0x00, 0x00, 0x00, 0x00, 0x00, 0x00, 0x00, 0x00, 0x00, 0x00,
  0x00, 0x00, 0x00, 0x00, 0xff, 0xff, 0xff, 0x01, 0x00, 0x00, 0x00, 0x00, 0x99, 0x66, 0x66, 0x05,
  0x99, 0x66, 0x66, 0x0a, 0xa3, 0x70, 0x66, 0x32, 0xa8, 0x6d, 0x64, 0xb4, 0xb7, 0x76, 0x6b, 0xff,
  0xb6, 0x74, 0x6a, 0xff, 0xb4, 0x73, 0x6a, 0xfa, 0xb8, 0x77, 0x6d, 0xfe, 0xbd, 0x7a, 0x72, 0xfe,
  0xc0, 0x7c, 0x75, 0xfe, 0xc5, 0x7e, 0x77, 0xff, 0xc9, 0x7f, 0x79, 0xff, 0xcd, 0x82, 0x7b, 0xfe,
  0xcf, 0x85, 0x7e, 0xfe, 0xd1, 0x87, 0x80, 0xfe, 0xd4, 0x87, 0x82, 0xfe, 0xd7, 0x89, 0x84, 0xfe,
  0xda, 0x8a, 0x86, 0xfe, 0xdd, 0x8c, 0x88, 0xfe, 0xe0, 0x8d, 0x89, 0xfe, 0xe3, 0x8e, 0x8a, 0xfe,
  0xe5, 0x90, 0x8c, 0xfe, 0xe7, 0x90, 0x8d, 0xfe, 0xea, 0x90, 0x8e, 0xfe, 0xeb, 0x92, 0x90, 0xfe,
  0xee, 0x92, 0x91, 0xfe, 0xee, 0x90, 0x90, 0xfa, 0xff, 0x9c, 0x9b, 0xff, 0xf5, 0x93, 0x93, 0xee,
  0xf6, 0x92, 0x92, 0x5c, 0xff, 0x7f, 0x9f, 0x08, 0x00, 0x00, 0x00, 0x00, 0xff, 0xbf, 0xbf, 0x04,
  0x00, 0x00, 0x00, 0x00, 0x00, 0x00, 0x00, 0x00, 0x00, 0x00, 0x00, 0x00, 0x00, 0x00, 0x00, 0x00,
  0x00, 0x00, 0x00, 0x00, 0x00, 0x00, 0x00, 0x00, 0x00, 0x00, 0x00, 0x00, 0x00, 0x00, 0x00, 0x00,
  0x00, 0x00, 0x00, 0x00, 0x00, 0x00, 0x00, 0x00, 0x00, 0x00, 0x00, 0x00, 0x00, 0x00, 0x00, 0x00,
  0x00, 0x00, 0x00, 0x00, 0x00, 0x00, 0x00, 0x00, 0x00, 0x00, 0x00, 0x00, 0x00, 0x00, 0x00, 0x00,
  0x00, 0x00, 0x00, 0x00, 0x00, 0x00, 0x00, 0x00, 0x00, 0x00, 0x00, 0x00, 0x00, 0x00, 0x00, 0x00,
  0x00, 0x00, 0x00, 0x00, 0x00, 0x00, 0x00, 0x00, 0x00, 0x00, 0x00, 0x00, 0x00, 0x00, 0x00, 0x00,
  0x00, 0x00, 0x00, 0x00, 0x00, 0x00, 0x00, 0x00, 0x00, 0x00, 0x00, 0x00, 0x00, 0x00, 0x00, 0x00,
  0x00, 0x00, 0x00, 0x00, 0x00, 0x00, 0x00, 0x00, 0x00, 0x00, 0x00, 0x00, 0x00, 0x00, 0x00, 0x00,
  0x00, 0x00, 0x00, 0x00, 0x00, 0x00, 0x00, 0x00, 0x00, 0x00, 0x00, 0x00, 0x00, 0x00, 0x00, 0x00,
  0x00, 0x00, 0x00, 0x00, 0x00, 0x00, 0x00, 0x00, 0x00, 0x00, 0x00, 0x00, 0x00, 0x00, 0x00, 0x00,
  0x00, 0x00, 0x00, 0x00, 0x00, 0x00, 0x00, 0x00, 0x00, 0x00, 0x00, 0x00, 0x00, 0x00, 0x00, 0x00,
  0x00, 0x00, 0x00, 0x00, 0x00, 0x00, 0x00, 0x00, 0x00, 0x00, 0x00, 0x00, 0x00, 0x00, 0x00, 0x00,
  0x00, 0x00, 0x00, 0x00, 0x00, 0x00, 0x00, 0x00, 0x00, 0x00, 0x00, 0x00, 0x00, 0x00, 0x00, 0x00,
  0x00, 0x00, 0x00, 0x00, 0x00, 0x00, 0x00, 0x00, 0xff, 0xaa, 0xaa, 0x03, 0x00, 0x00, 0x00, 0x00,
  0x00, 0x00, 0x00, 0x00, 0xa3, 0x66, 0x66, 0x19, 0xaa, 0x6f, 0x66, 0x82, 0xaf, 0x70, 0x69, 0xdb,
  0xb8, 0x75, 0x6d, 0xfb, 0xb9, 0x76, 0x6e, 0xfe, 0xba, 0x75, 0x6d, 0xfb, 0xbd, 0x79, 0x71, 0xfe,
  0xc3, 0x7c, 0x76, 0xfe, 0xc5, 0x7e, 0x79, 0xfe, 0xc9, 0x80, 0x7b, 0xff, 0xcc, 0x81, 0x7c, 0xff,
  0xd0, 0x83, 0x7e, 0xfe, 0xd3, 0x85, 0x80, 0xfe, 0xd5, 0x87, 0x82, 0xfe, 0xd8, 0x88, 0x84, 0xfe,
  0xdb, 0x89, 0x86, 0xfe, 0xde, 0x8a, 0x88, 0xfe, 0xe0, 0x8c, 0x8a, 0xfe, 0xe4, 0x8d, 0x8b, 0xfe,
  0xe6, 0x8e, 0x8c, 0xfe, 0xe9, 0x90, 0x8e, 0xfe, 0xeb, 0x90, 0x8f, 0xfe, 0xec, 0x90, 0x90, 0xfe,
  0xee, 0x91, 0x91, 0xfc, 0xf3, 0x93, 0x93, 0xfe, 0xf5, 0x93, 0x94, 0xfc, 0xf9, 0x94, 0x96, 0xf5,
  0xf5, 0x91, 0x94, 0xbb, 0xf9, 0x91, 0x96, 0x31, 0x00, 0x00, 0x00, 0x00, 0x00, 0x00, 0x00, 0x00,
  0xff, 0x99, 0x99, 0x05, 0x00, 0x00, 0x00, 0x00, 0x00, 0x00, 0x00, 0x00, 0x00, 0x00, 0x00, 0x00,
  0x00, 0x00, 0x00, 0x00, 0x00, 0x00, 0x00, 0x00, 0x00, 0x00, 0x00, 0x00, 0x00, 0x00, 0x00, 0x00,
  0x00, 0x00, 0x00, 0x00, 0x00, 0x00, 0x00, 0x00, 0x00, 0x00, 0x00, 0x00, 0x00, 0x00, 0x00, 0x00,
  0x00, 0x00, 0x00, 0x00, 0x00, 0x00, 0x00, 0x00, 0x00, 0x00, 0x00, 0x00, 0x00, 0x00, 0x00, 0x00,
  0x00, 0x00, 0x00, 0x00, 0x00, 0x00, 0x00, 0x00, 0x00, 0x00, 0x00, 0x00, 0x00, 0x00, 0x00, 0x00,
  0x00, 0x00, 0x00, 0x00, 0x00, 0x00, 0x00, 0x00, 0x00, 0x00, 0x00, 0x00, 0x00, 0x00, 0x00, 0x00,
  0x00, 0x00, 0x00, 0x00, 0x00, 0x00, 0x00, 0x00, 0x00, 0x00, 0x00, 0x00, 0x00, 0x00, 0x00, 0x00,
  0x00, 0x00, 0x00, 0x00, 0x00, 0x00, 0x00, 0x00, 0x00, 0x00, 0x00, 0x00, 0x00, 0x00, 0x00, 0x00,
  0x00, 0x00, 0x00, 0x00, 0x00, 0x00, 0x00, 0x00, 0x00, 0x00, 0x00, 0x00, 0x00, 0x00, 0x00, 0x00,
  0x00, 0x00, 0x00, 0x00, 0x00, 0x00, 0x00, 0x00, 0x00, 0x00, 0x00, 0x00, 0x00, 0x00, 0x00, 0x00,
  0x00, 0x00, 0x00, 0x00, 0x00, 0x00, 0x00, 0x00, 0x00, 0x00, 0x00, 0x00, 0x00, 0x00, 0x00, 0x00,
  0x00, 0x00, 0x00, 0x00, 0x00, 0x00, 0x00, 0x00, 0x00, 0x00, 0x00, 0x00, 0x00, 0x00, 0x00, 0x00,
  0x00, 0x00, 0x00, 0x00, 0x00, 0x00, 0x00, 0x00, 0x00, 0x00, 0x00, 0x00, 0x00, 0x00, 0x00, 0x00,
  0x00, 0x00, 0x00, 0x00, 0x00, 0x00, 0x00, 0x00, 0x00, 0x00, 0x00, 0x00, 0xcc, 0x66, 0x66, 0x05,
  0x00, 0x00, 0x00, 0x00, 0x00, 0x00, 0x00, 0x00, 0xaf, 0x70, 0x64, 0x3d, 0xb0, 0x72, 0x69, 0xd0,
  0xb7, 0x74, 0x6d, 0xfd, 0xb7, 0x73, 0x6f, 0xfb, 0xbc, 0x77, 0x72, 0xff, 0xbf, 0x78, 0x72, 0xfd,
  0xc2, 0x7a, 0x76, 0xfe, 0xc8, 0x7d, 0x7a, 0xff, 0xca, 0x7f, 0x7c, 0xff, 0xcd, 0x82, 0x7e, 0xfe,
  0xd0, 0x83, 0x7f, 0xfe, 0xd4, 0x84, 0x82, 0xfe, 0xd8, 0x85, 0x84, 0xfe, 0xdb, 0x87, 0x86, 0xfe,
  0xde, 0x89, 0x87, 0xfe, 0xe0, 0x8a, 0x89, 0xfe, 0xe2, 0x8b, 0x8b, 0xfe, 0xe5, 0x8d, 0x8d, 0xfe,
  0xe8, 0x8e, 0x8d, 0xfe, 0xe9, 0x8e, 0x8e, 0xfe, 0xec, 0x8f, 0x90, 0xff, 0xee, 0x91, 0x92, 0xff,
  0xf0, 0x91, 0x92, 0xff, 0xf0, 0x90, 0x92, 0xfb, 0xf9, 0x94, 0x97, 0xff, 0xff, 0x97, 0x9b, 0xfd,
  0xf5, 0x8f, 0x94, 0xce, 0xf4, 0x8d, 0x94, 0x65, 0xf1, 0x86, 0x93, 0x13, 0x00, 0x00, 0x00, 0x00,
  0x00, 0x00, 0x00, 0x00, 0xff, 0x7f, 0x7f, 0x02, 0x00, 0x00, 0x00, 0x00, 0x00, 0x00, 0x00, 0x00,
  0x00, 0x00, 0x00, 0x00, 0x00, 0x00, 0x00, 0x00, 0x00, 0x00, 0x00, 0x00, 0x00, 0x00, 0x00, 0x00,
  0x00, 0x00, 0x00, 0x00, 0x00, 0x00, 0x00, 0x00, 0x00, 0x00, 0x00, 0x00, 0x00, 0x00, 0x00, 0x00,
  0x00, 0x00, 0x00, 0x00, 0x00, 0x00, 0x00, 0x00, 0x00, 0x00, 0x00, 0x00, 0x00, 0x00, 0x00, 0x00,
  0x00, 0x00, 0x00, 0x00, 0x00, 0x00, 0x00, 0x00, 0x00, 0x00, 0x00, 0x00, 0x00, 0x00, 0x00, 0x00,
  0x00, 0x00, 0x00, 0x00, 0x00, 0x00, 0x00, 0x00, 0x00, 0x00, 0x00, 0x00, 0x00, 0x00, 0x00, 0x00,
  0x00, 0x00, 0x00, 0x00, 0x00, 0x00, 0x00, 0x00, 0x00, 0x00, 0x00, 0x00, 0x00, 0x00, 0x00, 0x00,
  0x00, 0x00, 0x00, 0x00, 0x00, 0x00, 0x00, 0x00, 0x00, 0x00, 0x00, 0x00, 0x00, 0x00, 0x00, 0x00,
  0x00, 0x00, 0x00, 0x00, 0x00, 0x00, 0x00, 0x00, 0x00, 0x00, 0x00, 0x00, 0x00, 0x00, 0x00, 0x00,
  0x00, 0x00, 0x00, 0x00, 0x00, 0x00, 0x00, 0x00, 0x00, 0x00, 0x00, 0x00, 0x00, 0x00, 0x00, 0x00,
  0x00, 0x00, 0x00, 0x00, 0x00, 0x00, 0x00, 0x00, 0x00, 0x00, 0x00, 0x00, 0x00, 0x00, 0x00, 0x00,
  0x00, 0x00, 0x00, 0x00, 0x00, 0x00, 0x00, 0x00, 0x00, 0x00, 0x00, 0x00, 0x00, 0x00, 0x00, 0x00,
  0x00, 0x00, 0x00, 0x00, 0x00, 0x00, 0x00, 0x00, 0x00, 0x00, 0x00, 0x00, 0x00, 0x00, 0x00, 0x00,
  0x00, 0x00, 0x00, 0x00, 0x00, 0x00, 0x00, 0x00, 0xff, 0x00, 0x00, 0x01, 0x7f, 0x7f, 0x7f, 0x02,
  0xbf, 0x7f, 0x7f, 0x04, 0x7f, 0x7f, 0x7f, 0x02, 0xb1, 0x6a, 0x6a, 0x24, 0xb4, 0x71, 0x69, 0x7e,
  0xb4, 0x71, 0x6c, 0xf7, 0xc3, 0x7a, 0x75, 0xff, 0xbb, 0x75, 0x71, 0xfa, 0xbf, 0x78, 0x74, 0xfe,
  0xc4, 0x7a, 0x77, 0xfe, 0xc7, 0x7c, 0x79, 0xfe, 0xcb, 0x7e, 0x7c, 0xff, 0xce, 0x80, 0x7e, 0xff,
  0xd2, 0x83, 0x80, 0xfe, 0xd4, 0x84, 0x82, 0xfe, 0xd8, 0x85, 0x84, 0xfe, 0xdb, 0x87, 0x86, 0xfe,
  0xdd, 0x88, 0x88, 0xfe, 0xe0, 0x8a, 0x89, 0xfe, 0xe3, 0x8b, 0x8b, 0xfe, 0xe5, 0x8b, 0x8c, 0xfe,
  0xe7, 0x8c, 0x8e, 0xfe, 0xea, 0x8d, 0x8f, 0xfe, 0xec, 0x8e, 0x90, 0xfe, 0xed, 0x8f, 0x91, 0xfe,
  0xef, 0x8f, 0x92, 0xff, 0xf2, 0x8f, 0x92, 0xff, 0xf2, 0x8d, 0x90, 0xfa, 0xfd, 0x93, 0x98, 0xff,
  0xff, 0x97, 0x9e, 0xff, 0xf5, 0x8e, 0x94, 0xa7, 0xf5, 0x88, 0x91, 0x1c, 0xff, 0x7f, 0xbf, 0x04,
  0xff, 0x99, 0x99, 0x05, 0x00, 0x00, 0x00, 0x00, 0x00, 0x00, 0x00, 0x00, 0x00, 0x00, 0x00, 0x00,
  0x00, 0x00, 0x00, 0x00, 0x00, 0x00, 0x00, 0x00, 0x00, 0x00, 0x00, 0x00, 0x00, 0x00, 0x00, 0x00,
  0x00, 0x00, 0x00, 0x00, 0x00, 0x00, 0x00, 0x00, 0x00, 0x00, 0x00, 0x00, 0x00, 0x00, 0x00, 0x00,
  0x00, 0x00, 0x00, 0x00, 0x00, 0x00, 0x00, 0x00, 0x00, 0x00, 0x00, 0x00, 0x00, 0x00, 0x00, 0x00,
  0x00, 0x00, 0x00, 0x00, 0x00, 0x00, 0x00, 0x00, 0x00, 0x00, 0x00, 0x00, 0x00, 0x00, 0x00, 0x00,
  0x00, 0x00, 0x00, 0x00, 0x00, 0x00, 0x00, 0x00, 0x00, 0x00, 0x00, 0x00, 0x00, 0x00, 0x00, 0x00,
  0x00, 0x00, 0x00, 0x00, 0x00, 0x00, 0x00, 0x00, 0x00, 0x00, 0x00, 0x00, 0x00, 0x00, 0x00, 0x00,
  0x00, 0x00, 0x00, 0x00, 0x00, 0x00, 0x00, 0x00, 0x00, 0x00, 0x00, 0x00, 0x00, 0x00, 0x00, 0x00,
  0x00, 0x00, 0x00, 0x00, 0x00, 0x00, 0x00, 0x00, 0x00, 0x00, 0x00, 0x00, 0x00, 0x00, 0x00, 0x00,
  0x00, 0x00, 0x00, 0x00, 0x00, 0x00, 0x00, 0x00, 0x00, 0x00, 0x00, 0x00, 0x00, 0x00, 0x00, 0x00,
  0x00, 0x00, 0x00, 0x00, 0x00, 0x00, 0x00, 0x00, 0x00, 0x00, 0x00, 0x00, 0x00, 0x00, 0x00, 0x00,
  0x00, 0x00, 0x00, 0x00, 0x00, 0x00, 0x00, 0x00, 0x00, 0x00, 0x00, 0x00, 0x00, 0x00, 0x00, 0x00,
  0x00, 0x00, 0x00, 0x00, 0x00, 0x00, 0x00, 0x00, 0x00, 0x00, 0x00, 0x00, 0x00, 0x00, 0x00, 0x00,
  0x00, 0x00, 0x00, 0x00, 0x00, 0x00, 0x00, 0x00, 0x00, 0x00, 0x00, 0x00, 0xff, 0x00, 0x00, 0x01,
  0xaa, 0x55, 0x55, 0x03, 0x00, 0x00, 0x00, 0x00, 0xaa, 0x71, 0x71, 0x09, 0xb2, 0x6d, 0x6b, 0x64,
  0xb6, 0x70, 0x6c, 0xc6, 0xba, 0x72, 0x70, 0xfc, 0xc2, 0x78, 0x76, 0xfe, 0xc2, 0x77, 0x74, 0xfb,
  0xc4, 0x7a, 0x77, 0xfe, 0xc8, 0x7c, 0x7a, 0xfe, 0xcb, 0x7e, 0x7c, 0xfe, 0xce, 0x7f, 0x7f, 0xfe,
  0xd2, 0x81, 0x81, 0xfe, 0xd6, 0x84, 0x83, 0xfe, 0xd9, 0x85, 0x85, 0xfe, 0xdc, 0x86, 0x87, 0xfe,
  0xdd, 0x88, 0x88, 0xfe, 0xe0, 0x89, 0x89, 0xfe, 0xe3, 0x8a, 0x8c, 0xfe, 0xe6, 0x8b, 0x8d, 0xfe,
  0xe8, 0x8b, 0x8d, 0xfe, 0xea, 0x8b, 0x8f, 0xfe, 0xed, 0x8c, 0x91, 0xfe, 0xef, 0x8e, 0x92, 0xfe,
  0xf0, 0x8e, 0x92, 0xfe, 0xf0, 0x8c, 0x92, 0xfe, 0xf3, 0x8c, 0x92, 0xfe, 0xf6, 0x8e, 0x94, 0xfc,
  0xfc, 0x8f, 0x97, 0xff, 0xf9, 0x8c, 0x95, 0xed, 0xfa, 0x8d, 0x96, 0x75, 0x00, 0x00, 0x00, 0x00,
  0x00, 0x00, 0x00, 0x00, 0xff, 0x91, 0x91, 0x07, 0x00, 0x00, 0x00, 0x00, 0x00, 0x00, 0x00, 0x00,
  0x00, 0x00, 0x00, 0x00, 0x00, 0x00, 0x00, 0x00, 0x00, 0x00, 0x00, 0x00, 0x00, 0x00, 0x00, 0x00,
  0x00, 0x00, 0x00, 0x00, 0x00, 0x00, 0x00, 0x00, 0x00, 0x00, 0x00, 0x00, 0x00, 0x00, 0x00, 0x00,
  0x00, 0x00, 0x00, 0x00, 0x00, 0x00, 0x00, 0x00, 0x00, 0x00, 0x00, 0x00, 0x00, 0x00, 0x00, 0x00,
  0x00, 0x00, 0x00, 0x00, 0x00, 0x00, 0x00, 0x00, 0x00, 0x00, 0x00, 0x00, 0x00, 0x00, 0x00, 0x00,
  0x00, 0x00, 0x00, 0x00, 0x00, 0x00, 0x00, 0x00, 0x00, 0x00, 0x00, 0x00, 0x00, 0x00, 0x00, 0x00,
  0x00, 0x00, 0x00, 0x00, 0x00, 0x00, 0x00, 0x00, 0x00, 0x00, 0x00, 0x00, 0x00, 0x00, 0x00, 0x00,
  0x00, 0x00, 0x00, 0x00, 0x00, 0x00, 0x00, 0x00, 0x00, 0x00, 0x00, 0x00, 0x00, 0x00, 0x00, 0x00,
  0x00, 0x00, 0x00, 0x00, 0x00, 0x00, 0x00, 0x00, 0x00, 0x00, 0x00, 0x00, 0x00, 0x00, 0x00, 0x00,
  0x00, 0x00, 0x00, 0x00, 0x00, 0x00, 0x00, 0x00, 0x00, 0x00, 0x00, 0x00, 0x00, 0x00, 0x00, 0x00,
  0x00, 0x00, 0x00, 0x00, 0x00, 0x00, 0x00, 0x00, 0x00, 0x00, 0x00, 0x00, 0x00, 0x00, 0x00, 0x00,
  0x00, 0x00, 0x00, 0x00, 0x00, 0x00, 0x00, 0x00, 0x00, 0x00, 0x00, 0x00, 0x00, 0x00, 0x00, 0x00,
  0x00, 0x00, 0x00, 0x00, 0x00, 0x00, 0x00, 0x00, 0x00, 0x00, 0x00, 0x00, 0x00, 0x00, 0x00, 0x00,
  0x00, 0x00, 0x00, 0x00, 0x00, 0x00, 0x00, 0x00, 0x00, 0x00, 0x00, 0x00, 0xff, 0x00, 0x00, 0x01,
  0x00, 0x00, 0x00, 0x00, 0x55, 0x55, 0x55, 0x03, 0x00, 0x00, 0x00, 0x00, 0xb1, 0x6c, 0x6c, 0x21,
  0xb7, 0x6e, 0x6d, 0xa1, 0xb9, 0x71, 0x6f, 0xf7, 0xbf, 0x75, 0x73, 0xff, 0xc3, 0x78, 0x77, 0xfe,
  0xc5, 0x79, 0x78, 0xfe, 0xc9, 0x7c, 0x7c, 0xff, 0xcd, 0x7e, 0x7d, 0xff, 0xcf, 0x7f, 0x7f, 0xfe,
  0xd3, 0x81, 0x82, 0xfe, 0xd7, 0x83, 0x84, 0xfe, 0xda, 0x84, 0x86, 0xff, 0xdc, 0x85, 0x88, 0xff,
  0xde, 0x86, 0x89, 0xfe, 0xe0, 0x88, 0x8a, 0xfe, 0xe3, 0x89, 0x8b, 0xfe, 0xe7, 0x8a, 0x8e, 0xff,
  0xe9, 0x8b, 0x8f, 0xff, 0xeb, 0x8b, 0x8f, 0xff, 0xed, 0x8c, 0x91, 0xff, 0xf0, 0x8c, 0x93, 0xff,
  0xf1, 0x8d, 0x94, 0xff, 0xf3, 0x8c, 0x94, 0xff, 0xf3, 0x8c, 0x94, 0xfd, 0xf6, 0x8c, 0x95, 0xfc,
  0xfd, 0x94, 0x9e, 0xfd, 0xf8, 0x8c, 0x95, 0xf4, 0xfa, 0x8c, 0x94, 0xa0, 0xfa, 0x8d, 0x91, 0x38,
  0x00, 0x00, 0x00, 0x00, 0x00, 0x00, 0x00, 0x00, 0xff, 0xbf, 0xbf, 0x04, 0x00, 0x00, 0x00, 0x00,
  0x00, 0x00, 0x00, 0x00, 0x00, 0x00, 0x00, 0x00, 0x00, 0x00, 0x00, 0x00, 0x00, 0x00, 0x00, 0x00,
  0x00, 0x00, 0x00, 0x00, 0x00, 0x00, 0x00, 0x00, 0x00, 0x00, 0x00, 0x00, 0x00, 0x00, 0x00, 0x00,
  0x00, 0x00, 0x00, 0x00, 0x00, 0x00, 0x00, 0x00, 0x00, 0x00, 0x00, 0x00, 0x00, 0x00, 0x00, 0x00,
  0x00, 0x00, 0x00, 0x00, 0x00, 0x00, 0x00, 0x00, 0x00, 0x00, 0x00, 0x00, 0x00, 0x00, 0x00, 0x00,
  0x00, 0x00, 0x00, 0x00, 0x00, 0x00, 0x00, 0x00, 0x00, 0x00, 0x00, 0x00, 0x00, 0x00, 0x00, 0x00,
  0x00, 0x00, 0x00, 0x00, 0x00, 0x00, 0x00, 0x00, 0x00, 0x00, 0x00, 0x00, 0x00, 0x00, 0x00, 0x00,
  0x00, 0x00, 0x00, 0x00, 0x00, 0x00, 0x00, 0x00, 0x00, 0x00, 0x00, 0x00, 0x00, 0x00, 0x00, 0x00,
  0x00, 0x00, 0x00, 0x00, 0x00, 0x00, 0x00, 0x00, 0x00, 0x00, 0x00, 0x00, 0x00, 0x00, 0x00, 0x00,
  0x00, 0x00, 0x00, 0x00, 0x00, 0x00, 0x00, 0x00, 0x00, 0x00, 0x00, 0x00, 0x00, 0x00, 0x00, 0x00,
  0x00, 0x00, 0x00, 0x00, 0x00, 0x00, 0x00, 0x00, 0x00, 0x00, 0x00, 0x00, 0x00, 0x00, 0x00, 0x00,
  0x00, 0x00, 0x00, 0x00, 0x00, 0x00, 0x00, 0x00, 0x00, 0x00, 0x00, 0x00, 0x00, 0x00, 0x00, 0x00,
  0x00, 0x00, 0x00, 0x00, 0x00, 0x00, 0x00, 0x00, 0x00, 0x00, 0x00, 0x00, 0x00, 0x00, 0x00, 0x00,
  0x00, 0x00, 0x00, 0x00, 0x00, 0x00, 0x00, 0x00, 0x00, 0x00, 0x00, 0x00, 0x00, 0x00, 0x00, 0x00,
  0xff, 0x7f, 0x7f, 0x02, 0x00, 0x00, 0x00, 0x00, 0x7f, 0x7f, 0x7f, 0x02, 0xb8, 0x71, 0x71, 0x12,
  0xb7, 0x6f, 0x6f, 0x59, 0xbb, 0x73, 0x72, 0xd0, 0xc6, 0x79, 0x77, 0xff, 0xc2, 0x77, 0x76, 0xfe,
  0xc6, 0x78, 0x79, 0xfd, 0xca, 0x7b, 0x7d, 0xfe, 0xce, 0x7e, 0x7f, 0xff, 0xd1, 0x7e, 0x80, 0xff,
  0xd3, 0x7f, 0x82, 0xfe, 0xd6, 0x82, 0x85, 0xfe, 0xda, 0x84, 0x86, 0xfe, 0xdd, 0x84, 0x88, 0xff,
  0xdf, 0x85, 0x8a, 0xff, 0xe1, 0x87, 0x8c, 0xfe, 0xe3, 0x88, 0x8d, 0xfe, 0xe6, 0x89, 0x8e, 0xfe,
  0xea, 0x8a, 0x90, 0xff, 0xec, 0x8a, 0x91, 0xff, 0xee, 0x8a, 0x91, 0xff, 0xf0, 0x8c, 0x93, 0xff,
  0xf2, 0x8b, 0x93, 0xff, 0xf3, 0x8b, 0x94, 0xff, 0xf4, 0x8c, 0x96, 0xff, 0xf6, 0x8c, 0x96, 0xfd,
  0xf7, 0x8a, 0x96, 0xfb, 0xff, 0x91, 0x9e, 0xff, 0xf7, 0x88, 0x95, 0xd8, 0xfb, 0x8c, 0x95, 0x50,
  0xef, 0x7f, 0x8f, 0x10, 0xff, 0xaa, 0xaa, 0x03, 0xff, 0x7f, 0x7f, 0x02, 0xff, 0xff, 0xff, 0x01,
  0x00, 0x00, 0x00, 0x00, 0x00, 0x00, 0x00, 0x00, 0x00, 0x00, 0x00, 0x00, 0x00, 0x00, 0x00, 0x00,
  0x00, 0x00, 0x00, 0x00, 0x00, 0x00, 0x00, 0x00, 0x00, 0x00, 0x00, 0x00, 0x00, 0x00, 0x00, 0x00,
  0x00, 0x00, 0x00, 0x00, 0x00, 0x00, 0x00, 0x00, 0x00, 0x00, 0x00, 0x00, 0x00, 0x00, 0x00, 0x00,
  0x00, 0x00, 0x00, 0x00, 0x00, 0x00, 0x00, 0x00, 0x00, 0x00, 0x00, 0x00, 0x00, 0x00, 0x00, 0x00,
  0x00, 0x00, 0x00, 0x00, 0x00, 0x00, 0x00, 0x00, 0x00, 0x00, 0x00, 0x00, 0x00, 0x00, 0x00, 0x00,
  0x00, 0x00, 0x00, 0x00, 0x00, 0x00, 0x00, 0x00, 0x00, 0x00, 0x00, 0x00, 0x00, 0x00, 0x00, 0x00,
  0x00, 0x00, 0x00, 0x00, 0x00, 0x00, 0x00, 0x00, 0x00, 0x00, 0x00, 0x00, 0x00, 0x00, 0x00, 0x00,
  0x00, 0x00, 0x00, 0x00, 0x00, 0x00, 0x00, 0x00, 0x00, 0x00, 0x00, 0x00, 0x00, 0x00, 0x00, 0x00,
  0x00, 0x00, 0x00, 0x00, 0x00, 0x00, 0x00, 0x00, 0x00, 0x00, 0x00, 0x00, 0x00, 0x00, 0x00, 0x00,
  0x00, 0x00, 0x00, 0x00, 0x00, 0x00, 0x00, 0x00, 0x00, 0x00, 0x00, 0x00, 0x00, 0x00, 0x00, 0x00,
  0x00, 0x00, 0x00, 0x00, 0x00, 0x00, 0x00, 0x00, 0x00, 0x00, 0x00, 0x00, 0x00, 0x00, 0x00, 0x00,
  0x00, 0x00, 0x00, 0x00, 0x00, 0x00, 0x00, 0x00, 0x00, 0x00, 0x00, 0x00, 0x00, 0x00, 0x00, 0x00,
  0x00, 0x00, 0x00, 0x00, 0x00, 0x00, 0x00, 0x00, 0x00, 0x00, 0x00, 0x00, 0x00, 0x00, 0x00, 0x00,
  0x00, 0x00, 0x00, 0x00, 0xbf, 0x7f, 0x7f, 0x04, 0x00, 0x00, 0x00, 0x00, 0x00, 0x00, 0x00, 0x00,
  0xbe, 0x70, 0x70, 0x3b, 0xbb, 0x73, 0x73, 0xa3, 0xc1, 0x75, 0x75, 0xee, 0xca, 0x7b, 0x7b, 0xff,
  0xc7, 0x79, 0x7b, 0xff, 0xcc, 0x7b, 0x7e, 0xfc, 0xcf, 0x7c, 0x80, 0xfe, 0xd2, 0x7e, 0x82, 0xfe,
  0xd5, 0x7f, 0x83, 0xfe, 0xd7, 0x80, 0x85, 0xfe, 0xda, 0x83, 0x87, 0xfe, 0xdd, 0x84, 0x88, 0xfe,
  0xe1, 0x84, 0x8a, 0xfe, 0xe3, 0x86, 0x8c, 0xff, 0xe5, 0x88, 0x8e, 0xff, 0xe7, 0x88, 0x90, 0xfe,
  0xe9, 0x88, 0x91, 0xfe, 0xec, 0x89, 0x92, 0xfe, 0xee, 0x89, 0x92, 0xfe, 0xf0, 0x89, 0x92, 0xfe,
  0xf2, 0x8a, 0x94, 0xff, 0xf3, 0x89, 0x94, 0xff, 0xf4, 0x89, 0x94, 0xfe, 0xf4, 0x8b, 0x96, 0xfd,
  0xfa, 0x8c, 0x99, 0xff, 0xf9, 0x88, 0x96, 0xfe, 0xf9, 0x86, 0x96, 0xef, 0xf8, 0x86, 0x97, 0x9d,
  0xf5, 0x84, 0x97, 0x1b, 0x00, 0x00, 0x00, 0x00, 0xff, 0xff, 0xff, 0x01, 0xff, 0x55, 0xaa, 0x03,
  0x00, 0x00, 0x00, 0x00, 0x00, 0x00, 0x00, 0x00, 0x00, 0x00, 0x00, 0x00, 0x00, 0x00, 0x00, 0x00,
  0x00, 0x00, 0x00, 0x00, 0x00, 0x00, 0x00, 0x00, 0x00, 0x00, 0x00, 0x00, 0x00, 0x00, 0x00, 0x00,
  0x00, 0x00, 0x00, 0x00, 0x00, 0x00, 0x00, 0x00, 0x00, 0x00, 0x00, 0x00, 0x00, 0x00, 0x00, 0x00,
  0x00, 0x00, 0x00, 0x00, 0x00, 0x00, 0x00, 0x00, 0x00, 0x00, 0x00, 0x00, 0x00, 0x00, 0x00, 0x00,
  0x00, 0x00, 0x00, 0x00, 0x00, 0x00, 0x00, 0x00, 0x00, 0x00, 0x00, 0x00, 0x00, 0x00, 0x00, 0x00,
  0x00, 0x00, 0x00, 0x00, 0x00, 0x00, 0x00, 0x00, 0x00, 0x00, 0x00, 0x00, 0x00, 0x00, 0x00, 0x00,
  0x00, 0x00, 0x00, 0x00, 0x00, 0x00, 0x00, 0x00, 0x00, 0x00, 0x00, 0x00, 0x00, 0x00, 0x00, 0x00,
  0x00, 0x00, 0x00, 0x00, 0x00, 0x00, 0x00, 0x00, 0x00, 0x00, 0x00, 0x00, 0x00, 0x00, 0x00, 0x00,
  0x00, 0x00, 0x00, 0x00, 0x00, 0x00, 0x00, 0x00, 0x00, 0x00, 0x00, 0x00, 0x00, 0x00, 0x00, 0x00,
  0x00, 0x00, 0x00, 0x00, 0x00, 0x00, 0x00, 0x00, 0x00, 0x00, 0x00, 0x00, 0x00, 0x00, 0x00, 0x00,
  0x00, 0x00, 0x00, 0x00, 0x00, 0x00, 0x00, 0x00, 0x00, 0x00, 0x00, 0x00, 0x00, 0x00, 0x00, 0x00,
  0x00, 0x00, 0x00, 0x00, 0x00, 0x00, 0x00, 0x00, 0x00, 0x00, 0x00, 0x00, 0x00, 0x00, 0x00, 0x00,
  0x00, 0x00, 0x00, 0x00, 0x00, 0x00, 0x00, 0x00, 0x00, 0x00, 0x00, 0x00, 0x00, 0x00, 0x00, 0x00,
  0x00, 0x00, 0x00, 0x00, 0x00, 0x00, 0x00, 0x00, 0xb6, 0x6d, 0x6d, 0x07, 0x00, 0x00, 0x00, 0x00,
  0x00, 0x00, 0x00, 0x00, 0xbf, 0x72, 0x75, 0x59, 0xc1, 0x73, 0x76, 0xdb, 0xc9, 0x78, 0x7a, 0xfd,
  0xcc, 0x7a, 0x7d, 0xfc, 0xcc, 0x7a, 0x7e, 0xfe, 0xd0, 0x7c, 0x81, 0xfd, 0xd3, 0x7d, 0x84, 0xff,
  0xd7, 0x7f, 0x85, 0xff, 0xda, 0x80, 0x86, 0xff, 0xdc, 0x81, 0x89, 0xff, 0xdf, 0x83, 0x8a, 0xff,
  0xe1, 0x84, 0x8a, 0xff, 0xe4, 0x85, 0x8d, 0xfe, 0xe6, 0x86, 0x8f, 0xff, 0xe8, 0x88, 0x90, 0xff,
  0xea, 0x88, 0x91, 0xfe, 0xec, 0x87, 0x92, 0xfe, 0xef, 0x88, 0x93, 0xfe, 0xf1, 0x88, 0x93, 0xfe,
  0xf3, 0x88, 0x93, 0xfe, 0xf4, 0x88, 0x95, 0xff, 0xf5, 0x88, 0x95, 0xff, 0xf6, 0x87, 0x95, 0xfe,
  0xf6, 0x88, 0x96, 0xf9, 0xff, 0x8e, 0x9f, 0xff, 0xff, 0x8c, 0x9d, 0xff, 0xf9, 0x84, 0x95, 0xbd,
  0xf8, 0x84, 0x95, 0x4d, 0xff, 0xaa, 0xaa, 0x03, 0x00, 0x00, 0x00, 0x00, 0x00, 0x00, 0x00, 0x00,
  0xff, 0x00, 0xff, 0x02, 0x00, 0x00, 0x00, 0x00, 0x00, 0x00, 0x00, 0x00, 0x00, 0x00, 0x00, 0x00,
  0x00, 0x00, 0x00, 0x00, 0x00, 0x00, 0x00, 0x00, 0x00, 0x00, 0x00, 0x00, 0x00, 0x00, 0x00, 0x00,
  0x00, 0x00, 0x00, 0x00, 0x00, 0x00, 0x00, 0x00, 0x00, 0x00, 0x00, 0x00, 0x00, 0x00, 0x00, 0x00,
  0x00, 0x00, 0x00, 0x00, 0x00, 0x00, 0x00, 0x00, 0x00, 0x00, 0x00, 0x00, 0x00, 0x00, 0x00, 0x00,
  0x00, 0x00, 0x00, 0x00, 0x00, 0x00, 0x00, 0x00, 0x00, 0x00, 0x00, 0x00, 0x00, 0x00, 0x00, 0x00,
  0x00, 0x00, 0x00, 0x00, 0x00, 0x00, 0x00, 0x00, 0x00, 0x00, 0x00, 0x00, 0x00, 0x00, 0x00, 0x00,
  0x00, 0x00, 0x00, 0x00, 0x00, 0x00, 0x00, 0x00, 0x00, 0x00, 0x00, 0x00, 0x00, 0x00, 0x00, 0x00,
  0x00, 0x00, 0x00, 0x00, 0x00, 0x00, 0x00, 0x00, 0x00, 0x00, 0x00, 0x00, 0x00, 0x00, 0x00, 0x00,
  0x00, 0x00, 0x00, 0x00, 0x00, 0x00, 0x00, 0x00, 0x00, 0x00, 0x00, 0x00, 0x00, 0x00, 0x00, 0x00,
  0x00, 0x00, 0x00, 0x00, 0x00, 0x00, 0x00, 0x00, 0x00, 0x00, 0x00, 0x00, 0x00, 0x00, 0x00, 0x00,
  0x00, 0x00, 0x00, 0x00, 0x00, 0x00, 0x00, 0x00, 0x00, 0x00, 0x00, 0x00, 0x00, 0x00, 0x00, 0x00,
  0x00, 0x00, 0x00, 0x00, 0x00, 0x00, 0x00, 0x00, 0x00, 0x00, 0x00, 0x00, 0x00, 0x00, 0x00, 0x00,
  0x00, 0x00, 0x00, 0x00, 0x00, 0x00, 0x00, 0x00, 0x00, 0x00, 0x00, 0x00, 0x00, 0x00, 0x00, 0x00,
  0x00, 0x00, 0x00, 0x00, 0x00, 0x00, 0x00, 0x00, 0x00, 0x00, 0x00, 0x00, 0xaa, 0x55, 0x55, 0x06,
  0x00, 0x00, 0x00, 0x00, 0xc6, 0x71, 0x71, 0x09, 0xc6, 0x73, 0x7a, 0x79, 0xc9, 0x77, 0x7b, 0xf6,
  0xd1, 0x7b, 0x80, 0xff, 0xcd, 0x78, 0x7d, 0xfb, 0xd1, 0x7b, 0x80, 0xfe, 0xd3, 0x7d, 0x83, 0xfe,
  0xd6, 0x7e, 0x85, 0xff, 0xda, 0x80, 0x88, 0xff, 0xdd, 0x81, 0x89, 0xff, 0xdf, 0x82, 0x8b, 0xff,
  0xe2, 0x83, 0x8c, 0xff, 0xe4, 0x84, 0x8d, 0xff, 0xe7, 0x85, 0x90, 0xfe, 0xe9, 0x86, 0x91, 0xff,
  0xeb, 0x87, 0x92, 0xff, 0xed, 0x87, 0x93, 0xfe, 0xef, 0x87, 0x94, 0xfe, 0xf1, 0x86, 0x94, 0xfe,
  0xf3, 0x86, 0x94, 0xfe, 0xf4, 0x86, 0x94, 0xfe, 0xf6, 0x86, 0x96, 0xff, 0xf7, 0x86, 0x96, 0xff,
  0xf8, 0x85, 0x96, 0xfe, 0xf9, 0x84, 0x95, 0xfa, 0xfd, 0x8a, 0x9e, 0xfe, 0xff, 0x85, 0x99, 0xf4,
  0xfc, 0x83, 0x97, 0x7e, 0xf2, 0x7f, 0x8c, 0x14, 0xff, 0xff, 0x00, 0x01, 0xaa, 0x55, 0x55, 0x03,
  0x00, 0x00, 0x00, 0x00, 0x00, 0x00, 0x01, 0x00, 0x00, 0x00, 0x00, 0x00, 0x00, 0x00, 0x00, 0x00,
  0x00, 0x00, 0x00, 0x00, 0x00, 0x00, 0x00, 0x00, 0x00, 0x00, 0x00, 0x00, 0x00, 0x00, 0x00, 0x00,
  0x00, 0x00, 0x00, 0x00, 0x00, 0x00, 0x00, 0x00, 0x00, 0x00, 0x00, 0x00, 0x00, 0x00, 0x00, 0x00,
  0x00, 0x00, 0x00, 0x00, 0x00, 0x00, 0x00, 0x00, 0x00, 0x00, 0x00, 0x00, 0x00, 0x00, 0x00, 0x00,
  0x00, 0x00, 0x00, 0x00, 0x00, 0x00, 0x00, 0x00, 0x00, 0x00, 0x00, 0x00, 0x00, 0x00, 0x00, 0x00,
  0x00, 0x00, 0x00, 0x00, 0x00, 0x00, 0x00, 0x00, 0x00, 0x00, 0x00, 0x00, 0x00, 0x00, 0x00, 0x00,
  0x00, 0x00, 0x00, 0x00, 0x00, 0x00, 0x00, 0x00, 0x00, 0x00, 0x00, 0x00, 0x00, 0x00, 0x00, 0x00,
  0x00, 0x00, 0x00, 0x00, 0x00, 0x00, 0x00, 0x00, 0x00, 0x00, 0x00, 0x00, 0x00, 0x00, 0x00, 0x00,
  0x00, 0x00, 0x00, 0x00, 0x00, 0x00, 0x00, 0x00, 0x00, 0x00, 0x00, 0x00, 0x00, 0x00, 0x00, 0x00,
  0x00, 0x00, 0x00, 0x00, 0x00, 0x00, 0x00, 0x00, 0x00, 0x00, 0x00, 0x00, 0x00, 0x00, 0x00, 0x00,
  0x00, 0x00, 0x00, 0x00, 0x00, 0x00, 0x00, 0x00, 0x00, 0x00, 0x00, 0x00, 0x00, 0x00, 0x00, 0x00,
  0x00, 0x00, 0x00, 0x00, 0x00, 0x00, 0x00, 0x00, 0x00, 0x00, 0x00, 0x00, 0x00, 0x00, 0x00, 0x00,
  0x00, 0x00, 0x00, 0x00, 0x00, 0x00, 0x00, 0x00, 0x00, 0x00, 0x00, 0x00, 0x00, 0x00, 0x00, 0x00,
  0x00, 0x00, 0x00, 0x00, 0x00, 0x00, 0x00, 0x00, 0xff, 0xff, 0xff, 0x01, 0x00, 0x00, 0x00, 0x00,
  0x00, 0x00, 0x00, 0x01, 0x7f, 0x7f, 0x7f, 0x02, 0xcc, 0x79, 0x7f, 0x28, 0xca, 0x76, 0x7e, 0x9f,
  0xd1, 0x7c, 0x82, 0xff, 0xd8, 0x7f, 0x85, 0xff, 0xd2, 0x7b, 0x82, 0xf8, 0xd5, 0x7c, 0x84, 0xfe,
  0xd7, 0x7d, 0x86, 0xfe, 0xda, 0x7e, 0x87, 0xfe, 0xde, 0x80, 0x8a, 0xfe, 0xe0, 0x81, 0x8b, 0xfe,
  0xe2, 0x82, 0x8c, 0xfe, 0xe5, 0x83, 0x8f, 0xfe, 0xe8, 0x83, 0x91, 0xfe, 0xea, 0x85, 0x92, 0xfe,
  0xec, 0x86, 0x93, 0xfe, 0xee, 0x86, 0x94, 0xfe, 0xf0, 0x85, 0x95, 0xfe, 0xf2, 0x85, 0x96, 0xfe,
  0xf4, 0x85, 0x96, 0xff, 0xf5, 0x84, 0x95, 0xfe, 0xf5, 0x84, 0x95, 0xfe, 0xf8, 0x84, 0x97, 0xfe,
  0xf9, 0x85, 0x97, 0xfc, 0xfb, 0x84, 0x98, 0xff, 0xff, 0x84, 0x98, 0xfd, 0xfb, 0x82, 0x96, 0xf2,
  0xfd, 0x80, 0x97, 0xb7, 0xfb, 0x7f, 0x99, 0x44, 0x00, 0x00, 0x00, 0x00, 0x00, 0x00, 0x00, 0x00,
  0xff, 0x66, 0x99, 0x05, 0x00, 0x00, 0x00, 0x00, 0x00, 0x00, 0x00, 0x00, 0x00, 0x00, 0x00, 0x00,
  0x00, 0x00, 0x00, 0x00, 0x00, 0x00, 0x00, 0x00, 0x00, 0x00, 0x00, 0x00, 0x00, 0x00, 0x00, 0x00,
  0x00, 0x00, 0x00, 0x00, 0x00, 0x00, 0x00, 0x00, 0x00, 0x00, 0x00, 0x00, 0x00, 0x00, 0x00, 0x00,
  0x00, 0x00, 0x00, 0x00, 0x00, 0x00, 0x00, 0x00, 0x00, 0x00, 0x00, 0x00, 0x00, 0x00, 0x00, 0x00,
  0x00, 0x00, 0x00, 0x00, 0x00, 0x00, 0x00, 0x00, 0x00, 0x00, 0x00, 0x00, 0x00, 0x00, 0x00, 0x00,
  0x00, 0x00, 0x00, 0x00, 0x00, 0x00, 0x00, 0x00, 0x00, 0x00, 0x00, 0x00, 0x00, 0x00, 0x00, 0x00,
  0x00, 0x00, 0x00, 0x00, 0x00, 0x00, 0x00, 0x00, 0x00, 0x00, 0x00, 0x00, 0x00, 0x00, 0x00, 0x00,
  0x00, 0x00, 0x00, 0x00, 0x00, 0x00, 0x00, 0x00, 0x00, 0x00, 0x00, 0x00, 0x00, 0x00, 0x00, 0x00,
  0x00, 0x00, 0x00, 0x00, 0x00, 0x00, 0x00, 0x00, 0x00, 0x00, 0x00, 0x00, 0x00, 0x00, 0x00, 0x00,
  0x00, 0x00, 0x00, 0x00, 0x00, 0x00, 0x00, 0x00, 0x00, 0x00, 0x00, 0x00, 0x00, 0x00, 0x00, 0x00,
  0x00, 0x00, 0x00, 0x00, 0x00, 0x00, 0x00, 0x00, 0x00, 0x00, 0x00, 0x00, 0x00, 0x00, 0x00, 0x00,
  0x00, 0x00, 0x00, 0x00, 0x00, 0x00, 0x00, 0x00, 0x00, 0x00, 0x00, 0x00, 0x00, 0x00, 0x00, 0x00,
  0x00, 0x00, 0x00, 0x00, 0x00, 0x00, 0x00, 0x00, 0x00, 0x00, 0x00, 0x00, 0x00, 0x00, 0x00, 0x00,
  0x00, 0x00, 0x00, 0x00, 0x00, 0x00, 0x00, 0x00, 0x00, 0x00, 0x00, 0x00, 0xff, 0xff, 0xff, 0x01,
  0x00, 0x00, 0x00, 0x00, 0x00, 0x00, 0x00, 0x00, 0xbf, 0x7f, 0x7f, 0x04, 0xc9, 0x74, 0x7d, 0x39,
  0xcb, 0x76, 0x7f, 0xae, 0xd6, 0x7d, 0x86, 0xff, 0xda, 0x80, 0x89, 0xff, 0xd6, 0x7c, 0x86, 0xf8,
  0xd9, 0x7d, 0x88, 0xff, 0xdb, 0x7d, 0x88, 0xff, 0xde, 0x7f, 0x89, 0xfe, 0xe0, 0x81, 0x8c, 0xfe,
  0xe3, 0x82, 0x8d, 0xfe, 0xe5, 0x82, 0x8e, 0xfe, 0xe7, 0x83, 0x90, 0xff, 0xea, 0x83, 0x92, 0xff,
  0xec, 0x83, 0x93, 0xfe, 0xee, 0x84, 0x94, 0xfe, 0xf0, 0x85, 0x95, 0xff, 0xf2, 0x84, 0x96, 0xff,
  0xf4, 0x84, 0x96, 0xff, 0xf5, 0x84, 0x97, 0xff, 0xf6, 0x83, 0x96, 0xfe, 0xf6, 0x83, 0x96, 0xfe,
  0xf9, 0x82, 0x97, 0xfe, 0xfa, 0x82, 0x96, 0xfa, 0xfe, 0x83, 0x99, 0xff, 0xff, 0x8a, 0xa3, 0xff,
  0xfb, 0x7d, 0x96, 0xdd, 0xfc, 0x7f, 0x99, 0x62, 0xff, 0x79, 0x9d, 0x15, 0x00, 0x00, 0x00, 0x00,
  0x00, 0x00, 0x00, 0x00, 0xff, 0x3f, 0x7f, 0x04, 0x00, 0x00, 0x00, 0x00, 0x00, 0x00, 0x00, 0x00,
  0x00, 0x00, 0x00, 0x00, 0x00, 0x00, 0x00, 0x00, 0x00, 0x00, 0x00, 0x00, 0x00, 0x00, 0x00, 0x00,
  0x00, 0x00, 0x00, 0x00, 0x00, 0x00, 0x00, 0x00, 0x00, 0x00, 0x00, 0x00, 0x00, 0x00, 0x00, 0x00,
  0x00, 0x00, 0x00, 0x00, 0x00, 0x00, 0x00, 0x00, 0x00, 0x00, 0x00, 0x00, 0x00, 0x00, 0x00, 0x00,
  0x00, 0x00, 0x00, 0x00, 0x00, 0x00, 0x00, 0x00, 0x00, 0x00, 0x00, 0x00, 0x00, 0x00, 0x00, 0x00,
  0x00, 0x00, 0x00, 0x00, 0x00, 0x00, 0x00, 0x00, 0x00, 0x00, 0x00, 0x00, 0x00, 0x00, 0x00, 0x00,
  0x00, 0x00, 0x00, 0x00, 0x00, 0x00, 0x00, 0x00, 0x00, 0x00, 0x00, 0x00, 0x00, 0x00, 0x00, 0x00,
  0x00, 0x00, 0x00, 0x00, 0x00, 0x00, 0x00, 0x00, 0x00, 0x00, 0x00, 0x00, 0x00, 0x00, 0x00, 0x00,
  0x00, 0x00, 0x00, 0x00, 0x00, 0x00, 0x00, 0x00, 0x00, 0x00, 0x00, 0x00, 0x00, 0x00, 0x00, 0x00,
  0x00, 0x00, 0x00, 0x00, 0x00, 0x00, 0x00, 0x00, 0x00, 0x00, 0x00, 0x00, 0x00, 0x00, 0x00, 0x00,
  0x00, 0x00, 0x00, 0x00, 0x00, 0x00, 0x00, 0x00, 0x00, 0x00, 0x00, 0x00, 0x00, 0x00, 0x00, 0x00,
  0x00, 0x00, 0x00, 0x00, 0x00, 0x00, 0x00, 0x00, 0x00, 0x00, 0x00, 0x00, 0x00, 0x00, 0x00, 0x00,
  0x00, 0x00, 0x00, 0x00, 0x00, 0x00, 0x00, 0x00, 0x00, 0x00, 0x00, 0x00, 0x00, 0x00, 0x00, 0x00,
  0x00, 0x00, 0x00, 0x00, 0x00, 0x00, 0x00, 0x00, 0x00, 0x00, 0x00, 0x00, 0x00, 0x00, 0x00, 0x00,
  0xff, 0xff, 0xff, 0x01, 0x00, 0x00, 0x00, 0x00, 0x00, 0x00, 0x00, 0x00, 0xd4, 0x7f, 0x7f, 0x06,
  0xcd, 0x77, 0x83, 0x3e, 0xd1, 0x78, 0x80, 0xae, 0xd8, 0x7c, 0x87, 0xff, 0xdd, 0x80, 0x8b, 0xff,
  0xda, 0x7c, 0x8a, 0xf9, 0xdc, 0x7e, 0x8a, 0xff, 0xde, 0x7e, 0x8b, 0xff, 0xe1, 0x80, 0x8c, 0xff,
  0xe4, 0x82, 0x8e, 0xff, 0xe7, 0x82, 0x90, 0xfe, 0xe9, 0x82, 0x91, 0xfe, 0xea, 0x83, 0x91, 0xff,
  0xec, 0x83, 0x93, 0xff, 0xee, 0x82, 0x94, 0xfe, 0xf0, 0x82, 0x95, 0xfe, 0xf2, 0x83, 0x96, 0xff,
  0xf4, 0x83, 0x96, 0xff, 0xf5, 0x83, 0x96, 0xff, 0xf6, 0x83, 0x97, 0xfe, 0xf7, 0x82, 0x97, 0xfe,
  0xf8, 0x81, 0x97, 0xfe, 0xfa, 0x80, 0x97, 0xfe, 0xfb, 0x7f, 0x96, 0xfa, 0xff, 0x80, 0x9a, 0xff,
  0xff, 0x87, 0xa4, 0xfd, 0xfd, 0x7c, 0x99, 0xb7, 0xff, 0x83, 0xa4, 0x1f, 0x00, 0x00, 0x00, 0x00,
  0xff, 0x7f, 0xbf, 0x04, 0x00, 0x00, 0x00, 0x00, 0xff, 0x00, 0xff, 0x01, 0x00, 0x00, 0x00, 0x00,
  0x00, 0x00, 0x00, 0x00, 0x00, 0x00, 0x00, 0x00, 0x00, 0x00, 0x00, 0x00, 0x00, 0x00, 0x00, 0x00,
  0x00, 0x00, 0x00, 0x00, 0x00, 0x00, 0x00, 0x00, 0x00, 0x00, 0x00, 0x00, 0x00, 0x00, 0x00, 0x00,
  0x00, 0x00, 0x00, 0x00, 0x00, 0x00, 0x00, 0x00, 0x00, 0x00, 0x00, 0x00, 0x00, 0x00, 0x00, 0x00,
  0x00, 0x00, 0x00, 0x00, 0x00, 0x00, 0x00, 0x00, 0x00, 0x00, 0x00, 0x00, 0x00, 0x00, 0x00, 0x00,
  0x00, 0x00, 0x00, 0x00, 0x00, 0x00, 0x00, 0x00, 0x00, 0x00, 0x00, 0x00, 0x00, 0x00, 0x00, 0x00,
  0x00, 0x00, 0x00, 0x00, 0x00, 0x00, 0x00, 0x00, 0x00, 0x00, 0x00, 0x00, 0x00, 0x00, 0x00, 0x00,
  0x00, 0x00, 0x00, 0x00, 0x00, 0x00, 0x00, 0x00, 0x00, 0x00, 0x00, 0x00, 0x00, 0x00, 0x00, 0x00,
  0x00, 0x00, 0x00, 0x00, 0x00, 0x00, 0x00, 0x00, 0x00, 0x00, 0x00, 0x00, 0x00, 0x00, 0x00, 0x00,
  0x00, 0x00, 0x00, 0x00, 0x00, 0x00, 0x00, 0x00, 0x00, 0x00, 0x00, 0x00, 0x00, 0x00, 0x00, 0x00,
  0x00, 0x00, 0x00, 0x00, 0x00, 0x00, 0x00, 0x00, 0x00, 0x00, 0x00, 0x00, 0x00, 0x00, 0x00, 0x00,
  0x00, 0x00, 0x00, 0x00, 0x00, 0x00, 0x00, 0x00, 0x00, 0x00, 0x00, 0x00, 0x00, 0x00, 0x00, 0x00,
  0x00, 0x00, 0x00, 0x00, 0x00, 0x00, 0x00, 0x00, 0x00, 0x00, 0x00, 0x00, 0x00, 0x00, 0x00, 0x00,
  0x00, 0x00, 0x00, 0x00, 0x00, 0x00, 0x00, 0x00, 0x00, 0x00, 0x00, 0x00, 0x00, 0x00, 0x00, 0x00,
  0x00, 0x00, 0x00, 0x00, 0xff, 0xff, 0xff, 0x01, 0x00, 0x00, 0x00, 0x00, 0x00, 0x00, 0x00, 0x00,
  0xda, 0x6d, 0x6d, 0x07, 0xd8, 0x73, 0x83, 0x42, 0xd6, 0x78, 0x86, 0xaf, 0xdc, 0x7d, 0x8b, 0xfd,
  0xe1, 0x80, 0x8e, 0xff, 0xdc, 0x7d, 0x8b, 0xfa, 0xe0, 0x7e, 0x8d, 0xff, 0xe2, 0x7e, 0x8e, 0xfe,
  0xe4, 0x7f, 0x8e, 0xfe, 0xe7, 0x81, 0x90, 0xff, 0xea, 0x81, 0x92, 0xff, 0xeb, 0x81, 0x93, 0xfe,
  0xed, 0x82, 0x94, 0xfe, 0xef, 0x82, 0x94, 0xfe, 0xf1, 0x82, 0x95, 0xff, 0xf3, 0x82, 0x96, 0xff,
  0xf4, 0x82, 0x96, 0xfe, 0xf6, 0x80, 0x97, 0xfe, 0xf6, 0x80, 0x97, 0xfe, 0xf7, 0x80, 0x97, 0xfe,
  0xf9, 0x80, 0x98, 0xfe, 0xfc, 0x7e, 0x99, 0xfd, 0xfc, 0x7c, 0x98, 0xfd, 0xfd, 0x7c, 0x99, 0xfd,
  0xfc, 0x7b, 0x99, 0xfa, 0xfc, 0x7c, 0x9b, 0xdf, 0xfd, 0x78, 0x98, 0x81, 0xff, 0x7f, 0xaa, 0x06,
  0x00, 0x00, 0x00, 0x00, 0xff, 0x66, 0x99, 0x05, 0xff, 0x00, 0x00, 0x01, 0x00, 0x00, 0x00, 0x00,
  0x00, 0x00, 0x00, 0x00, 0x00, 0x00, 0x00, 0x00, 0x00, 0x00, 0x00, 0x00, 0x00, 0x00, 0x00, 0x00,
  0x00, 0x00, 0x00, 0x00, 0x00, 0x00, 0x00, 0x00, 0x00, 0x00, 0x00, 0x00, 0x00, 0x00, 0x00, 0x00,
  0x00, 0x00, 0x00, 0x00, 0x00, 0x00, 0x00, 0x00, 0x00, 0x00, 0x00, 0x00, 0x00, 0x00, 0x00, 0x00,
  0x00, 0x00, 0x00, 0x00, 0x00, 0x00, 0x00, 0x00, 0x00, 0x00, 0x00, 0x00, 0x00, 0x00, 0x00, 0x00,
  0x00, 0x00, 0x00, 0x00, 0x00, 0x00, 0x00, 0x00, 0x00, 0x00, 0x00, 0x00, 0x00, 0x00, 0x00, 0x00,
  0x00, 0x00, 0x00, 0x00, 0x00, 0x00, 0x00, 0x00, 0x00, 0x00, 0x00, 0x00, 0x00, 0x00, 0x00, 0x00,
  0x00, 0x00, 0x00, 0x00, 0x00, 0x00, 0x00, 0x00, 0x00, 0x00, 0x00, 0x00, 0x00, 0x00, 0x00, 0x00,
  0x00, 0x00, 0x00, 0x00, 0x00, 0x00, 0x00, 0x00, 0x00, 0x00, 0x00, 0x00, 0x00, 0x00, 0x00, 0x00,
  0x00, 0x00, 0x00, 0x00, 0x00, 0x00, 0x00, 0x00, 0x00, 0x00, 0x00, 0x00, 0x00, 0x00, 0x00, 0x00,
  0x00, 0x00, 0x00, 0x00, 0x00, 0x00, 0x00, 0x00, 0x00, 0x00, 0x00, 0x00, 0x00, 0x00, 0x00, 0x00,
  0x00, 0x00, 0x00, 0x00, 0x00, 0x00, 0x00, 0x00, 0x00, 0x00, 0x00, 0x00, 0x00, 0x00, 0x00, 0x00,
  0x00, 0x00, 0x00, 0x00, 0x00, 0x00, 0x00, 0x00, 0x00, 0x00, 0x00, 0x00, 0x00, 0x00, 0x00, 0x00,
  0x00, 0x00, 0x00, 0x00, 0x00, 0x00, 0x00, 0x00, 0x00, 0x00, 0x00, 0x00, 0x00, 0x00, 0x00, 0x00,
  0x00, 0x00, 0x00, 0x00, 0x00, 0x00, 0x00, 0x00, 0xff, 0xff, 0xff, 0x01, 0x00, 0x00, 0x00, 0x00,
  0xff, 0xff, 0xff, 0x01, 0xbf, 0x7f, 0x7f, 0x04, 0xdd, 0x74, 0x8a, 0x2e, 0xd9, 0x79, 0x88, 0xa8,
  0xe6, 0x82, 0x90, 0xff, 0xe8, 0x82, 0x92, 0xff, 0xe0, 0x7d, 0x8c, 0xf8, 0xe3, 0x7d, 0x8f, 0xff,
  0xe5, 0x7e, 0x90, 0xfe, 0xe7, 0x7e, 0x90, 0xfe, 0xea, 0x80, 0x93, 0xff, 0xed, 0x80, 0x94, 0xff,
  0xed, 0x80, 0x95, 0xfe, 0xef, 0x80, 0x96, 0xfe, 0xf1, 0x80, 0x96, 0xfe, 0xf4, 0x81, 0x97, 0xff,
  0xf5, 0x81, 0x97, 0xff, 0xf6, 0x80, 0x97, 0xfe, 0xf8, 0x7e, 0x98, 0xfe, 0xf8, 0x7e, 0x98, 0xfe,
  0xf9, 0x7e, 0x97, 0xfe, 0xfb, 0x7d, 0x98, 0xfe, 0xfc, 0x7c, 0x98, 0xfc, 0xfc, 0x7b, 0x97, 0xfa,
  0xff, 0x81, 0xa1, 0xff, 0xfc, 0x77, 0x97, 0xfe, 0xfd, 0x74, 0x95, 0xa2, 0xfa, 0x79, 0x97, 0x3b,
  0xff, 0x55, 0xaa, 0x03, 0xff, 0x7f, 0x7f, 0x02, 0xff, 0x55, 0x55, 0x03, 0xff, 0x00, 0x00, 0x01,
  0x00, 0x00, 0x00, 0x00, 0x00, 0x00, 0x00, 0x00, 0x00, 0x00, 0x00, 0x00, 0x00, 0x00, 0x00, 0x00,
  0x00, 0x00, 0x00, 0x00, 0x00, 0x00, 0x00, 0x00, 0x00, 0x00, 0x00, 0x00, 0x00, 0x00, 0x00, 0x00,
  0x00, 0x00, 0x00, 0x00, 0x00, 0x00, 0x00, 0x00, 0x00, 0x00, 0x00, 0x00, 0x00, 0x00, 0x00, 0x00,
  0x00, 0x00, 0x00, 0x00, 0x00, 0x00, 0x00, 0x00, 0x00, 0x00, 0x00, 0x00, 0x00, 0x00, 0x00, 0x00,
  0x00, 0x00, 0x00, 0x00, 0x00, 0x00, 0x00, 0x00, 0x00, 0x00, 0x00, 0x00, 0x00, 0x00, 0x00, 0x00,
  0x00, 0x00, 0x00, 0x00, 0x00, 0x00, 0x00, 0x00, 0x00, 0x00, 0x00, 0x00, 0x00, 0x00, 0x00, 0x00,
  0x00, 0x00, 0x00, 0x00, 0x00, 0x00, 0x00, 0x00, 0x00, 0x00, 0x00, 0x00, 0x00, 0x00, 0x00, 0x00,
  0x00, 0x00, 0x00, 0x00, 0x00, 0x00, 0x00, 0x00, 0x00, 0x00, 0x00, 0x00, 0x00, 0x00, 0x00, 0x00,
  0x00, 0x00, 0x00, 0x00, 0x00, 0x00, 0x00, 0x00, 0x00, 0x00, 0x00, 0x00, 0x00, 0x00, 0x00, 0x00,
  0x00, 0x00, 0x00, 0x00, 0x00, 0x00, 0x00, 0x00, 0x00, 0x00, 0x00, 0x00, 0x00, 0x00, 0x00, 0x00,
  0x00, 0x00, 0x00, 0x00, 0x00, 0x00, 0x00, 0x00, 0x00, 0x00, 0x00, 0x00, 0x00, 0x00, 0x00, 0x00,
  0x00, 0x00, 0x00, 0x00, 0x00, 0x00, 0x00, 0x00, 0x00, 0x00, 0x00, 0x00, 0x00, 0x00, 0x00, 0x00,
  0x00, 0x00, 0x00, 0x00, 0x00, 0x00, 0x00, 0x00, 0x00, 0x00, 0x00, 0x00, 0x00, 0x00, 0x00, 0x00,
  0x00, 0x00, 0x00, 0x00, 0x00, 0x00, 0x00, 0x00, 0x00, 0x00, 0x00, 0x00, 0x00, 0x00, 0x00, 0x01,
  0x00, 0x00, 0x00, 0x00, 0xff, 0xaa, 0xaa, 0x03, 0x00, 0x00, 0x00, 0x00, 0xcf, 0x6f, 0x7f, 0x10,
  0xdc, 0x79, 0x89, 0x93, 0xe9, 0x81, 0x92, 0xff, 0xed, 0x83, 0x95, 0xff, 0xe5, 0x7c, 0x8f, 0xf7,
  0xe6, 0x7d, 0x90, 0xfe, 0xe8, 0x7e, 0x91, 0xfe, 0xea, 0x7e, 0x93, 0xfe, 0xed, 0x7f, 0x95, 0xff,
  0xef, 0x7f, 0x96, 0xff, 0xf0, 0x7f, 0x96, 0xfe, 0xf2, 0x7f, 0x97, 0xff, 0xf4, 0x7f, 0x97, 0xff,
  0xf6, 0x7f, 0x98, 0xff, 0xf7, 0x7e, 0x98, 0xfe, 0xf8, 0x7d, 0x98, 0xfe, 0xfa, 0x7d, 0x99, 0xff,
  0xfa, 0x7c, 0x99, 0xff, 0xfb, 0x7b, 0x98, 0xff, 0xfc, 0x7a, 0x97, 0xfe, 0xfc, 0x79, 0x97, 0xfc,
  0xfc, 0x77, 0x97, 0xf9, 0xff, 0x80, 0xa4, 0xff, 0xff, 0x73, 0x95, 0xf2, 0xff, 0x77, 0x98, 0x5c,
  0xff, 0x00, 0x00, 0x01, 0x00, 0x00, 0x00, 0x00, 0xff, 0xff, 0xff, 0x01, 0xff, 0x00, 0x00, 0x01,
  0x00, 0x00, 0x00, 0x00, 0x00, 0x00, 0x00, 0x00, 0x00, 0x00, 0x00, 0x00, 0x00, 0x00, 0x00, 0x00,
  0x00, 0x00, 0x00, 0x00, 0x00, 0x00, 0x00, 0x00, 0x00, 0x00, 0x00, 0x00, 0x00, 0x00, 0x00, 0x00,
  0x00, 0x00, 0x00, 0x00, 0x00, 0x00, 0x00, 0x00, 0x00, 0x00, 0x00, 0x00, 0x00, 0x00, 0x00, 0x00,
  0x00, 0x00, 0x00, 0x00, 0x00, 0x00, 0x00, 0x00, 0x00, 0x00, 0x00, 0x00, 0x00, 0x00, 0x00, 0x00,
  0x00, 0x00, 0x00, 0x00, 0x00, 0x00, 0x00, 0x00, 0x00, 0x00, 0x00, 0x00, 0x00, 0x00, 0x00, 0x00,
  0x00, 0x00, 0x00, 0x00, 0x00, 0x00, 0x00, 0x00, 0x00, 0x00, 0x00, 0x00, 0x00, 0x00, 0x00, 0x00,
  0x00, 0x00, 0x00, 0x00, 0x00, 0x00, 0x00, 0x00, 0x00, 0x00, 0x00, 0x00, 0x00, 0x00, 0x00, 0x00,
  0x00, 0x00, 0x00, 0x00, 0x00, 0x00, 0x00, 0x00, 0x00, 0x00, 0x00, 0x00, 0x00, 0x00, 0x00, 0x00,
  0x00, 0x00, 0x00, 0x00, 0x00, 0x00, 0x00, 0x00, 0x00, 0x00, 0x00, 0x00, 0x00, 0x00, 0x00, 0x00,
  0x00, 0x00, 0x00, 0x00, 0x00, 0x00, 0x00, 0x00, 0x00, 0x00, 0x00, 0x00, 0x00, 0x00, 0x00, 0x00,
  0x00, 0x00, 0x00, 0x00, 0x00, 0x00, 0x00, 0x00, 0x00, 0x00, 0x00, 0x00, 0x00, 0x00, 0x00, 0x00,
  0x00, 0x00, 0x00, 0x00, 0x00, 0x00, 0x00, 0x00, 0x00, 0x00, 0x00, 0x00, 0x00, 0x00, 0x00, 0x00,
  0x00, 0x00, 0x00, 0x00, 0x00, 0x00, 0x00, 0x00, 0x00, 0x00, 0x00, 0x00, 0x00, 0x00, 0x00, 0x00,
  0x00, 0x00, 0x00, 0x00, 0x00, 0x00, 0x00, 0x00, 0x00, 0x00, 0x00, 0x00, 0x00, 0x00, 0x00, 0x00,
  0x00, 0x00, 0x00, 0x00, 0x00, 0x00, 0x00, 0x00, 0xd4, 0x7f, 0x7f, 0x06, 0x00, 0x00, 0x00, 0x00,
  0xff, 0xff, 0xff, 0x01, 0xdf, 0x79, 0x8d, 0x73, 0xe6, 0x7d, 0x90, 0xee, 0xe8, 0x7e, 0x92, 0xfe,
  0xe5, 0x7b, 0x90, 0xfa, 0xe9, 0x7e, 0x92, 0xfe, 0xeb, 0x7f, 0x94, 0xff, 0xed, 0x7e, 0x95, 0xff,
  0xf0, 0x7d, 0x95, 0xfe, 0xf1, 0x7d, 0x95, 0xfe, 0xf2, 0x7e, 0x96, 0xfe, 0xf4, 0x7e, 0x97, 0xff,
  0xf6, 0x7e, 0x98, 0xff, 0xf7, 0x7d, 0x99, 0xfe, 0xf8, 0x7b, 0x99, 0xfe, 0xf9, 0x7b, 0x99, 0xfe,
  0xfc, 0x7b, 0x99, 0xff, 0xfc, 0x7a, 0x99, 0xff, 0xfc, 0x79, 0x99, 0xfe, 0xfc, 0x78, 0x98, 0xfc,
  0xfd, 0x76, 0x99, 0xfd, 0xfd, 0x75, 0x97, 0xfa, 0xfd, 0x76, 0x9c, 0xf5, 0xff, 0x72, 0x97, 0xc2,
  0xff, 0x75, 0x99, 0x32, 0x00, 0x00, 0x00, 0x00, 0x00, 0x00, 0x00, 0x00, 0xff, 0x55, 0xaa, 0x03,
  0x00, 0x00, 0x00, 0x00, 0x00, 0x00, 0x00, 0x00, 0x00, 0x00, 0x00, 0x00, 0x00, 0x00, 0x00, 0x00,
  0x00, 0x00, 0x00, 0x00, 0x00, 0x00, 0x00, 0x00, 0x00, 0x00, 0x00, 0x00, 0x00, 0x00, 0x00, 0x00,
  0x00, 0x00, 0x00, 0x00, 0x00, 0x00, 0x00, 0x00, 0x00, 0x00, 0x00, 0x00, 0x00, 0x00, 0x00, 0x00,
  0x00, 0x00, 0x00, 0x00, 0x00, 0x00, 0x00, 0x00, 0x00, 0x00, 0x00, 0x00, 0x00, 0x00, 0x00, 0x00,
  0x00, 0x00, 0x00, 0x00, 0x00, 0x00, 0x00, 0x00, 0x00, 0x00, 0x00, 0x00, 0x00, 0x00, 0x00, 0x00,
  0x00, 0x00, 0x00, 0x00, 0x00, 0x00, 0x00, 0x00, 0x00, 0x00, 0x00, 0x00, 0x00, 0x00, 0x00, 0x00,
  0x00, 0x00, 0x00, 0x00, 0x00, 0x00, 0x00, 0x00, 0x00, 0x00, 0x00, 0x00, 0x00, 0x00, 0x00, 0x00,
  0x00, 0x00, 0x00, 0x00, 0x00, 0x00, 0x00, 0x00, 0x00, 0x00, 0x00, 0x00, 0x00, 0x00, 0x00, 0x00,
  0x00, 0x00, 0x00, 0x00, 0x00, 0x00, 0x00, 0x00, 0x00, 0x00, 0x00, 0x00, 0x00, 0x00, 0x00, 0x00,
  0x00, 0x00, 0x00, 0x00, 0x00, 0x00, 0x00, 0x00, 0x00, 0x00, 0x00, 0x00, 0x00, 0x00, 0x00, 0x00,
  0x00, 0x00, 0x00, 0x00, 0x00, 0x00, 0x00, 0x00, 0x00, 0x00, 0x00, 0x00, 0x00, 0x00, 0x00, 0x00,
  0x00, 0x00, 0x00, 0x00, 0x00, 0x00, 0x00, 0x00, 0x00, 0x00, 0x00, 0x00, 0x00, 0x00, 0x00, 0x00,
  0x00, 0x00, 0x00, 0x00, 0x00, 0x00, 0x00, 0x00, 0x00, 0x00, 0x00, 0x00, 0x00, 0x00, 0x00, 0x00,
  0x00, 0x00, 0x00, 0x00, 0x00, 0x00, 0x00, 0x00, 0x00, 0x00, 0x00, 0x00, 0x00, 0x00, 0x00, 0x00,
  0x00, 0x00, 0x00, 0x00, 0x00, 0x00, 0x00, 0x00, 0x00, 0x00, 0x00, 0x00, 0xd4, 0x7f, 0x7f, 0x06,
  0x00, 0x00, 0x00, 0x00, 0x00, 0x00, 0x00, 0x00, 0xe4, 0x7b, 0x92, 0x44, 0xe3, 0x79, 0x90, 0xb8,
  0xe5, 0x7a, 0x91, 0xfc, 0xf2, 0x81, 0x99, 0xff, 0xeb, 0x7e, 0x94, 0xff, 0xec, 0x7d, 0x95, 0xfd,
  0xf0, 0x7e, 0x96, 0xff, 0xf2, 0x7b, 0x95, 0xfe, 0xf3, 0x7b, 0x95, 0xfe, 0xf4, 0x7c, 0x96, 0xfe,
  0xf5, 0x7b, 0x97, 0xff, 0xf7, 0x7b, 0x98, 0xff, 0xf8, 0x7a, 0x99, 0xfe, 0xf9, 0x79, 0x99, 0xfe,
  0xfa, 0x79, 0x99, 0xfe, 0xfc, 0x78, 0x99, 0xff, 0xfc, 0x77, 0x99, 0xff, 0xfc, 0x76, 0x99, 0xfe,
  0xfc, 0x75, 0x99, 0xfa, 0xff, 0x76, 0x9b, 0xff, 0xff, 0x74, 0x9a, 0xff, 0xfd, 0x6e, 0x94, 0xd5,
  0xff, 0x70, 0x99, 0x71, 0xff, 0x70, 0x99, 0x19, 0xff, 0xaa, 0xaa, 0x03, 0x00, 0x00, 0x00, 0x00,
  0xff, 0x55, 0xaa, 0x03, 0x00, 0x00, 0x00, 0x00, 0x00, 0x00, 0x00, 0x00, 0x00, 0x00, 0x00, 0x00,
  0x00, 0x00, 0x00, 0x00, 0x00, 0x00, 0x00, 0x00, 0x00, 0x00, 0x00, 0x00, 0x00, 0x00, 0x00, 0x00,
  0x00, 0x00, 0x00, 0x00, 0x00, 0x00, 0x00, 0x00, 0x00, 0x00, 0x00, 0x00, 0x00, 0x00, 0x00, 0x00,
  0x00, 0x00, 0x00, 0x00, 0x00, 0x00, 0x00, 0x00, 0x00, 0x00, 0x00, 0x00, 0x00, 0x00, 0x00, 0x00,
  0x00, 0x00, 0x00, 0x00, 0x00, 0x00, 0x00, 0x00, 0x00, 0x00, 0x00, 0x00, 0x00, 0x00, 0x00, 0x00,
  0x00, 0x00, 0x00, 0x00, 0x00, 0x00, 0x00, 0x00, 0x00, 0x00, 0x00, 0x00, 0x00, 0x00, 0x00, 0x00,
  0x00, 0x00, 0x00, 0x00, 0x00, 0x00, 0x00, 0x00, 0x00, 0x00, 0x00, 0x00, 0x00, 0x00, 0x00, 0x00,
  0x00, 0x00, 0x00, 0x00, 0x00, 0x00, 0x00, 0x00, 0x00, 0x00, 0x00, 0x00, 0x00, 0x00, 0x00, 0x00,
  0x00, 0x00, 0x00, 0x00, 0x00, 0x00, 0x00, 0x00, 0x00, 0x00, 0x00, 0x00, 0x00, 0x00, 0x00, 0x00,
  0x00, 0x00, 0x00, 0x00, 0x00, 0x00, 0x00, 0x00, 0x00, 0x00, 0x00, 0x00, 0x00, 0x00, 0x00, 0x00,
  0x00, 0x00, 0x00, 0x00, 0x00, 0x00, 0x00, 0x00, 0x00, 0x00, 0x00, 0x00, 0x00, 0x00, 0x00, 0x00,
  0x00, 0x00, 0x00, 0x00, 0x00, 0x00, 0x00, 0x00, 0x00, 0x00, 0x00, 0x00, 0x00, 0x00, 0x00, 0x00,
  0x00, 0x00, 0x00, 0x00, 0x00, 0x00, 0x00, 0x00, 0x00, 0x00, 0x00, 0x00, 0x00, 0x00, 0x00, 0x00,
  0x00, 0x00, 0x00, 0x00, 0x00, 0x00, 0x00, 0x00, 0x00, 0x00, 0x00, 0x00, 0x00, 0x00, 0x00, 0x00,
  0x00, 0x00, 0x00, 0x00, 0x00, 0x00, 0x00, 0x00, 0x00, 0x00, 0x00, 0x00, 0x00, 0x00, 0x00, 0x00,
  0xff, 0x55, 0x55, 0x03, 0x00, 0x00, 0x00, 0x00, 0x00, 0x00, 0x00, 0x00, 0xe2, 0x7f, 0x9b, 0x12,
  0xe8, 0x7b, 0x92, 0x65, 0xea, 0x7a, 0x94, 0xe2, 0xff, 0x85, 0xa1, 0xff, 0xee, 0x7c, 0x96, 0xfc,
  0xf0, 0x7b, 0x96, 0xf9, 0xf3, 0x7c, 0x96, 0xff, 0xf4, 0x7a, 0x98, 0xfe, 0xf4, 0x7a, 0x97, 0xfe,
  0xf6, 0x79, 0x97, 0xfe, 0xf7, 0x77, 0x99, 0xfe, 0xf9, 0x77, 0x99, 0xfe, 0xfa, 0x78, 0x99, 0xfe,
  0xfb, 0x77, 0x99, 0xfe, 0xfc, 0x76, 0x99, 0xfe, 0xfc, 0x76, 0x99, 0xff, 0xfb, 0x75, 0x99, 0xfe,
  0xfc, 0x74, 0x99, 0xfe, 0xfd, 0x71, 0x97, 0xf9, 0xff, 0x73, 0x99, 0xfd, 0xff, 0x71, 0x95, 0xfa,
  0xff, 0x6f, 0x96, 0x97, 0xff, 0x6c, 0xa2, 0x21, 0xff, 0x7f, 0x7f, 0x02, 0xff, 0x7f, 0x7f, 0x02,
  0x00, 0x00, 0x00, 0x00, 0xff, 0x00, 0x00, 0x01, 0x00, 0x00, 0x00, 0x00, 0x00, 0x00, 0x00, 0x00,
  0x00, 0x00, 0x00, 0x00, 0x00, 0x00, 0x00, 0x00, 0x00, 0x00, 0x00, 0x00, 0x00, 0x00, 0x00, 0x00,
  0x00, 0x00, 0x00, 0x00, 0x00, 0x00, 0x00, 0x00, 0x00, 0x00, 0x00, 0x00, 0x00, 0x00, 0x00, 0x00,
  0x00, 0x00, 0x00, 0x00, 0x00, 0x00, 0x00, 0x00, 0x00, 0x00, 0x00, 0x00, 0x00, 0x00, 0x00, 0x00,
  0x00, 0x00, 0x00, 0x00, 0x00, 0x00, 0x00, 0x00, 0x00, 0x00, 0x00, 0x00, 0x00, 0x00, 0x00, 0x00,
  0x00, 0x00, 0x00, 0x00, 0x00, 0x00, 0x00, 0x00, 0x00, 0x00, 0x00, 0x00, 0x00, 0x00, 0x00, 0x00,
  0x00, 0x00, 0x00, 0x00, 0x00, 0x00, 0x00, 0x00, 0x00, 0x00, 0x00, 0x00, 0x00, 0x00, 0x00, 0x00,
  0x00, 0x00, 0x00, 0x00, 0x00, 0x00, 0x00, 0x00, 0x00, 0x00, 0x00, 0x00, 0x00, 0x00, 0x00, 0x00,
  0x00, 0x00, 0x00, 0x00, 0x00, 0x00, 0x00, 0x00, 0x00, 0x00, 0x00, 0x00, 0x00, 0x00, 0x00, 0x00,
  0x00, 0x00, 0x00, 0x00, 0x00, 0x00, 0x00, 0x00, 0x00, 0x00, 0x00, 0x00, 0x00, 0x00, 0x00, 0x00,
  0x00, 0x00, 0x00, 0x00, 0x00, 0x00, 0x00, 0x00, 0x00, 0x00, 0x00, 0x00, 0x00, 0x00, 0x00, 0x00,
  0x00, 0x00, 0x00, 0x00, 0x00, 0x00, 0x00, 0x00, 0x00, 0x00, 0x00, 0x00, 0x00, 0x00, 0x00, 0x00,
  0x00, 0x00, 0x00, 0x00, 0x00, 0x00, 0x00, 0x00, 0x00, 0x00, 0x00, 0x00, 0x00, 0x00, 0x00, 0x00,
  0x00, 0x00, 0x00, 0x00, 0x00, 0x00, 0x00, 0x00, 0x00, 0x00, 0x00, 0x00, 0x00, 0x00, 0x00, 0x00,
  0x00, 0x00, 0x00, 0x00, 0x00, 0x00, 0x00, 0x00, 0x00, 0x00, 0x00, 0x00, 0x00, 0x00, 0x00, 0x00,
  0x00, 0x00, 0x00, 0x00, 0xff, 0x00, 0x00, 0x01, 0xff, 0x00, 0xff, 0x01, 0x7f, 0x7f, 0x7f, 0x02,
  0x00, 0x00, 0x00, 0x00, 0xf7, 0x7b, 0x99, 0x23, 0xed, 0x79, 0x95, 0x9f, 0xfa, 0x80, 0x9d, 0xed,
  0xfa, 0x7f, 0x9e, 0xff, 0xf8, 0x7c, 0x9a, 0xfb, 0xf3, 0x79, 0x96, 0xf7, 0xf5, 0x79, 0x99, 0xfb,
  0xf6, 0x79, 0x99, 0xfe, 0xf7, 0x78, 0x99, 0xfe, 0xf8, 0x77, 0x9a, 0xfe, 0xfa, 0x77, 0x9a, 0xfe,
  0xfb, 0x77, 0x99, 0xfe, 0xfc, 0x76, 0x9a, 0xfd, 0xfc, 0x75, 0x99, 0xfd, 0xfc, 0x74, 0x99, 0xfd,
  0xfc, 0x74, 0x98, 0xf9, 0xfd, 0x73, 0x99, 0xfb, 0xff, 0x79, 0xa2, 0xff, 0xff, 0x72, 0x99, 0xff,
  0xff, 0x6f, 0x94, 0xbb, 0xff, 0x71, 0x9b, 0x4a, 0x00, 0x00, 0x00, 0x00, 0x00, 0x00, 0x00, 0x00,
  0xff, 0x7f, 0x7f, 0x02, 0x00, 0x00, 0x00, 0x00, 0x00, 0x00, 0x00, 0x00, 0x00, 0x00, 0x00, 0x00,
  0x00, 0x00, 0x00, 0x00, 0x00, 0x00, 0x00, 0x00, 0x00, 0x00, 0x00, 0x00, 0x00, 0x00, 0x00, 0x00,
  0x00, 0x00, 0x00, 0x00, 0x00, 0x00, 0x00, 0x00, 0x00, 0x00, 0x00, 0x00, 0x00, 0x00, 0x00, 0x00,
  0x00, 0x00, 0x00, 0x00, 0x00, 0x00, 0x00, 0x00, 0x00, 0x00, 0x00, 0x00, 0x00, 0x00, 0x00, 0x00,
  0x00, 0x00, 0x00, 0x00, 0x00, 0x00, 0x00, 0x00, 0x00, 0x00, 0x00, 0x00, 0x00, 0x00, 0x00, 0x00,
  0x00, 0x00, 0x00, 0x00, 0x00, 0x00, 0x00, 0x00, 0x00, 0x00, 0x00, 0x00, 0x00, 0x00, 0x00, 0x00,
  0x00, 0x00, 0x00, 0x00, 0x00, 0x00, 0x00, 0x00, 0x00, 0x00, 0x00, 0x00, 0x00, 0x00, 0x00, 0x00,
  0x00, 0x00, 0x00, 0x00, 0x00, 0x00, 0x00, 0x00, 0x00, 0x00, 0x00, 0x00, 0x00, 0x00, 0x00, 0x00,
  0x00, 0x00, 0x00, 0x00, 0x00, 0x00, 0x00, 0x00, 0x00, 0x00, 0x00, 0x00, 0x00, 0x00, 0x00, 0x00,
  0x00, 0x00, 0x00, 0x00, 0x00, 0x00, 0x00, 0x00, 0x00, 0x00, 0x00, 0x00, 0x00, 0x00, 0x00, 0x00,
  0x00, 0x00, 0x00, 0x00, 0x00, 0x00, 0x00, 0x00, 0x00, 0x00, 0x00, 0x00, 0x00, 0x00, 0x00, 0x00,
  0x00, 0x00, 0x00, 0x00, 0x00, 0x00, 0x00, 0x00, 0x00, 0x00, 0x00, 0x00, 0x00, 0x00, 0x00, 0x00,
  0x00, 0x00, 0x00, 0x00, 0x00, 0x00, 0x00, 0x00, 0x00, 0x00, 0x00, 0x00, 0x00, 0x00, 0x00, 0x00,
  0x00, 0x00, 0x00, 0x00, 0x00, 0x00, 0x00, 0x00, 0x00, 0x00, 0x00, 0x00, 0x00, 0x00, 0x00, 0x00,
  0x00, 0x00, 0x00, 0x00, 0x00, 0x00, 0x00, 0x00, 0x00, 0x00, 0x00, 0x00, 0x00, 0x00, 0x00, 0x00,
  0x00, 0x00, 0x00, 0x00, 0x00, 0x00, 0x00, 0x00, 0x00, 0x00, 0x00, 0x00, 0xff, 0x00, 0xff, 0x01,
  0xaa, 0x55, 0xaa, 0x03, 0xff, 0x00, 0xff, 0x01, 0xff, 0x66, 0x99, 0x05, 0xed, 0x7a, 0x96, 0x49,
  0xf0, 0x79, 0x94, 0xaa, 0xf3, 0x79, 0x99, 0xf6, 0xff, 0x7e, 0x9f, 0xff, 0xf6, 0x78, 0x99, 0xfe,
  0xf9, 0x7a, 0x9b, 0xff, 0xf9, 0x79, 0x9c, 0xff, 0xfa, 0x78, 0x9b, 0xff, 0xfa, 0x77, 0x9a, 0xfe,
  0xfb, 0x77, 0x9a, 0xfe, 0xfc, 0x76, 0x9a, 0xfe, 0xfc, 0x76, 0x9a, 0xfe, 0xfd, 0x75, 0x99, 0xff,
  0xff, 0x73, 0x99, 0xff, 0xff, 0x73, 0x99, 0xff, 0xff, 0x74, 0x9a, 0xff, 0xff, 0x77, 0xa1, 0xfb,
  0xff, 0x6e, 0x94, 0xd5, 0xff, 0x6e, 0x95, 0x5c, 0xff, 0x69, 0x96, 0x11, 0xff, 0xff, 0xff, 0x01,
  0xff, 0x00, 0x00, 0x01, 0xff, 0x7f, 0x7f, 0x02, 0x00, 0x00, 0x00, 0x00, 0x00, 0x00, 0x00, 0x00,
  0x00, 0x00, 0x00, 0x00, 0x00, 0x00, 0x00, 0x00, 0x00, 0x00, 0x00, 0x00, 0x00, 0x00, 0x00, 0x00,
  0x00, 0x00, 0x00, 0x00, 0x00, 0x00, 0x00, 0x00, 0x00, 0x00, 0x00, 0x00, 0x00, 0x00, 0x00, 0x00,
  0x00, 0x00, 0x00, 0x00, 0x00, 0x00, 0x00, 0x00, 0x00, 0x00, 0x00, 0x00, 0x00, 0x00, 0x00, 0x00,
  0x00, 0x00, 0x00, 0x00, 0x00, 0x00, 0x00, 0x00, 0x00, 0x00, 0x00, 0x00, 0x00, 0x00, 0x00, 0x00,
  0x00, 0x00, 0x00, 0x00, 0x00, 0x00, 0x00, 0x00, 0x00, 0x00, 0x00, 0x00, 0x00, 0x00, 0x00, 0x00,
  0x00, 0x00, 0x00, 0x00, 0x00, 0x00, 0x00, 0x00, 0x00, 0x00, 0x00, 0x00, 0x00, 0x00, 0x00, 0x00,
  0x00, 0x00, 0x00, 0x00, 0x00, 0x00, 0x00, 0x00, 0x00, 0x00, 0x00, 0x00, 0x00, 0x00, 0x00, 0x00,
  0x00, 0x00, 0x00, 0x00, 0x00, 0x00, 0x00, 0x00, 0x00, 0x00, 0x00, 0x00, 0x00, 0x00, 0x00, 0x00,
  0x00, 0x00, 0x00, 0x00, 0x00, 0x00, 0x00, 0x00, 0x00, 0x00, 0x00, 0x00, 0x00, 0x00, 0x00, 0x00,
  0x00, 0x00, 0x00, 0x00, 0x00, 0x00, 0x00, 0x00, 0x00, 0x00, 0x00, 0x00, 0x00, 0x00, 0x00, 0x00,
  0x00, 0x00, 0x00, 0x00, 0x00, 0x00, 0x00, 0x00, 0x00, 0x00, 0x00, 0x00, 0x00, 0x00, 0x00, 0x00,
  0x00, 0x00, 0x00, 0x00, 0x00, 0x00, 0x00, 0x00, 0x00, 0x00, 0x00, 0x00, 0x00, 0x00, 0x00, 0x00,
  0x00, 0x00, 0x00, 0x00, 0x00, 0x00, 0x00, 0x00, 0x00, 0x00, 0x00, 0x00, 0x00, 0x00, 0x00, 0x00,
  0x00, 0x00, 0x00, 0x00, 0x00, 0x00, 0x00, 0x00, 0x00, 0x00, 0x00, 0x00, 0x00, 0x00, 0x00, 0x00,
  0x00, 0x00, 0x00, 0x00, 0x00, 0x00, 0x00, 0x00, 0x00, 0x00, 0x00, 0x00, 0x00, 0x00, 0x00, 0x00,
  0x00, 0x00, 0x00, 0x00, 0xff, 0x00, 0xff, 0x01, 0xff, 0x55, 0xaa, 0x03, 0x00, 0x00, 0x00, 0x00,
  0xeb, 0x75, 0x89, 0x0d, 0xeb, 0x79, 0x94, 0x43, 0xf4, 0x7a, 0x99, 0xa9, 0xf9, 0x79, 0x9c, 0xf9,
  0xff, 0x83, 0xaa, 0xff, 0xff, 0x7e, 0xa2, 0xff, 0xfa, 0x78, 0x9b, 0xfc, 0xf9, 0x76, 0x9a, 0xfd,
  0xfb, 0x76, 0x99, 0xf8, 0xfc, 0x76, 0x9a, 0xf6, 0xfc, 0x76, 0x9a, 0xf8, 0xfc, 0x75, 0x9a, 0xfa,
  0xfc, 0x73, 0x98, 0xfe, 0xff, 0x72, 0x99, 0xff, 0xff, 0x79, 0xa3, 0xff, 0xff, 0x75, 0x9e, 0xff,
  0xff, 0x72, 0x9b, 0xbd, 0xff, 0x6c, 0x94, 0x60, 0xff, 0x72, 0x99, 0x14, 0x00, 0x00, 0x00, 0x00,
  0xff, 0xff, 0xff, 0x01, 0xff, 0x00, 0x00, 0x01, 0x00, 0x00, 0x00, 0x00, 0x00, 0x00, 0x00, 0x00,
  0x00, 0x00, 0x00, 0x00, 0x00, 0x00, 0x00, 0x00, 0x00, 0x00, 0x00, 0x00, 0x00, 0x00, 0x00, 0x00,
  0x00, 0x00, 0x00, 0x00, 0x00, 0x00, 0x00, 0x00, 0x00, 0x00, 0x00, 0x00, 0x00, 0x00, 0x00, 0x00,
  0x00, 0x00, 0x00, 0x00, 0x00, 0x00, 0x00, 0x00, 0x00, 0x00, 0x00, 0x00, 0x00, 0x00, 0x00, 0x00,
  0x00, 0x00, 0x00, 0x00, 0x00, 0x00, 0x00, 0x00, 0x00, 0x00, 0x00, 0x00, 0x00, 0x00, 0x00, 0x00,
  0x00, 0x00, 0x00, 0x00, 0x00, 0x00, 0x00, 0x00, 0x00, 0x00, 0x00, 0x00, 0x00, 0x00, 0x00, 0x00,
  0x00, 0x00, 0x00, 0x00, 0x00, 0x00, 0x00, 0x00, 0x00, 0x00, 0x00, 0x00, 0x00, 0x00, 0x00, 0x00,
  0x00, 0x00, 0x00, 0x00, 0x00, 0x00, 0x00, 0x00, 0x00, 0x00, 0x00, 0x00, 0x00, 0x00, 0x00, 0x00,
  0x00, 0x00, 0x00, 0x00, 0x00, 0x00, 0x00, 0x00, 0x00, 0x00, 0x00, 0x00, 0x00, 0x00, 0x00, 0x00,
  0x00, 0x00, 0x00, 0x00, 0x00, 0x00, 0x00, 0x00, 0x00, 0x00, 0x00, 0x00, 0x00, 0x00, 0x00, 0x00,
  0x00, 0x00, 0x00, 0x00, 0x00, 0x00, 0x00, 0x00, 0x00, 0x00, 0x00, 0x00, 0x00, 0x00, 0x00, 0x00,
  0x00, 0x00, 0x00, 0x00, 0x00, 0x00, 0x00, 0x00, 0x00, 0x00, 0x00, 0x00, 0x00, 0x00, 0x00, 0x00,
  0x00, 0x00, 0x00, 0x00, 0x00, 0x00, 0x00, 0x00, 0x00, 0x00, 0x00, 0x00, 0x00, 0x00, 0x00, 0x00,
  0x00, 0x00, 0x00, 0x00, 0x00, 0x00, 0x00, 0x00, 0x00, 0x00, 0x00, 0x00, 0x00, 0x00, 0x00, 0x00,
  0x00, 0x00, 0x00, 0x00, 0x00, 0x00, 0x00, 0x00, 0x00, 0x00, 0x00, 0x00, 0x00, 0x00, 0x00, 0x00,
  0x00, 0x00, 0x00, 0x00, 0x00, 0x00, 0x00, 0x00, 0x00, 0x00, 0x00, 0x00, 0x00, 0x00, 0x00, 0x00,
  0x00, 0x00, 0x00, 0x00, 0x00, 0x00, 0x00, 0x00, 0x00, 0x00, 0x00, 0x00, 0xff, 0x55, 0xaa, 0x03,
  0x7f, 0x7f, 0x7f, 0x02, 0x00, 0x00, 0x00, 0x00, 0xff, 0xaa, 0xaa, 0x06, 0xf4, 0x7b, 0x9b, 0x48,
  0xf4, 0x77, 0x9a, 0x98, 0xff, 0x7b, 0x9f, 0xcb, 0xff, 0x79, 0x9e, 0xeb, 0xfb, 0x77, 0x9a, 0xf9,
  0xff, 0x78, 0x9c, 0xff, 0xff, 0x7e, 0xa5, 0xff, 0xff, 0x7f, 0xa7, 0xff, 0xff, 0x7c, 0xa3, 0xff,
  0xff, 0x79, 0xa0, 0xff, 0xff, 0x73, 0x9a, 0xff, 0xff, 0x6f, 0x96, 0xec, 0xff, 0x71, 0x99, 0xd5,
  0xff, 0x6e, 0x96, 0xaf, 0xff, 0x6b, 0x93, 0x5a, 0xff, 0x6f, 0x8f, 0x10, 0x00, 0x00, 0x00, 0x00,
  0xff, 0xff, 0xff, 0x01, 0xff, 0xff, 0xff, 0x01, 0xff, 0x00, 0x00, 0x01, 0x00, 0x00, 0x00, 0x00,
  0x00, 0x00, 0x00, 0x00, 0x00, 0x00, 0x00, 0x00, 0x00, 0x00, 0x00, 0x00, 0x00, 0x00, 0x00, 0x00,
  0x00, 0x00, 0x00, 0x00, 0x00, 0x00, 0x00, 0x00, 0x00, 0x00, 0x00, 0x00, 0x00, 0x00, 0x00, 0x00,
  0x00, 0x00, 0x00, 0x00, 0x00, 0x00, 0x00, 0x00, 0x00, 0x00, 0x00, 0x00, 0x00, 0x00, 0x00, 0x00,
  0x00, 0x00, 0x00, 0x00, 0x00, 0x00, 0x00, 0x00, 0x00, 0x00, 0x00, 0x00, 0x00, 0x00, 0x00, 0x00,
  0x00, 0x00, 0x00, 0x00, 0x00, 0x00, 0x00, 0x00, 0x00, 0x00, 0x00, 0x00, 0x00, 0x00, 0x00, 0x00,
  0x00, 0x00, 0x00, 0x00, 0x00, 0x00, 0x00, 0x00, 0x00, 0x00, 0x00, 0x00, 0x00, 0x00, 0x00, 0x00,
  0x00, 0x00, 0x00, 0x00, 0x00, 0x00, 0x00, 0x00, 0x00, 0x00, 0x00, 0x00, 0x00, 0x00, 0x00, 0x00,
  0x00, 0x00, 0x00, 0x00, 0x00, 0x00, 0x00, 0x00, 0x00, 0x00, 0x00, 0x00, 0x00, 0x00, 0x00, 0x00,
  0x00, 0x00, 0x00, 0x00, 0x00, 0x00, 0x00, 0x00, 0x00, 0x00, 0x00, 0x00, 0x00, 0x00, 0x00, 0x00,
  0x00, 0x00, 0x00, 0x00, 0x00, 0x00, 0x00, 0x00, 0x00, 0x00, 0x00, 0x00, 0x00, 0x00, 0x00, 0x00,
  0x00, 0x00, 0x00, 0x00, 0x00, 0x00, 0x00, 0x00, 0x00, 0x00, 0x00, 0x00, 0x00, 0x00, 0x00, 0x00,
  0x00, 0x00, 0x00, 0x00, 0x00, 0x00, 0x00, 0x00, 0x00, 0x00, 0x00, 0x00, 0x00, 0x00, 0x00, 0x00,
  0x00, 0x00, 0x00, 0x00, 0x00, 0x00, 0x00, 0x00, 0x00, 0x00, 0x00, 0x00, 0x00, 0x00, 0x00, 0x00,
  0x00, 0x00, 0x00, 0x00, 0x00, 0x00, 0x00, 0x00, 0x00, 0x00, 0x00, 0x00, 0x00, 0x00, 0x00, 0x00,
  0x00, 0x00, 0x00, 0x00, 0x00, 0x00, 0x00, 0x00, 0x00, 0x00, 0x00, 0x00, 0x00, 0x00, 0x00, 0x00,
  0x00, 0x00, 0x00, 0x00, 0x00, 0x00, 0x00, 0x00, 0x00, 0x00, 0x00, 0x00, 0x00, 0x00, 0x00, 0x00,
  0x00, 0x00, 0x00, 0x00, 0x00, 0x00, 0x00, 0x00, 0x00, 0x00, 0x00, 0x00, 0x00, 0x00, 0x00, 0x00,
  0xff, 0x55, 0xaa, 0x03, 0xff, 0x75, 0x9c, 0x0d, 0xff, 0x77, 0xa0, 0x3e, 0xfb, 0x77, 0x9a, 0x96,
  0xfc, 0x76, 0x99, 0xc6, 0xfc, 0x75, 0x98, 0xdb, 0xfd, 0x75, 0x9a, 0xfd, 0xff, 0x79, 0x9f, 0xff,
  0xff, 0x71, 0x96, 0xfb, 0xff, 0x71, 0x96, 0xec, 0xff, 0x70, 0x97, 0xd2, 0xff, 0x70, 0x96, 0xa1,
  0xff, 0x6f, 0x97, 0x59, 0xff, 0x74, 0x9f, 0x18, 0xff, 0x7f, 0x7f, 0x04, 0xff, 0x7f, 0x7f, 0x02,
  0x00, 0x00, 0x00, 0x00, 0x00, 0x00, 0x00, 0x00, 0x00, 0x00, 0x00, 0x00, 0x00, 0x00, 0x00, 0x00,
  0x00, 0x00, 0x00, 0x00, 0x00, 0x00, 0x00, 0x00, 0x00, 0x00, 0x00, 0x00, 0x00, 0x00, 0x00, 0x00,
  0x00, 0x00, 0x00, 0x00, 0x00, 0x00, 0x00, 0x00, 0x00, 0x00, 0x00, 0x00, 0x00, 0x00, 0x00, 0x00,
  0x00, 0x00, 0x00, 0x00, 0x00, 0x00, 0x00, 0x00, 0x00, 0x00, 0x00, 0x00, 0x00, 0x00, 0x00, 0x00,
  0x00, 0x00, 0x00, 0x00, 0x00, 0x00, 0x00, 0x00, 0x00, 0x00, 0x00, 0x00, 0x00, 0x00, 0x00, 0x00,
  0x00, 0x00, 0x00, 0x00, 0x00, 0x00, 0x00, 0x00, 0x00, 0x00, 0x00, 0x00, 0x00, 0x00, 0x00, 0x00,
  0x00, 0x00, 0x00, 0x00, 0x00, 0x00, 0x00, 0x00, 0x00, 0x00, 0x00, 0x00, 0x00, 0x00, 0x00, 0x00,
  0x00, 0x00, 0x00, 0x00, 0x00, 0x00, 0x00, 0x00, 0x00, 0x00, 0x00, 0x00, 0x00, 0x00, 0x00, 0x00,
  0x00, 0x00, 0x00, 0x00, 0x00, 0x00, 0x00, 0x00, 0x00, 0x00, 0x00, 0x00, 0x00, 0x00, 0x00, 0x00,
  0x00, 0x00, 0x00, 0x00, 0x00, 0x00, 0x00, 0x00, 0x00, 0x00, 0x00, 0x00, 0x00, 0x00, 0x00, 0x00,
  0x00, 0x00, 0x00, 0x00, 0x00, 0x00, 0x00, 0x00, 0x00, 0x00, 0x00, 0x00, 0x00, 0x00, 0x00, 0x00,
  0x00, 0x00, 0x00, 0x00, 0x00, 0x00, 0x00, 0x00, 0x00, 0x00, 0x00, 0x00, 0x00, 0x00, 0x00, 0x00,
  0x00, 0x00, 0x00, 0x00, 0x00, 0x00, 0x00, 0x00, 0x00, 0x00, 0x00, 0x00, 0x00, 0x00, 0x00, 0x00,
  0x00, 0x00, 0x00, 0x00, 0x00, 0x00, 0x00, 0x00, 0x00, 0x00, 0x00, 0x00, 0x00, 0x00, 0x00, 0x00,
  0x00, 0x00, 0x00, 0x00, 0x00, 0x00, 0x00, 0x00, 0x00, 0x00, 0x00, 0x00, 0x00, 0x00, 0x00, 0x00,
  0x00, 0x00, 0x00, 0x00, 0x00, 0x00, 0x00, 0x00, 0x00, 0x00, 0x00, 0x00, 0x00, 0x00, 0x00, 0x00,
  0x00, 0x00, 0x00, 0x00, 0x00, 0x00, 0x00, 0x00, 0x00, 0x00, 0x00, 0x00, 0x00, 0x00, 0x00, 0x00,
  0x00, 0x00, 0x00, 0x00, 0x00, 0x00, 0x00, 0x00, 0x00, 0x00, 0x00, 0x00, 0xff, 0x7f, 0x7f, 0x02,
  0x00, 0x00, 0x00, 0x00, 0x00, 0x00, 0x00, 0x00, 0x00, 0x00, 0x00, 0x00, 0xff, 0x00, 0xff, 0x01,
  0xf8, 0x73, 0x97, 0x2a, 0xfb, 0x75, 0x99, 0x41, 0xfb, 0x75, 0x97, 0x4a, 0xfc, 0x74, 0x99, 0x5a,
  0xff, 0x73, 0x99, 0x5f, 0xff, 0x6f, 0x94, 0x59, 0xff, 0x6f, 0x95, 0x52, 0xff, 0x70, 0x95, 0x46,
  0xff, 0x71, 0x97, 0x2f, 0xff, 0x6d, 0x91, 0x0e, 0x00, 0x00, 0x00, 0x00, 0x00, 0x00, 0x00, 0x00,
  0x00, 0x00, 0x00, 0x00, 0xff, 0x7f, 0x7f, 0x02, 0x00, 0x00, 0x00, 0x00, 0x00, 0x00, 0x00, 0x00,
  0x00, 0x00, 0x00, 0x00, 0x00, 0x00, 0x00, 0x00, 0x00, 0x00, 0x00, 0x00, 0x00, 0x00, 0x00, 0x00,
  0x00, 0x00, 0x00, 0x00, 0x00, 0x00, 0x00, 0x00, 0x00, 0x00, 0x00, 0x00, 0x00, 0x00, 0x00, 0x00,
  0x00, 0x00, 0x00, 0x00, 0x00, 0x00, 0x00, 0x00, 0x00, 0x00, 0x00, 0x00, 0x00, 0x00, 0x00, 0x00,
  0x00, 0x00, 0x00, 0x00, 0x00, 0x00, 0x00, 0x00, 0x00, 0x00, 0x00, 0x00, 0x00, 0x00, 0x00, 0x00,
  0x00, 0x00, 0x00, 0x00, 0x00, 0x00, 0x00, 0x00, 0x00, 0x00, 0x00, 0x00, 0x00, 0x00, 0x00, 0x00,
  0x00, 0x00, 0x00, 0x00, 0x00, 0x00, 0x00, 0x00, 0x00, 0x00, 0x00, 0x00, 0x00, 0x00, 0x00, 0x00,
  0x00, 0x00, 0x00, 0x00, 0x00, 0x00, 0x00, 0x00, 0x00, 0x00, 0x00, 0x00, 0x00, 0x00, 0x00, 0x00,
  0x00, 0x00, 0x00, 0x00, 0x00, 0x00, 0x00, 0x00, 0x00, 0x00, 0x00, 0x00, 0x00, 0x00, 0x00, 0x00,
  0x00, 0x00, 0x00, 0x00, 0x00, 0x00, 0x00, 0x00, 0x00, 0x00, 0x00, 0x00, 0x00, 0x00, 0x00, 0x00,
  0x00, 0x00, 0x00, 0x00, 0x00, 0x00, 0x00, 0x00, 0x00, 0x00, 0x00, 0x00, 0x00, 0x00, 0x00, 0x00,
  0x00, 0x00, 0x00, 0x00, 0x00, 0x00, 0x00, 0x00, 0x00, 0x00, 0x00, 0x00, 0x00, 0x00, 0x00, 0x00,
  0x00, 0x00, 0x00, 0x00, 0x00, 0x00, 0x00, 0x00, 0x00, 0x00, 0x00, 0x00, 0x00, 0x00, 0x00, 0x00,
  0x00, 0x00, 0x00, 0x00, 0x00, 0x00, 0x00, 0x00, 0x00, 0x00, 0x00, 0x00, 0x00, 0x00, 0x00, 0x00,
  0x00, 0x00, 0x00, 0x00, 0x00, 0x00, 0x00, 0x00, 0x00, 0x00, 0x00, 0x00, 0x00, 0x00, 0x00, 0x00,
  0x00, 0x00, 0x00, 0x00, 0x00, 0x00, 0x00, 0x00, 0x00, 0x00, 0x00, 0x00, 0x00, 0x00, 0x00, 0x00,
  0x00, 0x00, 0x00, 0x00, 0x00, 0x00, 0x00, 0x00, 0x00, 0x00, 0x00, 0x00, 0x00, 0x00, 0x00, 0x00,
  0x00, 0x00, 0x00, 0x00, 0x00, 0x00, 0x00, 0x00, 0x00, 0x00, 0x00, 0x00, 0x00, 0x00, 0x00, 0x00,
  0x00, 0x00, 0x00, 0x00, 0xff, 0x00, 0xff, 0x01, 0xff, 0x7f, 0x7f, 0x04, 0xff, 0x7f, 0xaa, 0x06,
  0xff, 0xff, 0xff, 0x01, 0x00, 0x00, 0x00, 0x00, 0x00, 0x00, 0x00, 0x00, 0x00, 0x00, 0x00, 0x00,
  0x00, 0x00, 0x00, 0x00, 0x00, 0x00, 0x00, 0x00, 0x00, 0x00, 0x00, 0x00, 0x00, 0x00, 0x00, 0x00,
  0x00, 0x00, 0x00, 0x00, 0x00, 0x00, 0x00, 0x00, 0x00, 0x00, 0x00, 0x00, 0xff, 0x66, 0x99, 0x05,
  0xff, 0x66, 0x99, 0x05, 0xff, 0xff, 0xff, 0x01, 0x00, 0x00, 0x00, 0x00, 0x00, 0x00, 0x00, 0x00,
  0x00, 0x00, 0x00, 0x00, 0x00, 0x00, 0x00, 0x00, 0x00, 0x00, 0x00, 0x00, 0x00, 0x00, 0x00, 0x00,
  0x00, 0x00, 0x00, 0x00, 0x00, 0x00, 0x00, 0x00, 0x00, 0x00, 0x00, 0x00, 0x00, 0x00, 0x00, 0x00,
  0x00, 0x00, 0x00, 0x00, 0x00, 0x00, 0x00, 0x00, 0x00, 0x00, 0x00, 0x00, 0x00, 0x00, 0x00, 0x00,
  0x00, 0x00, 0x00, 0x00, 0x00, 0x00, 0x00, 0x00, 0x00, 0x00, 0x00, 0x00, 0x00, 0x00, 0x00, 0x00,
  0x00, 0x00, 0x00, 0x00, 0x00, 0x00, 0x00, 0x00, 0x00, 0x00, 0x00, 0x00, 0x00, 0x00, 0x00, 0x00,
  0x00, 0x00, 0x00, 0x00, 0x00, 0x00, 0x00, 0x00, 0x00, 0x00, 0x00, 0x00, 0x00, 0x00, 0x00, 0x00,
  0x00, 0x00, 0x00, 0x00, 0x00, 0x00, 0x00, 0x00, 0x00, 0x00, 0x00, 0x00, 0x00, 0x00, 0x00, 0x00,
  0x00, 0x00, 0x00, 0x00, 0x00, 0x00, 0x00, 0x00, 0x00, 0x00, 0x00, 0x00, 0x00, 0x00, 0x00, 0x00,
  0x00, 0x00, 0x00, 0x00, 0x00, 0x00, 0x00, 0x00, 0x00, 0x00, 0x00, 0x00, 0x00, 0x00, 0x00, 0x00,
  0x00, 0x00, 0x00, 0x00, 0x00, 0x00, 0x00, 0x00, 0x00, 0x00, 0x00, 0x00, 0x00, 0x00, 0x00, 0x00
};

const lv_image_dsc_t velaguard_img_icon_rainbow_rain_blue_9 =
{
  .header.magic = LV_IMAGE_HEADER_MAGIC,
  .header.cf = LV_COLOR_FORMAT_ARGB8888,
  .header.flags = 0,
  .header.w = 89,
  .header.h = 116,
  .header.stride = 356,
  .data_size = sizeof(velaguard_img_icon_rainbow_rain_blue_9_data),
  .data = velaguard_img_icon_rainbow_rain_blue_9_data,
};
