#include <lvgl.h>

static const uint8_t velaguard_img_icon_rainbow_rain_blue_2_data[] =
{
  0x00, 0x00, 0x00, 0x00, 0x00, 0x00, 0x00, 0x00, 0x00, 0x00, 0x00, 0x00, 0x00, 0x00, 0x00, 0x00,
  0x00, 0x00, 0x00, 0x00, 0x00, 0x00, 0x00, 0x00, 0x00, 0x00, 0x00, 0x00, 0x00, 0x00, 0x00, 0x00,
  0x00, 0x00, 0x00, 0x00, 0x00, 0x00, 0x00, 0x00, 0x00, 0x00, 0x00, 0x00, 0x00, 0x00, 0x00, 0x00,
  0x00, 0x00, 0x00, 0x00, 0x00, 0x00, 0x00, 0x00, 0x00, 0x00, 0x00, 0x00, 0x00, 0x00, 0x00, 0x00,
  0x00, 0x00, 0x00, 0x00, 0x00, 0x00, 0x00, 0x00, 0x00, 0x00, 0x00, 0x00, 0x00, 0x00, 0x00, 0x00,
  0x00, 0x00, 0x00, 0x00, 0x00, 0x00, 0x00, 0x00, 0x00, 0x00, 0x00, 0x00, 0x00, 0x00, 0x00, 0x00,
  0x00, 0x00, 0x00, 0x00, 0x00, 0x00, 0x00, 0x00, 0x00, 0x00, 0x00, 0x00, 0x00, 0x00, 0x00, 0x00,
  0xff, 0xff, 0xff, 0x01, 0xff, 0xff, 0x55, 0x03, 0xff, 0xff, 0x99, 0x05, 0xff, 0xda, 0x91, 0x07,
  0xff, 0xff, 0x7f, 0x06, 0xff, 0xaa, 0x55, 0x03, 0x00, 0x00, 0x00, 0x00, 0x00, 0x00, 0x00, 0x00,
  0x00, 0x00, 0x00, 0x00, 0x00, 0x00, 0x00, 0x00, 0x00, 0x00, 0x00, 0x00, 0x00, 0x00, 0x00, 0x00,
  0x00, 0x00, 0x00, 0x00, 0x00, 0x00, 0x00, 0x00, 0x00, 0x00, 0x00, 0x00, 0x00, 0x00, 0x00, 0x00,
  0x00, 0x00, 0x00, 0x00, 0x00, 0x00, 0x00, 0x00, 0x00, 0x00, 0x00, 0x00, 0x00, 0x00, 0x00, 0x00,
  0x00, 0x00, 0x00, 0x00, 0x00, 0x00, 0x00, 0x00, 0x00, 0x00, 0x00, 0x00, 0x00, 0x00, 0x00, 0x00,
  0x00, 0x00, 0x00, 0x00, 0x00, 0x00, 0x00, 0x00, 0xff, 0xff, 0x99, 0x05, 0xff, 0xda, 0x91, 0x07,
  0xff, 0xd4, 0x7f, 0x06, 0xff, 0xbf, 0x7f, 0x04, 0xff, 0xff, 0x7f, 0x02, 0x00, 0x00, 0x00, 0x00,
  0x00, 0x00, 0x00, 0x00, 0x00, 0x00, 0x00, 0x00, 0x00, 0x00, 0x00, 0x00, 0x00, 0x00, 0x00, 0x00,
  0x00, 0x00, 0x00, 0x00, 0x00, 0x00, 0x00, 0x00, 0x00, 0x00, 0x00, 0x00, 0x00, 0x00, 0x00, 0x00,
  0x00, 0x00, 0x00, 0x00, 0x00, 0x00, 0x00, 0x00, 0x00, 0x00, 0x00, 0x00, 0x00, 0x00, 0x00, 0x00,
  0x00, 0x00, 0x00, 0x00, 0x00, 0x00, 0x00, 0x00, 0x00, 0x00, 0x00, 0x00, 0x00, 0x00, 0x00, 0x00,
  0x00, 0x00, 0x00, 0x00, 0x00, 0x00, 0x00, 0x00, 0x00, 0x00, 0x00, 0x00, 0x00, 0x00, 0x00, 0x00,
  0x00, 0x00, 0x00, 0x00, 0x00, 0x00, 0x00, 0x00, 0x00, 0x00, 0x00, 0x00, 0x00, 0x00, 0x00, 0x00,
  0x00, 0x00, 0x00, 0x00, 0x00, 0x00, 0x00, 0x00, 0x00, 0x00, 0x00, 0x00, 0x00, 0x00, 0x00, 0x00,
  0x00, 0x00, 0x00, 0x00, 0x00, 0x00, 0x00, 0x00, 0x00, 0x00, 0x00, 0x00, 0x00, 0x00, 0x00, 0x00,
  0x00, 0x00, 0x00, 0x00, 0x00, 0x00, 0x00, 0x00, 0x00, 0x00, 0x00, 0x00, 0x00, 0x00, 0x00, 0x00,
  0x00, 0x00, 0x00, 0x00, 0x00, 0x00, 0x00, 0x00, 0x00, 0x00, 0x00, 0x00, 0x00, 0x00, 0x00, 0x00,
  0x00, 0x00, 0x00, 0x00, 0x00, 0x00, 0x00, 0x00, 0x00, 0x00, 0x00, 0x00, 0x00, 0x00, 0x00, 0x00,
  0x00, 0x00, 0x00, 0x00, 0x00, 0x00, 0x00, 0x00, 0x00, 0x00, 0x00, 0x00, 0x00, 0x00, 0x00, 0x00,
  0x00, 0x00, 0x00, 0x00, 0x00, 0x00, 0x00, 0x00, 0x00, 0x00, 0x00, 0x00, 0x00, 0x00, 0x00, 0x00,
  0x00, 0x00, 0x00, 0x00, 0x00, 0x00, 0x00, 0x00, 0xff, 0xff, 0xff, 0x01, 0xff, 0xaa, 0x55, 0x03,
  0xff, 0xff, 0xaa, 0x03, 0xff, 0xff, 0x00, 0x01, 0x00, 0x00, 0x00, 0x00, 0x00, 0x00, 0x00, 0x00,
  0x00, 0x00, 0x00, 0x00, 0x00, 0x00, 0x00, 0x00, 0x00, 0x00, 0x00, 0x00, 0xff, 0xef, 0x9f, 0x10,
  0xff, 0xef, 0x92, 0x21, 0xff, 0xee, 0x90, 0x2e, 0xff, 0xf1, 0x91, 0x3a, 0xff, 0xe9, 0x8e, 0x46,
  0xff, 0xeb, 0x8f, 0x50, 0xff, 0xed, 0x90, 0x55, 0xff, 0xed, 0x90, 0x58, 0xff, 0xee, 0x8e, 0x5b,
  0xff, 0xec, 0x8f, 0x5e, 0xff, 0xec, 0x8f, 0x5e, 0xff, 0xeb, 0x90, 0x5a, 0xff, 0xed, 0x8e, 0x56,
  0xff, 0xef, 0x8d, 0x51, 0xff, 0xed, 0x90, 0x4a, 0xff, 0xeb, 0x8f, 0x40, 0xff, 0xef, 0x8e, 0x32,
  0xff, 0xf1, 0x93, 0x26, 0xff, 0xf3, 0x90, 0x17, 0xff, 0xff, 0xaa, 0x03, 0x00, 0x00, 0x00, 0x00,
  0x00, 0x00, 0x00, 0x00, 0x00, 0x00, 0x00, 0x00, 0x00, 0x00, 0x00, 0x00, 0x00, 0x00, 0x00, 0x00,
  0xff, 0xff, 0xaa, 0x03, 0xff, 0xff, 0xaa, 0x03, 0xff, 0xff, 0x7f, 0x02, 0x00, 0x00, 0x00, 0x00,
  0x00, 0x00, 0x00, 0x00, 0x00, 0x00, 0x00, 0x00, 0x00, 0x00, 0x00, 0x00, 0x00, 0x00, 0x00, 0x00,
  0x00, 0x00, 0x00, 0x00, 0x00, 0x00, 0x00, 0x00, 0x00, 0x00, 0x00, 0x00, 0x00, 0x00, 0x00, 0x00,
  0x00, 0x00, 0x00, 0x00, 0x00, 0x00, 0x00, 0x00, 0x00, 0x00, 0x00, 0x00, 0x00, 0x00, 0x00, 0x00,
  0x00, 0x00, 0x00, 0x00, 0x00, 0x00, 0x00, 0x00, 0x00, 0x00, 0x00, 0x00, 0x00, 0x00, 0x00, 0x00,
  0x00, 0x00, 0x00, 0x00, 0x00, 0x00, 0x00, 0x00, 0x00, 0x00, 0x00, 0x00, 0x00, 0x00, 0x00, 0x00,
  0x00, 0x00, 0x00, 0x00, 0x00, 0x00, 0x00, 0x00, 0x00, 0x00, 0x00, 0x00, 0x00, 0x00, 0x00, 0x00,
  0x00, 0x00, 0x00, 0x00, 0x00, 0x00, 0x00, 0x00, 0x00, 0x00, 0x00, 0x00, 0x00, 0x00, 0x00, 0x00,
  0x00, 0x00, 0x00, 0x00, 0x00, 0x00, 0x00, 0x00, 0x00, 0x00, 0x00, 0x00, 0x00, 0x00, 0x00, 0x00,
  0x00, 0x00, 0x00, 0x00, 0x00, 0x00, 0x00, 0x00, 0x00, 0x00, 0x00, 0x00, 0x00, 0x00, 0x00, 0x00,
  0x00, 0x00, 0x00, 0x00, 0x00, 0x00, 0x00, 0x00, 0x00, 0x00, 0x00, 0x00, 0x00, 0x00, 0x00, 0x00,
  0x00, 0x00, 0x00, 0x00, 0x00, 0x00, 0x00, 0x00, 0x00, 0x00, 0x00, 0x00, 0x00, 0x00, 0x00, 0x00,
  0x00, 0x00, 0x00, 0x00, 0x00, 0x00, 0x00, 0x00, 0x00, 0x00, 0x00, 0x00, 0x00, 0x00, 0x00, 0x00,
  0x00, 0x00, 0x00, 0x00, 0x00, 0x00, 0x00, 0x00, 0x00, 0x00, 0x00, 0x00, 0x00, 0x00, 0x00, 0x00,
  0x00, 0x00, 0x00, 0x00, 0x00, 0x00, 0x00, 0x00, 0x00, 0x00, 0x00, 0x00, 0xff, 0xff, 0xff, 0x02,
  0xff, 0xff, 0xbf, 0x04, 0xff, 0xda, 0x91, 0x07, 0xff, 0xf1, 0xa1, 0x13, 0xff, 0xea, 0x91, 0x31,
  0xff, 0xec, 0x8f, 0x5e, 0xff, 0xef, 0x8f, 0x82, 0xff, 0xed, 0x8d, 0x9f, 0xff, 0xed, 0x8d, 0xba,
  0xff, 0xeb, 0x8c, 0xd2, 0xff, 0xec, 0x8c, 0xe8, 0xff, 0xed, 0x8c, 0xf3, 0xff, 0xed, 0x8d, 0xf9,
  0xff, 0xef, 0x8e, 0xff, 0xff, 0xf3, 0x91, 0xff, 0xff, 0xf3, 0x91, 0xff, 0xff, 0xeb, 0x8c, 0xfe,
  0xff, 0xec, 0x8c, 0xf5, 0xff, 0xed, 0x8c, 0xea, 0xff, 0xec, 0x8c, 0xdc, 0xff, 0xeb, 0x8c, 0xc6,
  0xff, 0xec, 0x8d, 0xa8, 0xff, 0xed, 0x8d, 0x8e, 0xff, 0xee, 0x8e, 0x6d, 0xff, 0xef, 0x8e, 0x42,
  0xff, 0xed, 0x8c, 0x1d, 0xff, 0xe5, 0x7f, 0x0a, 0xff, 0xff, 0x99, 0x05, 0xff, 0xaa, 0xaa, 0x03,
  0x00, 0x00, 0x00, 0x00, 0x00, 0x00, 0x00, 0x00, 0x00, 0x00, 0x00, 0x00, 0x00, 0x00, 0x00, 0x00,
  0x00, 0x00, 0x00, 0x00, 0x00, 0x00, 0x00, 0x00, 0x00, 0x00, 0x00, 0x00, 0x00, 0x00, 0x00, 0x00,
  0x00, 0x00, 0x00, 0x00, 0x00, 0x00, 0x00, 0x00, 0x00, 0x00, 0x00, 0x00, 0x00, 0x00, 0x00, 0x00,
  0x00, 0x00, 0x00, 0x00, 0x00, 0x00, 0x00, 0x00, 0x00, 0x00, 0x00, 0x00, 0x00, 0x00, 0x00, 0x00,
  0x00, 0x00, 0x00, 0x00, 0x00, 0x00, 0x00, 0x00, 0x00, 0x00, 0x00, 0x00, 0x00, 0x00, 0x00, 0x00,
  0x00, 0x00, 0x00, 0x00, 0x00, 0x00, 0x00, 0x00, 0x00, 0x00, 0x00, 0x00, 0x00, 0x00, 0x00, 0x00,
  0x00, 0x00, 0x00, 0x00, 0x00, 0x00, 0x00, 0x00, 0x00, 0x00, 0x00, 0x00, 0x00, 0x00, 0x00, 0x00,
  0x00, 0x00, 0x00, 0x00, 0x00, 0x00, 0x00, 0x00, 0x00, 0x00, 0x00, 0x00, 0x00, 0x00, 0x00, 0x00,
  0x00, 0x00, 0x00, 0x00, 0x00, 0x00, 0x00, 0x00, 0x00, 0x00, 0x00, 0x00, 0x00, 0x00, 0x00, 0x00,
  0x00, 0x00, 0x00, 0x00, 0x00, 0x00, 0x00, 0x00, 0x00, 0x00, 0x00, 0x00, 0x00, 0x00, 0x00, 0x00,
  0x00, 0x00, 0x00, 0x00, 0x00, 0x00, 0x00, 0x00, 0x00, 0x00, 0x00, 0x00, 0x00, 0x00, 0x00, 0x00,
  0x00, 0x00, 0x00, 0x00, 0x00, 0x00, 0x00, 0x00, 0x00, 0x00, 0x00, 0x00, 0x00, 0x00, 0x00, 0x00,
  0x00, 0x00, 0x00, 0x00, 0x00, 0x00, 0x00, 0x00, 0x00, 0x00, 0x00, 0x00, 0x00, 0x00, 0x00, 0x00,
  0x00, 0x00, 0x00, 0x00, 0xff, 0xff, 0x7f, 0x02, 0xff, 0xcc, 0x99, 0x05, 0xff, 0xd4, 0x7f, 0x06,
  0x00, 0x00, 0x00, 0x00, 0x00, 0x00, 0x00, 0x00, 0x00, 0x00, 0x00, 0x00, 0x00, 0x00, 0x00, 0x00,
  0xff, 0xee, 0x8d, 0x2f, 0xff, 0xed, 0x8e, 0x64, 0xff, 0xeb, 0x8d, 0x92, 0xff, 0xed, 0x8f, 0xb2,
  0xff, 0xec, 0x8e, 0xc5, 0xff, 0xed, 0x8c, 0xd6, 0xff, 0xed, 0x8a, 0xe3, 0xff, 0xeb, 0x89, 0xef,
  0xff, 0xeb, 0x89, 0xf9, 0xff, 0xee, 0x8a, 0xff, 0xff, 0xf6, 0x8e, 0xff, 0xff, 0xfa, 0x90, 0xff,
  0xff, 0xfc, 0x91, 0xff, 0xff, 0xff, 0x92, 0xff, 0xff, 0xff, 0x93, 0xff, 0xff, 0xff, 0x93, 0xff,
  0xff, 0xfe, 0x91, 0xff, 0xff, 0xfb, 0x8f, 0xff, 0xff, 0xf7, 0x8e, 0xff, 0xff, 0xf2, 0x8b, 0xff,
  0xff, 0xeb, 0x88, 0xfd, 0xff, 0xec, 0x88, 0xf2, 0xff, 0xec, 0x8a, 0xe8, 0xff, 0xec, 0x8c, 0xdc,
  0xff, 0xed, 0x8d, 0xcc, 0xff, 0xed, 0x8d, 0xbb, 0xff, 0xed, 0x8e, 0x9f, 0xff, 0xec, 0x8f, 0x79,
  0xff, 0xf0, 0x92, 0x44, 0xff, 0xec, 0x91, 0x0e, 0x00, 0x00, 0x00, 0x00, 0x00, 0x00, 0x00, 0x00,
  0x00, 0x00, 0x00, 0x00, 0xff, 0xff, 0x7f, 0x04, 0xff, 0xd4, 0x7f, 0x06, 0xff, 0xff, 0xaa, 0x03,
  0xff, 0xff, 0x00, 0x01, 0x00, 0x00, 0x00, 0x00, 0x00, 0x00, 0x00, 0x00, 0x00, 0x00, 0x00, 0x00,
  0x00, 0x00, 0x00, 0x00, 0x00, 0x00, 0x00, 0x00, 0x00, 0x00, 0x00, 0x00, 0x00, 0x00, 0x00, 0x00,
  0x00, 0x00, 0x00, 0x00, 0x00, 0x00, 0x00, 0x00, 0x00, 0x00, 0x00, 0x00, 0x00, 0x00, 0x00, 0x00,
  0x00, 0x00, 0x00, 0x00, 0x00, 0x00, 0x00, 0x00, 0x00, 0x00, 0x00, 0x00, 0x00, 0x00, 0x00, 0x00,
  0x00, 0x00, 0x00, 0x00, 0x00, 0x00, 0x00, 0x00, 0x00, 0x00, 0x00, 0x00, 0x00, 0x00, 0x00, 0x00,
  0x00, 0x00, 0x00, 0x00, 0x00, 0x00, 0x00, 0x00, 0x00, 0x00, 0x00, 0x00, 0x00, 0x00, 0x00, 0x00,
  0x00, 0x00, 0x00, 0x00, 0x00, 0x00, 0x00, 0x00, 0x00, 0x00, 0x00, 0x00, 0x00, 0x00, 0x00, 0x00,
  0x00, 0x00, 0x00, 0x00, 0x00, 0x00, 0x00, 0x00, 0x00, 0x00, 0x00, 0x00, 0x00, 0x00, 0x00, 0x00,
  0x00, 0x00, 0x00, 0x00, 0x00, 0x00, 0x00, 0x00, 0x00, 0x00, 0x00, 0x00, 0x00, 0x00, 0x00, 0x00,
  0x00, 0x00, 0x00, 0x00, 0x00, 0x00, 0x00, 0x00, 0x00, 0x00, 0x00, 0x00, 0x00, 0x00, 0x00, 0x00,
  0x00, 0x00, 0x00, 0x00, 0x00, 0x00, 0x00, 0x00, 0x00, 0x00, 0x00, 0x00, 0x00, 0x00, 0x00, 0x00,
  0xff, 0xff, 0xff, 0x01, 0xff, 0xff, 0x7f, 0x02, 0x00, 0x00, 0x00, 0x00, 0x00, 0x00, 0x00, 0x00,
  0x00, 0x00, 0x00, 0x00, 0xff, 0xbf, 0x7f, 0x04, 0xff, 0xee, 0x90, 0x1e, 0xff, 0xed, 0x8e, 0x3b,
  0xff, 0xec, 0x8c, 0x60, 0xff, 0xef, 0x8d, 0x90, 0xff, 0xec, 0x8c, 0xc6, 0xff, 0xec, 0x8b, 0xf6,
  0xff, 0xfe, 0x95, 0xff, 0xff, 0xff, 0x96, 0xff, 0xff, 0xfc, 0x90, 0xff, 0xff, 0xf5, 0x8b, 0xff,
  0xff, 0xf2, 0x88, 0xff, 0xff, 0xed, 0x85, 0xff, 0xff, 0xeb, 0x82, 0xff, 0xff, 0xea, 0x81, 0xfc,
  0xff, 0xea, 0x81, 0xfa, 0xff, 0xea, 0x81, 0xf9, 0xff, 0xea, 0x80, 0xf8, 0xff, 0xeb, 0x80, 0xf7,
  0xff, 0xeb, 0x80, 0xf7, 0xff, 0xea, 0x80, 0xf9, 0xff, 0xea, 0x80, 0xfa, 0xff, 0xea, 0x81, 0xfb,
  0xff, 0xea, 0x82, 0xfd, 0xff, 0xec, 0x83, 0xff, 0xff, 0xf1, 0x87, 0xff, 0xff, 0xf4, 0x8b, 0xff,
  0xff, 0xf9, 0x8f, 0xff, 0xff, 0xff, 0x94, 0xff, 0xff, 0xff, 0x97, 0xff, 0xff, 0xf0, 0x8e, 0xff,
  0xff, 0xec, 0x8c, 0xdc, 0xff, 0xec, 0x8d, 0xa6, 0xff, 0xee, 0x90, 0x6f, 0xff, 0xe9, 0x8d, 0x48,
  0xff, 0xf2, 0x92, 0x28, 0xff, 0xeb, 0x89, 0x0d, 0x00, 0x00, 0x00, 0x00, 0x00, 0x00, 0x00, 0x00,
  0x00, 0x00, 0x00, 0x00, 0xff, 0xff, 0x00, 0x01, 0xff, 0xff, 0x7f, 0x02, 0x00, 0x00, 0x00, 0x00,
  0x00, 0x00, 0x00, 0x00, 0x00, 0x00, 0x00, 0x00, 0x00, 0x00, 0x00, 0x00, 0x00, 0x00, 0x00, 0x00,
  0x00, 0x00, 0x00, 0x00, 0x00, 0x00, 0x00, 0x00, 0x00, 0x00, 0x00, 0x00, 0x00, 0x00, 0x00, 0x00,
  0x00, 0x00, 0x00, 0x00, 0x00, 0x00, 0x00, 0x00, 0x00, 0x00, 0x00, 0x00, 0x00, 0x00, 0x00, 0x00,
  0x00, 0x00, 0x00, 0x00, 0x00, 0x00, 0x00, 0x00, 0x00, 0x00, 0x00, 0x00, 0x00, 0x00, 0x00, 0x00,
  0x00, 0x00, 0x00, 0x00, 0x00, 0x00, 0x00, 0x00, 0x00, 0x00, 0x00, 0x00, 0x00, 0x00, 0x00, 0x00,
  0x00, 0x00, 0x00, 0x00, 0x00, 0x00, 0x00, 0x00, 0x00, 0x00, 0x00, 0x00, 0x00, 0x00, 0x00, 0x00,
  0x00, 0x00, 0x00, 0x00, 0x00, 0x00, 0x00, 0x00, 0x00, 0x00, 0x00, 0x00, 0x00, 0x00, 0x00, 0x00,
  0x00, 0x00, 0x00, 0x00, 0x00, 0x00, 0x00, 0x00, 0x00, 0x00, 0x00, 0x00, 0x00, 0x00, 0x00, 0x00,
  0x00, 0x00, 0x00, 0x00, 0x00, 0x00, 0x00, 0x00, 0x00, 0x00, 0x00, 0x00, 0x00, 0x00, 0x00, 0x00,
  0x00, 0x00, 0x00, 0x00, 0x00, 0x00, 0x00, 0x00, 0x00, 0x00, 0x00, 0x00, 0x00, 0x00, 0x00, 0x00,
  0x00, 0x00, 0x00, 0x00, 0xff, 0xff, 0xff, 0x01, 0xff, 0xff, 0xbf, 0x04, 0x00, 0x00, 0x00, 0x00,
  0x00, 0x00, 0x00, 0x00, 0xff, 0xd4, 0x7f, 0x06, 0xff, 0xec, 0x8d, 0x36, 0xff, 0xeb, 0x8c, 0x86,
  0xff, 0xed, 0x8d, 0xcc, 0xff, 0xed, 0x8b, 0xf1, 0xff, 0xf0, 0x8b, 0xf7, 0xff, 0xea, 0x87, 0xfa,
  0xff, 0xec, 0x87, 0xff, 0xff, 0xef, 0x86, 0xff, 0xff, 0xef, 0x85, 0xff, 0xff, 0xee, 0x83, 0xff,
  0xff, 0xed, 0x82, 0xff, 0xff, 0xec, 0x81, 0xff, 0xff, 0xeb, 0x7f, 0xff, 0xff, 0xeb, 0x7f, 0xff,
  0xff, 0xea, 0x7e, 0xff, 0xff, 0xea, 0x7d, 0xff, 0xff, 0xea, 0x7d, 0xff, 0xff, 0xea, 0x7d, 0xff,
  0xff, 0xea, 0x7d, 0xff, 0xff, 0xea, 0x7d, 0xff, 0xff, 0xea, 0x7d, 0xff, 0xff, 0xea, 0x7d, 0xff,
  0xff, 0xea, 0x7e, 0xff, 0xff, 0xeb, 0x7e, 0xff, 0xff, 0xeb, 0x7f, 0xff, 0xff, 0xec, 0x80, 0xff,
  0xff, 0xec, 0x81, 0xff, 0xff, 0xed, 0x82, 0xff, 0xff, 0xef, 0x84, 0xff, 0xff, 0xef, 0x85, 0xff,
  0xff, 0xee, 0x86, 0xff, 0xff, 0xea, 0x86, 0xfd, 0xff, 0xeb, 0x88, 0xf9, 0xff, 0xef, 0x8d, 0xf4,
  0xff, 0xeb, 0x8d, 0xe0, 0xff, 0xec, 0x8f, 0xa4, 0xff, 0xe9, 0x8d, 0x53, 0xff, 0xf0, 0x7f, 0x12,
  0x00, 0x00, 0x00, 0x00, 0x00, 0x00, 0x00, 0x00, 0xff, 0xff, 0x7f, 0x02, 0xff, 0xff, 0x55, 0x03,
  0xff, 0xff, 0x00, 0x01, 0x00, 0x00, 0x00, 0x00, 0x00, 0x00, 0x00, 0x00, 0x00, 0x00, 0x00, 0x00,
  0x00, 0x00, 0x00, 0x00, 0x00, 0x00, 0x00, 0x00, 0x00, 0x00, 0x00, 0x00, 0x00, 0x00, 0x00, 0x00,
  0x00, 0x00, 0x00, 0x00, 0x00, 0x00, 0x00, 0x00, 0x00, 0x00, 0x00, 0x00, 0x00, 0x00, 0x00, 0x00,
  0x00, 0x00, 0x00, 0x00, 0x00, 0x00, 0x00, 0x00, 0x00, 0x00, 0x00, 0x00, 0x00, 0x00, 0x00, 0x00,
  0x00, 0x00, 0x00, 0x00, 0x00, 0x00, 0x00, 0x00, 0x00, 0x00, 0x00, 0x00, 0x00, 0x00, 0x00, 0x00,
  0x00, 0x00, 0x00, 0x00, 0x00, 0x00, 0x00, 0x00, 0x00, 0x00, 0x00, 0x00, 0x00, 0x00, 0x00, 0x00,
  0x00, 0x00, 0x00, 0x00, 0x00, 0x00, 0x00, 0x00, 0x00, 0x00, 0x00, 0x00, 0x00, 0x00, 0x00, 0x00,
  0x00, 0x00, 0x00, 0x00, 0x00, 0x00, 0x00, 0x00, 0x00, 0x00, 0x00, 0x00, 0x00, 0x00, 0x00, 0x00,
  0x00, 0x00, 0x00, 0x00, 0x00, 0x00, 0x00, 0x00, 0x00, 0x00, 0x00, 0x00, 0x00, 0x00, 0x00, 0x00,
  0x00, 0x00, 0x00, 0x00, 0x00, 0x00, 0x00, 0x00, 0x00, 0x00, 0x00, 0x00, 0xff, 0xff, 0x00, 0x01,
  0xff, 0xff, 0xaa, 0x03, 0xff, 0xff, 0x7f, 0x04, 0x00, 0x00, 0x00, 0x00, 0x00, 0x00, 0x00, 0x00,
  0xff, 0xe5, 0x7f, 0x0a, 0xff, 0xed, 0x8f, 0x47, 0xff, 0xeb, 0x8e, 0x83, 0xff, 0xf0, 0x8d, 0xb0,
  0xff, 0xec, 0x8c, 0xde, 0xff, 0xf0, 0x8c, 0xff, 0xff, 0xff, 0x94, 0xff, 0xff, 0xfb, 0x8e, 0xff,
  0xff, 0xf0, 0x85, 0xff, 0xff, 0xea, 0x81, 0xff, 0xff, 0xe9, 0x7e, 0xfb, 0xff, 0xea, 0x7d, 0xfa,
  0xff, 0xea, 0x7b, 0xfb, 0xff, 0xea, 0x7c, 0xfc, 0xff, 0xe9, 0x7b, 0xfd, 0xff, 0xe9, 0x7b, 0xfd,
  0xff, 0xe9, 0x7b, 0xfe, 0xff, 0xe9, 0x7b, 0xfe, 0xff, 0xea, 0x7b, 0xff, 0xff, 0xea, 0x7b, 0xff,
  0xff, 0xea, 0x7b, 0xff, 0xff, 0xea, 0x7c, 0xff, 0xff, 0xe9, 0x7c, 0xff, 0xff, 0xea, 0x7b, 0xff,
  0xff, 0xea, 0x7b, 0xff, 0xff, 0xe9, 0x7b, 0xfe, 0xff, 0xe9, 0x7b, 0xfe, 0xff, 0xe8, 0x7b, 0xfe,
  0xff, 0xe8, 0x7b, 0xfd, 0xff, 0xe8, 0x7b, 0xfc, 0xff, 0xe8, 0x7c, 0xfc, 0xff, 0xe8, 0x7c, 0xfb,
  0xff, 0xe9, 0x7e, 0xfa, 0xff, 0xe9, 0x80, 0xfd, 0xff, 0xed, 0x83, 0xff, 0xff, 0xf5, 0x8a, 0xff,
  0xff, 0xff, 0x93, 0xff, 0xff, 0xf8, 0x92, 0xff, 0xff, 0xea, 0x8b, 0xed, 0xff, 0xed, 0x90, 0xc1,
  0xff, 0xea, 0x8c, 0x95, 0xff, 0xe9, 0x8e, 0x5f, 0xff, 0xe1, 0x8e, 0x22, 0x00, 0x00, 0x00, 0x00,
  0x00, 0x00, 0x00, 0x00, 0xff, 0xff, 0x00, 0x01, 0xff, 0xbf, 0x7f, 0x04, 0xff, 0x7f, 0x7f, 0x02,
  0x00, 0x00, 0x00, 0x00, 0x00, 0x00, 0x00, 0x00, 0x00, 0x00, 0x00, 0x00, 0x00, 0x00, 0x00, 0x00,
  0x00, 0x00, 0x00, 0x00, 0x00, 0x00, 0x00, 0x00, 0x00, 0x00, 0x00, 0x00, 0x00, 0x00, 0x00, 0x00,
  0x00, 0x00, 0x00, 0x00, 0x00, 0x00, 0x00, 0x00, 0x00, 0x00, 0x00, 0x00, 0x00, 0x00, 0x00, 0x00,
  0x00, 0x00, 0x00, 0x00, 0x00, 0x00, 0x00, 0x00, 0x00, 0x00, 0x00, 0x00, 0x00, 0x00, 0x00, 0x00,
  0x00, 0x00, 0x00, 0x00, 0x00, 0x00, 0x00, 0x00, 0x00, 0x00, 0x00, 0x00, 0x00, 0x00, 0x00, 0x00,
  0x00, 0x00, 0x00, 0x00, 0x00, 0x00, 0x00, 0x00, 0x00, 0x00, 0x00, 0x00, 0x00, 0x00, 0x00, 0x00,
  0x00, 0x00, 0x00, 0x00, 0x00, 0x00, 0x00, 0x00, 0x00, 0x00, 0x00, 0x00, 0x00, 0x00, 0x00, 0x00,
  0x00, 0x00, 0x00, 0x00, 0x00, 0x00, 0x00, 0x00, 0x00, 0x00, 0x00, 0x00, 0x00, 0x00, 0x00, 0x00,
  0x00, 0x00, 0x00, 0x00, 0x00, 0x00, 0x00, 0x00, 0x00, 0x00, 0x00, 0x00, 0xff, 0xff, 0x00, 0x01,
  0x00, 0x00, 0x00, 0x00, 0x00, 0x00, 0x00, 0x00, 0x00, 0x00, 0x00, 0x00, 0xff, 0xd4, 0x7f, 0x06,
  0xff, 0xf4, 0x8e, 0x19, 0xff, 0xea, 0x8d, 0x58, 0xff, 0xec, 0x8d, 0xb1, 0xff, 0xec, 0x8b, 0xf8,
  0xff, 0xfb, 0x93, 0xff, 0xff, 0xf1, 0x8a, 0xff, 0xff, 0xea, 0x83, 0xfb, 0xff, 0xea, 0x81, 0xfa,
  0xff, 0xe9, 0x7d, 0xfb, 0xff, 0xe9, 0x7c, 0xfd, 0xff, 0xe9, 0x7d, 0xfe, 0xff, 0xea, 0x7c, 0xff,
  0xff, 0xea, 0x7c, 0xff, 0xff, 0xea, 0x7b, 0xff, 0xff, 0xea, 0x7b, 0xff, 0xff, 0xea, 0x7b, 0xff,
  0xff, 0xea, 0x7b, 0xff, 0xff, 0xea, 0x7b, 0xff, 0xff, 0xea, 0x7b, 0xff, 0xff, 0xea, 0x7b, 0xff,
  0xff, 0xea, 0x7b, 0xff, 0xff, 0xea, 0x7b, 0xff, 0xff, 0xea, 0x7b, 0xff, 0xff, 0xe9, 0x7b, 0xff,
  0xff, 0xea, 0x7b, 0xff, 0xff, 0xea, 0x7b, 0xff, 0xff, 0xe9, 0x7b, 0xff, 0xff, 0xe9, 0x7b, 0xff,
  0xff, 0xe9, 0x7b, 0xff, 0xff, 0xe8, 0x7b, 0xff, 0xff, 0xe8, 0x7b, 0xff, 0xff, 0xe8, 0x7c, 0xff,
  0xff, 0xe8, 0x7d, 0xff, 0xff, 0xe8, 0x7d, 0xff, 0xff, 0xe7, 0x7d, 0xfe, 0xff, 0xe7, 0x7d, 0xfd,
  0xff, 0xe7, 0x7e, 0xfc, 0xff, 0xe7, 0x80, 0xfa, 0xff, 0xe7, 0x83, 0xfa, 0xff, 0xe7, 0x87, 0xff,
  0xff, 0xf6, 0x92, 0xff, 0xff, 0xf0, 0x90, 0xff, 0xff, 0xe9, 0x8d, 0xd1, 0xff, 0xe8, 0x90, 0x7a,
  0xff, 0xe7, 0x90, 0x2c, 0xff, 0xe9, 0x94, 0x0c, 0x00, 0x01, 0x00, 0x00, 0x00, 0x00, 0x00, 0x00,
  0x00, 0x00, 0x00, 0x00, 0xff, 0xff, 0x00, 0x01, 0x00, 0x00, 0x00, 0x00, 0x00, 0x00, 0x00, 0x00,
  0x00, 0x00, 0x00, 0x00, 0x00, 0x00, 0x00, 0x00, 0x00, 0x00, 0x00, 0x00, 0x00, 0x00, 0x00, 0x00,
  0x00, 0x00, 0x00, 0x00, 0x00, 0x00, 0x00, 0x00, 0x00, 0x00, 0x00, 0x00, 0x00, 0x00, 0x00, 0x00,
  0x00, 0x00, 0x00, 0x00, 0x00, 0x00, 0x00, 0x00, 0x00, 0x00, 0x00, 0x00, 0x00, 0x00, 0x00, 0x00,
  0x00, 0x00, 0x00, 0x00, 0x00, 0x00, 0x00, 0x00, 0x00, 0x00, 0x00, 0x00, 0x00, 0x00, 0x00, 0x00,
  0x00, 0x00, 0x00, 0x00, 0x00, 0x00, 0x00, 0x00, 0x00, 0x00, 0x00, 0x00, 0x00, 0x00, 0x00, 0x00,
  0x00, 0x00, 0x00, 0x00, 0x00, 0x00, 0x00, 0x00, 0x00, 0x00, 0x00, 0x00, 0x00, 0x00, 0x00, 0x00,
  0x00, 0x00, 0x00, 0x00, 0x00, 0x00, 0x00, 0x00, 0x00, 0x00, 0x00, 0x00, 0x00, 0x00, 0x00, 0x00,
  0x00, 0x00, 0x00, 0x00, 0x00, 0x00, 0x00, 0x00, 0x00, 0x00, 0x00, 0x00, 0x00, 0x00, 0x00, 0x00,
  0xff, 0xff, 0x99, 0x05, 0xff, 0xff, 0x7f, 0x02, 0x00, 0x00, 0x00, 0x00, 0xff, 0xff, 0x00, 0x01,
  0xff, 0xeb, 0x8b, 0x40, 0xff, 0xec, 0x8d, 0xa4, 0xff, 0xed, 0x8c, 0xdf, 0xff, 0xeb, 0x88, 0xf5,
  0xff, 0xf2, 0x8a, 0xff, 0xff, 0xf4, 0x8a, 0xff, 0xff, 0xef, 0x84, 0xff, 0xff, 0xea, 0x7e, 0xff,
  0xff, 0xe9, 0x7c, 0xfe, 0xff, 0xe9, 0x7b, 0xfe, 0xff, 0xea, 0x7b, 0xff, 0xff, 0xea, 0x7b, 0xff,
  0xff, 0xea, 0x7b, 0xff, 0xff, 0xea, 0x7b, 0xff, 0xff, 0xea, 0x7b, 0xff, 0xff, 0xea, 0x7b, 0xff,
  0xff, 0xe9, 0x7b, 0xff, 0xff, 0xe9, 0x7b, 0xff, 0xff, 0xe9, 0x7b, 0xff, 0xff, 0xe9, 0x7b, 0xff,
  0xff, 0xe9, 0x7b, 0xff, 0xff, 0xe9, 0x7b, 0xff, 0xff, 0xe9, 0x7b, 0xff, 0xff, 0xe9, 0x7b, 0xff,
  0xff, 0xe8, 0x7b, 0xff, 0xff, 0xe9, 0x7b, 0xff, 0xff, 0xe9, 0x7b, 0xff, 0xff, 0xe7, 0x7b, 0xff,
  0xff, 0xe7, 0x7b, 0xff, 0xff, 0xe7, 0x7b, 0xff, 0xff, 0xe6, 0x7c, 0xff, 0xff, 0xe6, 0x7c, 0xff,
  0xff, 0xe6, 0x7c, 0xff, 0xff, 0xe6, 0x7c, 0xff, 0xff, 0xe6, 0x7c, 0xff, 0xff, 0xe5, 0x7c, 0xff,
  0xff, 0xe5, 0x7c, 0xff, 0xff, 0xe5, 0x7c, 0xfe, 0xff, 0xe4, 0x7d, 0xfe, 0xff, 0xe5, 0x7f, 0xfe,
  0xff, 0xe8, 0x83, 0xff, 0xff, 0xee, 0x89, 0xff, 0xff, 0xf0, 0x8c, 0xff, 0xff, 0xe6, 0x89, 0xfb,
  0xff, 0xea, 0x8e, 0xe7, 0xff, 0xe7, 0x8e, 0xc0, 0xff, 0xe6, 0x8d, 0x67, 0xff, 0xe5, 0x8c, 0x14,
  0x00, 0x00, 0x00, 0x00, 0x00, 0x00, 0x00, 0x00, 0xff, 0xff, 0x99, 0x05, 0xff, 0xff, 0x7f, 0x02,
  0x00, 0x00, 0x00, 0x00, 0x00, 0x00, 0x00, 0x00, 0x00, 0x00, 0x00, 0x00, 0x00, 0x00, 0x00, 0x00,
  0x00, 0x00, 0x00, 0x00, 0x00, 0x00, 0x00, 0x00, 0x00, 0x00, 0x00, 0x00, 0x00, 0x00, 0x00, 0x00,
  0x00, 0x00, 0x00, 0x00, 0x00, 0x00, 0x00, 0x00, 0x00, 0x00, 0x00, 0x00, 0x00, 0x00, 0x00, 0x00,
  0x00, 0x00, 0x00, 0x00, 0x00, 0x00, 0x00, 0x00, 0x00, 0x00, 0x00, 0x00, 0x00, 0x00, 0x00, 0x00,
  0x00, 0x00, 0x00, 0x00, 0x00, 0x00, 0x00, 0x00, 0x00, 0x00, 0x00, 0x00, 0x00, 0x00, 0x00, 0x00,
  0x00, 0x00, 0x00, 0x00, 0x00, 0x00, 0x00, 0x00, 0x00, 0x00, 0x00, 0x00, 0x00, 0x00, 0x00, 0x00,
  0x00, 0x00, 0x00, 0x00, 0x00, 0x00, 0x00, 0x00, 0x00, 0x00, 0x00, 0x00, 0x00, 0x00, 0x00, 0x00,
  0x00, 0x00, 0x00, 0x00, 0x00, 0x00, 0x00, 0x00, 0x00, 0x00, 0x00, 0x00, 0xff, 0xff, 0xaa, 0x03,
  0xff, 0xff, 0x7f, 0x02, 0x00, 0x00, 0x00, 0x00, 0x00, 0x00, 0x00, 0x00, 0xff, 0xef, 0x92, 0x21,
  0xff, 0xeb, 0x8d, 0x5c, 0xff, 0xee, 0x8e, 0xa8, 0xff, 0xee, 0x8b, 0xf8, 0xff, 0xff, 0x93, 0xff,
  0xff, 0xf2, 0x88, 0xff, 0xff, 0xe9, 0x80, 0xfc, 0xff, 0xe9, 0x7d, 0xf9, 0xff, 0xe8, 0x7c, 0xfc,
  0xff, 0xe9, 0x7b, 0xfe, 0xff, 0xea, 0x7b, 0xff, 0xff, 0xea, 0x7b, 0xff, 0xff, 0xea, 0x7b, 0xff,
  0xff, 0xea, 0x7b, 0xff, 0xff, 0xe9, 0x7b, 0xff, 0xff, 0xe9, 0x7b, 0xff, 0xff, 0xe9, 0x7b, 0xff,
  0xff, 0xe9, 0x7b, 0xff, 0xff, 0xe9, 0x7b, 0xff, 0xff, 0xe8, 0x7b, 0xff, 0xff, 0xe8, 0x7b, 0xff,
  0xff, 0xe8, 0x7b, 0xff, 0xff, 0xe8, 0x7b, 0xff, 0xff, 0xe8, 0x7b, 0xff, 0xff, 0xe7, 0x7b, 0xff,
  0xff, 0xe7, 0x7b, 0xff, 0xff, 0xe7, 0x7b, 0xff, 0xff, 0xe7, 0x7b, 0xff, 0xff, 0xe7, 0x7b, 0xff,
  0xff, 0xe6, 0x7b, 0xff, 0xff, 0xe5, 0x7b, 0xff, 0xff, 0xe5, 0x7b, 0xff, 0xff, 0xe5, 0x7c, 0xff,
  0xff, 0xe5, 0x7c, 0xff, 0xff, 0xe5, 0x7c, 0xff, 0xff, 0xe5, 0x7c, 0xff, 0xff, 0xe5, 0x7c, 0xff,
  0xff, 0xe4, 0x7c, 0xff, 0xff, 0xe4, 0x7c, 0xff, 0xff, 0xe4, 0x7c, 0xff, 0xff, 0xe4, 0x7c, 0xff,
  0xff, 0xe4, 0x7c, 0xff, 0xff, 0xe3, 0x7d, 0xfd, 0xff, 0xe3, 0x7f, 0xfa, 0xff, 0xe3, 0x81, 0xfa,
  0xff, 0xe6, 0x84, 0xff, 0xff, 0xf6, 0x91, 0xff, 0xff, 0xf0, 0x91, 0xff, 0xff, 0xea, 0x90, 0xc8,
  0xff, 0xe5, 0x8e, 0x7a, 0xff, 0xe6, 0x93, 0x34, 0xff, 0xda, 0x91, 0x07, 0x00, 0x00, 0x00, 0x00,
  0x00, 0x00, 0x00, 0x00, 0xff, 0xff, 0x7f, 0x04, 0x00, 0x00, 0x00, 0x00, 0x00, 0x00, 0x00, 0x00,
  0x00, 0x00, 0x00, 0x00, 0x00, 0x00, 0x00, 0x00, 0x00, 0x00, 0x00, 0x00, 0x00, 0x00, 0x00, 0x00,
  0x00, 0x00, 0x00, 0x00, 0x00, 0x00, 0x00, 0x00, 0x00, 0x00, 0x00, 0x00, 0x00, 0x00, 0x00, 0x00,
  0x00, 0x00, 0x00, 0x00, 0x00, 0x00, 0x00, 0x00, 0x00, 0x00, 0x00, 0x00, 0x00, 0x00, 0x00, 0x00,
  0x00, 0x00, 0x00, 0x00, 0x00, 0x00, 0x00, 0x00, 0x00, 0x00, 0x00, 0x00, 0x00, 0x00, 0x00, 0x00,
  0x00, 0x00, 0x00, 0x00, 0x00, 0x00, 0x00, 0x00, 0x00, 0x00, 0x00, 0x00, 0x00, 0x00, 0x00, 0x00,
  0x00, 0x00, 0x00, 0x00, 0x00, 0x00, 0x00, 0x00, 0x00, 0x00, 0x00, 0x00, 0x00, 0x00, 0x00, 0x00,
  0x00, 0x00, 0x00, 0x00, 0x00, 0x00, 0x00, 0x00, 0x00, 0x00, 0x00, 0x00, 0x00, 0x00, 0x00, 0x00,
  0xff, 0xff, 0xaa, 0x03, 0x00, 0x00, 0x00, 0x00, 0xff, 0xff, 0x00, 0x01, 0xff, 0xee, 0x83, 0x1f,
  0xff, 0xee, 0x8b, 0x7c, 0xff, 0xed, 0x8b, 0xd7, 0xff, 0xf1, 0x8d, 0xff, 0xff, 0xf0, 0x88, 0xff,
  0xff, 0xea, 0x81, 0xfb, 0xff, 0xeb, 0x80, 0xff, 0xff, 0xea, 0x7e, 0xff, 0xff, 0xea, 0x7c, 0xff,
  0xff, 0xe9, 0x7b, 0xff, 0xff, 0xe9, 0x7b, 0xff, 0xff, 0xe9, 0x7b, 0xff, 0xff, 0xe9, 0x7b, 0xff,
  0xff, 0xe9, 0x7b, 0xff, 0xff, 0xe9, 0x7b, 0xff, 0xff, 0xe8, 0x7b, 0xff, 0xff, 0xe8, 0x7b, 0xff,
  0xff, 0xe8, 0x7b, 0xff, 0xff, 0xe8, 0x7b, 0xff, 0xff, 0xe8, 0x7b, 0xff, 0xff, 0xe7, 0x7b, 0xff,
  0xff, 0xe7, 0x7b, 0xff, 0xff, 0xe7, 0x7b, 0xff, 0xff, 0xe7, 0x7b, 0xff, 0xff, 0xe7, 0x7b, 0xff,
  0xff, 0xe6, 0x7c, 0xff, 0xff, 0xe6, 0x7c, 0xff, 0xff, 0xe6, 0x7c, 0xff, 0xff, 0xe5, 0x7c, 0xff,
  0xff, 0xe5, 0x7c, 0xff, 0xff, 0xe5, 0x7c, 0xff, 0xff, 0xe5, 0x7c, 0xff, 0xff, 0xe5, 0x7c, 0xff,
  0xff, 0xe4, 0x7c, 0xff, 0xff, 0xe4, 0x7c, 0xff, 0xff, 0xe4, 0x7c, 0xff, 0xff, 0xe4, 0x7c, 0xff,
  0xff, 0xe4, 0x7c, 0xff, 0xff, 0xe3, 0x7c, 0xff, 0xff, 0xe3, 0x7c, 0xff, 0xff, 0xe3, 0x7c, 0xff,
  0xff, 0xe3, 0x7c, 0xff, 0xff, 0xe3, 0x7c, 0xff, 0xff, 0xe2, 0x7d, 0xff, 0xff, 0xe2, 0x7e, 0xff,
  0xff, 0xe2, 0x7f, 0xff, 0xff, 0xe3, 0x80, 0xff, 0xff, 0xe2, 0x82, 0xfd, 0xff, 0xe2, 0x86, 0xfe,
  0xff, 0xed, 0x8f, 0xff, 0xff, 0xe5, 0x8d, 0xf0, 0xff, 0xe4, 0x90, 0xa1, 0xff, 0xe2, 0x8d, 0x3f,
  0xff, 0xff, 0xff, 0x01, 0x00, 0x00, 0x00, 0x00, 0xff, 0xff, 0x7f, 0x04, 0x00, 0x00, 0x00, 0x00,
  0x00, 0x00, 0x00, 0x00, 0x00, 0x00, 0x00, 0x00, 0x00, 0x00, 0x00, 0x00, 0x00, 0x00, 0x00, 0x00,
  0x00, 0x00, 0x00, 0x00, 0x00, 0x00, 0x00, 0x00, 0x00, 0x00, 0x00, 0x00, 0x00, 0x00, 0x00, 0x00,
  0x00, 0x00, 0x00, 0x00, 0x00, 0x00, 0x00, 0x00, 0x00, 0x00, 0x00, 0x00, 0x00, 0x00, 0x00, 0x00,
  0x00, 0x00, 0x00, 0x00, 0x00, 0x00, 0x00, 0x00, 0x00, 0x00, 0x00, 0x00, 0x00, 0x00, 0x00, 0x00,
  0x00, 0x00, 0x00, 0x00, 0x00, 0x00, 0x00, 0x00, 0x00, 0x00, 0x00, 0x00, 0x00, 0x00, 0x00, 0x00,
  0x00, 0x00, 0x00, 0x00, 0x00, 0x00, 0x00, 0x00, 0x00, 0x00, 0x00, 0x00, 0x00, 0x00, 0x00, 0x00,
  0x00, 0x00, 0x00, 0x00, 0x00, 0x00, 0x00, 0x00, 0x00, 0x00, 0x00, 0x00, 0xff, 0xff, 0x00, 0x02,
  0xff, 0xda, 0x91, 0x07, 0x00, 0x00, 0x00, 0x00, 0x00, 0x00, 0x00, 0x00, 0xff, 0xf2, 0x92, 0x3b,
  0xff, 0xeb, 0x8b, 0x92, 0xff, 0xec, 0x8a, 0xdb, 0xff, 0xf3, 0x8c, 0xff, 0xff, 0xf7, 0x8b, 0xff,
  0xff, 0xed, 0x82, 0xff, 0xff, 0xe9, 0x7c, 0xfb, 0xff, 0xea, 0x7c, 0xfd, 0xff, 0xe8, 0x7b, 0xff,
  0xff, 0xe9, 0x7b, 0xff, 0xff, 0xe8, 0x7b, 0xff, 0xff, 0xe9, 0x7b, 0xff, 0xff, 0xe8, 0x7b, 0xff,
  0xff, 0xe8, 0x7b, 0xff, 0xff, 0xe8, 0x7b, 0xff, 0xff, 0xe8, 0x7b, 0xff, 0xff, 0xe7, 0x7c, 0xff,
  0xff, 0xe7, 0x7c, 0xff, 0xff, 0xe7, 0x7c, 0xff, 0xff, 0xe7, 0x7c, 0xff, 0xff, 0xe7, 0x7c, 0xff,
  0xff, 0xe6, 0x7c, 0xff, 0xff, 0xe6, 0x7c, 0xff, 0xff, 0xe6, 0x7c, 0xff, 0xff, 0xe5, 0x7c, 0xff,
  0xff, 0xe5, 0x7c, 0xff, 0xff, 0xe5, 0x7c, 0xff, 0xff, 0xe5, 0x7c, 0xff, 0xff, 0xe5, 0x7c, 0xff,
  0xff, 0xe4, 0x7c, 0xff, 0xff, 0xe4, 0x7c, 0xff, 0xff, 0xe4, 0x7c, 0xff, 0xff, 0xe4, 0x7c, 0xff,
  0xff, 0xe4, 0x7c, 0xff, 0xff, 0xe3, 0x7c, 0xff, 0xff, 0xe3, 0x7c, 0xff, 0xff, 0xe3, 0x7c, 0xff,
  0xff, 0xe3, 0x7c, 0xff, 0xff, 0xe3, 0x7c, 0xff, 0xff, 0xe2, 0x7d, 0xff, 0xff, 0xe2, 0x7d, 0xff,
  0xff, 0xe2, 0x7d, 0xff, 0xff, 0xe2, 0x7d, 0xff, 0xff, 0xe2, 0x7d, 0xff, 0xff, 0xe0, 0x7d, 0xff,
  0xff, 0xe1, 0x7d, 0xff, 0xff, 0xe0, 0x7d, 0xff, 0xff, 0xe0, 0x7e, 0xfe, 0xff, 0xe0, 0x7f, 0xfc,
  0xff, 0xe0, 0x81, 0xfe, 0xff, 0xea, 0x8a, 0xff, 0xff, 0xef, 0x90, 0xff, 0xff, 0xe6, 0x8e, 0xec,
  0xff, 0xe2, 0x8d, 0xb2, 0xff, 0xe3, 0x90, 0x5c, 0xff, 0xe5, 0x99, 0x0a, 0x00, 0x00, 0x00, 0x00,
  0xff, 0xff, 0xaa, 0x03, 0xff, 0xff, 0xbf, 0x04, 0x00, 0x00, 0x00, 0x00, 0x00, 0x00, 0x00, 0x00,
  0x00, 0x00, 0x00, 0x00, 0x00, 0x00, 0x00, 0x00, 0x00, 0x00, 0x00, 0x00, 0x00, 0x00, 0x00, 0x00,
  0x00, 0x00, 0x00, 0x00, 0x00, 0x00, 0x00, 0x00, 0x00, 0x00, 0x00, 0x00, 0x00, 0x00, 0x00, 0x00,
  0x00, 0x00, 0x00, 0x00, 0x00, 0x00, 0x00, 0x00, 0x00, 0x00, 0x00, 0x00, 0x00, 0x00, 0x00, 0x00,
  0x00, 0x00, 0x00, 0x00, 0x00, 0x00, 0x00, 0x00, 0x00, 0x00, 0x00, 0x00, 0x00, 0x00, 0x00, 0x00,
  0x00, 0x00, 0x00, 0x00, 0x00, 0x00, 0x00, 0x00, 0x00, 0x00, 0x00, 0x00, 0x00, 0x00, 0x00, 0x00,
  0x00, 0x00, 0x00, 0x00, 0x00, 0x00, 0x00, 0x00, 0x00, 0x00, 0x00, 0x00, 0xff, 0xff, 0x7f, 0x02,
  0x00, 0x00, 0x00, 0x00, 0x00, 0x00, 0x00, 0x00, 0xff, 0xff, 0x91, 0x07, 0xff, 0xf4, 0x8f, 0x30,
  0xff, 0xeb, 0x8c, 0x9a, 0xff, 0xec, 0x8b, 0xed, 0xff, 0xf3, 0x8b, 0xff, 0xff, 0xef, 0x86, 0xfd,
  0xff, 0xea, 0x7f, 0xf8, 0xff, 0xe6, 0x7c, 0xfe, 0xff, 0xe9, 0x7d, 0xff, 0xff, 0xe8, 0x7c, 0xff,
  0xff, 0xe7, 0x7b, 0xff, 0xff, 0xe7, 0x7b, 0xff, 0xff, 0xe8, 0x7b, 0xff, 0xff, 0xe7, 0x7b, 0xff,
  0xff, 0xe6, 0x7b, 0xff, 0xff, 0xe6, 0x7b, 0xff, 0xff, 0xe6, 0x7b, 0xff, 0xff, 0xe6, 0x7b, 0xff,
  0xff, 0xe5, 0x7c, 0xff, 0xff, 0xe5, 0x7c, 0xff, 0xff, 0xe6, 0x7c, 0xff, 0xff, 0xe6, 0x7c, 0xff,
  0xff, 0xe5, 0x7c, 0xff, 0xff, 0xe5, 0x7c, 0xff, 0xff, 0xe5, 0x7c, 0xff, 0xff, 0xe5, 0x7c, 0xff,
  0xff, 0xe4, 0x7c, 0xff, 0xff, 0xe4, 0x7c, 0xff, 0xff, 0xe3, 0x7c, 0xff, 0xff, 0xe3, 0x7c, 0xff,
  0xff, 0xe4, 0x7c, 0xff, 0xff, 0xe4, 0x7c, 0xff, 0xff, 0xe4, 0x7c, 0xff, 0xff, 0xe3, 0x7c, 0xff,
  0xff, 0xe3, 0x7c, 0xff, 0xff, 0xe2, 0x7c, 0xff, 0xff, 0xe2, 0x7c, 0xff, 0xff, 0xe2, 0x7c, 0xff,
  0xff, 0xe2, 0x7c, 0xff, 0xff, 0xe2, 0x7c, 0xff, 0xff, 0xe2, 0x7c, 0xff, 0xff, 0xe0, 0x7d, 0xff,
  0xff, 0xe0, 0x7d, 0xff, 0xff, 0xe1, 0x7d, 0xff, 0xff, 0xe1, 0x7d, 0xff, 0xff, 0xe1, 0x7d, 0xff,
  0xff, 0xe0, 0x7d, 0xff, 0xff, 0xe0, 0x7d, 0xff, 0xff, 0xe0, 0x7d, 0xff, 0xff, 0xdf, 0x7e, 0xff,
  0xff, 0xdf, 0x7f, 0xff, 0xff, 0xdf, 0x7f, 0xfe, 0xff, 0xde, 0x7e, 0xf9, 0xff, 0xe2, 0x85, 0xfb,
  0xff, 0xe8, 0x8c, 0xff, 0xff, 0xe2, 0x8c, 0xfe, 0xff, 0xe1, 0x8e, 0xc1, 0xff, 0xe1, 0x90, 0x55,
  0xff, 0xf1, 0x93, 0x13, 0x00, 0x00, 0x00, 0x00, 0x00, 0x00, 0x00, 0x00, 0xff, 0xff, 0x7f, 0x02,
  0x00, 0x00, 0x00, 0x00, 0x00, 0x00, 0x00, 0x00, 0x00, 0x00, 0x00, 0x00, 0x00, 0x00, 0x00, 0x00,
  0x00, 0x00, 0x00, 0x00, 0x00, 0x00, 0x00, 0x00, 0x00, 0x00, 0x00, 0x00, 0x00, 0x00, 0x00, 0x00,
  0x00, 0x00, 0x00, 0x00, 0x00, 0x00, 0x00, 0x00, 0x00, 0x00, 0x00, 0x00, 0x00, 0x00, 0x00, 0x00,
  0x00, 0x00, 0x00, 0x00, 0x00, 0x00, 0x00, 0x00, 0x00, 0x00, 0x00, 0x00, 0x00, 0x00, 0x00, 0x00,
  0x00, 0x00, 0x00, 0x00, 0x00, 0x00, 0x00, 0x00, 0x00, 0x00, 0x00, 0x00, 0x00, 0x00, 0x00, 0x00,
  0x00, 0x00, 0x00, 0x00, 0x00, 0x00, 0x00, 0x00, 0x00, 0x00, 0x00, 0x00, 0x00, 0x00, 0x00, 0x00,
  0xff, 0xd4, 0xaa, 0x06, 0xff, 0xff, 0xff, 0x01, 0x00, 0x00, 0x00, 0x00, 0xff, 0xea, 0x8e, 0x3d,
  0xff, 0xed, 0x8d, 0xab, 0xff, 0xe9, 0x88, 0xef, 0xff, 0xed, 0x89, 0xff, 0xff, 0xec, 0x84, 0xff,
  0xff, 0xe8, 0x7f, 0xfe, 0xff, 0xe8, 0x7e, 0xfe, 0xff, 0xe7, 0x7c, 0xff, 0xff, 0xe6, 0x7c, 0xff,
  0xff, 0xe6, 0x7c, 0xff, 0xff, 0xe6, 0x7c, 0xff, 0xff, 0xe6, 0x7c, 0xff, 0xff, 0xe6, 0x7c, 0xff,
  0xff, 0xe5, 0x7c, 0xff, 0xff, 0xe5, 0x7c, 0xff, 0xff, 0xe5, 0x7c, 0xff, 0xff, 0xe5, 0x7c, 0xff,
  0xff, 0xe4, 0x7c, 0xff, 0xff, 0xe4, 0x7c, 0xff, 0xff, 0xe4, 0x7c, 0xff, 0xff, 0xe4, 0x7c, 0xff,
  0xff, 0xe4, 0x7c, 0xff, 0xff, 0xe4, 0x7c, 0xff, 0xff, 0xe3, 0x7c, 0xff, 0xff, 0xe3, 0x7c, 0xff,
  0xff, 0xe3, 0x7c, 0xff, 0xff, 0xe3, 0x7c, 0xff, 0xff, 0xe3, 0x7c, 0xff, 0xff, 0xe2, 0x7c, 0xff,
  0xff, 0xe2, 0x7c, 0xff, 0xff, 0xe2, 0x7c, 0xff, 0xff, 0xe2, 0x7d, 0xff, 0xff, 0xe2, 0x7d, 0xff,
  0xff, 0xe2, 0x7d, 0xff, 0xff, 0xe2, 0x7d, 0xff, 0xff, 0xe1, 0x7d, 0xff, 0xff, 0xe0, 0x7d, 0xff,
  0xff, 0xe0, 0x7d, 0xff, 0xff, 0xe0, 0x7d, 0xff, 0xff, 0xe0, 0x7d, 0xff, 0xff, 0xe0, 0x7d, 0xff,
  0xff, 0xdf, 0x7d, 0xff, 0xff, 0xdf, 0x7d, 0xff, 0xff, 0xdf, 0x7d, 0xff, 0xff, 0xdf, 0x7d, 0xff,
  0xff, 0xdf, 0x7d, 0xff, 0xff, 0xdf, 0x7d, 0xff, 0xff, 0xdf, 0x7d, 0xff, 0xff, 0xde, 0x7d, 0xff,
  0xff, 0xdd, 0x7d, 0xff, 0xff, 0xdd, 0x7d, 0xff, 0xff, 0xdd, 0x7e, 0xff, 0xff, 0xdd, 0x7f, 0xfe,
  0xff, 0xde, 0x81, 0xff, 0xff, 0xdf, 0x83, 0xff, 0xff, 0xe5, 0x8a, 0xff, 0xff, 0xdf, 0x8b, 0xf9,
  0xff, 0xe0, 0x8f, 0xcb, 0xff, 0xe4, 0x90, 0x6a, 0xff, 0xff, 0xaa, 0x03, 0x00, 0x00, 0x00, 0x00,
  0xff, 0xd4, 0x7f, 0x06, 0xff, 0xff, 0x00, 0x01, 0x00, 0x00, 0x00, 0x00, 0x00, 0x00, 0x00, 0x00,
  0x00, 0x00, 0x00, 0x00, 0x00, 0x00, 0x00, 0x00, 0x00, 0x00, 0x00, 0x00, 0x00, 0x00, 0x00, 0x00,
  0x00, 0x00, 0x00, 0x00, 0x00, 0x00, 0x00, 0x00, 0x00, 0x00, 0x00, 0x00, 0x00, 0x00, 0x00, 0x00,
  0x00, 0x00, 0x00, 0x00, 0x00, 0x00, 0x00, 0x00, 0x00, 0x00, 0x00, 0x00, 0x00, 0x00, 0x00, 0x00,
  0x00, 0x00, 0x00, 0x00, 0x00, 0x00, 0x00, 0x00, 0x00, 0x00, 0x00, 0x00, 0x00, 0x00, 0x00, 0x00,
  0x00, 0x00, 0x00, 0x00, 0x00, 0x00, 0x00, 0x00, 0x00, 0x00, 0x00, 0x00, 0xff, 0xff, 0xff, 0x01,
  0xff, 0xff, 0xff, 0x01, 0x00, 0x00, 0x00, 0x00, 0x00, 0x01, 0x00, 0x00, 0xff, 0xe8, 0x8d, 0x38,
  0xff, 0xe7, 0x8b, 0x9a, 0xff, 0xec, 0x89, 0xf3, 0xff, 0xf4, 0x8c, 0xff, 0xff, 0xe9, 0x82, 0xfe,
  0xff, 0xe7, 0x7f, 0xfc, 0xff, 0xe4, 0x7c, 0xfd, 0xff, 0xe7, 0x7d, 0xff, 0xff, 0xe6, 0x7c, 0xff,
  0xff, 0xe5, 0x7c, 0xff, 0xff, 0xe6, 0x7c, 0xff, 0xff, 0xe5, 0x7c, 0xff, 0xff, 0xe5, 0x7c, 0xff,
  0xff, 0xe5, 0x7c, 0xff, 0xff, 0xe4, 0x7c, 0xff, 0xff, 0xe5, 0x7c, 0xff, 0xff, 0xe4, 0x7c, 0xff,
  0xff, 0xe4, 0x7c, 0xff, 0xff, 0xe3, 0x7c, 0xff, 0xff, 0xe4, 0x7c, 0xff, 0xff, 0xe4, 0x7c, 0xff,
  0xff, 0xe3, 0x7c, 0xff, 0xff, 0xe3, 0x7c, 0xff, 0xff, 0xe3, 0x7c, 0xff, 0xff, 0xe2, 0x7c, 0xff,
  0xff, 0xe2, 0x7c, 0xff, 0xff, 0xe2, 0x7c, 0xff, 0xff, 0xe2, 0x7c, 0xff, 0xff, 0xe2, 0x7c, 0xff,
  0xff, 0xe2, 0x7d, 0xff, 0xff, 0xe2, 0x7d, 0xff, 0xff, 0xe1, 0x7d, 0xff, 0xff, 0xe1, 0x7d, 0xff,
  0xff, 0xe1, 0x7d, 0xff, 0xff, 0xe1, 0x7d, 0xff, 0xff, 0xe1, 0x7d, 0xff, 0xff, 0xe0, 0x7d, 0xff,
  0xff, 0xdf, 0x7d, 0xff, 0xff, 0xdf, 0x7d, 0xff, 0xff, 0xdf, 0x7d, 0xff, 0xff, 0xdf, 0x7e, 0xff,
  0xff, 0xdf, 0x7e, 0xff, 0xff, 0xdf, 0x7d, 0xff, 0xff, 0xdf, 0x7d, 0xff, 0xff, 0xde, 0x7d, 0xff,
  0xff, 0xde, 0x7d, 0xff, 0xff, 0xde, 0x7d, 0xff, 0xff, 0xde, 0x7e, 0xff, 0xff, 0xde, 0x7e, 0xff,
  0xff, 0xdd, 0x7e, 0xff, 0xff, 0xdc, 0x7d, 0xff, 0xff, 0xdc, 0x7d, 0xff, 0xff, 0xdc, 0x7e, 0xff,
  0xff, 0xdc, 0x7f, 0xff, 0xff, 0xdb, 0x7e, 0xff, 0xff, 0xdc, 0x80, 0xfb, 0xff, 0xde, 0x84, 0xfc,
  0xff, 0xe3, 0x8c, 0xff, 0xff, 0xe3, 0x8f, 0xff, 0xff, 0xdf, 0x8d, 0xc3, 0xff, 0xe1, 0x90, 0x55,
  0xff, 0xf0, 0x96, 0x11, 0x00, 0x00, 0x00, 0x00, 0xff, 0xff, 0x00, 0x01, 0xff, 0xff, 0xaa, 0x03,
  0x00, 0x00, 0x00, 0x00, 0x00, 0x00, 0x00, 0x00, 0x00, 0x00, 0x00, 0x00, 0x00, 0x00, 0x00, 0x00,
  0x00, 0x00, 0x00, 0x00, 0x00, 0x00, 0x00, 0x00, 0x00, 0x00, 0x00, 0x00, 0x00, 0x00, 0x00, 0x00,
  0x00, 0x00, 0x00, 0x00, 0x00, 0x00, 0x00, 0x00, 0x00, 0x00, 0x00, 0x00, 0x00, 0x00, 0x00, 0x00,
  0x00, 0x00, 0x00, 0x00, 0x00, 0x00, 0x00, 0x00, 0x00, 0x00, 0x00, 0x00, 0x00, 0x00, 0x00, 0x00,
  0x00, 0x00, 0x00, 0x00, 0x00, 0x00, 0x00, 0x00, 0x00, 0x00, 0x00, 0x00, 0x00, 0x00, 0x00, 0x00,
  0xff, 0xff, 0x7f, 0x02, 0x00, 0x00, 0x00, 0x00, 0xff, 0xff, 0x7f, 0x02, 0xff, 0xe3, 0x89, 0x25,
  0xff, 0xe7, 0x8c, 0x9a, 0xff, 0xea, 0x8a, 0xea, 0xff, 0xeb, 0x86, 0xff, 0xff, 0xea, 0x84, 0xfd,
  0xff, 0xe6, 0x7e, 0xfb, 0xff, 0xe6, 0x7e, 0xff, 0xff, 0xe5, 0x7d, 0xff, 0xff, 0xe5, 0x7c, 0xff,
  0xff, 0xe5, 0x7c, 0xff, 0xff, 0xe5, 0x7c, 0xff, 0xff, 0xe5, 0x7c, 0xff, 0xff, 0xe4, 0x7c, 0xff,
  0xff, 0xe4, 0x7c, 0xff, 0xff, 0xe4, 0x7c, 0xff, 0xff, 0xe4, 0x7c, 0xff, 0xff, 0xe4, 0x7c, 0xff,
  0xff, 0xe3, 0x7c, 0xff, 0xff, 0xe3, 0x7c, 0xff, 0xff, 0xe3, 0x7c, 0xff, 0xff, 0xe3, 0x7c, 0xff,
  0xff, 0xe3, 0x7c, 0xff, 0xff, 0xe2, 0x7c, 0xff, 0xff, 0xe2, 0x7c, 0xff, 0xff, 0xe2, 0x7c, 0xff,
  0xff, 0xe1, 0x7c, 0xff, 0xff, 0xe1, 0x7c, 0xff, 0xff, 0xe1, 0x7c, 0xff, 0xff, 0xe1, 0x7d, 0xff,
  0xff, 0xe1, 0x7d, 0xff, 0xff, 0xe1, 0x7d, 0xff, 0xff, 0xe1, 0x7d, 0xff, 0xff, 0xe0, 0x7d, 0xff,
  0xff, 0xe0, 0x7d, 0xff, 0xff, 0xe0, 0x7d, 0xff, 0xff, 0xe0, 0x7d, 0xff, 0xff, 0xe0, 0x7d, 0xff,
  0xff, 0xdf, 0x7d, 0xff, 0xff, 0xde, 0x7d, 0xff, 0xff, 0xde, 0x7d, 0xff, 0xff, 0xde, 0x7d, 0xff,
  0xff, 0xde, 0x7e, 0xff, 0xff, 0xde, 0x7e, 0xff, 0xff, 0xde, 0x7e, 0xff, 0xff, 0xde, 0x7d, 0xff,
  0xff, 0xdd, 0x7d, 0xff, 0xff, 0xdd, 0x7e, 0xff, 0xff, 0xdd, 0x7e, 0xff, 0xff, 0xdd, 0x7e, 0xff,
  0xff, 0xdc, 0x7e, 0xff, 0xff, 0xdc, 0x7e, 0xff, 0xff, 0xdc, 0x7e, 0xff, 0xff, 0xdc, 0x7e, 0xff,
  0xff, 0xdb, 0x7e, 0xff, 0xff, 0xdb, 0x7e, 0xff, 0xff, 0xdb, 0x7e, 0xff, 0xff, 0xdb, 0x80, 0xff,
  0xff, 0xd9, 0x80, 0xfd, 0xff, 0xdb, 0x84, 0xfd, 0xff, 0xe0, 0x8a, 0xfd, 0xff, 0xde, 0x8a, 0xf8,
  0xff, 0xe0, 0x8f, 0xbe, 0xff, 0xdd, 0x8e, 0x4d, 0xff, 0xcc, 0x99, 0x05, 0x00, 0x00, 0x00, 0x00,
  0xff, 0xcc, 0x99, 0x05, 0x00, 0x00, 0x00, 0x00, 0x00, 0x00, 0x00, 0x00, 0x00, 0x00, 0x00, 0x00,
  0x00, 0x00, 0x00, 0x00, 0x00, 0x00, 0x00, 0x00, 0x00, 0x00, 0x00, 0x00, 0x00, 0x00, 0x00, 0x00,
  0x00, 0x00, 0x00, 0x00, 0x00, 0x00, 0x00, 0x00, 0x00, 0x00, 0x00, 0x00, 0x00, 0x00, 0x00, 0x00,
  0x00, 0x00, 0x00, 0x00, 0x00, 0x00, 0x00, 0x00, 0x00, 0x00, 0x00, 0x00, 0x00, 0x00, 0x00, 0x00,
  0x00, 0x00, 0x00, 0x00, 0x00, 0x00, 0x00, 0x00, 0x00, 0x00, 0x00, 0x00, 0x00, 0x00, 0x00, 0x00,
  0xff, 0xbf, 0x7f, 0x04, 0xff, 0xff, 0x7f, 0x02, 0x00, 0x00, 0x00, 0x00, 0xff, 0xea, 0x90, 0x25,
  0xff, 0xe5, 0x8b, 0x79, 0xff, 0xe6, 0x89, 0xe4, 0xff, 0xf3, 0x8d, 0xff, 0xff, 0xe8, 0x83, 0xff,
  0xff, 0xe6, 0x80, 0xfd, 0xff, 0xe3, 0x7c, 0xfe, 0xff, 0xe4, 0x7c, 0xff, 0xff, 0xe4, 0x7c, 0xff,
  0xff, 0xe3, 0x7c, 0xff, 0xff, 0xe3, 0x7c, 0xff, 0xff, 0xe4, 0x7c, 0xff, 0xff, 0xe3, 0x7c, 0xff,
  0xff, 0xe2, 0x7c, 0xff, 0xff, 0xe2, 0x7c, 0xff, 0xff, 0xe2, 0x7d, 0xff, 0xff, 0xe3, 0x7d, 0xff,
  0xff, 0xe3, 0x7c, 0xff, 0xff, 0xe1, 0x7d, 0xff, 0xff, 0xe1, 0x7d, 0xff, 0xff, 0xe2, 0x7d, 0xff,
  0xff, 0xe1, 0x7d, 0xff, 0xff, 0xe1, 0x7d, 0xff, 0xff, 0xe0, 0x7d, 0xff, 0xff, 0xe0, 0x7d, 0xff,
  0xff, 0xe0, 0x7d, 0xff, 0xff, 0xe0, 0x7d, 0xff, 0xff, 0xe0, 0x7d, 0xff, 0xff, 0xdf, 0x7d, 0xff,
  0xff, 0xdf, 0x7d, 0xff, 0xff, 0xdf, 0x7d, 0xff, 0xff, 0xdf, 0x7d, 0xff, 0xff, 0xdf, 0x7d, 0xff,
  0xff, 0xde, 0x7d, 0xff, 0xff, 0xde, 0x7d, 0xff, 0xff, 0xde, 0x7d, 0xff, 0xff, 0xde, 0x7e, 0xff,
  0xff, 0xde, 0x7e, 0xff, 0xff, 0xdd, 0x7e, 0xff, 0xff, 0xdd, 0x7e, 0xff, 0xff, 0xdd, 0x7e, 0xff,
  0xff, 0xdc, 0x7e, 0xff, 0xff, 0xdc, 0x7e, 0xff, 0xff, 0xdc, 0x7e, 0xff, 0xff, 0xdd, 0x7e, 0xff,
  0xff, 0xdd, 0x7e, 0xff, 0xff, 0xdb, 0x7e, 0xff, 0xff, 0xdb, 0x7e, 0xff, 0xff, 0xdb, 0x7e, 0xff,
  0xff, 0xdc, 0x7e, 0xff, 0xff, 0xda, 0x7e, 0xff, 0xff, 0xda, 0x7e, 0xff, 0xff, 0xdb, 0x7e, 0xff,
  0xff, 0xdb, 0x7e, 0xff, 0xff, 0xd9, 0x7e, 0xff, 0xff, 0xd9, 0x7e, 0xff, 0xff, 0xda, 0x7e, 0xff,
  0xff, 0xda, 0x7f, 0xff, 0xff, 0xd8, 0x7f, 0xfe, 0xff, 0xd8, 0x80, 0xfe, 0xff, 0xda, 0x84, 0xfc,
  0xff, 0xe4, 0x8e, 0xff, 0xff, 0xe0, 0x8e, 0xf7, 0xff, 0xda, 0x8b, 0xa6, 0xff, 0xdb, 0x8f, 0x40,
  0xff, 0xdf, 0x7f, 0x08, 0xff, 0xbf, 0x7f, 0x04, 0x00, 0x00, 0x00, 0x00, 0xff, 0xff, 0x7f, 0x02,
  0x00, 0x00, 0x00, 0x00, 0x00, 0x00, 0x00, 0x00, 0x00, 0x00, 0x00, 0x00, 0x00, 0x00, 0x00, 0x00,
  0x00, 0x00, 0x00, 0x00, 0x00, 0x00, 0x00, 0x00, 0x00, 0x00, 0x00, 0x00, 0x00, 0x00, 0x00, 0x00,
  0x00, 0x00, 0x00, 0x00, 0x00, 0x00, 0x00, 0x00, 0x00, 0x00, 0x00, 0x00, 0x00, 0x00, 0x00, 0x00,
  0x00, 0x00, 0x00, 0x00, 0x00, 0x00, 0x00, 0x00, 0x00, 0x00, 0x00, 0x00, 0x00, 0x00, 0x00, 0x00,
  0x00, 0x00, 0x00, 0x00, 0xff, 0xff, 0x7f, 0x04, 0x00, 0x00, 0x00, 0x00, 0xff, 0xd4, 0xaa, 0x06,
  0xff, 0xe4, 0x8c, 0x69, 0xff, 0xed, 0x8f, 0xce, 0xff, 0xea, 0x89, 0xff, 0xff, 0xed, 0x87, 0xfc,
  0xff, 0xe4, 0x80, 0xfb, 0xff, 0xe2, 0x7d, 0xfe, 0xff, 0xe4, 0x7d, 0xff, 0xff, 0xe3, 0x7c, 0xff,
  0xff, 0xe2, 0x7c, 0xff, 0xff, 0xe2, 0x7c, 0xff, 0xff, 0xe2, 0x7c, 0xff, 0xff, 0xe2, 0x7c, 0xff,
  0xff, 0xe1, 0x7c, 0xff, 0xff, 0xe1, 0x7c, 0xff, 0xff, 0xe1, 0x7c, 0xff, 0xff, 0xe1, 0x7d, 0xff,
  0xff, 0xe1, 0x7d, 0xff, 0xff, 0xe1, 0x7c, 0xff, 0xff, 0xe0, 0x7d, 0xff, 0xff, 0xe0, 0x7d, 0xff,
  0xff, 0xe0, 0x7d, 0xff, 0xff, 0xdf, 0x7d, 0xff, 0xff, 0xdf, 0x7d, 0xff, 0xff, 0xdf, 0x7d, 0xff,
  0xff, 0xdf, 0x7d, 0xff, 0xff, 0xdf, 0x7d, 0xff, 0xff, 0xdf, 0x7d, 0xff, 0xff, 0xdf, 0x7d, 0xff,
  0xff, 0xde, 0x7d, 0xff, 0xff, 0xde, 0x7d, 0xff, 0xff, 0xde, 0x7d, 0xff, 0xff, 0xdd, 0x7d, 0xff,
  0xff, 0xdd, 0x7d, 0xff, 0xff, 0xdd, 0x7d, 0xff, 0xff, 0xdc, 0x7d, 0xff, 0xff, 0xdc, 0x7d, 0xff,
  0xff, 0xdc, 0x7e, 0xff, 0xff, 0xdc, 0x7e, 0xff, 0xff, 0xdc, 0x7e, 0xff, 0xff, 0xdc, 0x7e, 0xff,
  0xff, 0xdc, 0x7e, 0xff, 0xff, 0xdb, 0x7e, 0xff, 0xff, 0xdb, 0x7e, 0xff, 0xff, 0xdb, 0x7e, 0xff,
  0xff, 0xdb, 0x7e, 0xff, 0xff, 0xdb, 0x7e, 0xff, 0xff, 0xda, 0x7e, 0xff, 0xff, 0xda, 0x7e, 0xff,
  0xff, 0xda, 0x7e, 0xff, 0xff, 0xda, 0x7e, 0xff, 0xff, 0xd9, 0x7e, 0xff, 0xff, 0xd9, 0x7e, 0xff,
  0xff, 0xd9, 0x7e, 0xff, 0xff, 0xd9, 0x7e, 0xff, 0xff, 0xd8, 0x7e, 0xff, 0xff, 0xd8, 0x7e, 0xff,
  0xff, 0xd8, 0x7e, 0xff, 0xff, 0xd8, 0x7f, 0xff, 0xff, 0xd9, 0x7f, 0xff, 0xff, 0xd7, 0x7f, 0xff,
  0xff, 0xd6, 0x80, 0xfb, 0xff, 0xde, 0x87, 0xfc, 0xff, 0xe0, 0x8c, 0xff, 0xff, 0xe2, 0x91, 0xe7,
  0xff, 0xda, 0x8e, 0x98, 0xff, 0xe0, 0x92, 0x21, 0x00, 0x00, 0x00, 0x00, 0xff, 0xff, 0xff, 0x01,
  0xff, 0xff, 0x7f, 0x02, 0x00, 0x00, 0x00, 0x00, 0x00, 0x00, 0x00, 0x00, 0x00, 0x00, 0x00, 0x00,
  0x00, 0x00, 0x00, 0x00, 0x00, 0x00, 0x00, 0x00, 0x00, 0x00, 0x00, 0x00, 0x00, 0x00, 0x00, 0x00,
  0x00, 0x00, 0x00, 0x00, 0x00, 0x00, 0x00, 0x00, 0x00, 0x00, 0x00, 0x00, 0x00, 0x00, 0x00, 0x00,
  0x00, 0x00, 0x00, 0x00, 0x00, 0x00, 0x00, 0x00, 0x00, 0x00, 0x00, 0x00, 0x00, 0x00, 0x00, 0x00,
  0xff, 0x7f, 0x7f, 0x02, 0x00, 0x00, 0x00, 0x00, 0x00, 0x00, 0x00, 0x00, 0xff, 0xff, 0xbf, 0x04,
  0xff, 0xe4, 0x8f, 0x39, 0xff, 0xe6, 0x8a, 0xb8, 0xff, 0xf2, 0x8f, 0xfe, 0xff, 0xea, 0x87, 0xff,
  0xff, 0xe3, 0x7f, 0xfa, 0xff, 0xe3, 0x7e, 0xff, 0xff, 0xe2, 0x7d, 0xff, 0xff, 0xe2, 0x7d, 0xff,
  0xff, 0xe2, 0x7d, 0xff, 0xff, 0xe1, 0x7c, 0xff, 0xff, 0xe1, 0x7c, 0xff, 0xff, 0xe1, 0x7d, 0xff,
  0xff, 0xe1, 0x7d, 0xff, 0xff, 0xe1, 0x7d, 0xff, 0xff, 0xe0, 0x7d, 0xff, 0xff, 0xe0, 0x7d, 0xff,
  0xff, 0xe0, 0x7d, 0xff, 0xff, 0xe0, 0x7d, 0xff, 0xff, 0xe0, 0x7d, 0xff, 0xff, 0xdf, 0x7d, 0xff,
  0xff, 0xdf, 0x7d, 0xff, 0xff, 0xdf, 0x7d, 0xff, 0xff, 0xde, 0x7d, 0xff, 0xff, 0xde, 0x7d, 0xff,
  0xff, 0xde, 0x7d, 0xff, 0xff, 0xde, 0x7d, 0xff, 0xff, 0xde, 0x7d, 0xff, 0xff, 0xdd, 0x7d, 0xff,
  0xff, 0xdd, 0x7d, 0xff, 0xff, 0xdd, 0x7e, 0xff, 0xff, 0xdd, 0x7d, 0xff, 0xff, 0xdd, 0x7d, 0xff,
  0xff, 0xdc, 0x7e, 0xff, 0xff, 0xdc, 0x7e, 0xff, 0xff, 0xdc, 0x7e, 0xff, 0xff, 0xdb, 0x7e, 0xff,
  0xff, 0xdb, 0x7e, 0xff, 0xff, 0xdb, 0x7e, 0xff, 0xff, 0xdb, 0x7e, 0xff, 0xff, 0xdb, 0x7e, 0xff,
  0xff, 0xdb, 0x7e, 0xff, 0xff, 0xdb, 0x7e, 0xff, 0xff, 0xda, 0x7e, 0xff, 0xff, 0xda, 0x7e, 0xff,
  0xff, 0xda, 0x7e, 0xff, 0xff, 0xda, 0x7e, 0xff, 0xff, 0xda, 0x7e, 0xff, 0xff, 0xd9, 0x7e, 0xff,
  0xff, 0xd9, 0x7e, 0xff, 0xff, 0xd9, 0x7e, 0xff, 0xff, 0xd8, 0x7f, 0xff, 0xff, 0xd8, 0x7f, 0xff,
  0xff, 0xd8, 0x7f, 0xff, 0xff, 0xd8, 0x7f, 0xff, 0xff, 0xd8, 0x7f, 0xff, 0xff, 0xd7, 0x7f, 0xff,
  0xff, 0xd7, 0x7f, 0xff, 0xff, 0xd7, 0x7f, 0xff, 0xff, 0xd7, 0x7f, 0xff, 0xff, 0xd7, 0x7f, 0xff,
  0xff, 0xd6, 0x7f, 0xff, 0xff, 0xd6, 0x7f, 0xff, 0xff, 0xd6, 0x81, 0xfd, 0xff, 0xd8, 0x84, 0xfc,
  0xff, 0xe8, 0x93, 0xff, 0xff, 0xd9, 0x8c, 0xe5, 0xff, 0xda, 0x90, 0x63, 0xff, 0xec, 0x91, 0x0e,
  0x00, 0x00, 0x00, 0x00, 0x00, 0x00, 0x00, 0x00, 0xff, 0xff, 0x7f, 0x02, 0x00, 0x00, 0x00, 0x00,
  0x00, 0x00, 0x00, 0x00, 0x00, 0x00, 0x00, 0x00, 0x00, 0x00, 0x00, 0x00, 0x00, 0x00, 0x00, 0x00,
  0x00, 0x00, 0x00, 0x00, 0x00, 0x00, 0x00, 0x00, 0x00, 0x00, 0x00, 0x00, 0x00, 0x00, 0x00, 0x00,
  0x00, 0x00, 0x00, 0x00, 0x00, 0x00, 0x00, 0x00, 0x00, 0x00, 0x00, 0x00, 0x00, 0x00, 0x00, 0x00,
  0x00, 0x00, 0x00, 0x00, 0xff, 0xbf, 0x7f, 0x04, 0x00, 0x00, 0x00, 0x00, 0x00, 0x00, 0x00, 0x00,
  0xff, 0xe6, 0x91, 0x2a, 0xff, 0xe5, 0x8c, 0xa2, 0xff, 0xe9, 0x8b, 0xf0, 0xff, 0xee, 0x8b, 0xff,
  0xff, 0xe5, 0x82, 0xfe, 0xff, 0xe0, 0x7c, 0xfb, 0xff, 0xe1, 0x7d, 0xff, 0xff, 0xe1, 0x7d, 0xff,
  0xff, 0xe1, 0x7d, 0xff, 0xff, 0xe0, 0x7d, 0xff, 0xff, 0xe0, 0x7d, 0xff, 0xff, 0xe0, 0x7d, 0xff,
  0xff, 0xe0, 0x7d, 0xff, 0xff, 0xe0, 0x7d, 0xff, 0xff, 0xe0, 0x7d, 0xff, 0xff, 0xdf, 0x7d, 0xff,
  0xff, 0xdf, 0x7d, 0xff, 0xff, 0xdf, 0x7d, 0xff, 0xff, 0xdf, 0x7d, 0xff, 0xff, 0xdf, 0x7d, 0xff,
  0xff, 0xde, 0x7e, 0xff, 0xff, 0xde, 0x7e, 0xff, 0xff, 0xde, 0x7e, 0xff, 0xff, 0xdd, 0x7e, 0xff,
  0xff, 0xdd, 0x7e, 0xff, 0xff, 0xdd, 0x7e, 0xff, 0xff, 0xdd, 0x7e, 0xff, 0xff, 0xdd, 0x7e, 0xff,
  0xff, 0xdc, 0x7e, 0xff, 0xff, 0xdc, 0x7e, 0xff, 0xff, 0xdc, 0x7e, 0xff, 0xff, 0xdc, 0x7e, 0xff,
  0xff, 0xdc, 0x7e, 0xff, 0xff, 0xdb, 0x7e, 0xff, 0xff, 0xdb, 0x7e, 0xff, 0xff, 0xdb, 0x7e, 0xff,
  0xff, 0xda, 0x7e, 0xff, 0xff, 0xda, 0x7e, 0xff, 0xff, 0xda, 0x7f, 0xff, 0xff, 0xda, 0x7f, 0xff,
  0xff, 0xda, 0x7e, 0xff, 0xff, 0xda, 0x7f, 0xff, 0xff, 0xda, 0x7f, 0xff, 0xff, 0xd9, 0x7f, 0xff,
  0xff, 0xd9, 0x7f, 0xff, 0xff, 0xd9, 0x7f, 0xff, 0xff, 0xd9, 0x7f, 0xff, 0xff, 0xd9, 0x7f, 0xff,
  0xff, 0xd8, 0x7f, 0xff, 0xff, 0xd8, 0x7f, 0xff, 0xff, 0xd8, 0x7f, 0xff, 0xff, 0xd7, 0x7f, 0xff,
  0xff, 0xd7, 0x7f, 0xff, 0xff, 0xd7, 0x7f, 0xff, 0xff, 0xd7, 0x7f, 0xff, 0xff, 0xd7, 0x7f, 0xff,
  0xff, 0xd6, 0x7f, 0xff, 0xff, 0xd6, 0x7f, 0xff, 0xff, 0xd6, 0x7f, 0xff, 0xff, 0xd6, 0x7f, 0xff,
  0xff, 0xd6, 0x7f, 0xff, 0xff, 0xd5, 0x7f, 0xff, 0xff, 0xd5, 0x80, 0xff, 0xff, 0xd3, 0x7f, 0xfe,
  0xff, 0xd6, 0x81, 0xfc, 0xff, 0xe0, 0x8b, 0xff, 0xff, 0xdb, 0x8c, 0xff, 0xff, 0xd8, 0x8d, 0xc8,
  0xff, 0xdb, 0x8f, 0x57, 0x00, 0x00, 0x00, 0x00, 0x00, 0x00, 0x00, 0x00, 0xff, 0xff, 0x99, 0x05,
  0x00, 0x00, 0x00, 0x00, 0x00, 0x00, 0x00, 0x00, 0x00, 0x00, 0x00, 0x00, 0x00, 0x00, 0x00, 0x00,
  0x00, 0x00, 0x00, 0x00, 0x00, 0x00, 0x00, 0x00, 0x00, 0x00, 0x00, 0x00, 0x00, 0x00, 0x00, 0x00,
  0x00, 0x00, 0x00, 0x00, 0x00, 0x00, 0x00, 0x00, 0x00, 0x00, 0x00, 0x00, 0x00, 0x00, 0x00, 0x00,
  0x00, 0x00, 0x00, 0x00, 0x00, 0x00, 0x00, 0x00, 0xff, 0xff, 0x7f, 0x04, 0x00, 0x00, 0x00, 0x00,
  0xff, 0xe7, 0x8b, 0x0b, 0xff, 0xe1, 0x8a, 0x69, 0xff, 0xe5, 0x8a, 0xf1, 0xff, 0xf0, 0x8d, 0xff,
  0xff, 0xe0, 0x80, 0xf9, 0xff, 0xe0, 0x7f, 0xff, 0xff, 0xe1, 0x7e, 0xff, 0xff, 0xe0, 0x7d, 0xff,
  0xff, 0xe0, 0x7d, 0xff, 0xff, 0xe0, 0x7d, 0xff, 0xff, 0xdf, 0x7d, 0xff, 0xff, 0xe0, 0x7d, 0xff,
  0xff, 0xe0, 0x7d, 0xff, 0xff, 0xdf, 0x7d, 0xff, 0xff, 0xdf, 0x7d, 0xff, 0xff, 0xdf, 0x7d, 0xff,
  0xff, 0xde, 0x7d, 0xff, 0xff, 0xde, 0x7d, 0xff, 0xff, 0xde, 0x7d, 0xff, 0xff, 0xde, 0x7d, 0xff,
  0xff, 0xde, 0x7d, 0xff, 0xff, 0xdd, 0x7e, 0xff, 0xff, 0xdd, 0x7e, 0xff, 0xff, 0xdd, 0x7e, 0xff,
  0xff, 0xdd, 0x7e, 0xff, 0xff, 0xdd, 0x7e, 0xff, 0xff, 0xdc, 0x7e, 0xff, 0xff, 0xdc, 0x7e, 0xff,
  0xff, 0xdc, 0x7e, 0xff, 0xff, 0xdb, 0x7e, 0xff, 0xff, 0xdb, 0x7e, 0xff, 0xff, 0xdb, 0x7e, 0xff,
  0xff, 0xdb, 0x7e, 0xff, 0xff, 0xdb, 0x7e, 0xff, 0xff, 0xdb, 0x7e, 0xff, 0xff, 0xdb, 0x7e, 0xff,
  0xff, 0xda, 0x7e, 0xff, 0xff, 0xda, 0x7e, 0xff, 0xff, 0xda, 0x7e, 0xff, 0xff, 0xd9, 0x7f, 0xff,
  0xff, 0xd9, 0x7f, 0xff, 0xff, 0xd9, 0x7e, 0xff, 0xff, 0xd9, 0x7f, 0xff, 0xff, 0xd9, 0x7f, 0xff,
  0xff, 0xd8, 0x7f, 0xff, 0xff, 0xd8, 0x7f, 0xff, 0xff, 0xd8, 0x7f, 0xff, 0xff, 0xd8, 0x7f, 0xff,
  0xff, 0xd8, 0x7f, 0xff, 0xff, 0xd7, 0x7f, 0xff, 0xff, 0xd7, 0x7f, 0xff, 0xff, 0xd7, 0x7f, 0xff,
  0xff, 0xd7, 0x7f, 0xff, 0xff, 0xd6, 0x7f, 0xff, 0xff, 0xd6, 0x7f, 0xff, 0xff, 0xd6, 0x7f, 0xff,
  0xff, 0xd6, 0x7f, 0xff, 0xff, 0xd5, 0x7f, 0xff, 0xff, 0xd5, 0x7f, 0xff, 0xff, 0xd5, 0x7f, 0xff,
  0xff, 0xd5, 0x7f, 0xff, 0xff, 0xd5, 0x7f, 0xff, 0xff, 0xd4, 0x7f, 0xff, 0xff, 0xd4, 0x80, 0xff,
  0xff, 0xd4, 0x80, 0xff, 0xff, 0xd5, 0x81, 0xff, 0xff, 0xd2, 0x81, 0xfb, 0xff, 0xd9, 0x88, 0xfe,
  0xff, 0xdf, 0x92, 0xff, 0xff, 0xd7, 0x8d, 0xa6, 0xff, 0xe0, 0x8e, 0x19, 0xff, 0xff, 0xaa, 0x03,
  0xff, 0xff, 0x99, 0x05, 0x00, 0x00, 0x00, 0x00, 0xff, 0xff, 0x00, 0x01, 0x00, 0x00, 0x00, 0x00,
  0x00, 0x00, 0x00, 0x00, 0x00, 0x00, 0x00, 0x00, 0x00, 0x00, 0x00, 0x00, 0x00, 0x00, 0x00, 0x00,
  0x00, 0x00, 0x00, 0x00, 0x00, 0x00, 0x00, 0x00, 0x00, 0x00, 0x00, 0x00, 0x00, 0x00, 0x00, 0x00,
  0x00, 0x00, 0x00, 0x00, 0xff, 0xff, 0xff, 0x01, 0xff, 0xff, 0x7f, 0x02, 0xff, 0xff, 0x7f, 0x02,
  0xff, 0xff, 0x91, 0x07, 0xff, 0xe3, 0x8d, 0x4a, 0xff, 0xe0, 0x8a, 0xaf, 0xff, 0xe4, 0x89, 0xff,
  0xff, 0xec, 0x89, 0xff, 0xff, 0xdf, 0x7f, 0xfa, 0xff, 0xdf, 0x7e, 0xff, 0xff, 0xdf, 0x7e, 0xff,
  0xff, 0xdf, 0x7d, 0xff, 0xff, 0xde, 0x7d, 0xff, 0xff, 0xde, 0x7d, 0xff, 0xff, 0xde, 0x7e, 0xff,
  0xff, 0xde, 0x7d, 0xff, 0xff, 0xde, 0x7d, 0xff, 0xff, 0xdd, 0x7e, 0xff, 0xff, 0xdd, 0x7e, 0xff,
  0xff, 0xdd, 0x7d, 0xff, 0xff, 0xdc, 0x7e, 0xff, 0xff, 0xdc, 0x7e, 0xff, 0xff, 0xdc, 0x7e, 0xff,
  0xff, 0xdc, 0x7e, 0xff, 0xff, 0xdc, 0x7e, 0xff, 0xff, 0xdb, 0x7e, 0xff, 0xff, 0xdb, 0x7e, 0xff,
  0xff, 0xdb, 0x7e, 0xff, 0xff, 0xdb, 0x7e, 0xff, 0xff, 0xdb, 0x7e, 0xff, 0xff, 0xdb, 0x7e, 0xff,
  0xff, 0xdb, 0x7e, 0xff, 0xff, 0xda, 0x7e, 0xff, 0xff, 0xd9, 0x7e, 0xff, 0xff, 0xd9, 0x7e, 0xff,
  0xff, 0xd9, 0x7f, 0xff, 0xff, 0xd9, 0x7e, 0xff, 0xff, 0xd9, 0x7e, 0xff, 0xff, 0xd9, 0x7f, 0xff,
  0xff, 0xd9, 0x7f, 0xff, 0xff, 0xd8, 0x7f, 0xff, 0xff, 0xd8, 0x7f, 0xff, 0xff, 0xd8, 0x7f, 0xff,
  0xff, 0xd8, 0x7f, 0xff, 0xff, 0xd8, 0x7f, 0xff, 0xff, 0xd7, 0x7f, 0xff, 0xff, 0xd7, 0x7f, 0xff,
  0xff, 0xd7, 0x7f, 0xff, 0xff, 0xd7, 0x7f, 0xff, 0xff, 0xd6, 0x7f, 0xff, 0xff, 0xd6, 0x7f, 0xff,
  0xff, 0xd6, 0x7f, 0xff, 0xff, 0xd6, 0x7f, 0xff, 0xff, 0xd6, 0x7f, 0xff, 0xff, 0xd5, 0x7f, 0xff,
  0xff, 0xd5, 0x7f, 0xff, 0xff, 0xd5, 0x80, 0xff, 0xff, 0xd5, 0x7f, 0xff, 0xff, 0xd4, 0x7f, 0xff,
  0xff, 0xd4, 0x80, 0xff, 0xff, 0xd4, 0x80, 0xff, 0xff, 0xd4, 0x80, 0xff, 0xff, 0xd3, 0x80, 0xff,
  0xff, 0xd3, 0x80, 0xff, 0xff, 0xd3, 0x80, 0xff, 0xff, 0xd3, 0x80, 0xff, 0xff, 0xd3, 0x80, 0xff,
  0xff, 0xd3, 0x80, 0xff, 0xff, 0xd3, 0x80, 0xff, 0xff, 0xd2, 0x80, 0xff, 0xff, 0xd1, 0x7f, 0xfc,
  0xff, 0xd7, 0x86, 0xff, 0xff, 0xdf, 0x8f, 0xff, 0xff, 0xd5, 0x8b, 0xd6, 0xff, 0xd8, 0x91, 0x6b,
  0xff, 0xd9, 0x97, 0x1b, 0xff, 0xff, 0xaa, 0x03, 0x00, 0x00, 0x00, 0x00, 0xff, 0xff, 0xaa, 0x03,
  0x00, 0x00, 0x00, 0x00, 0x00, 0x00, 0x00, 0x00, 0x00, 0x00, 0x00, 0x00, 0x00, 0x00, 0x00, 0x00,
  0x00, 0x00, 0x00, 0x00, 0x00, 0x00, 0x00, 0x00, 0x00, 0x00, 0x00, 0x00, 0x00, 0x00, 0x00, 0x00,
  0x00, 0x00, 0x00, 0x00, 0x00, 0x00, 0x00, 0x00, 0xff, 0xff, 0xff, 0x01, 0xff, 0xff, 0x7f, 0x02,
  0x00, 0x00, 0x00, 0x00, 0xff, 0xd8, 0x8c, 0x14, 0xff, 0xe3, 0x8b, 0x96, 0xff, 0xec, 0x90, 0xe6,
  0xff, 0xe0, 0x85, 0xfe, 0xff, 0xe3, 0x82, 0xfc, 0xff, 0xde, 0x7e, 0xfd, 0xff, 0xde, 0x7e, 0xff,
  0xff, 0xde, 0x7e, 0xff, 0xff, 0xde, 0x7d, 0xff, 0xff, 0xdd, 0x7d, 0xff, 0xff, 0xdd, 0x7d, 0xff,
  0xff, 0xdd, 0x7e, 0xff, 0xff, 0xdc, 0x7d, 0xff, 0xff, 0xdc, 0x7d, 0xff, 0xff, 0xdc, 0x7e, 0xff,
  0xff, 0xdc, 0x7e, 0xff, 0xff, 0xdc, 0x7d, 0xff, 0xff, 0xdb, 0x7e, 0xff, 0xff, 0xdb, 0x7e, 0xff,
  0xff, 0xdb, 0x7e, 0xff, 0xff, 0xdb, 0x7e, 0xff, 0xff, 0xdb, 0x7e, 0xff, 0xff, 0xda, 0x7e, 0xff,
  0xff, 0xda, 0x7e, 0xff, 0xff, 0xda, 0x7e, 0xff, 0xff, 0xda, 0x7e, 0xff, 0xff, 0xda, 0x7e, 0xff,
  0xff, 0xda, 0x7e, 0xff, 0xff, 0xda, 0x7e, 0xff, 0xff, 0xd9, 0x7e, 0xff, 0xff, 0xd8, 0x7e, 0xfe,
  0xff, 0xd8, 0x7d, 0xfd, 0xff, 0xd8, 0x7e, 0xfb, 0xff, 0xd8, 0x7d, 0xfb, 0xff, 0xd8, 0x7e, 0xfa,
  0xff, 0xd8, 0x7e, 0xfa, 0xff, 0xd8, 0x7e, 0xfa, 0xff, 0xd7, 0x7e, 0xfa, 0xff, 0xd7, 0x7e, 0xfa,
  0xff, 0xd7, 0x7f, 0xfa, 0xff, 0xd6, 0x7e, 0xfb, 0xff, 0xd6, 0x7e, 0xfc, 0xff, 0xd6, 0x7e, 0xfd,
  0xff, 0xd6, 0x7f, 0xff, 0xff, 0xd6, 0x7f, 0xff, 0xff, 0xd6, 0x7f, 0xff, 0xff, 0xd5, 0x7f, 0xff,
  0xff, 0xd5, 0x7f, 0xff, 0xff, 0xd5, 0x7f, 0xff, 0xff, 0xd5, 0x7f, 0xff, 0xff, 0xd5, 0x7f, 0xff,
  0xff, 0xd4, 0x7f, 0xff, 0xff, 0xd4, 0x7f, 0xff, 0xff, 0xd4, 0x80, 0xff, 0xff, 0xd4, 0x7f, 0xff,
  0xff, 0xd3, 0x7f, 0xff, 0xff, 0xd3, 0x80, 0xff, 0xff, 0xd3, 0x80, 0xff, 0xff, 0xd3, 0x80, 0xff,
  0xff, 0xd2, 0x80, 0xff, 0xff, 0xd2, 0x80, 0xff, 0xff, 0xd2, 0x80, 0xff, 0xff, 0xd2, 0x80, 0xff,
  0xff, 0xd2, 0x80, 0xff, 0xff, 0xd2, 0x80, 0xff, 0xff, 0xd2, 0x80, 0xff, 0xff, 0xd1, 0x80, 0xff,
  0xff, 0xd1, 0x81, 0xfd, 0xff, 0xd2, 0x82, 0xfe, 0xff, 0xd7, 0x88, 0xf9, 0xff, 0xdc, 0x8f, 0xf3,
  0xff, 0xd6, 0x8f, 0xc4, 0xff, 0xd9, 0x94, 0x3e, 0x00, 0x00, 0x00, 0x00, 0x00, 0x00, 0x00, 0x00,
  0xff, 0xff, 0xaa, 0x03, 0x00, 0x00, 0x00, 0x00, 0x00, 0x00, 0x00, 0x00, 0x00, 0x00, 0x00, 0x00,
  0x00, 0x00, 0x00, 0x00, 0x00, 0x00, 0x00, 0x00, 0x00, 0x00, 0x00, 0x00, 0x00, 0x00, 0x00, 0x00,
  0x00, 0x00, 0x00, 0x00, 0x00, 0x00, 0x00, 0x00, 0xff, 0xff, 0x00, 0x01, 0x00, 0x00, 0x00, 0x00,
  0xff, 0xff, 0x7f, 0x02, 0xff, 0xff, 0x7f, 0x02, 0xff, 0xdc, 0x8a, 0x3b, 0xff, 0xe1, 0x89, 0xd1,
  0xff, 0xf4, 0x94, 0xff, 0xff, 0xde, 0x82, 0xff, 0xff, 0xdd, 0x7f, 0xfc, 0xff, 0xde, 0x7f, 0xff,
  0xff, 0xdd, 0x7e, 0xff, 0xff, 0xdd, 0x7d, 0xff, 0xff, 0xdd, 0x7d, 0xff, 0xff, 0xdc, 0x7e, 0xff,
  0xff, 0xdc, 0x7e, 0xff, 0xff, 0xdc, 0x7e, 0xff, 0xff, 0xdb, 0x7e, 0xff, 0xff, 0xdb, 0x7e, 0xff,
  0xff, 0xdb, 0x7e, 0xff, 0xff, 0xdb, 0x7e, 0xff, 0xff, 0xdb, 0x7e, 0xff, 0xff, 0xda, 0x7e, 0xff,
  0xff, 0xda, 0x7e, 0xff, 0xff, 0xda, 0x7e, 0xff, 0xff, 0xda, 0x7e, 0xff, 0xff, 0xda, 0x7e, 0xff,
  0xff, 0xd9, 0x7e, 0xff, 0xff, 0xd9, 0x7e, 0xff, 0xff, 0xd9, 0x7e, 0xff, 0xff, 0xd9, 0x7f, 0xff,
  0xff, 0xd9, 0x7f, 0xff, 0xff, 0xd8, 0x7f, 0xff, 0xff, 0xd8, 0x7f, 0xff, 0xff, 0xd8, 0x7f, 0xff,
  0xff, 0xd9, 0x80, 0xff, 0xff, 0xda, 0x80, 0xff, 0xff, 0xd9, 0x81, 0xff, 0xff, 0xda, 0x81, 0xff,
  0xff, 0xda, 0x81, 0xff, 0xff, 0xdb, 0x81, 0xff, 0xff, 0xdb, 0x81, 0xff, 0xff, 0xda, 0x81, 0xff,
  0xff, 0xd9, 0x81, 0xff, 0xff, 0xd9, 0x81, 0xff, 0xff, 0xd8, 0x81, 0xff, 0xff, 0xd7, 0x80, 0xff,
  0xff, 0xd6, 0x80, 0xff, 0xff, 0xd5, 0x7f, 0xff, 0xff, 0xd5, 0x7f, 0xff, 0xff, 0xd4, 0x7f, 0xff,
  0xff, 0xd4, 0x7f, 0xff, 0xff, 0xd4, 0x7f, 0xff, 0xff, 0xd4, 0x80, 0xff, 0xff, 0xd4, 0x80, 0xff,
  0xff, 0xd3, 0x80, 0xff, 0xff, 0xd3, 0x80, 0xff, 0xff, 0xd3, 0x80, 0xff, 0xff, 0xd3, 0x80, 0xff,
  0xff, 0xd2, 0x80, 0xff, 0xff, 0xd2, 0x80, 0xff, 0xff, 0xd2, 0x80, 0xff, 0xff, 0xd2, 0x80, 0xff,
  0xff, 0xd1, 0x80, 0xff, 0xff, 0xd1, 0x80, 0xff, 0xff, 0xd1, 0x80, 0xff, 0xff, 0xd1, 0x80, 0xff,
  0xff, 0xd1, 0x80, 0xff, 0xff, 0xd1, 0x80, 0xff, 0xff, 0xd0, 0x80, 0xff, 0xff, 0xd0, 0x80, 0xff,
  0xff, 0xd0, 0x81, 0xff, 0xff, 0xd0, 0x81, 0xff, 0xff, 0xd0, 0x81, 0xff, 0xff, 0xcf, 0x82, 0xf9,
  0xff, 0xe1, 0x92, 0xff, 0xff, 0xd4, 0x8c, 0xfa, 0xff, 0xd4, 0x90, 0x71, 0xff, 0xff, 0xbf, 0x04,
  0x00, 0x00, 0x00, 0x00, 0xff, 0xff, 0x7f, 0x02, 0x00, 0x00, 0x00, 0x00, 0x00, 0x00, 0x00, 0x00,
  0x00, 0x00, 0x00, 0x00, 0x00, 0x00, 0x00, 0x00, 0x00, 0x00, 0x00, 0x00, 0x00, 0x00, 0x00, 0x00,
  0x00, 0x00, 0x00, 0x00, 0x00, 0x00, 0x00, 0x00, 0x00, 0x00, 0x00, 0x00, 0xff, 0xbf, 0x3f, 0x04,
  0x00, 0x00, 0x00, 0x00, 0xff, 0xff, 0xaa, 0x03, 0xff, 0xdf, 0x92, 0x28, 0xff, 0xdf, 0x8b, 0x80,
  0xff, 0xde, 0x88, 0xec, 0xff, 0xef, 0x8e, 0xff, 0xff, 0xdc, 0x80, 0xff, 0xff, 0xdc, 0x7e, 0xfc,
  0xff, 0xdd, 0x7e, 0xff, 0xff, 0xdc, 0x7e, 0xff, 0xff, 0xdb, 0x7e, 0xff, 0xff, 0xdb, 0x7e, 0xff,
  0xff, 0xdb, 0x7e, 0xff, 0xff, 0xdb, 0x7e, 0xff, 0xff, 0xdb, 0x7e, 0xff, 0xff, 0xda, 0x7e, 0xff,
  0xff, 0xda, 0x7e, 0xff, 0xff, 0xd9, 0x7e, 0xff, 0xff, 0xd9, 0x7e, 0xff, 0xff, 0xda, 0x7e, 0xff,
  0xff, 0xd9, 0x7f, 0xff, 0xff, 0xd9, 0x7f, 0xff, 0xff, 0xd9, 0x7f, 0xff, 0xff, 0xd9, 0x7f, 0xff,
  0xff, 0xd9, 0x7f, 0xff, 0xff, 0xd8, 0x7f, 0xff, 0xff, 0xd8, 0x7f, 0xff, 0xff, 0xd8, 0x7f, 0xff,
  0xff, 0xd8, 0x7f, 0xff, 0xff, 0xd7, 0x7f, 0xff, 0xff, 0xd7, 0x7e, 0xfd, 0xff, 0xd7, 0x7e, 0xfa,
  0xff, 0xd7, 0x7e, 0xf9, 0xff, 0xd6, 0x80, 0xff, 0xff, 0xdd, 0x83, 0xff, 0xff, 0xe1, 0x87, 0xff,
  0xff, 0xe6, 0x8a, 0xff, 0xff, 0xe9, 0x8c, 0xff, 0xff, 0xeb, 0x8d, 0xff, 0xff, 0xec, 0x8d, 0xff,
  0xff, 0xeb, 0x8e, 0xff, 0xff, 0xe9, 0x8c, 0xff, 0xff, 0xe6, 0x8a, 0xff, 0xff, 0xe2, 0x88, 0xff,
  0xff, 0xdd, 0x85, 0xff, 0xff, 0xd6, 0x81, 0xff, 0xff, 0xd3, 0x7e, 0xfb, 0xff, 0xd3, 0x80, 0xf9,
  0xff, 0xd2, 0x7f, 0xfc, 0xff, 0xd2, 0x7f, 0xfe, 0xff, 0xd3, 0x80, 0xff, 0xff, 0xd3, 0x80, 0xff,
  0xff, 0xd2, 0x80, 0xff, 0xff, 0xd2, 0x80, 0xff, 0xff, 0xd2, 0x80, 0xff, 0xff, 0xd2, 0x80, 0xff,
  0xff, 0xd2, 0x80, 0xff, 0xff, 0xd1, 0x80, 0xff, 0xff, 0xd1, 0x80, 0xff, 0xff, 0xd1, 0x80, 0xff,
  0xff, 0xd1, 0x80, 0xff, 0xff, 0xd0, 0x81, 0xff, 0xff, 0xd0, 0x80, 0xff, 0xff, 0xd0, 0x80, 0xff,
  0xff, 0xd0, 0x81, 0xff, 0xff, 0xd0, 0x81, 0xff, 0xff, 0xd0, 0x81, 0xff, 0xff, 0xce, 0x81, 0xff,
  0xff, 0xce, 0x81, 0xff, 0xff, 0xcf, 0x81, 0xff, 0xff, 0xcf, 0x81, 0xff, 0xff, 0xce, 0x81, 0xff,
  0xff, 0xce, 0x81, 0xfa, 0xff, 0xdb, 0x8d, 0xff, 0xff, 0xd5, 0x8d, 0xff, 0xff, 0xcf, 0x8c, 0xad,
  0xff, 0xd4, 0x92, 0x42, 0xff, 0xbf, 0x7f, 0x08, 0xff, 0x7f, 0x7f, 0x02, 0xff, 0xff, 0xff, 0x01,
  0xff, 0xff, 0xff, 0x01, 0x00, 0x00, 0x00, 0x00, 0x00, 0x00, 0x00, 0x00, 0x00, 0x00, 0x00, 0x00,
  0x00, 0x00, 0x00, 0x00, 0x00, 0x00, 0x00, 0x00, 0x00, 0x00, 0x00, 0x00, 0x00, 0x00, 0x00, 0x00,
  0xff, 0xd4, 0x7f, 0x06, 0x00, 0x00, 0x00, 0x00, 0x00, 0x00, 0x00, 0x00, 0xff, 0xe1, 0x8c, 0x57,
  0xff, 0xe1, 0x8c, 0xca, 0xff, 0xe1, 0x89, 0xf5, 0xff, 0xdf, 0x85, 0xfb, 0xff, 0xdb, 0x7f, 0xff,
  0xff, 0xda, 0x7d, 0xfe, 0xff, 0xdb, 0x7e, 0xff, 0xff, 0xda, 0x7e, 0xff, 0xff, 0xda, 0x7e, 0xff,
  0xff, 0xda, 0x7e, 0xff, 0xff, 0xd9, 0x7e, 0xff, 0xff, 0xd9, 0x7e, 0xff, 0xff, 0xd9, 0x7e, 0xff,
  0xff, 0xda, 0x7e, 0xff, 0xff, 0xda, 0x7e, 0xff, 0xff, 0xd9, 0x7e, 0xff, 0xff, 0xd9, 0x7e, 0xff,
  0xff, 0xd8, 0x7e, 0xff, 0xff, 0xd8, 0x7f, 0xff, 0xff, 0xd8, 0x7f, 0xff, 0xff, 0xd7, 0x7f, 0xff,
  0xff, 0xd7, 0x7f, 0xff, 0xff, 0xd7, 0x7f, 0xff, 0xff, 0xd6, 0x7f, 0xff, 0xff, 0xd6, 0x7f, 0xff,
  0xff, 0xd6, 0x7f, 0xff, 0xff, 0xd5, 0x7f, 0xfe, 0xff, 0xd5, 0x7e, 0xfe, 0xff, 0xd8, 0x80, 0xff,
  0xff, 0xe0, 0x85, 0xff, 0xff, 0xe2, 0x87, 0xff, 0xff, 0xd5, 0x81, 0xff, 0xff, 0xd5, 0x80, 0xea,
  0xff, 0xd4, 0x80, 0xd8, 0xff, 0xd5, 0x80, 0xca, 0xff, 0xd4, 0x80, 0xc1, 0xff, 0xd4, 0x7f, 0xba,
  0xff, 0xd5, 0x80, 0xb7, 0xff, 0xd4, 0x81, 0xb9, 0xff, 0xd4, 0x80, 0xbe, 0xff, 0xd3, 0x80, 0xc6,
  0xff, 0xd4, 0x80, 0xd2, 0xff, 0xd3, 0x80, 0xe3, 0xff, 0xd3, 0x80, 0xf6, 0xff, 0xdc, 0x86, 0xff,
  0xff, 0xde, 0x88, 0xff, 0xff, 0xd6, 0x83, 0xff, 0xff, 0xd0, 0x80, 0xfe, 0xff, 0xd0, 0x7f, 0xfe,
  0xff, 0xd1, 0x80, 0xff, 0xff, 0xd2, 0x80, 0xff, 0xff, 0xd1, 0x80, 0xff, 0xff, 0xd0, 0x80, 0xff,
  0xff, 0xd0, 0x80, 0xff, 0xff, 0xd0, 0x80, 0xff, 0xff, 0xd0, 0x80, 0xff, 0xff, 0xd0, 0x80, 0xff,
  0xff, 0xcf, 0x80, 0xff, 0xff, 0xcf, 0x80, 0xff, 0xff, 0xd0, 0x81, 0xff, 0xff, 0xce, 0x80, 0xff,
  0xff, 0xce, 0x80, 0xff, 0xff, 0xce, 0x81, 0xff, 0xff, 0xce, 0x81, 0xff, 0xff, 0xce, 0x81, 0xff,
  0xff, 0xcd, 0x81, 0xff, 0xff, 0xcd, 0x81, 0xff, 0xff, 0xcd, 0x81, 0xff, 0xff, 0xcd, 0x81, 0xff,
  0xff, 0xcd, 0x81, 0xff, 0xff, 0xcd, 0x82, 0xfd, 0xff, 0xd0, 0x86, 0xfd, 0xff, 0xcf, 0x87, 0xfc,
  0xff, 0xd6, 0x91, 0xdf, 0xff, 0xd1, 0x90, 0x8b, 0xff, 0xcc, 0x88, 0x0f, 0x00, 0x00, 0x00, 0x00,
  0xff, 0xff, 0xaa, 0x03, 0xff, 0xff, 0xff, 0x01, 0x00, 0x00, 0x00, 0x00, 0x00, 0x00, 0x00, 0x00,
  0x00, 0x00, 0x00, 0x00, 0x00, 0x00, 0x00, 0x00, 0x00, 0x00, 0x00, 0x00, 0x00, 0x00, 0x00, 0x00,
  0x00, 0x00, 0x00, 0x00, 0xff, 0xd4, 0x7f, 0x06, 0x00, 0x00, 0x00, 0x00, 0x00, 0x00, 0x00, 0x00,
  0xff, 0xde, 0x8b, 0x84, 0xff, 0xe2, 0x8d, 0xfd, 0xff, 0xe6, 0x8b, 0xff, 0xff, 0xda, 0x81, 0xf9,
  0xff, 0xda, 0x7f, 0xff, 0xff, 0xd9, 0x7e, 0xff, 0xff, 0xd9, 0x7e, 0xff, 0xff, 0xd9, 0x7f, 0xff,
  0xff, 0xd9, 0x7f, 0xff, 0xff, 0xd9, 0x7f, 0xff, 0xff, 0xd8, 0x7f, 0xff, 0xff, 0xd8, 0x7f, 0xff,
  0xff, 0xd8, 0x7e, 0xff, 0xff, 0xd8, 0x7e, 0xff, 0xff, 0xd8, 0x7f, 0xff, 0xff, 0xd8, 0x7f, 0xff,
  0xff, 0xd8, 0x7f, 0xff, 0xff, 0xd7, 0x7f, 0xff, 0xff, 0xd6, 0x7f, 0xff, 0xff, 0xd6, 0x7f, 0xff,
  0xff, 0xd6, 0x7f, 0xff, 0xff, 0xd6, 0x7f, 0xff, 0xff, 0xd6, 0x7f, 0xff, 0xff, 0xd5, 0x7f, 0xff,
  0xff, 0xd5, 0x7f, 0xff, 0xff, 0xd5, 0x7f, 0xff, 0xff, 0xd4, 0x80, 0xfe, 0xff, 0xd4, 0x7f, 0xfe,
  0xff, 0xd5, 0x80, 0xfd, 0xff, 0xdb, 0x84, 0xff, 0xff, 0xd4, 0x81, 0xfd, 0xff, 0xd5, 0x81, 0xd0,
  0xff, 0xd5, 0x82, 0x99, 0xff, 0xd5, 0x80, 0x69, 0xff, 0xd5, 0x7f, 0x44, 0xff, 0xd5, 0x7c, 0x2b,
  0xff, 0xcc, 0x7a, 0x19, 0xff, 0xd4, 0x7f, 0x12, 0xff, 0xd0, 0x7f, 0x16, 0xff, 0xd3, 0x83, 0x23,
  0xff, 0xcd, 0x81, 0x39, 0xff, 0xd4, 0x82, 0x5a, 0xff, 0xd2, 0x82, 0x85, 0xff, 0xd4, 0x82, 0xba,
  0xff, 0xd3, 0x82, 0xf0, 0xff, 0xd7, 0x85, 0xff, 0xff, 0xd2, 0x81, 0xff, 0xff, 0xcf, 0x80, 0xfd,
  0xff, 0xcf, 0x7f, 0xfe, 0xff, 0xd0, 0x80, 0xff, 0xff, 0xd0, 0x80, 0xff, 0xff, 0xcf, 0x80, 0xff,
  0xff, 0xcf, 0x81, 0xff, 0xff, 0xcf, 0x81, 0xff, 0xff, 0xcf, 0x81, 0xff, 0xff, 0xce, 0x81, 0xff,
  0xff, 0xce, 0x81, 0xff, 0xff, 0xce, 0x81, 0xff, 0xff, 0xce, 0x81, 0xff, 0xff, 0xce, 0x81, 0xff,
  0xff, 0xcd, 0x81, 0xff, 0xff, 0xcd, 0x81, 0xff, 0xff, 0xcd, 0x81, 0xff, 0xff, 0xcd, 0x81, 0xff,
  0xff, 0xcc, 0x81, 0xff, 0xff, 0xcc, 0x81, 0xff, 0xff, 0xcc, 0x81, 0xff, 0xff, 0xcc, 0x81, 0xff,
  0xff, 0xcc, 0x81, 0xff, 0xff, 0xcc, 0x81, 0xff, 0xff, 0xcc, 0x81, 0xff, 0xff, 0xcc, 0x82, 0xfc,
  0xff, 0xcd, 0x86, 0xff, 0xff, 0xde, 0x95, 0xfe, 0xff, 0xcf, 0x8f, 0xc2, 0xff, 0xc7, 0x90, 0x25,
  0x00, 0x00, 0x00, 0x00, 0xff, 0xff, 0xaa, 0x03, 0xff, 0xff, 0xff, 0x01, 0x00, 0x00, 0x00, 0x00,
  0x00, 0x00, 0x00, 0x00, 0x00, 0x00, 0x00, 0x00, 0x00, 0x00, 0x00, 0x00, 0x00, 0x00, 0x00, 0x00,
  0xff, 0xff, 0x00, 0x01, 0x00, 0x00, 0x00, 0x00, 0xff, 0xaa, 0x55, 0x03, 0xff, 0xd4, 0x7f, 0x06,
  0xff, 0xda, 0x91, 0x2a, 0xff, 0xdd, 0x8b, 0xa8, 0xff, 0xea, 0x91, 0xff, 0xff, 0xe5, 0x8a, 0xff,
  0xff, 0xd8, 0x80, 0xf9, 0xff, 0xd9, 0x7f, 0xff, 0xff, 0xd8, 0x7f, 0xff, 0xff, 0xd8, 0x7f, 0xff,
  0xff, 0xd8, 0x7f, 0xff, 0xff, 0xd8, 0x7f, 0xff, 0xff, 0xd8, 0x7f, 0xff, 0xff, 0xd7, 0x7f, 0xff,
  0xff, 0xd7, 0x7f, 0xff, 0xff, 0xd7, 0x7f, 0xff, 0xff, 0xd7, 0x7f, 0xff, 0xff, 0xd7, 0x7f, 0xff,
  0xff, 0xd7, 0x7f, 0xff, 0xff, 0xd7, 0x7f, 0xff, 0xff, 0xd6, 0x7f, 0xff, 0xff, 0xd5, 0x7f, 0xff,
  0xff, 0xd5, 0x7f, 0xff, 0xff, 0xd5, 0x7f, 0xff, 0xff, 0xd5, 0x7f, 0xff, 0xff, 0xd5, 0x80, 0xff,
  0xff, 0xd5, 0x80, 0xff, 0xff, 0xd3, 0x7e, 0xfd, 0xff, 0xd4, 0x7e, 0xfb, 0xff, 0xdb, 0x84, 0xff,
  0xff, 0xdf, 0x87, 0xff, 0xff, 0xd5, 0x81, 0xf1, 0xff, 0xd6, 0x82, 0xb7, 0xff, 0xd3, 0x80, 0x7b,
  0xff, 0xd4, 0x82, 0x4e, 0xff, 0xd5, 0x82, 0x31, 0xff, 0xd4, 0x7f, 0x18, 0xff, 0xd4, 0x7f, 0x06,
  0x00, 0x00, 0x00, 0x00, 0x00, 0x00, 0x00, 0x00, 0x00, 0x00, 0x00, 0x00, 0x00, 0x00, 0x00, 0x00,
  0x00, 0x00, 0x00, 0x00, 0x00, 0x00, 0x00, 0x00, 0xff, 0xd2, 0x87, 0x11, 0xff, 0xd1, 0x82, 0x27,
  0xff, 0xd4, 0x83, 0x42, 0xff, 0xd4, 0x83, 0x67, 0xff, 0xd3, 0x83, 0x9d, 0xff, 0xd0, 0x82, 0xdf,
  0xff, 0xd5, 0x85, 0xff, 0xff, 0xd8, 0x85, 0xff, 0xff, 0xd0, 0x82, 0xfd, 0xff, 0xcd, 0x7f, 0xfc,
  0xff, 0xcf, 0x81, 0xff, 0xff, 0xce, 0x81, 0xff, 0xff, 0xce, 0x81, 0xff, 0xff, 0xce, 0x81, 0xff,
  0xff, 0xcd, 0x81, 0xff, 0xff, 0xcd, 0x81, 0xff, 0xff, 0xcd, 0x81, 0xff, 0xff, 0xcd, 0x81, 0xff,
  0xff, 0xcd, 0x81, 0xff, 0xff, 0xcc, 0x82, 0xff, 0xff, 0xcc, 0x82, 0xff, 0xff, 0xcc, 0x82, 0xff,
  0xff, 0xcc, 0x81, 0xff, 0xff, 0xcb, 0x81, 0xff, 0xff, 0xcb, 0x82, 0xff, 0xff, 0xcb, 0x82, 0xff,
  0xff, 0xcb, 0x82, 0xff, 0xff, 0xcb, 0x82, 0xff, 0xff, 0xcb, 0x82, 0xff, 0xff, 0xca, 0x82, 0xff,
  0xff, 0xca, 0x82, 0xfb, 0xff, 0xca, 0x85, 0xff, 0xff, 0xe0, 0x97, 0xff, 0xff, 0xce, 0x8d, 0xdc,
  0xff, 0xcf, 0x90, 0x51, 0xff, 0xdd, 0x88, 0x0f, 0xff, 0xff, 0xff, 0x01, 0x00, 0x00, 0x00, 0x00,
  0xff, 0xff, 0xff, 0x01, 0x00, 0x00, 0x00, 0x00, 0x00, 0x00, 0x00, 0x00, 0x00, 0x00, 0x00, 0x00,
  0x00, 0x00, 0x00, 0x00, 0xff, 0xff, 0x7f, 0x02, 0x00, 0x00, 0x00, 0x00, 0x00, 0x00, 0x00, 0x00,
  0xff, 0xe2, 0x9b, 0x12, 0xff, 0xdc, 0x8e, 0x68, 0xff, 0xd9, 0x88, 0xcb, 0xff, 0xdf, 0x89, 0xfd,
  0xff, 0xdf, 0x86, 0xff, 0xff, 0xd7, 0x7e, 0xfb, 0xff, 0xd8, 0x7f, 0xff, 0xff, 0xd7, 0x7f, 0xff,
  0xff, 0xd7, 0x7f, 0xff, 0xff, 0xd7, 0x7f, 0xff, 0xff, 0xd7, 0x7f, 0xff, 0xff, 0xd7, 0x7f, 0xff,
  0xff, 0xd7, 0x7f, 0xff, 0xff, 0xd7, 0x7f, 0xff, 0xff, 0xd6, 0x7f, 0xff, 0xff, 0xd6, 0x7f, 0xff,
  0xff, 0xd6, 0x7f, 0xff, 0xff, 0xd5, 0x7f, 0xff, 0xff, 0xd5, 0x7f, 0xff, 0xff, 0xd5, 0x7f, 0xff,
  0xff, 0xd5, 0x7f, 0xff, 0xff, 0xd5, 0x7f, 0xff, 0xff, 0xd4, 0x7f, 0xff, 0xff, 0xd4, 0x7f, 0xff,
  0xff, 0xd4, 0x80, 0xff, 0xff, 0xd3, 0x7f, 0xfe, 0xff, 0xd5, 0x81, 0xff, 0xff, 0xd7, 0x82, 0xff,
  0xff, 0xd7, 0x83, 0xfb, 0xff, 0xd4, 0x81, 0xe3, 0xff, 0xd5, 0x82, 0xa4, 0xff, 0xd2, 0x82, 0x50,
  0xff, 0xda, 0x6d, 0x07, 0x00, 0x00, 0x00, 0x00, 0x00, 0x00, 0x00, 0x00, 0x00, 0x00, 0x00, 0x00,
  0xff, 0xff, 0x00, 0x01, 0xff, 0xaa, 0x55, 0x03, 0xff, 0xcc, 0x99, 0x05, 0xff, 0xd4, 0x7f, 0x06,
  0xff, 0xcc, 0x99, 0x05, 0xff, 0xbf, 0x7f, 0x04, 0xff, 0xff, 0xff, 0x01, 0x00, 0x00, 0x00, 0x00,
  0x00, 0x00, 0x00, 0x00, 0x00, 0x00, 0x00, 0x00, 0x00, 0x00, 0x00, 0x00, 0xff, 0xd2, 0x85, 0x2e,
  0xff, 0xcf, 0x83, 0x86, 0xff, 0xce, 0x82, 0xcf, 0xff, 0xd0, 0x82, 0xf5, 0xff, 0xd3, 0x85, 0xff,
  0xff, 0xd0, 0x83, 0xff, 0xff, 0xcd, 0x81, 0xfe, 0xff, 0xcc, 0x80, 0xff, 0xff, 0xcd, 0x81, 0xff,
  0xff, 0xcd, 0x81, 0xff, 0xff, 0xcd, 0x81, 0xff, 0xff, 0xcd, 0x81, 0xff, 0xff, 0xcc, 0x81, 0xff,
  0xff, 0xcc, 0x81, 0xff, 0xff, 0xcc, 0x81, 0xff, 0xff, 0xcc, 0x82, 0xff, 0xff, 0xcc, 0x82, 0xff,
  0xff, 0xcb, 0x82, 0xff, 0xff, 0xcb, 0x81, 0xff, 0xff, 0xcb, 0x81, 0xff, 0xff, 0xca, 0x82, 0xff,
  0xff, 0xca, 0x82, 0xff, 0xff, 0xca, 0x82, 0xff, 0xff, 0xc9, 0x82, 0xff, 0xff, 0xc9, 0x82, 0xff,
  0xff, 0xc9, 0x82, 0xff, 0xff, 0xc9, 0x82, 0xfc, 0xff, 0xc9, 0x84, 0xff, 0xff, 0xd3, 0x8d, 0xfe,
  0xff, 0xcb, 0x89, 0xe9, 0xff, 0xce, 0x8e, 0x8d, 0xff, 0xd1, 0x93, 0x2d, 0x00, 0x00, 0x00, 0x00,
  0x00, 0x00, 0x00, 0x00, 0xff, 0xff, 0x7f, 0x04, 0x00, 0x00, 0x00, 0x00, 0x00, 0x00, 0x00, 0x00,
  0x00, 0x00, 0x00, 0x00, 0x00, 0x00, 0x00, 0x00, 0xff, 0xff, 0xaa, 0x03, 0x00, 0x00, 0x00, 0x00,
  0xff, 0xff, 0x00, 0x01, 0xff, 0xdd, 0x8c, 0x26, 0xff, 0xdc, 0x8d, 0xa2, 0xff, 0xd8, 0x88, 0xf0,
  0xff, 0xda, 0x84, 0xff, 0xff, 0xd9, 0x83, 0xff, 0xff, 0xd6, 0x7f, 0xfc, 0xff, 0xd6, 0x7f, 0xff,
  0xff, 0xd6, 0x7f, 0xff, 0xff, 0xd6, 0x7f, 0xff, 0xff, 0xd5, 0x7f, 0xff, 0xff, 0xd5, 0x7f, 0xff,
  0xff, 0xd5, 0x7f, 0xff, 0xff, 0xd6, 0x7f, 0xff, 0xff, 0xd6, 0x7f, 0xff, 0xff, 0xd4, 0x7f, 0xff,
  0xff, 0xd4, 0x7f, 0xff, 0xff, 0xd4, 0x7f, 0xff, 0xff, 0xd4, 0x80, 0xff, 0xff, 0xd4, 0x80, 0xff,
  0xff, 0xd3, 0x80, 0xff, 0xff, 0xd3, 0x80, 0xff, 0xff, 0xd3, 0x80, 0xff, 0xff, 0xd2, 0x80, 0xff,
  0xff, 0xd3, 0x80, 0xff, 0xff, 0xd2, 0x80, 0xff, 0xff, 0xd2, 0x7f, 0xfa, 0xff, 0xd9, 0x84, 0xff,
  0xff, 0xd9, 0x86, 0xff, 0xff, 0xd3, 0x83, 0xcf, 0xff, 0xd1, 0x81, 0x76, 0xff, 0xd5, 0x82, 0x25,
  0xff, 0xe2, 0x8d, 0x09, 0x00, 0x00, 0x00, 0x00, 0x00, 0x00, 0x00, 0x00, 0x00, 0x00, 0x00, 0x00,
  0x00, 0x00, 0x00, 0x00, 0x00, 0x00, 0x00, 0x00, 0x00, 0x00, 0x00, 0x00, 0x00, 0x00, 0x00, 0x00,
  0xff, 0xff, 0x00, 0x01, 0x00, 0x00, 0x00, 0x00, 0x00, 0x00, 0x00, 0x00, 0x00, 0x00, 0x00, 0x00,
  0x00, 0x00, 0x00, 0x00, 0x00, 0x00, 0x00, 0x00, 0x00, 0x00, 0x00, 0x00, 0x00, 0x00, 0x00, 0x00,
  0xff, 0xaa, 0x55, 0x03, 0xff, 0xce, 0x85, 0x15, 0xff, 0xcd, 0x84, 0x53, 0xff, 0xcd, 0x83, 0xaf,
  0xff, 0xce, 0x83, 0xfa, 0xff, 0xd7, 0x89, 0xff, 0xff, 0xcc, 0x81, 0xfc, 0xff, 0xca, 0x80, 0xfd,
  0xff, 0xcc, 0x81, 0xff, 0xff, 0xcb, 0x82, 0xff, 0xff, 0xcb, 0x82, 0xff, 0xff, 0xca, 0x82, 0xff,
  0xff, 0xca, 0x82, 0xff, 0xff, 0xca, 0x82, 0xff, 0xff, 0xca, 0x82, 0xff, 0xff, 0xca, 0x82, 0xff,
  0xff, 0xca, 0x82, 0xff, 0xff, 0xc9, 0x82, 0xff, 0xff, 0xc9, 0x82, 0xff, 0xff, 0xc9, 0x82, 0xff,
  0xff, 0xc8, 0x82, 0xff, 0xff, 0xc8, 0x82, 0xff, 0xff, 0xc8, 0x82, 0xff, 0xff, 0xc7, 0x82, 0xff,
  0xff, 0xc7, 0x82, 0xff, 0xff, 0xc8, 0x82, 0xff, 0xff, 0xc7, 0x82, 0xfe, 0xff, 0xc7, 0x83, 0xff,
  0xff, 0xcb, 0x87, 0xff, 0xff, 0xc9, 0x89, 0xfb, 0xff, 0xcb, 0x8e, 0xc7, 0xff, 0xcb, 0x91, 0x54,
  0xff, 0x7f, 0x7f, 0x02, 0x00, 0x00, 0x00, 0x00, 0xff, 0xd4, 0x7f, 0x06, 0x00, 0x00, 0x00, 0x00,
  0x00, 0x00, 0x00, 0x00, 0x00, 0x00, 0x00, 0x00, 0x00, 0x00, 0x00, 0x00, 0xff, 0xff, 0xaa, 0x03,
  0x00, 0x00, 0x00, 0x00, 0x00, 0x00, 0x00, 0x00, 0xff, 0xd9, 0x8d, 0x36, 0xff, 0xda, 0x8b, 0xd0,
  0xff, 0xe2, 0x8d, 0xff, 0xff, 0xd6, 0x81, 0xfd, 0xff, 0xd5, 0x80, 0xff, 0xff, 0xd4, 0x7e, 0xfe,
  0xff, 0xd5, 0x7f, 0xff, 0xff, 0xd5, 0x7f, 0xff, 0xff, 0xd5, 0x7f, 0xff, 0xff, 0xd4, 0x7f, 0xff,
  0xff, 0xd4, 0x7f, 0xff, 0xff, 0xd4, 0x7f, 0xff, 0xff, 0xd4, 0x7f, 0xff, 0xff, 0xd4, 0x7f, 0xff,
  0xff, 0xd3, 0x7f, 0xff, 0xff, 0xd3, 0x7f, 0xff, 0xff, 0xd3, 0x7f, 0xff, 0xff, 0xd2, 0x80, 0xff,
  0xff, 0xd2, 0x80, 0xff, 0xff, 0xd2, 0x80, 0xff, 0xff, 0xd2, 0x80, 0xff, 0xff, 0xd2, 0x80, 0xff,
  0xff, 0xd1, 0x80, 0xff, 0xff, 0xd0, 0x80, 0xfd, 0xff, 0xd3, 0x81, 0xff, 0xff, 0xd6, 0x83, 0xfe,
  0xff, 0xd7, 0x84, 0xfa, 0xff, 0xd1, 0x83, 0xd4, 0xff, 0xd3, 0x83, 0x74, 0xff, 0xcd, 0x83, 0x1f,
  0x00, 0x00, 0x00, 0x00, 0x00, 0x00, 0x00, 0x00, 0xff, 0xff, 0xaa, 0x03, 0xff, 0xd4, 0xaa, 0x06,
  0xff, 0xbf, 0x7f, 0x04, 0xff, 0xaa, 0x55, 0x03, 0xff, 0x7f, 0x7f, 0x02, 0xff, 0xff, 0x00, 0x01,
  0x00, 0x00, 0x00, 0x00, 0x00, 0x00, 0x00, 0x00, 0x00, 0x00, 0x00, 0x00, 0xff, 0xff, 0x00, 0x01,
  0xff, 0xff, 0xff, 0x01, 0xff, 0xff, 0x7f, 0x02, 0xff, 0xbf, 0x7f, 0x04, 0xff, 0xcc, 0x99, 0x05,
  0xff, 0xbf, 0x7f, 0x08, 0x00, 0x00, 0x00, 0x00, 0x00, 0x00, 0x00, 0x00, 0xff, 0xc6, 0x8d, 0x09,
  0xff, 0xcb, 0x84, 0x4f, 0xff, 0xcc, 0x85, 0xb4, 0xff, 0xd2, 0x88, 0xee, 0xff, 0xcf, 0x85, 0xff,
  0xff, 0xcd, 0x83, 0xfe, 0xff, 0xca, 0x81, 0xfd, 0xff, 0xca, 0x82, 0xff, 0xff, 0xca, 0x82, 0xff,
  0xff, 0xc9, 0x82, 0xff, 0xff, 0xc9, 0x82, 0xff, 0xff, 0xc9, 0x82, 0xff, 0xff, 0xc9, 0x82, 0xff,
  0xff, 0xc9, 0x82, 0xff, 0xff, 0xc9, 0x82, 0xff, 0xff, 0xc8, 0x82, 0xff, 0xff, 0xc8, 0x83, 0xff,
  0xff, 0xc8, 0x83, 0xff, 0xff, 0xc7, 0x82, 0xff, 0xff, 0xc7, 0x82, 0xff, 0xff, 0xc7, 0x82, 0xff,
  0xff, 0xc6, 0x82, 0xff, 0xff, 0xc6, 0x82, 0xff, 0xff, 0xc7, 0x82, 0xff, 0xff, 0xc6, 0x83, 0xff,
  0xff, 0xc6, 0x83, 0xff, 0xff, 0xc6, 0x83, 0xfc, 0xff, 0xce, 0x8d, 0xff, 0xff, 0xcd, 0x90, 0xef,
  0xff, 0xc9, 0x92, 0x73, 0x00, 0x00, 0x00, 0x00, 0x00, 0x00, 0x00, 0x00, 0xff, 0xda, 0x6d, 0x07,
  0x00, 0x00, 0x00, 0x00, 0x00, 0x00, 0x00, 0x00, 0x00, 0x00, 0x00, 0x00, 0x00, 0x00, 0x00, 0x00,
  0xff, 0xaa, 0x55, 0x03, 0x00, 0x00, 0x00, 0x00, 0xff, 0xff, 0x00, 0x01, 0xff, 0xd9, 0x8b, 0x4b,
  0xff, 0xd9, 0x88, 0xeb, 0xff, 0xeb, 0x92, 0xff, 0xff, 0xd6, 0x81, 0xfa, 0xff, 0xd3, 0x7e, 0xfe,
  0xff, 0xd4, 0x7f, 0xff, 0xff, 0xd4, 0x80, 0xff, 0xff, 0xd4, 0x80, 0xff, 0xff, 0xd4, 0x80, 0xff,
  0xff, 0xd3, 0x80, 0xff, 0xff, 0xd3, 0x80, 0xff, 0xff, 0xd3, 0x80, 0xff, 0xff, 0xd2, 0x80, 0xff,
  0xff, 0xd2, 0x80, 0xff, 0xff, 0xd2, 0x80, 0xff, 0xff, 0xd2, 0x80, 0xff, 0xff, 0xd2, 0x80, 0xff,
  0xff, 0xd1, 0x80, 0xff, 0xff, 0xd1, 0x80, 0xff, 0xff, 0xd1, 0x80, 0xff, 0xff, 0xd1, 0x80, 0xff,
  0xff, 0xd1, 0x80, 0xff, 0xff, 0xd0, 0x80, 0xff, 0xff, 0xcf, 0x7f, 0xfc, 0xff, 0xd3, 0x82, 0xff,
  0xff, 0xda, 0x87, 0xff, 0xff, 0xd2, 0x82, 0xd9, 0xff, 0xd0, 0x85, 0x73, 0xff, 0xda, 0x7f, 0x1c,
  0x00, 0x00, 0x00, 0x00, 0xff, 0x7f, 0x7f, 0x02, 0xff, 0xff, 0xbf, 0x04, 0x00, 0x00, 0x00, 0x00,
  0x00, 0x00, 0x00, 0x00, 0x00, 0x00, 0x00, 0x00, 0x00, 0x00, 0x00, 0x00, 0x00, 0x00, 0x00, 0x00,
  0x00, 0x00, 0x00, 0x00, 0x00, 0x00, 0x00, 0x00, 0x00, 0x00, 0x00, 0x00, 0x00, 0x00, 0x00, 0x00,
  0x00, 0x00, 0x00, 0x00, 0x00, 0x00, 0x00, 0x00, 0x00, 0x00, 0x00, 0x00, 0x00, 0x00, 0x00, 0x00,
  0x00, 0x00, 0x00, 0x00, 0x00, 0x00, 0x00, 0x00, 0xff, 0xff, 0x7f, 0x02, 0xff, 0xaa, 0xaa, 0x03,
  0x00, 0x00, 0x00, 0x00, 0xff, 0xbf, 0x7f, 0x08, 0xff, 0xcb, 0x87, 0x4f, 0xff, 0xca, 0x85, 0xb4,
  0xff, 0xcb, 0x84, 0xfe, 0xff, 0xd1, 0x87, 0xff, 0xff, 0xc9, 0x82, 0xfb, 0xff, 0xc9, 0x82, 0xff,
  0xff, 0xc9, 0x82, 0xff, 0xff, 0xc9, 0x82, 0xff, 0xff, 0xc8, 0x82, 0xff, 0xff, 0xc8, 0x82, 0xff,
  0xff, 0xc8, 0x82, 0xff, 0xff, 0xc8, 0x82, 0xff, 0xff, 0xc8, 0x82, 0xff, 0xff, 0xc7, 0x82, 0xff,
  0xff, 0xc7, 0x83, 0xff, 0xff, 0xc7, 0x83, 0xff, 0xff, 0xc6, 0x82, 0xff, 0xff, 0xc6, 0x82, 0xff,
  0xff, 0xc6, 0x83, 0xff, 0xff, 0xc6, 0x83, 0xff, 0xff, 0xc6, 0x83, 0xff, 0xff, 0xc5, 0x83, 0xff,
  0xff, 0xc5, 0x83, 0xff, 0xff, 0xc5, 0x83, 0xff, 0xff, 0xc5, 0x83, 0xf8, 0xff, 0xd1, 0x8f, 0xff,
  0xff, 0xd2, 0x93, 0xff, 0xff, 0xc8, 0x8f, 0x8c, 0xff, 0x7f, 0x7f, 0x02, 0x00, 0x00, 0x00, 0x00,
  0xff, 0xd4, 0x7f, 0x06, 0x00, 0x00, 0x00, 0x00, 0x00, 0x00, 0x00, 0x00, 0x00, 0x00, 0x00, 0x00,
  0xff, 0xff, 0xff, 0x01, 0xff, 0x00, 0x00, 0x01, 0xff, 0xff, 0x00, 0x01, 0xff, 0xce, 0x91, 0x15,
  0xff, 0xd5, 0x8c, 0x6f, 0xff, 0xd7, 0x87, 0xf4, 0xff, 0xe7, 0x90, 0xff, 0xff, 0xd3, 0x81, 0xfa,
  0xff, 0xd1, 0x7f, 0xfe, 0xff, 0xd3, 0x80, 0xff, 0xff, 0xd3, 0x80, 0xff, 0xff, 0xd2, 0x80, 0xff,
  0xff, 0xd2, 0x80, 0xff, 0xff, 0xd1, 0x80, 0xff, 0xff, 0xd1, 0x80, 0xff, 0xff, 0xd2, 0x80, 0xff,
  0xff, 0xd1, 0x80, 0xff, 0xff, 0xd1, 0x80, 0xff, 0xff, 0xd1, 0x80, 0xff, 0xff, 0xd1, 0x81, 0xff,
  0xff, 0xd1, 0x81, 0xff, 0xff, 0xd0, 0x81, 0xff, 0xff, 0xd0, 0x80, 0xff, 0xff, 0xd0, 0x80, 0xff,
  0xff, 0xd0, 0x81, 0xff, 0xff, 0xcf, 0x81, 0xfe, 0xff, 0xce, 0x80, 0xfe, 0xff, 0xcf, 0x81, 0xfd,
  0xff, 0xd0, 0x82, 0xfd, 0xff, 0xd3, 0x85, 0xed, 0xff, 0xd0, 0x82, 0x98, 0xff, 0xda, 0x88, 0x1c,
  0x00, 0x00, 0x00, 0x00, 0x00, 0x00, 0x00, 0x00, 0xff, 0xff, 0x7f, 0x02, 0xff, 0xff, 0x7f, 0x02,
  0x00, 0x00, 0x00, 0x00, 0x00, 0x00, 0x00, 0x00, 0x00, 0x00, 0x00, 0x00, 0x00, 0x00, 0x00, 0x00,
  0x00, 0x00, 0x00, 0x00, 0x00, 0x00, 0x00, 0x00, 0x00, 0x00, 0x00, 0x00, 0x00, 0x00, 0x00, 0x00,
  0x00, 0x00, 0x00, 0x00, 0x00, 0x00, 0x00, 0x00, 0x00, 0x00, 0x00, 0x00, 0x00, 0x00, 0x00, 0x00,
  0x00, 0x00, 0x00, 0x00, 0x00, 0x00, 0x00, 0x00, 0x00, 0x00, 0x00, 0x00, 0xff, 0xff, 0xff, 0x01,
  0xff, 0xff, 0x7f, 0x02, 0xff, 0xff, 0x7f, 0x02, 0x00, 0x00, 0x00, 0x00, 0xff, 0xd7, 0x9c, 0x0d,
  0xff, 0xcb, 0x85, 0x63, 0xff, 0xcb, 0x86, 0xd8, 0xff, 0xcb, 0x84, 0xfc, 0xff, 0xc8, 0x81, 0xfc,
  0xff, 0xc8, 0x83, 0xff, 0xff, 0xc8, 0x82, 0xfe, 0xff, 0xc8, 0x82, 0xff, 0xff, 0xc7, 0x83, 0xff,
  0xff, 0xc7, 0x83, 0xff, 0xff, 0xc7, 0x83, 0xff, 0xff, 0xc7, 0x83, 0xff, 0xff, 0xc7, 0x83, 0xff,
  0xff, 0xc6, 0x83, 0xff, 0xff, 0xc6, 0x83, 0xff, 0xff, 0xc6, 0x83, 0xff, 0xff, 0xc5, 0x83, 0xff,
  0xff, 0xc5, 0x83, 0xff, 0xff, 0xc5, 0x83, 0xff, 0xff, 0xc5, 0x83, 0xff, 0xff, 0xc5, 0x83, 0xff,
  0xff, 0xc4, 0x83, 0xff, 0xff, 0xc4, 0x83, 0xff, 0xff, 0xc4, 0x83, 0xff, 0xff, 0xc3, 0x84, 0xf9,
  0xff, 0xce, 0x8e, 0xff, 0xff, 0xd2, 0x93, 0xff, 0xff, 0xc8, 0x8e, 0xa7, 0xff, 0xc7, 0x95, 0x29,
  0xff, 0xbf, 0x7f, 0x04, 0xff, 0x7f, 0x7f, 0x02, 0x00, 0x00, 0x00, 0x00, 0xff, 0xff, 0xff, 0x01,
  0x00, 0x00, 0x00, 0x00, 0xff, 0xff, 0x55, 0x03, 0x00, 0x00, 0x00, 0x00, 0xff, 0x7f, 0x00, 0x02,
  0xff, 0xd4, 0x8f, 0x30, 0xff, 0xd6, 0x8a, 0x91, 0xff, 0xd6, 0x87, 0xf4, 0xff, 0xe0, 0x8b, 0xff,
  0xff, 0xd2, 0x81, 0xfb, 0xff, 0xd1, 0x7f, 0xfe, 0xff, 0xd2, 0x80, 0xff, 0xff, 0xd1, 0x80, 0xff,
  0xff, 0xd1, 0x80, 0xff, 0xff, 0xd1, 0x80, 0xff, 0xff, 0xd1, 0x80, 0xff, 0xff, 0xd1, 0x80, 0xff,
  0xff, 0xd0, 0x80, 0xff, 0xff, 0xd1, 0x80, 0xff, 0xff, 0xd1, 0x80, 0xff, 0xff, 0xcf, 0x80, 0xff,
  0xff, 0xcf, 0x81, 0xff, 0xff, 0xcf, 0x81, 0xff, 0xff, 0xd0, 0x81, 0xff, 0xff, 0xd0, 0x80, 0xff,
  0xff, 0xce, 0x80, 0xff, 0xff, 0xcf, 0x81, 0xff, 0xff, 0xcd, 0x81, 0xfe, 0xff, 0xce, 0x80, 0xfc,
  0xff, 0xd8, 0x88, 0xff, 0xff, 0xce, 0x83, 0xfc, 0xff, 0xce, 0x85, 0xb2, 0xff, 0xcf, 0x86, 0x46,
  0x00, 0x00, 0x00, 0x00, 0xff, 0xff, 0x00, 0x01, 0xff, 0xda, 0x91, 0x07, 0xff, 0xff, 0x00, 0x01,
  0x00, 0x00, 0x00, 0x00, 0x00, 0x00, 0x00, 0x00, 0x00, 0x00, 0x00, 0x00, 0x00, 0x00, 0x00, 0x00,
  0x00, 0x00, 0x00, 0x00, 0x00, 0x00, 0x00, 0x00, 0x00, 0x00, 0x00, 0x00, 0x00, 0x00, 0x00, 0x00,
  0x00, 0x00, 0x00, 0x00, 0x00, 0x00, 0x00, 0x00, 0x00, 0x00, 0x00, 0x00, 0x00, 0x00, 0x00, 0x00,
  0x00, 0x00, 0x00, 0x00, 0x00, 0x00, 0x00, 0x00, 0x00, 0x00, 0x00, 0x00, 0x00, 0x00, 0x00, 0x00,
  0x00, 0x00, 0x00, 0x00, 0x00, 0x00, 0x00, 0x00, 0xff, 0xd4, 0xaa, 0x06, 0xff, 0xaa, 0xaa, 0x03,
  0x00, 0x00, 0x00, 0x00, 0xff, 0xca, 0x8e, 0x22, 0xff, 0xc9, 0x86, 0x8a, 0xff, 0xc6, 0x83, 0xe8,
  0xff, 0xd1, 0x89, 0xff, 0xff, 0xc9, 0x85, 0xff, 0xff, 0xc6, 0x81, 0xfc, 0xff, 0xc6, 0x82, 0xff,
  0xff, 0xc5, 0x83, 0xff, 0xff, 0xc5, 0x83, 0xff, 0xff, 0xc5, 0x83, 0xff, 0xff, 0xc5, 0x83, 0xff,
  0xff, 0xc5, 0x83, 0xff, 0xff, 0xc4, 0x83, 0xff, 0xff, 0xc4, 0x83, 0xff, 0xff, 0xc4, 0x83, 0xff,
  0xff, 0xc5, 0x83, 0xff, 0xff, 0xc5, 0x83, 0xff, 0xff, 0xc3, 0x83, 0xff, 0xff, 0xc3, 0x83, 0xff,
  0xff, 0xc3, 0x83, 0xff, 0xff, 0xc2, 0x83, 0xff, 0xff, 0xc2, 0x83, 0xff, 0xff, 0xc2, 0x83, 0xff,
  0xff, 0xc2, 0x83, 0xfb, 0xff, 0xc9, 0x8b, 0xff, 0xff, 0xcb, 0x8e, 0xfe, 0xff, 0xc7, 0x8d, 0xbc,
  0xff, 0xc9, 0x93, 0x51, 0xff, 0xd0, 0x8b, 0x0b, 0x00, 0x00, 0x00, 0x00, 0x00, 0x00, 0x00, 0x00,
  0xff, 0xff, 0xff, 0x01, 0x00, 0x00, 0x00, 0x00, 0xff, 0xff, 0x7f, 0x04, 0x00, 0x00, 0x00, 0x00,
  0xff, 0xaa, 0xaa, 0x03, 0xff, 0xd6, 0x8e, 0x4b, 0xff, 0xd7, 0x8a, 0xad, 0xff, 0xd3, 0x87, 0xf9,
  0xff, 0xdc, 0x88, 0xff, 0xff, 0xd1, 0x7f, 0xfc, 0xff, 0xd0, 0x7f, 0xfe, 0xff, 0xd1, 0x80, 0xff,
  0xff, 0xd0, 0x80, 0xff, 0xff, 0xd0, 0x81, 0xff, 0xff, 0xd0, 0x81, 0xff, 0xff, 0xd0, 0x81, 0xff,
  0xff, 0xd0, 0x81, 0xff, 0xff, 0xcf, 0x81, 0xff, 0xff, 0xcf, 0x81, 0xff, 0xff, 0xcf, 0x81, 0xff,
  0xff, 0xce, 0x81, 0xff, 0xff, 0xce, 0x81, 0xff, 0xff, 0xce, 0x81, 0xff, 0xff, 0xce, 0x81, 0xff,
  0xff, 0xce, 0x81, 0xff, 0xff, 0xcd, 0x81, 0xff, 0xff, 0xcd, 0x81, 0xff, 0xff, 0xcc, 0x80, 0xfe,
  0xff, 0xcd, 0x81, 0xfb, 0xff, 0xdd, 0x8d, 0xff, 0xff, 0xce, 0x85, 0xec, 0xff, 0xcf, 0x88, 0x61,
  0xff, 0xff, 0x7f, 0x04, 0x00, 0x00, 0x00, 0x00, 0x00, 0x00, 0x00, 0x00, 0xff, 0xff, 0xff, 0x01,
  0x00, 0x00, 0x00, 0x00, 0x00, 0x00, 0x00, 0x00, 0x00, 0x00, 0x00, 0x00, 0x00, 0x00, 0x00, 0x00,
  0x00, 0x00, 0x00, 0x00, 0x00, 0x00, 0x00, 0x00, 0x00, 0x00, 0x00, 0x00, 0x00, 0x00, 0x00, 0x00,
  0x00, 0x00, 0x00, 0x00, 0x00, 0x00, 0x00, 0x00, 0x00, 0x00, 0x00, 0x00, 0x00, 0x00, 0x00, 0x00,
  0x00, 0x00, 0x00, 0x00, 0x00, 0x00, 0x00, 0x00, 0x00, 0x00, 0x00, 0x00, 0x00, 0x00, 0x00, 0x00,
  0x00, 0x00, 0x00, 0x00, 0x00, 0x00, 0x00, 0x00, 0x00, 0x00, 0x00, 0x00, 0xff, 0xff, 0xff, 0x01,
  0x00, 0x00, 0x00, 0x00, 0xff, 0xff, 0x00, 0x01, 0xff, 0xff, 0xff, 0x01, 0xff, 0xca, 0x8c, 0x31,
  0xff, 0xc9, 0x88, 0xbd, 0xff, 0xd6, 0x8f, 0xff, 0xff, 0xc9, 0x86, 0xff, 0xff, 0xc4, 0x82, 0xfb,
  0xff, 0xc4, 0x83, 0xff, 0xff, 0xc4, 0x83, 0xff, 0xff, 0xc4, 0x83, 0xff, 0xff, 0xc4, 0x83, 0xff,
  0xff, 0xc4, 0x83, 0xff, 0xff, 0xc4, 0x83, 0xff, 0xff, 0xc3, 0x83, 0xff, 0xff, 0xc3, 0x83, 0xff,
  0xff, 0xc3, 0x83, 0xff, 0xff, 0xc3, 0x83, 0xff, 0xff, 0xc3, 0x83, 0xff, 0xff, 0xc2, 0x84, 0xff,
  0xff, 0xc2, 0x83, 0xff, 0xff, 0xc2, 0x83, 0xff, 0xff, 0xc1, 0x84, 0xff, 0xff, 0xc1, 0x84, 0xff,
  0xff, 0xc1, 0x84, 0xff, 0xff, 0xc1, 0x83, 0xfb, 0xff, 0xc6, 0x88, 0xff, 0xff, 0xc7, 0x8b, 0xff,
  0xff, 0xc5, 0x8b, 0xd0, 0xff, 0xc8, 0x8f, 0x70, 0xff, 0xd0, 0x96, 0x16, 0x00, 0x00, 0x00, 0x00,
  0x00, 0x00, 0x00, 0x00, 0xff, 0xff, 0x7f, 0x02, 0x00, 0x00, 0x00, 0x00, 0xff, 0xff, 0x99, 0x05,
  0x00, 0x00, 0x00, 0x00, 0xff, 0xbf, 0xbf, 0x04, 0xff, 0xd7, 0x8f, 0x62, 0xff, 0xd4, 0x89, 0xc5,
  0xff, 0xd2, 0x86, 0xfb, 0xff, 0xd7, 0x86, 0xff, 0xff, 0xcf, 0x80, 0xfd, 0xff, 0xcf, 0x80, 0xfe,
  0xff, 0xcf, 0x81, 0xff, 0xff, 0xcf, 0x81, 0xff, 0xff, 0xcf, 0x81, 0xff, 0xff, 0xcf, 0x81, 0xff,
  0xff, 0xce, 0x81, 0xff, 0xff, 0xce, 0x81, 0xff, 0xff, 0xce, 0x81, 0xff, 0xff, 0xce, 0x81, 0xff,
  0xff, 0xce, 0x81, 0xff, 0xff, 0xcd, 0x81, 0xff, 0xff, 0xcd, 0x81, 0xff, 0xff, 0xcd, 0x81, 0xff,
  0xff, 0xcd, 0x82, 0xff, 0xff, 0xcd, 0x82, 0xff, 0xff, 0xcc, 0x81, 0xff, 0xff, 0xcb, 0x81, 0xfe,
  0xff, 0xcd, 0x82, 0xff, 0xff, 0xcb, 0x82, 0xfd, 0xff, 0xd4, 0x88, 0xf8, 0xff, 0xce, 0x87, 0xc2,
  0xff, 0xd5, 0x87, 0x31, 0x00, 0x00, 0x00, 0x00, 0xff, 0xff, 0x7f, 0x02, 0xff, 0xaa, 0xaa, 0x03,
  0x00, 0x00, 0x00, 0x00, 0x00, 0x00, 0x00, 0x00, 0x00, 0x00, 0x00, 0x00, 0x00, 0x00, 0x00, 0x00,
  0x00, 0x00, 0x00, 0x00, 0x00, 0x00, 0x00, 0x00, 0x00, 0x00, 0x00, 0x00, 0x00, 0x00, 0x00, 0x00,
  0x00, 0x00, 0x00, 0x00, 0x00, 0x00, 0x00, 0x00, 0x00, 0x00, 0x00, 0x00, 0x00, 0x00, 0x00, 0x00,
  0x00, 0x00, 0x00, 0x00, 0x00, 0x00, 0x00, 0x00, 0x00, 0x00, 0x00, 0x00, 0x00, 0x00, 0x00, 0x00,
  0x00, 0x00, 0x00, 0x00, 0x00, 0x00, 0x00, 0x00, 0x00, 0x00, 0x00, 0x00, 0x00, 0x00, 0x00, 0x00,
  0x00, 0x00, 0x00, 0x00, 0xff, 0xff, 0x00, 0x01, 0xff, 0xd4, 0x7f, 0x06, 0x00, 0x00, 0x00, 0x00,
  0xff, 0xb6, 0x91, 0x07, 0xff, 0xc7, 0x88, 0x8e, 0xff, 0xce, 0x8b, 0xed, 0xff, 0xc6, 0x85, 0xff,
  0xff, 0xc4, 0x84, 0xfd, 0xff, 0xc3, 0x83, 0xfe, 0xff, 0xc3, 0x83, 0xfe, 0xff, 0xc3, 0x83, 0xff,
  0xff, 0xc3, 0x83, 0xff, 0xff, 0xc3, 0x83, 0xff, 0xff, 0xc3, 0x83, 0xff, 0xff, 0xc2, 0x84, 0xff,
  0xff, 0xc2, 0x84, 0xff, 0xff, 0xc2, 0x84, 0xff, 0xff, 0xc2, 0x84, 0xff, 0xff, 0xc2, 0x84, 0xff,
  0xff, 0xc1, 0x84, 0xff, 0xff, 0xc1, 0x84, 0xff, 0xff, 0xc1, 0x84, 0xff, 0xff, 0xc0, 0x84, 0xff,
  0xff, 0xc0, 0x84, 0xff, 0xff, 0xc0, 0x84, 0xff, 0xff, 0xbf, 0x83, 0xfc, 0xff, 0xc4, 0x87, 0xff,
  0xff, 0xc4, 0x89, 0xff, 0xff, 0xc3, 0x8c, 0xe0, 0xff, 0xc6, 0x90, 0x8b, 0xff, 0xcd, 0x9c, 0x1f,
  0x00, 0x00, 0x00, 0x00, 0x00, 0x00, 0x00, 0x00, 0xff, 0xaa, 0xaa, 0x03, 0x00, 0x00, 0x00, 0x00,
  0xff, 0xd4, 0x7f, 0x06, 0x00, 0x00, 0x00, 0x00, 0xff, 0xff, 0xbf, 0x04, 0xff, 0xd4, 0x8d, 0x77,
  0xff, 0xd2, 0x89, 0xdb, 0xff, 0xd1, 0x85, 0xfd, 0xff, 0xd3, 0x83, 0xff, 0xff, 0xce, 0x81, 0xfd,
  0xff, 0xce, 0x81, 0xfe, 0xff, 0xce, 0x81, 0xff, 0xff, 0xce, 0x81, 0xff, 0xff, 0xce, 0x81, 0xff,
  0xff, 0xce, 0x81, 0xff, 0xff, 0xcd, 0x81, 0xff, 0xff, 0xcd, 0x81, 0xff, 0xff, 0xcd, 0x81, 0xff,
  0xff, 0xcd, 0x81, 0xff, 0xff, 0xcd, 0x81, 0xff, 0xff, 0xcc, 0x81, 0xff, 0xff, 0xcc, 0x81, 0xff,
  0xff, 0xcc, 0x81, 0xff, 0xff, 0xcc, 0x82, 0xff, 0xff, 0xcc, 0x82, 0xff, 0xff, 0xcb, 0x81, 0xff,
  0xff, 0xca, 0x81, 0xfc, 0xff, 0xcf, 0x85, 0xff, 0xff, 0xcd, 0x85, 0xff, 0xff, 0xc9, 0x83, 0xe3,
  0xff, 0xcd, 0x87, 0x8b, 0xff, 0xd4, 0x88, 0x1e, 0xff, 0xaa, 0x55, 0x03, 0x00, 0x00, 0x00, 0x00,
  0xff, 0xff, 0xaa, 0x03, 0x00, 0x00, 0x00, 0x00, 0x00, 0x00, 0x00, 0x00, 0x00, 0x00, 0x00, 0x00,
  0x00, 0x00, 0x00, 0x00, 0x00, 0x00, 0x00, 0x00, 0x00, 0x00, 0x00, 0x00, 0x00, 0x00, 0x00, 0x00,
  0x00, 0x00, 0x00, 0x00, 0x00, 0x00, 0x00, 0x00, 0x00, 0x00, 0x00, 0x00, 0x00, 0x00, 0x00, 0x00,
  0x00, 0x00, 0x00, 0x00, 0x00, 0x00, 0x00, 0x00, 0x00, 0x00, 0x00, 0x00, 0x00, 0x00, 0x00, 0x00,
  0x00, 0x00, 0x00, 0x00, 0x00, 0x00, 0x00, 0x00, 0x00, 0x00, 0x00, 0x00, 0x00, 0x00, 0x00, 0x00,
  0x00, 0x00, 0x00, 0x00, 0x00, 0x00, 0x00, 0x00, 0xff, 0xff, 0x00, 0x01, 0xff, 0xcc, 0x99, 0x05,
  0xff, 0xff, 0xff, 0x01, 0xff, 0xaa, 0xaa, 0x03, 0xff, 0xc5, 0x86, 0x61, 0xff, 0xc4, 0x85, 0xc7,
  0xff, 0xc3, 0x84, 0xfc, 0xff, 0xc8, 0x87, 0xff, 0xff, 0xc3, 0x83, 0xfd, 0xff, 0xc2, 0x83, 0xfe,
  0xff, 0xc2, 0x83, 0xff, 0xff, 0xc2, 0x83, 0xff, 0xff, 0xc2, 0x83, 0xff, 0xff, 0xc2, 0x83, 0xff,
  0xff, 0xc1, 0x84, 0xff, 0xff, 0xc1, 0x84, 0xff, 0xff, 0xc1, 0x84, 0xff, 0xff, 0xc1, 0x84, 0xff,
  0xff, 0xc1, 0x84, 0xff, 0xff, 0xc0, 0x84, 0xff, 0xff, 0xc0, 0x84, 0xff, 0xff, 0xc0, 0x84, 0xff,
  0xff, 0xc0, 0x84, 0xff, 0xff, 0xc0, 0x84, 0xff, 0xff, 0xbf, 0x84, 0xff, 0xff, 0xbe, 0x84, 0xfd,
  0xff, 0xc1, 0x87, 0xff, 0xff, 0xc1, 0x88, 0xff, 0xff, 0xc2, 0x8b, 0xef, 0xff, 0xc3, 0x90, 0xa4,
  0xff, 0xc4, 0x96, 0x27, 0x00, 0x00, 0x00, 0x00, 0x00, 0x00, 0x00, 0x00, 0xff, 0xaa, 0xaa, 0x03,
  0x00, 0x00, 0x00, 0x00, 0xff, 0xda, 0x91, 0x07, 0x00, 0x00, 0x00, 0x00, 0xff, 0xd4, 0x7f, 0x06,
  0xff, 0xd1, 0x8c, 0x8c, 0xff, 0xd1, 0x89, 0xf1, 0xff, 0xd1, 0x86, 0xff, 0xff, 0xce, 0x81, 0xff,
  0xff, 0xcc, 0x80, 0xfe, 0xff, 0xcd, 0x81, 0xff, 0xff, 0xcd, 0x81, 0xff, 0xff, 0xcc, 0x81, 0xff,
  0xff, 0xcc, 0x81, 0xff, 0xff, 0xcc, 0x81, 0xff, 0xff, 0xcb, 0x81, 0xff, 0xff, 0xcb, 0x81, 0xff,
  0xff, 0xcb, 0x81, 0xff, 0xff, 0xcb, 0x82, 0xff, 0xff, 0xcb, 0x82, 0xff, 0xff, 0xcb, 0x82, 0xff,
  0xff, 0xca, 0x82, 0xff, 0xff, 0xca, 0x82, 0xff, 0xff, 0xca, 0x82, 0xff, 0xff, 0xca, 0x82, 0xff,
  0xff, 0xca, 0x82, 0xff, 0xff, 0xc9, 0x81, 0xfa, 0xff, 0xd0, 0x87, 0xff, 0xff, 0xd0, 0x88, 0xff,
  0xff, 0xca, 0x86, 0xc2, 0xff, 0xcd, 0x8b, 0x58, 0xff, 0xd7, 0x9c, 0x0d, 0xff, 0x00, 0x00, 0x01,
  0x00, 0x00, 0x00, 0x00, 0xff, 0xff, 0x7f, 0x02, 0x00, 0x00, 0x00, 0x00, 0x00, 0x00, 0x00, 0x00,
  0x00, 0x00, 0x00, 0x00, 0x00, 0x00, 0x00, 0x00, 0x00, 0x00, 0x00, 0x00, 0x00, 0x00, 0x00, 0x00,
  0x00, 0x00, 0x00, 0x00, 0x00, 0x00, 0x00, 0x00, 0x00, 0x00, 0x00, 0x00, 0x00, 0x00, 0x00, 0x00,
  0x00, 0x00, 0x00, 0x00, 0x00, 0x00, 0x00, 0x00, 0x00, 0x00, 0x00, 0x00, 0x00, 0x00, 0x00, 0x00,
  0x00, 0x00, 0x00, 0x00, 0x00, 0x00, 0x00, 0x00, 0x00, 0x00, 0x00, 0x00, 0x00, 0x00, 0x00, 0x00,
  0x00, 0x00, 0x00, 0x00, 0x00, 0x00, 0x00, 0x00, 0x00, 0x00, 0x00, 0x00, 0x00, 0x00, 0x00, 0x00,
  0xff, 0xbf, 0x3f, 0x04, 0x00, 0x00, 0x00, 0x00, 0x00, 0x00, 0x00, 0x00, 0xff, 0xc7, 0x8b, 0x37,
  0xff, 0xc3, 0x88, 0x99, 0xff, 0xc2, 0x85, 0xf6, 0xff, 0xcd, 0x8c, 0xff, 0xff, 0xc1, 0x83, 0xfc,
  0xff, 0xc1, 0x83, 0xfe, 0xff, 0xc1, 0x84, 0xff, 0xff, 0xc0, 0x84, 0xff, 0xff, 0xc0, 0x84, 0xff,
  0xff, 0xc0, 0x84, 0xff, 0xff, 0xbf, 0x84, 0xff, 0xff, 0xbf, 0x84, 0xff, 0xff, 0xbf, 0x84, 0xff,
  0xff, 0xbf, 0x84, 0xff, 0xff, 0xbf, 0x84, 0xff, 0xff, 0xbe, 0x84, 0xff, 0xff, 0xbe, 0x84, 0xff,
  0xff, 0xbe, 0x84, 0xff, 0xff, 0xbf, 0x85, 0xff, 0xff, 0xbf, 0x85, 0xff, 0xff, 0xbd, 0x85, 0xff,
  0xff, 0xbc, 0x84, 0xfe, 0xff, 0xbf, 0x86, 0xff, 0xff, 0xbe, 0x86, 0xfd, 0xff, 0xc1, 0x8c, 0xfd,
  0xff, 0xc3, 0x90, 0xbd, 0xff, 0xc3, 0x92, 0x2f, 0x00, 0x00, 0x00, 0x00, 0x00, 0x00, 0x00, 0x00,
  0xff, 0xbf, 0x7f, 0x04, 0x00, 0x00, 0x00, 0x00, 0xff, 0xda, 0x91, 0x07, 0x00, 0x00, 0x00, 0x00,
  0xff, 0xb6, 0x6d, 0x07, 0xff, 0xd0, 0x8c, 0x98, 0xff, 0xd1, 0x8a, 0xfc, 0xff, 0xd0, 0x87, 0xff,
  0xff, 0xcb, 0x81, 0xfe, 0xff, 0xcc, 0x81, 0xfe, 0xff, 0xcc, 0x81, 0xff, 0xff, 0xcc, 0x81, 0xff,
  0xff, 0xcb, 0x81, 0xff, 0xff, 0xcb, 0x81, 0xff, 0xff, 0xcb, 0x81, 0xff, 0xff, 0xca, 0x81, 0xff,
  0xff, 0xca, 0x81, 0xff, 0xff, 0xca, 0x81, 0xff, 0xff, 0xca, 0x82, 0xff, 0xff, 0xca, 0x82, 0xff,
  0xff, 0xca, 0x82, 0xff, 0xff, 0xc9, 0x82, 0xff, 0xff, 0xc9, 0x82, 0xff, 0xff, 0xc9, 0x82, 0xff,
  0xff, 0xc9, 0x82, 0xff, 0xff, 0xc9, 0x82, 0xff, 0xff, 0xc7, 0x82, 0xf9, 0xff, 0xd2, 0x89, 0xff,
  0xff, 0xd2, 0x8b, 0xff, 0xff, 0xcb, 0x87, 0xa9, 0xff, 0xc8, 0x87, 0x33, 0xff, 0xcc, 0x99, 0x05,
  0x00, 0x00, 0x00, 0x00, 0x00, 0x00, 0x00, 0x00, 0xff, 0x7f, 0x00, 0x02, 0x00, 0x00, 0x00, 0x00,
  0x00, 0x00, 0x00, 0x00, 0x00, 0x00, 0x00, 0x00, 0x00, 0x00, 0x00, 0x00, 0x00, 0x00, 0x00, 0x00,
  0x00, 0x00, 0x00, 0x00, 0x00, 0x00, 0x00, 0x00, 0x00, 0x00, 0x00, 0x00, 0x00, 0x00, 0x00, 0x00,
  0x00, 0x00, 0x00, 0x00, 0x00, 0x00, 0x00, 0x00, 0x00, 0x00, 0x00, 0x00, 0x00, 0x00, 0x00, 0x00,
  0x00, 0x00, 0x00, 0x00, 0x00, 0x00, 0x00, 0x00, 0x00, 0x00, 0x00, 0x00, 0x00, 0x00, 0x00, 0x00,
  0x00, 0x00, 0x00, 0x00, 0x00, 0x00, 0x00, 0x00, 0x00, 0x00, 0x00, 0x00, 0x00, 0x00, 0x00, 0x00,
  0x00, 0x00, 0x00, 0x00, 0xff, 0x7f, 0x7f, 0x02, 0x00, 0x00, 0x00, 0x00, 0xff, 0xff, 0x00, 0x01,
  0xff, 0xc7, 0x90, 0x17, 0xff, 0xc6, 0x8b, 0x75, 0xff, 0xc3, 0x87, 0xf1, 0xff, 0xd0, 0x90, 0xff,
  0xff, 0xbf, 0x83, 0xfc, 0xff, 0xbf, 0x83, 0xfe, 0xff, 0xc0, 0x84, 0xff, 0xff, 0xbf, 0x84, 0xff,
  0xff, 0xbf, 0x84, 0xff, 0xff, 0xbf, 0x84, 0xff, 0xff, 0xbe, 0x84, 0xff, 0xff, 0xbe, 0x84, 0xff,
  0xff, 0xbe, 0x84, 0xff, 0xff, 0xbe, 0x84, 0xff, 0xff, 0xbe, 0x84, 0xff, 0xff, 0xbe, 0x84, 0xff,
  0xff, 0xbe, 0x84, 0xff, 0xff, 0xbd, 0x84, 0xff, 0xff, 0xbd, 0x85, 0xff, 0xff, 0xbd, 0x85, 0xff,
  0xff, 0xbc, 0x85, 0xff, 0xff, 0xbb, 0x84, 0xfe, 0xff, 0xbd, 0x86, 0xff, 0xff, 0xbc, 0x86, 0xfd,
  0xff, 0xc5, 0x8f, 0xff, 0xff, 0xc1, 0x8e, 0xcc, 0xff, 0xbf, 0x8e, 0x34, 0x00, 0x00, 0x00, 0x00,
  0x00, 0x00, 0x00, 0x00, 0xff, 0xbf, 0x7f, 0x04, 0x00, 0x00, 0x00, 0x00, 0xff, 0xda, 0x91, 0x07,
  0x00, 0x00, 0x00, 0x00, 0xff, 0xb6, 0x91, 0x07, 0xff, 0xcf, 0x8c, 0xa0, 0xff, 0xd4, 0x8d, 0xff,
  0xff, 0xcf, 0x87, 0xff, 0xff, 0xcb, 0x82, 0xfc, 0xff, 0xcb, 0x82, 0xfe, 0xff, 0xcb, 0x82, 0xff,
  0xff, 0xcb, 0x82, 0xff, 0xff, 0xca, 0x82, 0xff, 0xff, 0xca, 0x82, 0xff, 0xff, 0xca, 0x82, 0xff,
  0xff, 0xc9, 0x82, 0xff, 0xff, 0xc9, 0x82, 0xff, 0xff, 0xc9, 0x82, 0xff, 0xff, 0xc9, 0x82, 0xff,
  0xff, 0xc9, 0x82, 0xff, 0xff, 0xc8, 0x82, 0xff, 0xff, 0xc8, 0x82, 0xff, 0xff, 0xc8, 0x82, 0xff,
  0xff, 0xc8, 0x82, 0xff, 0xff, 0xc8, 0x82, 0xff, 0xff, 0xc7, 0x82, 0xff, 0xff, 0xc6, 0x82, 0xf8,
  0xff, 0xd2, 0x8b, 0xff, 0xff, 0xd3, 0x8d, 0xff, 0xff, 0xc9, 0x88, 0x99, 0xff, 0xd2, 0x90, 0x17,
  0x00, 0x00, 0x00, 0x00, 0xff, 0xff, 0x7f, 0x02, 0x00, 0x00, 0x00, 0x00, 0xff, 0xff, 0x00, 0x01,
  0x00, 0x00, 0x00, 0x00, 0x00, 0x00, 0x00, 0x00, 0x00, 0x00, 0x00, 0x00, 0x00, 0x00, 0x00, 0x00,
  0x00, 0x00, 0x00, 0x00, 0x00, 0x00, 0x00, 0x00, 0x00, 0x00, 0x00, 0x00, 0x00, 0x00, 0x00, 0x00,
  0x00, 0x00, 0x00, 0x00, 0x00, 0x00, 0x00, 0x00, 0x00, 0x00, 0x00, 0x00, 0x00, 0x00, 0x00, 0x00,
  0x00, 0x00, 0x00, 0x00, 0x00, 0x00, 0x00, 0x00, 0x00, 0x00, 0x00, 0x00, 0x00, 0x00, 0x00, 0x00,
  0x00, 0x00, 0x00, 0x00, 0x00, 0x00, 0x00, 0x00, 0x00, 0x00, 0x00, 0x00, 0x00, 0x00, 0x00, 0x00,
  0x00, 0x00, 0x00, 0x00, 0x00, 0x00, 0x00, 0x00, 0xff, 0xff, 0xff, 0x01, 0x00, 0x00, 0x00, 0x00,
  0x00, 0x00, 0x00, 0x00, 0xff, 0xff, 0x7f, 0x02, 0xff, 0xc3, 0x8a, 0x5e, 0xff, 0xc2, 0x88, 0xef,
  0xff, 0xd2, 0x93, 0xff, 0xff, 0xbd, 0x84, 0xfb, 0xff, 0xbe, 0x84, 0xfd, 0xff, 0xbe, 0x84, 0xff,
  0xff, 0xbe, 0x85, 0xff, 0xff, 0xbe, 0x84, 0xff, 0xff, 0xbe, 0x84, 0xff, 0xff, 0xbd, 0x84, 0xff,
  0xff, 0xbd, 0x84, 0xff, 0xff, 0xbd, 0x84, 0xff, 0xff, 0xbd, 0x85, 0xff, 0xff, 0xbd, 0x85, 0xff,
  0xff, 0xbd, 0x85, 0xff, 0xff, 0xbd, 0x85, 0xff, 0xff, 0xbc, 0x85, 0xff, 0xff, 0xbb, 0x85, 0xff,
  0xff, 0xbb, 0x85, 0xff, 0xff, 0xbb, 0x85, 0xff, 0xff, 0xba, 0x85, 0xfe, 0xff, 0xbb, 0x85, 0xff,
  0xff, 0xbb, 0x86, 0xfc, 0xff, 0xc8, 0x92, 0xff, 0xff, 0xc0, 0x8d, 0xd5, 0xff, 0xbe, 0x8f, 0x37,
  0x00, 0x00, 0x00, 0x00, 0x00, 0x00, 0x00, 0x00, 0xff, 0xbf, 0x7f, 0x04, 0x00, 0x00, 0x00, 0x00,
  0xff, 0xbf, 0x7f, 0x08, 0x00, 0x00, 0x00, 0x00, 0xff, 0xda, 0x91, 0x07, 0xff, 0xcf, 0x8c, 0xa7,
  0xff, 0xda, 0x91, 0xff, 0xff, 0xce, 0x87, 0xff, 0xff, 0xc9, 0x83, 0xfb, 0xff, 0xca, 0x82, 0xff,
  0xff, 0xca, 0x82, 0xff, 0xff, 0xca, 0x82, 0xff, 0xff, 0xc9, 0x82, 0xff, 0xff, 0xc9, 0x82, 0xff,
  0xff, 0xc9, 0x82, 0xff, 0xff, 0xc8, 0x82, 0xff, 0xff, 0xc8, 0x82, 0xff, 0xff, 0xc8, 0x83, 0xff,
  0xff, 0xc8, 0x83, 0xff, 0xff, 0xc8, 0x83, 0xff, 0xff, 0xc7, 0x82, 0xff, 0xff, 0xc7, 0x82, 0xff,
  0xff, 0xc7, 0x83, 0xff, 0xff, 0xc7, 0x83, 0xff, 0xff, 0xc7, 0x83, 0xff, 0xff, 0xc6, 0x83, 0xff,
  0xff, 0xc5, 0x81, 0xf8, 0xff, 0xd2, 0x8c, 0xff, 0xff, 0xd3, 0x90, 0xff, 0xff, 0xc8, 0x89, 0x8d,
  0xff, 0xcc, 0x99, 0x05, 0x00, 0x00, 0x00, 0x00, 0xff, 0xcc, 0x66, 0x05, 0x00, 0x00, 0x00, 0x00,
  0x00, 0x00, 0x00, 0x00, 0x00, 0x00, 0x00, 0x00, 0x00, 0x00, 0x00, 0x00, 0x00, 0x00, 0x00, 0x00,
  0x00, 0x00, 0x00, 0x00, 0x00, 0x00, 0x00, 0x00, 0x00, 0x00, 0x00, 0x00, 0x00, 0x00, 0x00, 0x00,
  0x00, 0x00, 0x00, 0x00, 0x00, 0x00, 0x00, 0x00, 0x00, 0x00, 0x00, 0x00, 0x00, 0x00, 0x00, 0x00,
  0x00, 0x00, 0x00, 0x00, 0x00, 0x00, 0x00, 0x00, 0x00, 0x00, 0x00, 0x00, 0x00, 0x00, 0x00, 0x00,
  0x00, 0x00, 0x00, 0x00, 0x00, 0x00, 0x00, 0x00, 0x00, 0x00, 0x00, 0x00, 0x00, 0x00, 0x00, 0x00,
  0x00, 0x00, 0x00, 0x00, 0x00, 0x00, 0x00, 0x00, 0x00, 0x00, 0x00, 0x00, 0x00, 0x00, 0x00, 0x00,
  0xff, 0x7f, 0x7f, 0x02, 0x00, 0x00, 0x00, 0x00, 0x00, 0x00, 0x00, 0x00, 0xff, 0xc3, 0x8e, 0x4d,
  0xff, 0xc0, 0x8a, 0xed, 0xff, 0xd3, 0x95, 0xff, 0xff, 0xbd, 0x84, 0xfa, 0xff, 0xbd, 0x85, 0xfd,
  0xff, 0xbc, 0x85, 0xff, 0xff, 0xbd, 0x85, 0xff, 0xff, 0xbd, 0x85, 0xff, 0xff, 0xbd, 0x85, 0xff,
  0xff, 0xbc, 0x85, 0xff, 0xff, 0xbc, 0x85, 0xff, 0xff, 0xbc, 0x85, 0xff, 0xff, 0xbc, 0x85, 0xff,
  0xff, 0xbc, 0x85, 0xff, 0xff, 0xbc, 0x85, 0xff, 0xff, 0xbb, 0x85, 0xff, 0xff, 0xbb, 0x85, 0xff,
  0xff, 0xba, 0x85, 0xff, 0xff, 0xba, 0x85, 0xff, 0xff, 0xba, 0x85, 0xff, 0xff, 0xb9, 0x85, 0xff,
  0xff, 0xb9, 0x85, 0xfe, 0xff, 0xb9, 0x87, 0xfb, 0xff, 0xcc, 0x96, 0xff, 0xff, 0xbe, 0x8d, 0xdf,
  0xff, 0xbd, 0x8c, 0x3a, 0x00, 0x00, 0x00, 0x00, 0x00, 0x00, 0x00, 0x00, 0xff, 0xbf, 0x7f, 0x04,
  0x00, 0x00, 0x00, 0x00, 0xff, 0xbf, 0x7f, 0x08, 0x00, 0x00, 0x00, 0x00, 0xff, 0xda, 0x91, 0x07,
  0xff, 0xcf, 0x8c, 0xad, 0xff, 0xdf, 0x94, 0xff, 0xff, 0xce, 0x87, 0xff, 0xff, 0xc7, 0x82, 0xfa,
  0xff, 0xc8, 0x82, 0xff, 0xff, 0xc9, 0x82, 0xff, 0xff, 0xc9, 0x82, 0xff, 0xff, 0xc8, 0x82, 0xff,
  0xff, 0xc8, 0x82, 0xff, 0xff, 0xc8, 0x82, 0xff, 0xff, 0xc7, 0x82, 0xff, 0xff, 0xc7, 0x82, 0xff,
  0xff, 0xc7, 0x83, 0xff, 0xff, 0xc7, 0x83, 0xff, 0xff, 0xc7, 0x83, 0xff, 0xff, 0xc6, 0x82, 0xff,
  0xff, 0xc6, 0x82, 0xff, 0xff, 0xc6, 0x83, 0xff, 0xff, 0xc6, 0x83, 0xff, 0xff, 0xc6, 0x83, 0xff,
  0xff, 0xc5, 0x83, 0xff, 0xff, 0xc4, 0x81, 0xf8, 0xff, 0xd1, 0x8c, 0xff, 0xff, 0xd3, 0x92, 0xff,
  0xff, 0xca, 0x89, 0x87, 0x00, 0x00, 0x00, 0x00, 0x00, 0x00, 0x00, 0x00, 0xff, 0xb6, 0x6d, 0x07,
  0x00, 0x00, 0x00, 0x00, 0x00, 0x00, 0x00, 0x00, 0x00, 0x00, 0x00, 0x00, 0x00, 0x00, 0x00, 0x00,
  0x00, 0x00, 0x00, 0x00, 0x00, 0x00, 0x00, 0x00, 0x00, 0x00, 0x00, 0x00, 0x00, 0x00, 0x00, 0x00,
  0x00, 0x00, 0x00, 0x00, 0x00, 0x00, 0x00, 0x00, 0x00, 0x00, 0x00, 0x00, 0x00, 0x00, 0x00, 0x00,
  0x00, 0x00, 0x00, 0x00, 0x00, 0x00, 0x00, 0x00, 0x00, 0x00, 0x00, 0x00, 0x00, 0x00, 0x00, 0x00,
  0x00, 0x00, 0x00, 0x00, 0x00, 0x00, 0x00, 0x00, 0x00, 0x00, 0x00, 0x00, 0x00, 0x00, 0x00, 0x00,
  0x00, 0x00, 0x00, 0x00, 0x00, 0x00, 0x00, 0x00, 0x00, 0x00, 0x00, 0x00, 0x00, 0x00, 0x00, 0x00,
  0x00, 0x00, 0x00, 0x00, 0xff, 0xbf, 0x7f, 0x04, 0x00, 0x00, 0x00, 0x00, 0x00, 0x00, 0x00, 0x00,
  0xff, 0xc0, 0x8d, 0x41, 0xff, 0xc0, 0x8b, 0xeb, 0xff, 0xd3, 0x97, 0xff, 0xff, 0xbb, 0x84, 0xfa,
  0xff, 0xbb, 0x85, 0xfd, 0xff, 0xbc, 0x85, 0xff, 0xff, 0xbc, 0x85, 0xff, 0xff, 0xbc, 0x85, 0xff,
  0xff, 0xbc, 0x85, 0xff, 0xff, 0xbc, 0x85, 0xff, 0xff, 0xbc, 0x85, 0xff, 0xff, 0xbb, 0x85, 0xff,
  0xff, 0xbb, 0x85, 0xff, 0xff, 0xbb, 0x85, 0xff, 0xff, 0xbb, 0x85, 0xff, 0xff, 0xb9, 0x85, 0xff,
  0xff, 0xba, 0x85, 0xff, 0xff, 0xba, 0x85, 0xff, 0xff, 0xba, 0x85, 0xff, 0xff, 0xb9, 0x85, 0xff,
  0xff, 0xb9, 0x85, 0xff, 0xff, 0xb7, 0x85, 0xfe, 0xff, 0xb8, 0x87, 0xfa, 0xff, 0xcd, 0x99, 0xff,
  0xff, 0xbd, 0x8f, 0xe6, 0xff, 0xbb, 0x90, 0x3c, 0x00, 0x00, 0x00, 0x00, 0x00, 0x00, 0x00, 0x00,
  0xff, 0xbf, 0x7f, 0x04, 0x00, 0x00, 0x00, 0x00, 0xff, 0xbf, 0x7f, 0x08, 0x00, 0x00, 0x00, 0x00,
  0xff, 0xbf, 0x7f, 0x08, 0xff, 0xcc, 0x8b, 0xb1, 0xff, 0xe0, 0x97, 0xff, 0xff, 0xcd, 0x88, 0xff,
  0xff, 0xc7, 0x82, 0xf9, 0xff, 0xc7, 0x82, 0xff, 0xff, 0xc7, 0x83, 0xff, 0xff, 0xc7, 0x83, 0xff,
  0xff, 0xc6, 0x83, 0xff, 0xff, 0xc6, 0x83, 0xff, 0xff, 0xc6, 0x83, 0xff, 0xff, 0xc6, 0x83, 0xff,
  0xff, 0xc6, 0x83, 0xff, 0xff, 0xc5, 0x83, 0xff, 0xff, 0xc5, 0x83, 0xff, 0xff, 0xc5, 0x83, 0xff,
  0xff, 0xc4, 0x83, 0xff, 0xff, 0xc4, 0x83, 0xff, 0xff, 0xc4, 0x83, 0xff, 0xff, 0xc4, 0x83, 0xff,
  0xff, 0xc4, 0x83, 0xff, 0xff, 0xc3, 0x83, 0xff, 0xff, 0xc2, 0x82, 0xf8, 0xff, 0xcf, 0x8e, 0xff,
  0xff, 0xd2, 0x92, 0xff, 0xff, 0xc8, 0x8b, 0x87, 0x00, 0x00, 0x00, 0x00, 0x00, 0x00, 0x00, 0x00,
  0xff, 0xd4, 0x7f, 0x06, 0x00, 0x00, 0x00, 0x00, 0x00, 0x00, 0x00, 0x00, 0x00, 0x00, 0x00, 0x00,
  0x00, 0x00, 0x00, 0x00, 0x00, 0x00, 0x00, 0x00, 0x00, 0x00, 0x00, 0x00, 0x00, 0x00, 0x00, 0x00,
  0x00, 0x00, 0x00, 0x00, 0x00, 0x00, 0x00, 0x00, 0x00, 0x00, 0x00, 0x00, 0x00, 0x00, 0x00, 0x00,
  0x00, 0x00, 0x00, 0x00, 0x00, 0x00, 0x00, 0x00, 0x00, 0x00, 0x00, 0x00, 0x00, 0x00, 0x00, 0x00,
  0x00, 0x00, 0x00, 0x00, 0x00, 0x00, 0x00, 0x00, 0x00, 0x00, 0x00, 0x00, 0x00, 0x00, 0x00, 0x00,
  0x00, 0x00, 0x00, 0x00, 0x00, 0x00, 0x00, 0x00, 0x00, 0x00, 0x00, 0x00, 0x00, 0x00, 0x00, 0x00,
  0x00, 0x00, 0x00, 0x00, 0x00, 0x00, 0x00, 0x00, 0xff, 0xbf, 0x7f, 0x04, 0x00, 0x00, 0x00, 0x00,
  0x00, 0x00, 0x00, 0x00, 0xff, 0xc2, 0x8d, 0x3f, 0xff, 0xbe, 0x8b, 0xeb, 0xff, 0xd1, 0x98, 0xff,
  0xff, 0xba, 0x85, 0xfa, 0xff, 0xba, 0x85, 0xfd, 0xff, 0xbb, 0x85, 0xff, 0xff, 0xba, 0x85, 0xff,
  0xff, 0xba, 0x85, 0xff, 0xff, 0xba, 0x85, 0xff, 0xff, 0xba, 0x85, 0xff, 0xff, 0xba, 0x85, 0xff,
  0xff, 0xb9, 0x85, 0xff, 0xff, 0xb9, 0x85, 0xff, 0xff, 0xb9, 0x85, 0xff, 0xff, 0xb9, 0x86, 0xff,
  0xff, 0xb8, 0x86, 0xff, 0xff, 0xb8, 0x86, 0xff, 0xff, 0xb8, 0x86, 0xff, 0xff, 0xb8, 0x86, 0xff,
  0xff, 0xb7, 0x86, 0xff, 0xff, 0xb7, 0x86, 0xff, 0xff, 0xb7, 0x86, 0xfd, 0xff, 0xb7, 0x86, 0xfa,
  0xff, 0xcd, 0x9a, 0xff, 0xff, 0xbc, 0x8e, 0xea, 0xff, 0xbc, 0x92, 0x3d, 0x00, 0x00, 0x00, 0x00,
  0x00, 0x00, 0x00, 0x00, 0xff, 0xbf, 0x7f, 0x04, 0x00, 0x00, 0x00, 0x00, 0xff, 0xbf, 0x7f, 0x08,
  0x00, 0x00, 0x00, 0x00, 0xff, 0xbf, 0x7f, 0x08, 0xff, 0xcc, 0x8b, 0xaf, 0xff, 0xdd, 0x96, 0xfe,
  0xff, 0xcc, 0x88, 0xff, 0xff, 0xc5, 0x81, 0xfa, 0xff, 0xc6, 0x83, 0xff, 0xff, 0xc6, 0x83, 0xff,
  0xff, 0xc6, 0x83, 0xff, 0xff, 0xc5, 0x83, 0xff, 0xff, 0xc5, 0x83, 0xff, 0xff, 0xc5, 0x83, 0xff,
  0xff, 0xc5, 0x83, 0xff, 0xff, 0xc5, 0x83, 0xff, 0xff, 0xc4, 0x83, 0xff, 0xff, 0xc4, 0x83, 0xff,
  0xff, 0xc4, 0x83, 0xff, 0xff, 0xc4, 0x83, 0xff, 0xff, 0xc3, 0x83, 0xff, 0xff, 0xc3, 0x83, 0xff,
  0xff, 0xc3, 0x84, 0xff, 0xff, 0xc3, 0x83, 0xff, 0xff, 0xc2, 0x83, 0xff, 0xff, 0xc1, 0x83, 0xf8,
  0xff, 0xce, 0x8e, 0xff, 0xff, 0xcf, 0x91, 0xfe, 0xff, 0xc7, 0x8c, 0x8f, 0xff, 0xcc, 0x99, 0x0a,
  0x00, 0x00, 0x00, 0x00, 0xff, 0xbf, 0x7f, 0x04, 0x00, 0x00, 0x00, 0x00, 0xff, 0x00, 0x00, 0x01,
  0x00, 0x00, 0x00, 0x00, 0x00, 0x00, 0x00, 0x00, 0x00, 0x00, 0x00, 0x00, 0x00, 0x00, 0x00, 0x00,
  0x00, 0x00, 0x00, 0x00, 0x00, 0x00, 0x00, 0x00, 0x00, 0x00, 0x00, 0x00, 0x00, 0x00, 0x00, 0x00,
  0x00, 0x00, 0x00, 0x00, 0x00, 0x00, 0x00, 0x00, 0x00, 0x00, 0x00, 0x00, 0x00, 0x00, 0x00, 0x00,
  0x00, 0x00, 0x00, 0x00, 0x00, 0x00, 0x00, 0x00, 0x00, 0x00, 0x00, 0x00, 0x00, 0x00, 0x00, 0x00,
  0x00, 0x00, 0x00, 0x00, 0x00, 0x00, 0x00, 0x00, 0x00, 0x00, 0x00, 0x00, 0x00, 0x00, 0x00, 0x00,
  0x00, 0x00, 0x00, 0x00, 0x00, 0x00, 0x00, 0x00, 0xff, 0x00, 0x00, 0x01, 0xff, 0xff, 0x7f, 0x02,
  0xff, 0xff, 0xff, 0x01, 0xff, 0xbf, 0xbf, 0x04, 0xff, 0xc0, 0x8f, 0x52, 0xff, 0xbe, 0x8b, 0xed,
  0xff, 0xcf, 0x97, 0xff, 0xff, 0xba, 0x86, 0xfa, 0xff, 0xb9, 0x85, 0xfe, 0xff, 0xba, 0x85, 0xff,
  0xff, 0xb9, 0x86, 0xff, 0xff, 0xb9, 0x85, 0xff, 0xff, 0xb9, 0x85, 0xff, 0xff, 0xb8, 0x86, 0xff,
  0xff, 0xb8, 0x86, 0xff, 0xff, 0xb8, 0x86, 0xff, 0xff, 0xb8, 0x86, 0xff, 0xff, 0xb8, 0x86, 0xff,
  0xff, 0xb7, 0x86, 0xff, 0xff, 0xb7, 0x86, 0xff, 0xff, 0xb7, 0x86, 0xff, 0xff, 0xb7, 0x86, 0xff,
  0xff, 0xb7, 0x86, 0xff, 0xff, 0xb6, 0x86, 0xff, 0xff, 0xb6, 0x86, 0xff, 0xff, 0xb6, 0x86, 0xfd,
  0xff, 0xb6, 0x86, 0xfa, 0xff, 0xcc, 0x9a, 0xff, 0xff, 0xba, 0x8e, 0xea, 0xff, 0xb7, 0x92, 0x3d,
  0x00, 0x00, 0x00, 0x00, 0x00, 0x00, 0x00, 0x00, 0xff, 0xbf, 0x7f, 0x04, 0x00, 0x00, 0x00, 0x00,
  0xff, 0xbf, 0x7f, 0x08, 0x00, 0x00, 0x00, 0x00, 0xff, 0xda, 0x91, 0x07, 0xff, 0xcb, 0x8c, 0xa9,
  0xff, 0xd7, 0x92, 0xff, 0xff, 0xca, 0x87, 0xff, 0xff, 0xc4, 0x82, 0xfb, 0xff, 0xc5, 0x83, 0xff,
  0xff, 0xc5, 0x83, 0xff, 0xff, 0xc5, 0x83, 0xff, 0xff, 0xc4, 0x83, 0xff, 0xff, 0xc4, 0x83, 0xff,
  0xff, 0xc4, 0x83, 0xff, 0xff, 0xc4, 0x83, 0xff, 0xff, 0xc4, 0x83, 0xff, 0xff, 0xc3, 0x83, 0xff,
  0xff, 0xc3, 0x83, 0xff, 0xff, 0xc3, 0x83, 0xff, 0xff, 0xc3, 0x83, 0xff, 0xff, 0xc2, 0x83, 0xff,
  0xff, 0xc2, 0x83, 0xff, 0xff, 0xc2, 0x84, 0xff, 0xff, 0xc2, 0x84, 0xff, 0xff, 0xc1, 0x84, 0xff,
  0xff, 0xc1, 0x83, 0xf8, 0xff, 0xcd, 0x8e, 0xff, 0xff, 0xce, 0x93, 0xff, 0xff, 0xc6, 0x8d, 0x94,
  0xff, 0xdd, 0x99, 0x0f, 0x00, 0x00, 0x00, 0x00, 0xff, 0xaa, 0xaa, 0x03, 0x00, 0x00, 0x00, 0x00,
  0xff, 0x00, 0x00, 0x01, 0x00, 0x00, 0x00, 0x00, 0x00, 0x00, 0x00, 0x00, 0x00, 0x00, 0x00, 0x00,
  0x00, 0x00, 0x00, 0x00, 0x00, 0x00, 0x00, 0x00, 0x00, 0x00, 0x00, 0x00, 0x00, 0x00, 0x00, 0x00,
  0x00, 0x00, 0x00, 0x00, 0x00, 0x00, 0x00, 0x00, 0x00, 0x00, 0x00, 0x00, 0x00, 0x00, 0x00, 0x00,
  0x00, 0x00, 0x00, 0x00, 0x00, 0x00, 0x00, 0x00, 0x00, 0x00, 0x00, 0x00, 0x00, 0x00, 0x00, 0x00,
  0x00, 0x00, 0x00, 0x00, 0x00, 0x00, 0x00, 0x00, 0x00, 0x00, 0x00, 0x00, 0x00, 0x00, 0x00, 0x00,
  0x00, 0x00, 0x00, 0x00, 0x00, 0x00, 0x00, 0x00, 0x00, 0x00, 0x00, 0x00, 0xff, 0x55, 0x55, 0x03,
  0x00, 0x00, 0x00, 0x00, 0x00, 0x00, 0x00, 0x00, 0xff, 0xc8, 0x9a, 0x1c, 0xff, 0xbe, 0x8d, 0x7e,
  0xff, 0xbd, 0x8d, 0xf2, 0xff, 0xc9, 0x93, 0xff, 0xff, 0xb9, 0x86, 0xfb, 0xff, 0xb8, 0x85, 0xfe,
  0xff, 0xb9, 0x86, 0xff, 0xff, 0xb8, 0x86, 0xff, 0xff, 0xb8, 0x85, 0xff, 0xff, 0xb8, 0x85, 0xff,
  0xff, 0xb7, 0x86, 0xff, 0xff, 0xb7, 0x86, 0xff, 0xff, 0xb7, 0x86, 0xff, 0xff, 0xb7, 0x86, 0xff,
  0xff, 0xb7, 0x86, 0xff, 0xff, 0xb6, 0x86, 0xff, 0xff, 0xb6, 0x86, 0xff, 0xff, 0xb6, 0x86, 0xff,
  0xff, 0xb6, 0x86, 0xff, 0xff, 0xb6, 0x86, 0xff, 0xff, 0xb5, 0x86, 0xff, 0xff, 0xb5, 0x86, 0xff,
  0xff, 0xb5, 0x86, 0xfd, 0xff, 0xb5, 0x86, 0xfa, 0xff, 0xcb, 0x9a, 0xff, 0xff, 0xb9, 0x8e, 0xea,
  0xff, 0xba, 0x8d, 0x3f, 0x00, 0x00, 0x00, 0x00, 0x00, 0x00, 0x00, 0x00, 0xff, 0xbf, 0x7f, 0x04,
  0x00, 0x00, 0x00, 0x00, 0xff, 0xda, 0x91, 0x07, 0x00, 0x00, 0x00, 0x00, 0xff, 0xd4, 0xaa, 0x06,
  0xff, 0xc9, 0x8c, 0x9e, 0xff, 0xcb, 0x8c, 0xff, 0xff, 0xc7, 0x87, 0xff, 0xff, 0xc3, 0x82, 0xfc,
  0xff, 0xc3, 0x83, 0xfe, 0xff, 0xc3, 0x83, 0xff, 0xff, 0xc3, 0x83, 0xff, 0xff, 0xc2, 0x83, 0xff,
  0xff, 0xc2, 0x84, 0xff, 0xff, 0xc2, 0x84, 0xff, 0xff, 0xc2, 0x84, 0xff, 0xff, 0xc2, 0x84, 0xff,
  0xff, 0xc1, 0x84, 0xff, 0xff, 0xc1, 0x84, 0xff, 0xff, 0xc1, 0x84, 0xff, 0xff, 0xc1, 0x84, 0xff,
  0xff, 0xc0, 0x84, 0xff, 0xff, 0xc0, 0x84, 0xff, 0xff, 0xc0, 0x84, 0xff, 0xff, 0xc1, 0x84, 0xff,
  0xff, 0xc0, 0x84, 0xff, 0xff, 0xc0, 0x84, 0xf7, 0xff, 0xcd, 0x8f, 0xfe, 0xff, 0xce, 0x93, 0xff,
  0xff, 0xc3, 0x8c, 0x8a, 0xff, 0xff, 0xbf, 0x04, 0x00, 0x00, 0x00, 0x00, 0xff, 0xaa, 0x7f, 0x06,
  0x00, 0x00, 0x00, 0x00, 0x00, 0x00, 0x00, 0x00, 0x00, 0x00, 0x00, 0x00, 0x00, 0x00, 0x00, 0x00,
  0x00, 0x00, 0x00, 0x00, 0x00, 0x00, 0x00, 0x00, 0x00, 0x00, 0x00, 0x00, 0x00, 0x00, 0x00, 0x00,
  0x00, 0x00, 0x00, 0x00, 0x00, 0x00, 0x00, 0x00, 0x00, 0x00, 0x00, 0x00, 0x00, 0x00, 0x00, 0x00,
  0x00, 0x00, 0x00, 0x00, 0x00, 0x00, 0x00, 0x00, 0x00, 0x00, 0x00, 0x00, 0x00, 0x00, 0x00, 0x00,
  0x00, 0x00, 0x00, 0x00, 0x00, 0x00, 0x00, 0x00, 0x00, 0x00, 0x00, 0x00, 0x00, 0x00, 0x00, 0x00,
  0x00, 0x00, 0x00, 0x00, 0x00, 0x00, 0x00, 0x00, 0x00, 0x00, 0x00, 0x00, 0xff, 0x00, 0x00, 0x01,
  0xff, 0x99, 0x99, 0x05, 0xff, 0xff, 0x7f, 0x02, 0xff, 0xff, 0xff, 0x01, 0xff, 0xbf, 0x92, 0x50,
  0xff, 0xbc, 0x8f, 0xb7, 0xff, 0xb9, 0x8b, 0xfa, 0xff, 0xc0, 0x8e, 0xff, 0xff, 0xb8, 0x86, 0xfc,
  0xff, 0xb6, 0x85, 0xfe, 0xff, 0xb7, 0x86, 0xff, 0xff, 0xb6, 0x86, 0xff, 0xff, 0xb6, 0x86, 0xff,
  0xff, 0xb6, 0x86, 0xff, 0xff, 0xb6, 0x86, 0xff, 0xff, 0xb6, 0x86, 0xff, 0xff, 0xb5, 0x86, 0xff,
  0xff, 0xb5, 0x86, 0xff, 0xff, 0xb5, 0x86, 0xff, 0xff, 0xb5, 0x87, 0xff, 0xff, 0xb4, 0x86, 0xff,
  0xff, 0xb4, 0x86, 0xff, 0xff, 0xb4, 0x87, 0xff, 0xff, 0xb4, 0x87, 0xff, 0xff, 0xb3, 0x87, 0xff,
  0xff, 0xb3, 0x87, 0xff, 0xff, 0xb4, 0x87, 0xfd, 0xff, 0xb3, 0x87, 0xfa, 0xff, 0xc8, 0x9a, 0xff,
  0xff, 0xb8, 0x8e, 0xec, 0xff, 0xb7, 0x8e, 0x44, 0x00, 0x00, 0x00, 0x00, 0x00, 0x00, 0x00, 0x00,
  0xff, 0xbf, 0x7f, 0x04, 0x00, 0x00, 0x00, 0x00, 0xff, 0xd4, 0xaa, 0x06, 0x00, 0x00, 0x00, 0x00,
  0xff, 0xaa, 0xaa, 0x06, 0xff, 0xc8, 0x8d, 0x8d, 0xff, 0xc5, 0x88, 0xf3, 0xff, 0xc4, 0x86, 0xfe,
  0xff, 0xc3, 0x83, 0xfe, 0xff, 0xc1, 0x83, 0xfe, 0xff, 0xc2, 0x83, 0xff, 0xff, 0xc2, 0x83, 0xff,
  0xff, 0xc1, 0x83, 0xff, 0xff, 0xc1, 0x84, 0xff, 0xff, 0xc1, 0x84, 0xff, 0xff, 0xc1, 0x84, 0xff,
  0xff, 0xc1, 0x84, 0xff, 0xff, 0xc1, 0x84, 0xff, 0xff, 0xc0, 0x84, 0xff, 0xff, 0xc0, 0x84, 0xff,
  0xff, 0xbf, 0x84, 0xff, 0xff, 0xc0, 0x84, 0xff, 0xff, 0xc0, 0x84, 0xff, 0xff, 0xbf, 0x84, 0xff,
  0xff, 0xbf, 0x84, 0xff, 0xff, 0xbf, 0x84, 0xff, 0xff, 0xbc, 0x82, 0xfa, 0xff, 0xc9, 0x8e, 0xff,
  0xff, 0xc9, 0x8f, 0xfc, 0xff, 0xc2, 0x8c, 0x7b, 0x00, 0x00, 0x00, 0x00, 0x00, 0x00, 0x00, 0x00,
  0xff, 0xda, 0x91, 0x07, 0x00, 0x00, 0x00, 0x00, 0x00, 0x00, 0x00, 0x00, 0x00, 0x00, 0x00, 0x00,
  0x00, 0x00, 0x00, 0x00, 0x00, 0x00, 0x00, 0x00, 0x00, 0x00, 0x00, 0x00, 0x00, 0x00, 0x00, 0x00,
  0x00, 0x00, 0x00, 0x00, 0x00, 0x00, 0x00, 0x00, 0x00, 0x00, 0x00, 0x00, 0x00, 0x00, 0x00, 0x00,
  0x00, 0x00, 0x00, 0x00, 0x00, 0x00, 0x00, 0x00, 0x00, 0x00, 0x00, 0x00, 0x00, 0x00, 0x00, 0x00,
  0x00, 0x00, 0x00, 0x00, 0x00, 0x00, 0x00, 0x00, 0x00, 0x00, 0x00, 0x00, 0x00, 0x00, 0x00, 0x00,
  0x00, 0x00, 0x00, 0x00, 0x00, 0x00, 0x00, 0x00, 0x00, 0x00, 0x00, 0x00, 0x00, 0x00, 0x00, 0x00,
  0xff, 0x00, 0x00, 0x01, 0xff, 0x99, 0x99, 0x05, 0x00, 0x00, 0x00, 0x00, 0xff, 0xc6, 0x8d, 0x09,
  0xff, 0xbc, 0x91, 0x8a, 0xff, 0xc3, 0x96, 0xe7, 0xff, 0xba, 0x8b, 0xfe, 0xff, 0xb9, 0x88, 0xfd,
  0xff, 0xb6, 0x85, 0xfe, 0xff, 0xb6, 0x85, 0xfe, 0xff, 0xb6, 0x86, 0xff, 0xff, 0xb6, 0x86, 0xff,
  0xff, 0xb5, 0x86, 0xff, 0xff, 0xb5, 0x86, 0xff, 0xff, 0xb5, 0x86, 0xff, 0xff, 0xb5, 0x86, 0xff,
  0xff, 0xb5, 0x86, 0xff, 0xff, 0xb4, 0x86, 0xff, 0xff, 0xb4, 0x86, 0xff, 0xff, 0xb4, 0x87, 0xff,
  0xff, 0xb3, 0x86, 0xff, 0xff, 0xb3, 0x86, 0xff, 0xff, 0xb3, 0x87, 0xff, 0xff, 0xb3, 0x87, 0xff,
  0xff, 0xb3, 0x87, 0xff, 0xff, 0xb2, 0x87, 0xff, 0xff, 0xb2, 0x87, 0xfd, 0xff, 0xb1, 0x87, 0xfa,
  0xff, 0xc8, 0x9a, 0xff, 0xff, 0xb7, 0x8e, 0xee, 0xff, 0xb7, 0x8e, 0x44, 0x00, 0x00, 0x00, 0x00,
  0x00, 0x00, 0x00, 0x00, 0xff, 0xbf, 0x7f, 0x04, 0x00, 0x00, 0x00, 0x00, 0xff, 0xcc, 0x99, 0x05,
  0x00, 0x00, 0x00, 0x00, 0xff, 0xbf, 0x7f, 0x04, 0xff, 0xca, 0x8e, 0x6b, 0xff, 0xc6, 0x89, 0xcf,
  0xff, 0xc3, 0x86, 0xfc, 0xff, 0xc7, 0x88, 0xff, 0xff, 0xc1, 0x84, 0xfd, 0xff, 0xc1, 0x84, 0xfe,
  0xff, 0xc1, 0x84, 0xff, 0xff, 0xc0, 0x84, 0xff, 0xff, 0xc0, 0x84, 0xff, 0xff, 0xc0, 0x84, 0xff,
  0xff, 0xc0, 0x84, 0xff, 0xff, 0xc0, 0x84, 0xff, 0xff, 0xc0, 0x84, 0xff, 0xff, 0xbf, 0x84, 0xff,
  0xff, 0xbf, 0x84, 0xff, 0xff, 0xbf, 0x84, 0xff, 0xff, 0xbf, 0x84, 0xff, 0xff, 0xbf, 0x84, 0xff,
  0xff, 0xbe, 0x85, 0xff, 0xff, 0xbd, 0x84, 0xfe, 0xff, 0xbd, 0x84, 0xff, 0xff, 0xbc, 0x84, 0xfe,
  0xff, 0xc1, 0x89, 0xff, 0xff, 0xc2, 0x8c, 0xe3, 0xff, 0xc4, 0x8d, 0x65, 0x00, 0x00, 0x00, 0x00,
  0x00, 0x00, 0x00, 0x00, 0xff, 0xd4, 0xaa, 0x06, 0x00, 0x00, 0x00, 0x00, 0x00, 0x00, 0x00, 0x00,
  0x00, 0x00, 0x00, 0x00, 0x00, 0x00, 0x00, 0x00, 0x00, 0x00, 0x00, 0x00, 0x00, 0x00, 0x00, 0x00,
  0x00, 0x00, 0x00, 0x00, 0x00, 0x00, 0x00, 0x00, 0x00, 0x00, 0x00, 0x00, 0x00, 0x00, 0x00, 0x00,
  0x00, 0x00, 0x00, 0x00, 0x00, 0x00, 0x00, 0x00, 0x00, 0x00, 0x00, 0x00, 0x00, 0x00, 0x00, 0x00,
  0x00, 0x00, 0x00, 0x00, 0x00, 0x00, 0x00, 0x00, 0x00, 0x00, 0x00, 0x00, 0x00, 0x00, 0x00, 0x00,
  0x00, 0x00, 0x00, 0x00, 0x00, 0x00, 0x00, 0x00, 0x00, 0x00, 0x00, 0x00, 0x00, 0x00, 0x00, 0x00,
  0xff, 0x7f, 0x7f, 0x02, 0x00, 0x00, 0x00, 0x00, 0x00, 0x00, 0x00, 0x00, 0xff, 0xaa, 0xaa, 0x03,
  0xff, 0xbd, 0x95, 0x3a, 0xff, 0xbb, 0x91, 0xc1, 0xff, 0xc8, 0x99, 0xff, 0xff, 0xbc, 0x8c, 0xff,
  0xff, 0xb5, 0x86, 0xfb, 0xff, 0xb5, 0x86, 0xff, 0xff, 0xb5, 0x86, 0xff, 0xff, 0xb5, 0x86, 0xff,
  0xff, 0xb5, 0x87, 0xff, 0xff, 0xb4, 0x87, 0xff, 0xff, 0xb4, 0x87, 0xff, 0xff, 0xb4, 0x87, 0xff,
  0xff, 0xb4, 0x87, 0xff, 0xff, 0xb4, 0x87, 0xff, 0xff, 0xb3, 0x87, 0xff, 0xff, 0xb3, 0x87, 0xff,
  0xff, 0xb3, 0x87, 0xff, 0xff, 0xb2, 0x87, 0xff, 0xff, 0xb2, 0x87, 0xff, 0xff, 0xb2, 0x87, 0xff,
  0xff, 0xb2, 0x87, 0xff, 0xff, 0xb2, 0x87, 0xff, 0xff, 0xb1, 0x87, 0xff, 0xff, 0xb1, 0x87, 0xfd,
  0xff, 0xb1, 0x87, 0xfa, 0xff, 0xc6, 0x9a, 0xff, 0xff, 0xb4, 0x8e, 0xea, 0xff, 0xb7, 0x92, 0x3d,
  0x00, 0x00, 0x00, 0x00, 0x00, 0x00, 0x00, 0x00, 0xff, 0xbf, 0x7f, 0x04, 0x00, 0x00, 0x00, 0x00,
  0xff, 0xff, 0xaa, 0x03, 0x00, 0x00, 0x00, 0x00, 0xff, 0xff, 0xff, 0x01, 0xff, 0xc3, 0x8c, 0x3c,
  0xff, 0xc4, 0x89, 0xa1, 0xff, 0xc2, 0x87, 0xfa, 0xff, 0xcd, 0x8e, 0xfd, 0xff, 0xc0, 0x84, 0xfb,
  0xff, 0xbf, 0x83, 0xfe, 0xff, 0xc0, 0x84, 0xff, 0xff, 0xbf, 0x84, 0xff, 0xff, 0xbf, 0x84, 0xff,
  0xff, 0xbf, 0x84, 0xff, 0xff, 0xbe, 0x84, 0xff, 0xff, 0xbe, 0x84, 0xff, 0xff, 0xbf, 0x84, 0xff,
  0xff, 0xbe, 0x85, 0xff, 0xff, 0xbe, 0x85, 0xff, 0xff, 0xbe, 0x85, 0xff, 0xff, 0xbd, 0x85, 0xff,
  0xff, 0xbd, 0x85, 0xff, 0xff, 0xbd, 0x85, 0xff, 0xff, 0xbc, 0x85, 0xfd, 0xff, 0xbc, 0x84, 0xfe,
  0xff, 0xc3, 0x8a, 0xfb, 0xff, 0xbd, 0x87, 0xf3, 0xff, 0xbe, 0x8b, 0xb3, 0xff, 0xc2, 0x8c, 0x43,
  0x00, 0x00, 0x00, 0x00, 0x00, 0x00, 0x00, 0x00, 0xff, 0xcc, 0x99, 0x05, 0x00, 0x00, 0x00, 0x00,
  0x00, 0x00, 0x00, 0x00, 0x00, 0x00, 0x00, 0x00, 0x00, 0x00, 0x00, 0x00, 0x00, 0x00, 0x00, 0x00,
  0x00, 0x00, 0x00, 0x00, 0x00, 0x00, 0x00, 0x00, 0x00, 0x00, 0x00, 0x00, 0x00, 0x00, 0x00, 0x00,
  0x00, 0x00, 0x00, 0x00, 0x00, 0x00, 0x00, 0x00, 0x00, 0x00, 0x00, 0x00, 0x00, 0x00, 0x00, 0x00,
  0x00, 0x00, 0x00, 0x00, 0x00, 0x00, 0x00, 0x00, 0x00, 0x00, 0x00, 0x00, 0x00, 0x00, 0x00, 0x00,
  0x00, 0x00, 0x00, 0x00, 0x00, 0x00, 0x00, 0x00, 0x00, 0x00, 0x00, 0x00, 0x00, 0x00, 0x00, 0x00,
  0x00, 0x00, 0x00, 0x00, 0xff, 0xaa, 0x7f, 0x06, 0xff, 0xff, 0xff, 0x01, 0x00, 0x00, 0x00, 0x00,
  0xff, 0xc2, 0x91, 0x2a, 0xff, 0xbd, 0x94, 0xa0, 0xff, 0xbb, 0x92, 0xef, 0xff, 0xbf, 0x93, 0xff,
  0xff, 0xb8, 0x8a, 0xff, 0xff, 0xb5, 0x86, 0xfc, 0xff, 0xb4, 0x87, 0xff, 0xff, 0xb4, 0x87, 0xff,
  0xff, 0xb4, 0x87, 0xff, 0xff, 0xb3, 0x87, 0xff, 0xff, 0xb3, 0x87, 0xff, 0xff, 0xb3, 0x87, 0xff,
  0xff, 0xb3, 0x87, 0xff, 0xff, 0xb3, 0x87, 0xff, 0xff, 0xb2, 0x87, 0xff, 0xff, 0xb2, 0x87, 0xff,
  0xff, 0xb2, 0x87, 0xff, 0xff, 0xb2, 0x87, 0xff, 0xff, 0xb1, 0x87, 0xff, 0xff, 0xb1, 0x87, 0xff,
  0xff, 0xb1, 0x88, 0xff, 0xff, 0xb1, 0x88, 0xff, 0xff, 0xb0, 0x88, 0xff, 0xff, 0xaf, 0x87, 0xfe,
  0xff, 0xaf, 0x86, 0xfe, 0xff, 0xb0, 0x88, 0xfb, 0xff, 0xc0, 0x97, 0xff, 0xff, 0xb5, 0x8f, 0xdd,
  0xff, 0xb6, 0x91, 0x38, 0x00, 0x00, 0x00, 0x00, 0x00, 0x00, 0x00, 0x00, 0xff, 0xbf, 0x7f, 0x04,
  0x00, 0x00, 0x00, 0x00, 0xff, 0xff, 0xff, 0x01, 0xff, 0x00, 0x00, 0x01, 0x00, 0x00, 0x00, 0x00,
  0xff, 0xbf, 0x8c, 0x14, 0xff, 0xc3, 0x8a, 0x6b, 0xff, 0xc2, 0x88, 0xef, 0xff, 0xcf, 0x90, 0xff,
  0xff, 0xbe, 0x84, 0xfb, 0xff, 0xbd, 0x83, 0xfe, 0xff, 0xbe, 0x84, 0xff, 0xff, 0xbe, 0x84, 0xff,
  0xff, 0xbe, 0x84, 0xff, 0xff, 0xbe, 0x84, 0xff, 0xff, 0xbd, 0x84, 0xff, 0xff, 0xbd, 0x84, 0xff,
  0xff, 0xbd, 0x84, 0xff, 0xff, 0xbd, 0x85, 0xff, 0xff, 0xbd, 0x85, 0xff, 0xff, 0xbd, 0x85, 0xff,
  0xff, 0xbb, 0x85, 0xff, 0xff, 0xbb, 0x85, 0xff, 0xff, 0xbb, 0x85, 0xff, 0xff, 0xbb, 0x84, 0xfc,
  0xff, 0xbb, 0x85, 0xff, 0xff, 0xcb, 0x91, 0xff, 0xff, 0xbc, 0x89, 0xe3, 0xff, 0xbe, 0x8d, 0x6e,
  0xff, 0xc3, 0x90, 0x1e, 0xff, 0xff, 0x00, 0x01, 0x00, 0x00, 0x00, 0x00, 0xff, 0xaa, 0x55, 0x03,
  0x00, 0x00, 0x00, 0x00, 0x00, 0x00, 0x00, 0x00, 0x00, 0x00, 0x00, 0x00, 0x00, 0x00, 0x00, 0x00,
  0x00, 0x00, 0x00, 0x00, 0x00, 0x00, 0x00, 0x00, 0x00, 0x00, 0x00, 0x00, 0x00, 0x00, 0x00, 0x00,
  0x00, 0x00, 0x00, 0x00, 0x00, 0x00, 0x00, 0x00, 0x00, 0x00, 0x00, 0x00, 0x00, 0x00, 0x00, 0x00,
  0x00, 0x00, 0x00, 0x00, 0x00, 0x00, 0x00, 0x00, 0x00, 0x00, 0x00, 0x00, 0x00, 0x00, 0x00, 0x00,
  0x00, 0x00, 0x00, 0x00, 0x00, 0x00, 0x00, 0x00, 0x00, 0x00, 0x00, 0x00, 0x00, 0x00, 0x00, 0x00,
  0x00, 0x00, 0x00, 0x00, 0xff, 0x00, 0x00, 0x01, 0xff, 0xff, 0xaa, 0x03, 0x00, 0x00, 0x00, 0x00,
  0xff, 0xbf, 0x8f, 0x10, 0xff, 0xbc, 0x92, 0x73, 0xff, 0xbc, 0x93, 0xef, 0xff, 0xbf, 0x94, 0xff,
  0xff, 0xb2, 0x89, 0xfb, 0xff, 0xb4, 0x88, 0xff, 0xff, 0xb3, 0x87, 0xff, 0xff, 0xb3, 0x87, 0xff,
  0xff, 0xb3, 0x87, 0xff, 0xff, 0xb3, 0x87, 0xff, 0xff, 0xb1, 0x87, 0xff, 0xff, 0xb2, 0x87, 0xff,
  0xff, 0xb2, 0x87, 0xff, 0xff, 0xb2, 0x87, 0xff, 0xff, 0xb2, 0x87, 0xff, 0xff, 0xb1, 0x87, 0xff,
  0xff, 0xb1, 0x87, 0xff, 0xff, 0xb1, 0x87, 0xff, 0xff, 0xb1, 0x87, 0xff, 0xff, 0xb0, 0x87, 0xff,
  0xff, 0xb0, 0x87, 0xff, 0xff, 0xb0, 0x88, 0xff, 0xff, 0xb0, 0x88, 0xff, 0xff, 0xaf, 0x88, 0xff,
  0xff, 0xae, 0x87, 0xfe, 0xff, 0xaf, 0x88, 0xff, 0xff, 0xaf, 0x89, 0xfd, 0xff, 0xb6, 0x91, 0xfe,
  0xff, 0xb4, 0x8f, 0xca, 0xff, 0xb4, 0x91, 0x33, 0x00, 0x00, 0x00, 0x00, 0x00, 0x00, 0x00, 0x00,
  0xff, 0xbf, 0x7f, 0x04, 0x00, 0x00, 0x00, 0x00, 0x00, 0x00, 0x00, 0x00, 0xff, 0xaa, 0xaa, 0x03,
  0x00, 0x00, 0x00, 0x00, 0xff, 0x00, 0xff, 0x01, 0xff, 0xc0, 0x8b, 0x35, 0xff, 0xbf, 0x8a, 0xc1,
  0xff, 0xc1, 0x88, 0xfc, 0xff, 0xbd, 0x84, 0xfb, 0xff, 0xbf, 0x85, 0xfc, 0xff, 0xbd, 0x85, 0xfd,
  0xff, 0xbd, 0x85, 0xff, 0xff, 0xbc, 0x85, 0xff, 0xff, 0xbc, 0x85, 0xff, 0xff, 0xbc, 0x85, 0xff,
  0xff, 0xbc, 0x85, 0xff, 0xff, 0xbb, 0x85, 0xff, 0xff, 0xbb, 0x85, 0xff, 0xff, 0xbb, 0x85, 0xff,
  0xff, 0xbb, 0x85, 0xff, 0xff, 0xba, 0x85, 0xff, 0xff, 0xba, 0x85, 0xff, 0xff, 0xb9, 0x85, 0xfe,
  0xff, 0xb8, 0x85, 0xfb, 0xff, 0xba, 0x85, 0xfc, 0xff, 0xc5, 0x8f, 0xff, 0xff, 0xbb, 0x8a, 0xbe,
  0xff, 0xb8, 0x8c, 0x28, 0xff, 0xaa, 0xaa, 0x03, 0xff, 0xff, 0xaa, 0x03, 0xff, 0xff, 0xff, 0x01,
  0x00, 0x00, 0x00, 0x00, 0x00, 0x00, 0x00, 0x00, 0x00, 0x00, 0x00, 0x00, 0x00, 0x00, 0x00, 0x00,
  0x00, 0x00, 0x00, 0x00, 0x00, 0x00, 0x00, 0x00, 0x00, 0x00, 0x00, 0x00, 0x00, 0x00, 0x00, 0x00,
  0x00, 0x00, 0x00, 0x00, 0x00, 0x00, 0x00, 0x00, 0x00, 0x00, 0x00, 0x00, 0x00, 0x00, 0x00, 0x00,
  0x00, 0x00, 0x00, 0x00, 0x00, 0x00, 0x00, 0x00, 0x00, 0x00, 0x00, 0x00, 0x00, 0x00, 0x00, 0x00,
  0x00, 0x00, 0x00, 0x00, 0x00, 0x00, 0x00, 0x00, 0x00, 0x00, 0x00, 0x00, 0x00, 0x00, 0x00, 0x00,
  0x00, 0x00, 0x00, 0x00, 0xff, 0x7f, 0x7f, 0x02, 0xff, 0xaa, 0xaa, 0x03, 0xff, 0xff, 0xff, 0x01,
  0xff, 0xcc, 0x99, 0x0a, 0xff, 0xbc, 0x97, 0x60, 0xff, 0xb8, 0x93, 0xc4, 0xff, 0xbb, 0x92, 0xff,
  0xff, 0xbc, 0x92, 0xff, 0xff, 0xb2, 0x88, 0xfc, 0xff, 0xb2, 0x87, 0xff, 0xff, 0xb1, 0x87, 0xff,
  0xff, 0xb1, 0x87, 0xff, 0xff, 0xb1, 0x87, 0xff, 0xff, 0xb1, 0x87, 0xff, 0xff, 0xb0, 0x87, 0xff,
  0xff, 0xb0, 0x87, 0xff, 0xff, 0xb0, 0x87, 0xff, 0xff, 0xb0, 0x87, 0xff, 0xff, 0xb0, 0x87, 0xff,
  0xff, 0xb0, 0x88, 0xff, 0xff, 0xaf, 0x88, 0xff, 0xff, 0xaf, 0x88, 0xff, 0xff, 0xaf, 0x88, 0xff,
  0xff, 0xaf, 0x88, 0xff, 0xff, 0xaf, 0x88, 0xff, 0xff, 0xae, 0x88, 0xff, 0xff, 0xae, 0x88, 0xff,
  0xff, 0xae, 0x88, 0xff, 0xff, 0xad, 0x88, 0xfd, 0xff, 0xaf, 0x8a, 0xff, 0xff, 0xae, 0x89, 0xff,
  0xff, 0xaf, 0x8e, 0xf4, 0xff, 0xb1, 0x91, 0xac, 0xff, 0xb6, 0x91, 0x2a, 0x00, 0x00, 0x00, 0x00,
  0x00, 0x00, 0x00, 0x00, 0xff, 0xaa, 0xaa, 0x03, 0x00, 0x00, 0x00, 0x00, 0x00, 0x00, 0x00, 0x00,
  0xff, 0x7f, 0x7f, 0x02, 0x00, 0x00, 0x00, 0x00, 0x00, 0x00, 0x00, 0x00, 0xff, 0xcc, 0x88, 0x0f,
  0xff, 0xbf, 0x8d, 0x5c, 0xff, 0xbb, 0x87, 0xcb, 0xff, 0xc8, 0x8e, 0xff, 0xff, 0xc6, 0x8c, 0xff,
  0xff, 0xbc, 0x84, 0xfa, 0xff, 0xbb, 0x85, 0xfb, 0xff, 0xbb, 0x84, 0xfc, 0xff, 0xba, 0x84, 0xfe,
  0xff, 0xbb, 0x85, 0xfe, 0xff, 0xbb, 0x85, 0xff, 0xff, 0xba, 0x85, 0xff, 0xff, 0xba, 0x85, 0xfe,
  0xff, 0xb9, 0x84, 0xfe, 0xff, 0xba, 0x85, 0xfd, 0xff, 0xb9, 0x84, 0xfc, 0xff, 0xb8, 0x85, 0xfb,
  0xff, 0xb9, 0x86, 0xf9, 0xff, 0xc4, 0x8e, 0xff, 0xff, 0xc3, 0x8e, 0xff, 0xff, 0xbb, 0x88, 0xcb,
  0xff, 0xbc, 0x8c, 0x60, 0xff, 0x99, 0x99, 0x05, 0x00, 0x00, 0x00, 0x00, 0xff, 0xff, 0x55, 0x03,
  0xff, 0xff, 0xff, 0x01, 0x00, 0x00, 0x00, 0x00, 0x00, 0x00, 0x00, 0x00, 0x00, 0x00, 0x00, 0x00,
  0x00, 0x00, 0x00, 0x00, 0x00, 0x00, 0x00, 0x00, 0x00, 0x00, 0x00, 0x00, 0x00, 0x00, 0x00, 0x00,
  0x00, 0x00, 0x00, 0x00, 0x00, 0x00, 0x00, 0x00, 0x00, 0x00, 0x00, 0x00, 0x00, 0x00, 0x00, 0x00,
  0x00, 0x00, 0x00, 0x00, 0x00, 0x00, 0x00, 0x00, 0x00, 0x00, 0x00, 0x00, 0x00, 0x00, 0x00, 0x00,
  0x00, 0x00, 0x00, 0x00, 0x00, 0x00, 0x00, 0x00, 0x00, 0x00, 0x00, 0x00, 0x00, 0x00, 0x00, 0x00,
  0x00, 0x00, 0x00, 0x00, 0xff, 0x7f, 0x7f, 0x02, 0xff, 0xaa, 0xaa, 0x03, 0x00, 0x00, 0x00, 0x00,
  0xff, 0xff, 0xaa, 0x03, 0xff, 0xbc, 0x97, 0x36, 0xff, 0xbb, 0x96, 0xb5, 0xff, 0xbf, 0x98, 0xf4,
  0xff, 0xb6, 0x8d, 0xfe, 0xff, 0xb6, 0x8c, 0xfc, 0xff, 0xb2, 0x89, 0xfd, 0xff, 0xb1, 0x87, 0xff,
  0xff, 0xb0, 0x87, 0xff, 0xff, 0xb0, 0x87, 0xff, 0xff, 0xb0, 0x87, 0xff, 0xff, 0xb0, 0x87, 0xff,
  0xff, 0xaf, 0x87, 0xff, 0xff, 0xaf, 0x87, 0xff, 0xff, 0xaf, 0x87, 0xff, 0xff, 0xaf, 0x87, 0xff,
  0xff, 0xaf, 0x87, 0xff, 0xff, 0xaf, 0x88, 0xff, 0xff, 0xae, 0x88, 0xff, 0xff, 0xae, 0x88, 0xff,
  0xff, 0xae, 0x88, 0xff, 0xff, 0xae, 0x88, 0xff, 0xff, 0xae, 0x88, 0xff, 0xff, 0xad, 0x88, 0xff,
  0xff, 0xad, 0x88, 0xff, 0xff, 0xad, 0x88, 0xff, 0xff, 0xac, 0x88, 0xfc, 0xff, 0xaf, 0x8b, 0xff,
  0xff, 0xae, 0x8b, 0xfe, 0xff, 0xae, 0x8c, 0xe0, 0xff, 0xb1, 0x91, 0x8a, 0xff, 0xbb, 0x90, 0x1e,
  0x00, 0x00, 0x00, 0x00, 0x00, 0x00, 0x00, 0x00, 0xff, 0xaa, 0xaa, 0x03, 0x00, 0x00, 0x00, 0x00,
  0x00, 0x00, 0x00, 0x00, 0x00, 0x00, 0x00, 0x00, 0x00, 0x00, 0x00, 0x00, 0xff, 0xbf, 0x7f, 0x04,
  0x00, 0x00, 0x00, 0x00, 0xff, 0xcc, 0x99, 0x05, 0xff, 0xbb, 0x8a, 0x72, 0xff, 0xbd, 0x89, 0xe3,
  0xff, 0xc0, 0x8a, 0xfb, 0xff, 0xbc, 0x86, 0xff, 0xff, 0xbd, 0x87, 0xff, 0xff, 0xbc, 0x86, 0xff,
  0xff, 0xbb, 0x86, 0xff, 0xff, 0xba, 0x85, 0xff, 0xff, 0xba, 0x85, 0xff, 0xff, 0xba, 0x85, 0xff,
  0xff, 0xb9, 0x85, 0xff, 0xff, 0xb9, 0x85, 0xff, 0xff, 0xba, 0x86, 0xff, 0xff, 0xb9, 0x86, 0xff,
  0xff, 0xba, 0x88, 0xff, 0xff, 0xb7, 0x86, 0xfe, 0xff, 0xc2, 0x8e, 0xfb, 0xff, 0xb9, 0x8a, 0xe1,
  0xff, 0xbc, 0x8c, 0x64, 0xff, 0xc6, 0x8d, 0x09, 0x00, 0x00, 0x00, 0x00, 0xff, 0xff, 0x00, 0x01,
  0xff, 0xff, 0x00, 0x01, 0x00, 0x00, 0x00, 0x00, 0x00, 0x00, 0x00, 0x00, 0x00, 0x00, 0x00, 0x00,
  0x00, 0x00, 0x00, 0x00, 0x00, 0x00, 0x00, 0x00, 0x00, 0x00, 0x00, 0x00, 0x00, 0x00, 0x00, 0x00,
  0x00, 0x00, 0x00, 0x00, 0x00, 0x00, 0x00, 0x00, 0x00, 0x00, 0x00, 0x00, 0x00, 0x00, 0x00, 0x00,
  0x00, 0x00, 0x00, 0x00, 0x00, 0x00, 0x00, 0x00, 0x00, 0x00, 0x00, 0x00, 0x00, 0x00, 0x00, 0x00,
  0x00, 0x00, 0x00, 0x00, 0x00, 0x00, 0x00, 0x00, 0x00, 0x00, 0x00, 0x00, 0x00, 0x00, 0x00, 0x00,
  0x00, 0x00, 0x00, 0x00, 0x00, 0x00, 0x00, 0x00, 0xff, 0xaa, 0xaa, 0x03, 0x00, 0x00, 0x00, 0x00,
  0x00, 0x00, 0x00, 0x00, 0xff, 0xbd, 0x9a, 0x2b, 0xff, 0xbb, 0x98, 0x89, 0xff, 0xba, 0x95, 0xed,
  0xff, 0xc1, 0x98, 0xff, 0xff, 0xb2, 0x8a, 0xfd, 0xff, 0xb0, 0x88, 0xfd, 0xff, 0xb1, 0x88, 0xff,
  0xff, 0xb0, 0x88, 0xff, 0xff, 0xaf, 0x88, 0xff, 0xff, 0xaf, 0x88, 0xff, 0xff, 0xaf, 0x88, 0xff,
  0xff, 0xaf, 0x88, 0xff, 0xff, 0xae, 0x88, 0xff, 0xff, 0xae, 0x88, 0xff, 0xff, 0xae, 0x88, 0xff,
  0xff, 0xae, 0x88, 0xff, 0xff, 0xae, 0x88, 0xff, 0xff, 0xad, 0x88, 0xff, 0xff, 0xad, 0x88, 0xff,
  0xff, 0xad, 0x88, 0xff, 0xff, 0xad, 0x88, 0xff, 0xff, 0xac, 0x88, 0xff, 0xff, 0xac, 0x88, 0xff,
  0xff, 0xac, 0x88, 0xff, 0xff, 0xac, 0x88, 0xff, 0xff, 0xac, 0x89, 0xff, 0xff, 0xaa, 0x89, 0xfb,
  0xff, 0xb0, 0x8d, 0xff, 0xff, 0xb3, 0x90, 0xff, 0xff, 0xaf, 0x8c, 0xc4, 0xff, 0xb0, 0x8e, 0x5b,
  0xff, 0xbf, 0x8f, 0x10, 0x00, 0x00, 0x00, 0x00, 0x00, 0x00, 0x00, 0x00, 0xff, 0x7f, 0x7f, 0x02,
  0x00, 0x00, 0x00, 0x00, 0x00, 0x00, 0x00, 0x00, 0x00, 0x00, 0x00, 0x00, 0x00, 0x00, 0x00, 0x00,
  0xff, 0xff, 0x7f, 0x02, 0x00, 0x00, 0x00, 0x00, 0x00, 0x00, 0x00, 0x00, 0xff, 0xbf, 0x8a, 0x18,
  0xff, 0xbf, 0x8b, 0x5d, 0xff, 0xbc, 0x8a, 0xc1, 0xff, 0xbe, 0x8a, 0xff, 0xff, 0xc6, 0x90, 0xff,
  0xff, 0xc2, 0x8c, 0xff, 0xff, 0xb9, 0x86, 0xff, 0xff, 0xb8, 0x85, 0xfd, 0xff, 0xb8, 0x84, 0xfa,
  0xff, 0xb8, 0x85, 0xf9, 0xff, 0xb7, 0x85, 0xfa, 0xff, 0xb7, 0x85, 0xfd, 0xff, 0xb9, 0x87, 0xff,
  0xff, 0xbe, 0x8b, 0xff, 0xff, 0xc5, 0x91, 0xff, 0xff, 0xbd, 0x8c, 0xff, 0xff, 0xbb, 0x8c, 0xbe,
  0xff, 0xb7, 0x8b, 0x5d, 0xff, 0xbb, 0x86, 0x13, 0x00, 0x00, 0x00, 0x00, 0x00, 0x00, 0x00, 0x00,
  0xff, 0xff, 0xff, 0x01, 0x00, 0x00, 0x00, 0x00, 0x00, 0x00, 0x00, 0x00, 0x00, 0x00, 0x00, 0x00,
  0x00, 0x00, 0x00, 0x00, 0x00, 0x00, 0x00, 0x00, 0x00, 0x00, 0x00, 0x00, 0x00, 0x00, 0x00, 0x00,
  0x00, 0x00, 0x00, 0x00, 0x00, 0x00, 0x00, 0x00, 0x00, 0x00, 0x00, 0x00, 0x00, 0x00, 0x00, 0x00,
  0x00, 0x00, 0x00, 0x00, 0x00, 0x00, 0x00, 0x00, 0x00, 0x00, 0x00, 0x00, 0x00, 0x00, 0x00, 0x00,
  0x00, 0x00, 0x00, 0x00, 0x00, 0x00, 0x00, 0x00, 0x00, 0x00, 0x00, 0x00, 0x00, 0x00, 0x00, 0x00,
  0x00, 0x00, 0x00, 0x00, 0xff, 0xff, 0xff, 0x01, 0xff, 0xff, 0xff, 0x01, 0xff, 0xaa, 0x7f, 0x06,
  0x00, 0x00, 0x00, 0x00, 0xff, 0xbb, 0x99, 0x0f, 0xff, 0xb5, 0x94, 0x81, 0xff, 0xbd, 0x99, 0xe5,
  0xff, 0xbc, 0x95, 0xff, 0xff, 0xb6, 0x8f, 0xfd, 0xff, 0xaf, 0x89, 0xfe, 0xff, 0xae, 0x87, 0xfe,
  0xff, 0xaf, 0x88, 0xff, 0xff, 0xaf, 0x88, 0xff, 0xff, 0xae, 0x88, 0xff, 0xff, 0xae, 0x88, 0xff,
  0xff, 0xae, 0x88, 0xff, 0xff, 0xae, 0x88, 0xff, 0xff, 0xac, 0x88, 0xff, 0xff, 0xac, 0x89, 0xff,
  0xff, 0xac, 0x89, 0xff, 0xff, 0xad, 0x89, 0xff, 0xff, 0xad, 0x88, 0xff, 0xff, 0xac, 0x88, 0xff,
  0xff, 0xac, 0x89, 0xff, 0xff, 0xac, 0x89, 0xff, 0xff, 0xac, 0x89, 0xff, 0xff, 0xab, 0x89, 0xff,
  0xff, 0xab, 0x89, 0xff, 0xff, 0xab, 0x89, 0xff, 0xff, 0xab, 0x89, 0xff, 0xff, 0xab, 0x89, 0xff,
  0xff, 0xa8, 0x88, 0xf9, 0xff, 0xb3, 0x91, 0xff, 0xff, 0xb7, 0x95, 0xff, 0xff, 0xad, 0x8e, 0xa3,
  0xff, 0xac, 0x87, 0x22, 0xff, 0xaa, 0xaa, 0x03, 0xff, 0x55, 0x55, 0x03, 0x00, 0x00, 0x00, 0x00,
  0xff, 0x00, 0x00, 0x01, 0x00, 0x00, 0x00, 0x00, 0x00, 0x00, 0x00, 0x00, 0x00, 0x00, 0x00, 0x00,
  0x00, 0x00, 0x00, 0x00, 0x00, 0x00, 0x00, 0x00, 0xff, 0xff, 0xff, 0x01, 0xff, 0xcc, 0x99, 0x05,
  0x00, 0x00, 0x00, 0x00, 0xff, 0xcc, 0xcc, 0x05, 0xff, 0xba, 0x89, 0x5d, 0xff, 0xba, 0x87, 0xa7,
  0xff, 0xb8, 0x87, 0xcf, 0xff, 0xbb, 0x87, 0xe5, 0xff, 0xb7, 0x86, 0xf6, 0xff, 0xbc, 0x88, 0xff,
  0xff, 0xc1, 0x8d, 0xff, 0xff, 0xc2, 0x8f, 0xff, 0xff, 0xbf, 0x8d, 0xff, 0xff, 0xbb, 0x8a, 0xff,
  0xff, 0xb7, 0x87, 0xf7, 0xff, 0xb6, 0x87, 0xe6, 0xff, 0xb7, 0x88, 0xd0, 0xff, 0xb9, 0x8a, 0xa8,
  0xff, 0xb5, 0x88, 0x5a, 0xff, 0xcc, 0xcc, 0x05, 0x00, 0x00, 0x00, 0x00, 0xff, 0xbf, 0x7f, 0x04,
  0xff, 0xff, 0x00, 0x01, 0xff, 0xff, 0xff, 0x01, 0x00, 0x00, 0x00, 0x00, 0x00, 0x00, 0x00, 0x00,
  0x00, 0x00, 0x00, 0x00, 0x00, 0x00, 0x00, 0x00, 0x00, 0x00, 0x00, 0x00, 0x00, 0x00, 0x00, 0x00,
  0x00, 0x00, 0x00, 0x00, 0x00, 0x00, 0x00, 0x00, 0x00, 0x00, 0x00, 0x00, 0x00, 0x00, 0x00, 0x00,
  0x00, 0x00, 0x00, 0x00, 0x00, 0x00, 0x00, 0x00, 0x00, 0x00, 0x00, 0x00, 0x00, 0x00, 0x00, 0x00,
  0x00, 0x00, 0x00, 0x00, 0x00, 0x00, 0x00, 0x00, 0x00, 0x00, 0x00, 0x00, 0x00, 0x00, 0x00, 0x00,
  0x00, 0x00, 0x00, 0x00, 0x00, 0x00, 0x00, 0x00, 0xff, 0xff, 0xff, 0x02, 0x00, 0x00, 0x00, 0x00,
  0x00, 0x00, 0x00, 0x00, 0xff, 0xbf, 0x8f, 0x10, 0xff, 0xb8, 0x97, 0x65, 0xff, 0xb9, 0x97, 0xd1,
  0xff, 0xc1, 0x9c, 0xff, 0xff, 0xb7, 0x90, 0xfe, 0xff, 0xae, 0x88, 0xf9, 0xff, 0xae, 0x89, 0xff,
  0xff, 0xae, 0x88, 0xff, 0xff, 0xad, 0x88, 0xff, 0xff, 0xad, 0x88, 0xff, 0xff, 0xac, 0x88, 0xff,
  0xff, 0xac, 0x88, 0xff, 0xff, 0xac, 0x88, 0xff, 0xff, 0xac, 0x88, 0xff, 0xff, 0xac, 0x88, 0xff,
  0xff, 0xac, 0x89, 0xff, 0xff, 0xac, 0x89, 0xff, 0xff, 0xab, 0x89, 0xff, 0xff, 0xab, 0x88, 0xff,
  0xff, 0xac, 0x88, 0xff, 0xff, 0xaa, 0x89, 0xff, 0xff, 0xaa, 0x89, 0xff, 0xff, 0xaa, 0x89, 0xff,
  0xff, 0xaa, 0x89, 0xff, 0xff, 0xaa, 0x89, 0xff, 0xff, 0xa9, 0x89, 0xff, 0xff, 0xa9, 0x89, 0xff,
  0xff, 0xa9, 0x89, 0xff, 0xff, 0xa8, 0x87, 0xfa, 0xff, 0xb0, 0x90, 0xff, 0xff, 0xb1, 0x93, 0xf5,
  0xff, 0xad, 0x91, 0x80, 0xff, 0xaa, 0x55, 0x03, 0x00, 0x00, 0x00, 0x00, 0xff, 0x99, 0x99, 0x05,
  0x00, 0x00, 0x00, 0x00, 0xff, 0x00, 0x00, 0x01, 0x00, 0x00, 0x00, 0x00, 0x00, 0x00, 0x00, 0x00,
  0x00, 0x00, 0x00, 0x00, 0x00, 0x00, 0x00, 0x00, 0x00, 0x00, 0x00, 0x00, 0x00, 0x00, 0x00, 0x00,
  0x00, 0x00, 0x00, 0x00, 0xff, 0x00, 0x00, 0x01, 0x00, 0x00, 0x00, 0x00, 0xff, 0xbf, 0x7f, 0x04,
  0xff, 0xba, 0x89, 0x1a, 0xff, 0xb8, 0x89, 0x50, 0xff, 0xb9, 0x87, 0x8b, 0xff, 0xb8, 0x87, 0xbc,
  0xff, 0xb8, 0x87, 0xde, 0xff, 0xb8, 0x87, 0xf2, 0xff, 0xb7, 0x88, 0xf9, 0xff, 0xb7, 0x88, 0xf0,
  0xff, 0xb7, 0x88, 0xde, 0xff, 0xb7, 0x88, 0xbd, 0xff, 0xb7, 0x88, 0x8e, 0xff, 0xb7, 0x8b, 0x52,
  0xff, 0xb9, 0x7f, 0x16, 0xff, 0xbf, 0x7f, 0x04, 0x00, 0x00, 0x00, 0x00, 0x00, 0x00, 0x00, 0x00,
  0x00, 0x00, 0x00, 0x00, 0x00, 0x00, 0x00, 0x00, 0x00, 0x00, 0x00, 0x00, 0x00, 0x00, 0x00, 0x00,
  0x00, 0x00, 0x00, 0x00, 0x00, 0x00, 0x00, 0x00, 0x00, 0x00, 0x00, 0x00, 0x00, 0x00, 0x00, 0x00,
  0x00, 0x00, 0x00, 0x00, 0x00, 0x00, 0x00, 0x00, 0x00, 0x00, 0x00, 0x00, 0x00, 0x00, 0x00, 0x00,
  0x00, 0x00, 0x00, 0x00, 0x00, 0x00, 0x00, 0x00, 0x00, 0x00, 0x00, 0x00, 0x00, 0x00, 0x00, 0x00,
  0x00, 0x00, 0x00, 0x00, 0x00, 0x00, 0x00, 0x00, 0x00, 0x00, 0x00, 0x00, 0x00, 0x00, 0x00, 0x00,
  0x00, 0x00, 0x00, 0x00, 0x00, 0x00, 0x00, 0x00, 0xff, 0xff, 0x00, 0x01, 0xff, 0xff, 0xff, 0x02,
  0xff, 0xff, 0xff, 0x01, 0x00, 0x00, 0x00, 0x00, 0xff, 0xbc, 0x97, 0x54, 0xff, 0xb6, 0x97, 0xd8,
  0xff, 0xba, 0x97, 0xfe, 0xff, 0xb2, 0x8e, 0xfd, 0xff, 0xb1, 0x8b, 0xff, 0xff, 0xad, 0x88, 0xfe,
  0xff, 0xac, 0x88, 0xff, 0xff, 0xac, 0x88, 0xff, 0xff, 0xac, 0x88, 0xff, 0xff, 0xac, 0x89, 0xff,
  0xff, 0xab, 0x88, 0xff, 0xff, 0xab, 0x88, 0xff, 0xff, 0xab, 0x89, 0xff, 0xff, 0xab, 0x89, 0xff,
  0xff, 0xab, 0x89, 0xff, 0xff, 0xab, 0x89, 0xff, 0xff, 0xab, 0x89, 0xff, 0xff, 0xaa, 0x89, 0xff,
  0xff, 0xaa, 0x89, 0xff, 0xff, 0xaa, 0x89, 0xff, 0xff, 0xa9, 0x89, 0xff, 0xff, 0xa9, 0x89, 0xff,
  0xff, 0xa9, 0x89, 0xff, 0xff, 0xa8, 0x89, 0xff, 0xff, 0xa8, 0x89, 0xff, 0xff, 0xa8, 0x89, 0xff,
  0xff, 0xa7, 0x88, 0xfe, 0xff, 0xa8, 0x89, 0xff, 0xff, 0xaa, 0x8b, 0xfe, 0xff, 0xaa, 0x8b, 0xf8,
  0xff, 0xac, 0x8f, 0xc3, 0xff, 0xaf, 0x90, 0x53, 0x00, 0x00, 0x00, 0x00, 0x00, 0x00, 0x00, 0x00,
  0xff, 0xcc, 0x99, 0x05, 0x00, 0x00, 0x00, 0x00, 0x00, 0x00, 0x00, 0x00, 0x00, 0x00, 0x00, 0x00,
  0x00, 0x00, 0x00, 0x00, 0x00, 0x00, 0x00, 0x00, 0x00, 0x00, 0x00, 0x00, 0x00, 0x00, 0x00, 0x00,
  0x00, 0x00, 0x00, 0x00, 0x00, 0x00, 0x00, 0x00, 0xff, 0x7f, 0x7f, 0x04, 0x00, 0x00, 0x00, 0x00,
  0x00, 0x00, 0x00, 0x00, 0x00, 0x00, 0x00, 0x00, 0xff, 0xb9, 0x8b, 0x0b, 0xff, 0xb6, 0x85, 0x2a,
  0xff, 0xb7, 0x87, 0x44, 0xff, 0xba, 0x8a, 0x55, 0xff, 0xb9, 0x88, 0x5f, 0xff, 0xb6, 0x88, 0x63,
  0xff, 0xb8, 0x8a, 0x5e, 0xff, 0xb7, 0x8a, 0x55, 0xff, 0xb7, 0x8a, 0x44, 0xff, 0xb3, 0x8b, 0x2c,
  0xff, 0xbf, 0x94, 0x0c, 0x00, 0x00, 0x00, 0x00, 0x00, 0x00, 0x00, 0x00, 0x00, 0x00, 0x00, 0x00,
  0xff, 0xaa, 0xaa, 0x03, 0x00, 0x00, 0x00, 0x00, 0x00, 0x00, 0x00, 0x00, 0x00, 0x00, 0x00, 0x00,
  0x00, 0x00, 0x00, 0x00, 0x00, 0x00, 0x00, 0x00, 0x00, 0x00, 0x00, 0x00, 0x00, 0x00, 0x00, 0x00,
  0x00, 0x00, 0x00, 0x00, 0x00, 0x00, 0x00, 0x00, 0x00, 0x00, 0x00, 0x00, 0x00, 0x00, 0x00, 0x00,
  0x00, 0x00, 0x00, 0x00, 0x00, 0x00, 0x00, 0x00, 0x00, 0x00, 0x00, 0x00, 0x00, 0x00, 0x00, 0x00,
  0x00, 0x00, 0x00, 0x00, 0x00, 0x00, 0x00, 0x00, 0x00, 0x00, 0x00, 0x00, 0x00, 0x00, 0x00, 0x00,
  0x00, 0x00, 0x00, 0x00, 0x00, 0x00, 0x00, 0x00, 0xff, 0xff, 0xff, 0x01, 0xff, 0xb6, 0x91, 0x07,
  0x00, 0x00, 0x00, 0x00, 0x00, 0x00, 0x00, 0x00, 0xff, 0xb8, 0x96, 0x53, 0xff, 0xb6, 0x96, 0xbe,
  0xff, 0xb7, 0x97, 0xff, 0xff, 0xb9, 0x96, 0xff, 0xff, 0xad, 0x8a, 0xfa, 0xff, 0xac, 0x89, 0xff,
  0xff, 0xac, 0x89, 0xff, 0xff, 0xab, 0x89, 0xff, 0xff, 0xab, 0x89, 0xff, 0xff, 0xab, 0x89, 0xff,
  0xff, 0xab, 0x89, 0xff, 0xff, 0xaa, 0x89, 0xff, 0xff, 0xaa, 0x89, 0xff, 0xff, 0xaa, 0x89, 0xff,
  0xff, 0xaa, 0x89, 0xff, 0xff, 0xaa, 0x89, 0xff, 0xff, 0xaa, 0x89, 0xff, 0xff, 0xaa, 0x89, 0xff,
  0xff, 0xa9, 0x89, 0xff, 0xff, 0xa9, 0x89, 0xff, 0xff, 0xa9, 0x89, 0xff, 0xff, 0xa8, 0x89, 0xff,
  0xff, 0xa8, 0x89, 0xff, 0xff, 0xa8, 0x89, 0xff, 0xff, 0xa7, 0x8a, 0xff, 0xff, 0xa7, 0x8a, 0xff,
  0xff, 0xa7, 0x8a, 0xff, 0xff, 0xa5, 0x88, 0xfc, 0xff, 0xa7, 0x89, 0xfd, 0xff, 0xb6, 0x97, 0xff,
  0xff, 0xa7, 0x8b, 0xec, 0xff, 0xaa, 0x8d, 0x75, 0xff, 0xb3, 0x8d, 0x1b, 0xff, 0xff, 0xff, 0x01,
  0x00, 0x00, 0x00, 0x00, 0xff, 0xff, 0xaa, 0x03, 0x00, 0x00, 0x00, 0x00, 0x00, 0x00, 0x00, 0x00,
  0x00, 0x00, 0x00, 0x00, 0x00, 0x00, 0x00, 0x00, 0x00, 0x00, 0x00, 0x00, 0x00, 0x00, 0x00, 0x00,
  0x00, 0x00, 0x00, 0x00, 0x00, 0x00, 0x00, 0x00, 0x00, 0x00, 0x00, 0x00, 0x00, 0x00, 0x00, 0x00,
  0xff, 0xff, 0xff, 0x01, 0xff, 0xbf, 0x7f, 0x04, 0xff, 0xbf, 0x7f, 0x04, 0x00, 0x00, 0x00, 0x00,
  0x00, 0x00, 0x00, 0x00, 0x00, 0x00, 0x00, 0x00, 0x00, 0x00, 0x00, 0x00, 0x00, 0x00, 0x00, 0x00,
  0x00, 0x00, 0x00, 0x00, 0x00, 0x00, 0x00, 0x00, 0x00, 0x00, 0x00, 0x00, 0x00, 0x00, 0x00, 0x00,
  0x00, 0x00, 0x00, 0x00, 0x00, 0x00, 0x00, 0x00, 0xff, 0x99, 0x99, 0x05, 0xff, 0xbf, 0x7f, 0x04,
  0xff, 0xff, 0xff, 0x01, 0x00, 0x00, 0x00, 0x00, 0x00, 0x00, 0x00, 0x00, 0x00, 0x00, 0x00, 0x00,
  0x00, 0x00, 0x00, 0x00, 0x00, 0x00, 0x00, 0x00, 0x00, 0x00, 0x00, 0x00, 0x00, 0x00, 0x00, 0x00,
  0x00, 0x00, 0x00, 0x00, 0x00, 0x00, 0x00, 0x00, 0x00, 0x00, 0x00, 0x00, 0x00, 0x00, 0x00, 0x00,
  0x00, 0x00, 0x00, 0x00, 0x00, 0x00, 0x00, 0x00, 0x00, 0x00, 0x00, 0x00, 0x00, 0x00, 0x00, 0x00,
  0x00, 0x00, 0x00, 0x00, 0x00, 0x00, 0x00, 0x00, 0x00, 0x00, 0x00, 0x00, 0x00, 0x00, 0x00, 0x00,
  0x00, 0x00, 0x00, 0x00, 0x00, 0x00, 0x00, 0x00, 0xff, 0x7f, 0x7f, 0x02, 0x00, 0x00, 0x00, 0x00,
  0x00, 0x00, 0x00, 0x00, 0xff, 0xb6, 0x91, 0x07, 0xff, 0xb6, 0x96, 0x38, 0xff, 0xb4, 0x96, 0xbb,
  0xff, 0xb6, 0x97, 0xff, 0xff, 0xb0, 0x91, 0xfd, 0xff, 0xac, 0x8c, 0xfd, 0xff, 0xac, 0x8a, 0xfe,
  0xff, 0xab, 0x89, 0xff, 0xff, 0xaa, 0x89, 0xff, 0xff, 0xaa, 0x89, 0xff, 0xff, 0xaa, 0x89, 0xff,
  0xff, 0xaa, 0x89, 0xff, 0xff, 0xaa, 0x89, 0xff, 0xff, 0xa9, 0x89, 0xff, 0xff, 0xa9, 0x89, 0xff,
  0xff, 0xa9, 0x89, 0xff, 0xff, 0xa9, 0x89, 0xff, 0xff, 0xa9, 0x89, 0xff, 0xff, 0xa8, 0x89, 0xff,
  0xff, 0xa8, 0x89, 0xff, 0xff, 0xa8, 0x89, 0xff, 0xff, 0xa8, 0x89, 0xff, 0xff, 0xa7, 0x89, 0xff,
  0xff, 0xa7, 0x89, 0xff, 0xff, 0xa7, 0x89, 0xff, 0xff, 0xa7, 0x89, 0xff, 0xff, 0xa7, 0x8a, 0xff,
  0xff, 0xa7, 0x8a, 0xff, 0xff, 0xa5, 0x8a, 0xfe, 0xff, 0xa6, 0x8a, 0xfc, 0xff, 0xa7, 0x8c, 0xff,
  0xff, 0xb4, 0x97, 0xfa, 0xff, 0xa8, 0x8e, 0xc0, 0xff, 0xaf, 0x8a, 0x30, 0x00, 0x00, 0x00, 0x00,
  0xff, 0x7f, 0x7f, 0x02, 0x00, 0x00, 0x00, 0x00, 0x00, 0x01, 0x01, 0x00, 0x00, 0x00, 0x00, 0x00,
  0x00, 0x00, 0x00, 0x00, 0x00, 0x00, 0x00, 0x00, 0x00, 0x00, 0x00, 0x00, 0x00, 0x00, 0x00, 0x00,
  0x00, 0x00, 0x00, 0x00, 0x00, 0x00, 0x00, 0x00, 0x00, 0x00, 0x00, 0x00, 0x00, 0x00, 0x00, 0x00,
  0x00, 0x00, 0x00, 0x00, 0x00, 0x00, 0x00, 0x00, 0xff, 0x00, 0x00, 0x01, 0x00, 0x00, 0x00, 0x00,
  0x00, 0x00, 0x00, 0x00, 0x00, 0x00, 0x00, 0x00, 0x00, 0x00, 0x00, 0x00, 0x00, 0x00, 0x00, 0x00,
  0x00, 0x00, 0x00, 0x00, 0x00, 0x00, 0x00, 0x00, 0x00, 0x00, 0x00, 0x00, 0x00, 0x00, 0x00, 0x00,
  0x00, 0x00, 0x00, 0x00, 0x00, 0x00, 0x00, 0x00, 0x00, 0x00, 0x00, 0x00, 0x00, 0x00, 0x00, 0x00,
  0xff, 0x00, 0x00, 0x01, 0x00, 0x00, 0x00, 0x00, 0x00, 0x00, 0x00, 0x00, 0x00, 0x00, 0x00, 0x00,
  0x00, 0x00, 0x00, 0x00, 0x00, 0x00, 0x00, 0x00, 0x00, 0x00, 0x00, 0x00, 0x00, 0x00, 0x00, 0x00,
  0x00, 0x00, 0x00, 0x00, 0x00, 0x00, 0x00, 0x00, 0x00, 0x00, 0x00, 0x00, 0x00, 0x00, 0x00, 0x00,
  0x00, 0x00, 0x00, 0x00, 0x00, 0x00, 0x00, 0x00, 0x00, 0x00, 0x00, 0x00, 0x00, 0x00, 0x00, 0x00,
  0x00, 0x00, 0x00, 0x00, 0x00, 0x00, 0x00, 0x00, 0x00, 0x00, 0x00, 0x00, 0x00, 0x00, 0x00, 0x00,
  0x00, 0x00, 0x00, 0x00, 0x00, 0x00, 0x00, 0x00, 0x00, 0x00, 0x00, 0x00, 0xff, 0xb6, 0x91, 0x07,
  0xff, 0x7f, 0x7f, 0x02, 0x00, 0x00, 0x00, 0x00, 0xff, 0xb7, 0x97, 0x40, 0xff, 0xb5, 0x97, 0xb1,
  0xff, 0xb1, 0x93, 0xf6, 0xff, 0xb4, 0x94, 0xff, 0xff, 0xad, 0x8e, 0xff, 0xff, 0xa9, 0x89, 0xfe,
  0xff, 0xa9, 0x89, 0xff, 0xff, 0xa9, 0x89, 0xff, 0xff, 0xa9, 0x89, 0xff, 0xff, 0xa8, 0x89, 0xff,
  0xff, 0xa8, 0x89, 0xff, 0xff, 0xa8, 0x89, 0xff, 0xff, 0xa8, 0x89, 0xff, 0xff, 0xa7, 0x89, 0xff,
  0xff, 0xa7, 0x89, 0xff, 0xff, 0xa7, 0x8a, 0xff, 0xff, 0xa7, 0x8a, 0xff, 0xff, 0xa7, 0x89, 0xff,
  0xff, 0xa6, 0x8a, 0xff, 0xff, 0xa6, 0x8a, 0xff, 0xff, 0xa6, 0x8a, 0xff, 0xff, 0xa6, 0x8a, 0xff,
  0xff, 0xa5, 0x8a, 0xff, 0xff, 0xa5, 0x8a, 0xff, 0xff, 0xa5, 0x8a, 0xff, 0xff, 0xa5, 0x8a, 0xff,
  0xff, 0xa6, 0x8a, 0xff, 0xff, 0xa5, 0x8a, 0xff, 0xff, 0xa4, 0x8a, 0xfb, 0xff, 0xaa, 0x8f, 0xfc,
  0xff, 0xa6, 0x8c, 0xff, 0xff, 0xaa, 0x91, 0xcf, 0xff, 0xa9, 0x90, 0x71, 0xff, 0xb0, 0x89, 0x0d,
  0x00, 0x00, 0x00, 0x00, 0xff, 0x7f, 0x7f, 0x02, 0xff, 0xff, 0xff, 0x01, 0x00, 0x00, 0x00, 0x00,
  0x00, 0x00, 0x00, 0x00, 0x00, 0x00, 0x00, 0x00, 0x00, 0x00, 0x00, 0x00, 0x00, 0x00, 0x00, 0x00,
  0x00, 0x00, 0x00, 0x00, 0x00, 0x00, 0x00, 0x00, 0x00, 0x00, 0x00, 0x00, 0x00, 0x00, 0x00, 0x00,
  0x00, 0x00, 0x00, 0x00, 0x00, 0x00, 0x00, 0x00, 0x00, 0x00, 0x00, 0x00, 0x00, 0x00, 0x00, 0x00,
  0xff, 0x00, 0x00, 0x01, 0xff, 0x7f, 0x7f, 0x02, 0xff, 0xbf, 0x7f, 0x04, 0xff, 0xcc, 0x99, 0x05,
  0xff, 0xaa, 0x7f, 0x06, 0xff, 0xb6, 0x91, 0x07, 0xff, 0xb6, 0x91, 0x07, 0xff, 0xb6, 0x91, 0x07,
  0xff, 0xaa, 0x7f, 0x06, 0xff, 0xcc, 0x99, 0x05, 0xff, 0xbf, 0x7f, 0x04, 0xff, 0xff, 0x7f, 0x02,
  0x00, 0x00, 0x00, 0x00, 0x00, 0x00, 0x00, 0x00, 0x00, 0x00, 0x00, 0x00, 0x00, 0x00, 0x00, 0x00,
  0x00, 0x00, 0x00, 0x00, 0x00, 0x00, 0x00, 0x00, 0x00, 0x00, 0x00, 0x00, 0x00, 0x00, 0x00, 0x00,
  0x00, 0x00, 0x00, 0x00, 0x00, 0x00, 0x00, 0x00, 0x00, 0x00, 0x00, 0x00, 0x00, 0x00, 0x00, 0x00,
  0x00, 0x00, 0x00, 0x00, 0x00, 0x00, 0x00, 0x00, 0x00, 0x00, 0x00, 0x00, 0x00, 0x00, 0x00, 0x00,
  0x00, 0x00, 0x00, 0x00, 0x00, 0x00, 0x00, 0x00, 0x00, 0x00, 0x00, 0x00, 0x00, 0x00, 0x00, 0x00,
  0x00, 0x00, 0x00, 0x00, 0x00, 0x00, 0x00, 0x00, 0xff, 0xff, 0x7f, 0x02, 0xff, 0xaa, 0xaa, 0x03,
  0x00, 0x00, 0x00, 0x00, 0x00, 0x00, 0x00, 0x00, 0xff, 0xba, 0x9c, 0x34, 0xff, 0xb4, 0x95, 0x9d,
  0xff, 0xb2, 0x94, 0xf7, 0xff, 0xb5, 0x95, 0xff, 0xff, 0xad, 0x8d, 0xfa, 0xff, 0xaa, 0x8b, 0xfe,
  0xff, 0xa8, 0x89, 0xfe, 0xff, 0xa8, 0x89, 0xff, 0xff, 0xa8, 0x89, 0xff, 0xff, 0xa8, 0x89, 0xff,
  0xff, 0xa8, 0x89, 0xff, 0xff, 0xa8, 0x89, 0xff, 0xff, 0xa8, 0x89, 0xff, 0xff, 0xa7, 0x89, 0xff,
  0xff, 0xa6, 0x89, 0xff, 0xff, 0xa6, 0x89, 0xff, 0xff, 0xa6, 0x8a, 0xff, 0xff, 0xa6, 0x8a, 0xff,
  0xff, 0xa6, 0x89, 0xff, 0xff, 0xa5, 0x8a, 0xff, 0xff, 0xa5, 0x8a, 0xff, 0xff, 0xa5, 0x8a, 0xff,
  0xff, 0xa5, 0x8a, 0xff, 0xff, 0xa4, 0x8a, 0xff, 0xff, 0xa5, 0x8a, 0xff, 0xff, 0xa5, 0x8a, 0xff,
  0xff, 0xa4, 0x8a, 0xff, 0xff, 0xa3, 0x8a, 0xfe, 0xff, 0xa3, 0x8a, 0xfe, 0xff, 0xa4, 0x89, 0xfa,
  0xff, 0xac, 0x92, 0xff, 0xff, 0xa5, 0x8d, 0xf3, 0xff, 0xa0, 0x8b, 0x87, 0xff, 0xaa, 0x96, 0x27,
  0xff, 0x7f, 0x7f, 0x02, 0xff, 0xbf, 0x7f, 0x04, 0xff, 0xff, 0xff, 0x01, 0xff, 0xff, 0xff, 0x01,
  0x00, 0x00, 0x00, 0x00, 0x00, 0x00, 0x00, 0x00, 0x00, 0x00, 0x00, 0x00, 0x00, 0x00, 0x00, 0x00,
  0x00, 0x00, 0x00, 0x00, 0x00, 0x00, 0x00, 0x00, 0x00, 0x00, 0x00, 0x00, 0x00, 0x00, 0x00, 0x00,
  0x00, 0x00, 0x00, 0x00, 0x00, 0x00, 0x00, 0x00, 0x00, 0x00, 0x00, 0x00, 0x00, 0x00, 0x00, 0x00,
  0x00, 0x00, 0x00, 0x00, 0x00, 0x00, 0x00, 0x00, 0x00, 0x00, 0x00, 0x00, 0x00, 0x00, 0x00, 0x00,
  0x00, 0x00, 0x00, 0x00, 0x00, 0x00, 0x00, 0x00, 0x00, 0x00, 0x00, 0x00, 0x00, 0x00, 0x00, 0x00,
  0x00, 0x00, 0x00, 0x00, 0x00, 0x00, 0x00, 0x00, 0x00, 0x00, 0x00, 0x00, 0x00, 0x00, 0x00, 0x00,
  0x00, 0x00, 0x00, 0x00, 0x00, 0x00, 0x00, 0x00, 0x00, 0x00, 0x00, 0x00, 0x00, 0x00, 0x00, 0x00,
  0x00, 0x00, 0x00, 0x00, 0x00, 0x00, 0x00, 0x00, 0x00, 0x00, 0x00, 0x00, 0x00, 0x00, 0x00, 0x00,
  0x00, 0x00, 0x00, 0x00, 0x00, 0x00, 0x00, 0x00, 0x00, 0x00, 0x00, 0x00, 0x00, 0x00, 0x00, 0x00,
  0x00, 0x00, 0x00, 0x00, 0x00, 0x00, 0x00, 0x00, 0x00, 0x00, 0x00, 0x00, 0x00, 0x00, 0x00, 0x00,
  0x00, 0x00, 0x00, 0x00, 0x00, 0x00, 0x00, 0x00, 0x00, 0x00, 0x00, 0x00, 0x00, 0x00, 0x00, 0x00,
  0x00, 0x00, 0x00, 0x00, 0x00, 0x00, 0x00, 0x00, 0x00, 0x00, 0x00, 0x00, 0xff, 0xaa, 0x55, 0x03,
  0x00, 0x00, 0x00, 0x00, 0xff, 0xff, 0xff, 0x01, 0xff, 0xb5, 0xa1, 0x26, 0xff, 0xb4, 0x9a, 0x9e,
  0xff, 0xb2, 0x96, 0xec, 0xff, 0xae, 0x92, 0xff, 0xff, 0xae, 0x8f, 0xfe, 0xff, 0xab, 0x8b, 0xfc,
  0xff, 0xa9, 0x8a, 0xff, 0xff, 0xa8, 0x89, 0xff, 0xff, 0xa7, 0x89, 0xff, 0xff, 0xa7, 0x8a, 0xff,
  0xff, 0xa7, 0x8a, 0xff, 0xff, 0xa7, 0x8a, 0xff, 0xff, 0xa7, 0x89, 0xff, 0xff, 0xa7, 0x89, 0xff,
  0xff, 0xa6, 0x8a, 0xff, 0xff, 0xa5, 0x8a, 0xff, 0xff, 0xa5, 0x8a, 0xff, 0xff, 0xa5, 0x8a, 0xff,
  0xff, 0xa5, 0x8a, 0xff, 0xff, 0xa5, 0x8a, 0xff, 0xff, 0xa5, 0x8a, 0xff, 0xff, 0xa5, 0x8a, 0xff,
  0xff, 0xa4, 0x8a, 0xff, 0xff, 0xa4, 0x8a, 0xff, 0xff, 0xa4, 0x8a, 0xff, 0xff, 0xa4, 0x8a, 0xff,
  0xff, 0xa4, 0x8a, 0xff, 0xff, 0xa3, 0x8a, 0xff, 0xff, 0xa2, 0x8a, 0xfd, 0xff, 0xa3, 0x8b, 0xff,
  0xff, 0xa4, 0x8c, 0xff, 0xff, 0xa3, 0x8c, 0xf6, 0xff, 0xa5, 0x8f, 0xb4, 0xff, 0xa2, 0x8c, 0x3a,
  0x00, 0x00, 0x00, 0x00, 0x00, 0x00, 0x00, 0x00, 0xff, 0xbf, 0x7f, 0x04, 0x00, 0x00, 0x00, 0x00,
  0x00, 0x00, 0x00, 0x00, 0x00, 0x00, 0x00, 0x00, 0x00, 0x00, 0x00, 0x00, 0x00, 0x00, 0x00, 0x00,
  0x00, 0x00, 0x00, 0x00, 0x00, 0x00, 0x00, 0x00, 0x00, 0x00, 0x00, 0x00, 0x00, 0x00, 0x00, 0x00,
  0x00, 0x00, 0x00, 0x00, 0x00, 0x00, 0x00, 0x00, 0x00, 0x00, 0x00, 0x00, 0x00, 0x00, 0x00, 0x00,
  0x00, 0x00, 0x00, 0x00, 0x00, 0x00, 0x00, 0x00, 0x00, 0x00, 0x00, 0x00, 0x00, 0x00, 0x00, 0x00,
  0x00, 0x00, 0x00, 0x00, 0x00, 0x00, 0x00, 0x00, 0x00, 0x00, 0x00, 0x00, 0x00, 0x00, 0x00, 0x00,
  0x00, 0x00, 0x00, 0x00, 0x00, 0x00, 0x00, 0x00, 0x00, 0x00, 0x00, 0x00, 0x00, 0x00, 0x00, 0x00,
  0x00, 0x00, 0x00, 0x00, 0x00, 0x00, 0x00, 0x00, 0x00, 0x00, 0x00, 0x00, 0x00, 0x00, 0x00, 0x00,
  0x00, 0x00, 0x00, 0x00, 0x00, 0x00, 0x00, 0x00, 0x00, 0x00, 0x00, 0x00, 0x00, 0x00, 0x00, 0x00,
  0x00, 0x00, 0x00, 0x00, 0x00, 0x00, 0x00, 0x00, 0x00, 0x00, 0x00, 0x00, 0x00, 0x00, 0x00, 0x00,
  0x00, 0x00, 0x00, 0x00, 0x00, 0x00, 0x00, 0x00, 0x00, 0x00, 0x00, 0x00, 0x00, 0x00, 0x00, 0x00,
  0x00, 0x00, 0x00, 0x00, 0x00, 0x00, 0x00, 0x00, 0x00, 0x00, 0x00, 0x00, 0x00, 0x00, 0x00, 0x00,
  0x00, 0x00, 0x00, 0x00, 0x00, 0x00, 0x00, 0x00, 0x00, 0x00, 0x00, 0x00, 0xff, 0xb6, 0x91, 0x07,
  0xff, 0xff, 0x00, 0x01, 0x00, 0x00, 0x00, 0x00, 0xff, 0xb7, 0x99, 0x32, 0xff, 0xb2, 0x99, 0x8f,
  0xff, 0xb0, 0x96, 0xe8, 0xff, 0xb5, 0x98, 0xff, 0xff, 0xac, 0x8f, 0xff, 0xff, 0xaa, 0x8c, 0xfd,
  0xff, 0xa7, 0x8a, 0xfe, 0xff, 0xa6, 0x8a, 0xff, 0xff, 0xa6, 0x8a, 0xff, 0xff, 0xa6, 0x8a, 0xff,
  0xff, 0xa6, 0x8a, 0xff, 0xff, 0xa6, 0x8a, 0xff, 0xff, 0xa6, 0x8a, 0xff, 0xff, 0xa5, 0x8a, 0xff,
  0xff, 0xa5, 0x8a, 0xff, 0xff, 0xa5, 0x8a, 0xff, 0xff, 0xa4, 0x8a, 0xff, 0xff, 0xa4, 0x8a, 0xff,
  0xff, 0xa3, 0x8a, 0xff, 0xff, 0xa3, 0x8a, 0xff, 0xff, 0xa4, 0x8a, 0xff, 0xff, 0xa4, 0x8a, 0xff,
  0xff, 0xa4, 0x8a, 0xff, 0xff, 0xa3, 0x8b, 0xff, 0xff, 0xa3, 0x8b, 0xff, 0xff, 0xa3, 0x8b, 0xff,
  0xff, 0xa2, 0x8b, 0xff, 0xff, 0xa2, 0x8b, 0xff, 0xff, 0xa2, 0x8b, 0xfe, 0xff, 0xa0, 0x89, 0xfa,
  0xff, 0xa3, 0x8c, 0xff, 0xff, 0xa9, 0x93, 0xff, 0xff, 0xa3, 0x8d, 0xbd, 0xff, 0xa4, 0x8d, 0x41,
  0xff, 0xaa, 0x8d, 0x09, 0x00, 0x00, 0x00, 0x00, 0x00, 0x00, 0x00, 0x00, 0xff, 0xff, 0xff, 0x01,
  0x00, 0x00, 0x00, 0x00, 0x00, 0x00, 0x00, 0x00, 0x00, 0x00, 0x00, 0x00, 0x00, 0x00, 0x00, 0x00,
  0x00, 0x00, 0x00, 0x00, 0x00, 0x00, 0x00, 0x00, 0x00, 0x00, 0x00, 0x00, 0x00, 0x00, 0x00, 0x00,
  0x00, 0x00, 0x00, 0x00, 0x00, 0x00, 0x00, 0x00, 0x00, 0x00, 0x00, 0x00, 0x00, 0x00, 0x00, 0x00,
  0x00, 0x00, 0x00, 0x00, 0x00, 0x00, 0x00, 0x00, 0x00, 0x00, 0x00, 0x00, 0x00, 0x00, 0x00, 0x00,
  0x00, 0x00, 0x00, 0x00, 0x00, 0x00, 0x00, 0x00, 0x00, 0x00, 0x00, 0x00, 0x00, 0x00, 0x00, 0x00,
  0x00, 0x00, 0x00, 0x00, 0x00, 0x00, 0x00, 0x00, 0x00, 0x00, 0x00, 0x00, 0x00, 0x00, 0x00, 0x00,
  0x00, 0x00, 0x00, 0x00, 0x00, 0x00, 0x00, 0x00, 0x00, 0x00, 0x00, 0x00, 0x00, 0x00, 0x00, 0x00,
  0x00, 0x00, 0x00, 0x00, 0x00, 0x00, 0x00, 0x00, 0x00, 0x00, 0x00, 0x00, 0x00, 0x00, 0x00, 0x00,
  0x00, 0x00, 0x00, 0x00, 0x00, 0x00, 0x00, 0x00, 0x00, 0x00, 0x00, 0x00, 0x00, 0x00, 0x00, 0x00,
  0x00, 0x00, 0x00, 0x00, 0x00, 0x00, 0x00, 0x00, 0x00, 0x00, 0x00, 0x00, 0x00, 0x00, 0x00, 0x00,
  0x00, 0x00, 0x00, 0x00, 0x00, 0x00, 0x00, 0x00, 0x00, 0x00, 0x00, 0x00, 0x00, 0x00, 0x00, 0x00,
  0x00, 0x00, 0x00, 0x00, 0x00, 0x00, 0x00, 0x00, 0xff, 0x7f, 0x7f, 0x02, 0xff, 0x00, 0x00, 0x01,
  0x00, 0x00, 0x00, 0x00, 0x00, 0x00, 0x00, 0x00, 0xff, 0xb4, 0x94, 0x1f, 0xff, 0xb2, 0x98, 0x89,
  0xff, 0xb2, 0x99, 0xe4, 0xff, 0xb0, 0x96, 0xff, 0xff, 0xae, 0x92, 0xfc, 0xff, 0xa8, 0x8c, 0xfd,
  0xff, 0xa5, 0x89, 0xfe, 0xff, 0xa5, 0x8a, 0xff, 0xff, 0xa5, 0x8a, 0xff, 0xff, 0xa4, 0x8a, 0xff,
  0xff, 0xa4, 0x8a, 0xff, 0xff, 0xa4, 0x8a, 0xff, 0xff, 0xa4, 0x8a, 0xff, 0xff, 0xa5, 0x8a, 0xff,
  0xff, 0xa3, 0x8a, 0xff, 0xff, 0xa3, 0x8a, 0xff, 0xff, 0xa3, 0x8a, 0xff, 0xff, 0xa4, 0x8a, 0xff,
  0xff, 0xa4, 0x8a, 0xff, 0xff, 0xa3, 0x8a, 0xff, 0xff, 0xa3, 0x8a, 0xff, 0xff, 0xa2, 0x8a, 0xff,
  0xff, 0xa2, 0x8a, 0xff, 0xff, 0xa2, 0x8a, 0xff, 0xff, 0xa1, 0x8b, 0xff, 0xff, 0xa1, 0x8b, 0xff,
  0xff, 0xa1, 0x8b, 0xff, 0xff, 0xa1, 0x8b, 0xff, 0xff, 0x9f, 0x8a, 0xfe, 0xff, 0xa0, 0x8b, 0xfc,
  0xff, 0xa6, 0x90, 0xff, 0xff, 0xa3, 0x8e, 0xff, 0xff, 0xa2, 0x8d, 0xcd, 0xff, 0xa2, 0x8f, 0x5e,
  0x00, 0x00, 0x00, 0x00, 0x00, 0x00, 0x00, 0x00, 0xff, 0xb6, 0x91, 0x07, 0x00, 0x00, 0x00, 0x00,
  0x00, 0x00, 0x00, 0x00, 0x00, 0x00, 0x00, 0x00, 0x00, 0x00, 0x00, 0x00, 0x00, 0x00, 0x00, 0x00,
  0x00, 0x00, 0x00, 0x00, 0x00, 0x00, 0x00, 0x00, 0x00, 0x00, 0x00, 0x00, 0x00, 0x00, 0x00, 0x00,
  0x00, 0x00, 0x00, 0x00, 0x00, 0x00, 0x00, 0x00, 0x00, 0x00, 0x00, 0x00, 0x00, 0x00, 0x00, 0x00,
  0x00, 0x00, 0x00, 0x00, 0x00, 0x00, 0x00, 0x00, 0x00, 0x00, 0x00, 0x00, 0x00, 0x00, 0x00, 0x00,
  0x00, 0x00, 0x00, 0x00, 0x00, 0x00, 0x00, 0x00, 0x00, 0x00, 0x00, 0x00, 0x00, 0x00, 0x00, 0x00,
  0x00, 0x00, 0x00, 0x00, 0x00, 0x00, 0x00, 0x00, 0x00, 0x00, 0x00, 0x00, 0x00, 0x00, 0x00, 0x00,
  0x00, 0x00, 0x00, 0x00, 0x00, 0x00, 0x00, 0x00, 0x00, 0x00, 0x00, 0x00, 0x00, 0x00, 0x00, 0x00,
  0x00, 0x00, 0x00, 0x00, 0x00, 0x00, 0x00, 0x00, 0x00, 0x00, 0x00, 0x00, 0x00, 0x00, 0x00, 0x00,
  0x00, 0x00, 0x00, 0x00, 0x00, 0x00, 0x00, 0x00, 0x00, 0x00, 0x00, 0x00, 0x00, 0x00, 0x00, 0x00,
  0x00, 0x00, 0x00, 0x00, 0x00, 0x00, 0x00, 0x00, 0x00, 0x00, 0x00, 0x00, 0x00, 0x00, 0x00, 0x00,
  0x00, 0x00, 0x00, 0x00, 0x00, 0x00, 0x00, 0x00, 0x00, 0x00, 0x00, 0x00, 0x00, 0x00, 0x00, 0x00,
  0x00, 0x00, 0x00, 0x00, 0x00, 0x00, 0x00, 0x00, 0x00, 0x00, 0x00, 0x00, 0xff, 0xcc, 0x66, 0x05,
  0xff, 0x7f, 0x7f, 0x02, 0x00, 0x00, 0x00, 0x00, 0xff, 0xb4, 0x9d, 0x22, 0xff, 0xb2, 0x9a, 0x86,
  0xff, 0xb0, 0x96, 0xde, 0xff, 0xb1, 0x97, 0xff, 0xff, 0xad, 0x93, 0xff, 0xff, 0xa6, 0x8d, 0xfc,
  0xff, 0xa5, 0x8b, 0xff, 0xff, 0xa4, 0x8a, 0xff, 0xff, 0xa4, 0x8a, 0xff, 0xff, 0xa4, 0x8a, 0xff,
  0xff, 0xa3, 0x8a, 0xff, 0xff, 0xa3, 0x8a, 0xff, 0xff, 0xa3, 0x8a, 0xff, 0xff, 0xa3, 0x8a, 0xff,
  0xff, 0xa3, 0x8a, 0xff, 0xff, 0xa2, 0x8a, 0xff, 0xff, 0xa2, 0x8a, 0xff, 0xff, 0xa2, 0x8b, 0xff,
  0xff, 0xa2, 0x8b, 0xff, 0xff, 0xa2, 0x8b, 0xff, 0xff, 0xa2, 0x8b, 0xff, 0xff, 0xa2, 0x8b, 0xff,
  0xff, 0xa1, 0x8b, 0xff, 0xff, 0xa0, 0x8b, 0xff, 0xff, 0xa0, 0x8b, 0xff, 0xff, 0xa0, 0x8b, 0xff,
  0xff, 0xa0, 0x8b, 0xff, 0xff, 0xa0, 0x8b, 0xff, 0xff, 0x9f, 0x8b, 0xfe, 0xff, 0x9d, 0x89, 0xfe,
  0xff, 0x9f, 0x8b, 0xfb, 0xff, 0xa9, 0x93, 0xff, 0xff, 0xa2, 0x8e, 0xdc, 0xff, 0xa3, 0x8f, 0x59,
  0xff, 0x91, 0x91, 0x07, 0x00, 0x00, 0x00, 0x00, 0x00, 0x00, 0x00, 0x00, 0xff, 0xff, 0xff, 0x01,
  0x00, 0x00, 0x00, 0x00, 0x00, 0x00, 0x00, 0x00, 0x00, 0x00, 0x00, 0x00, 0x00, 0x00, 0x00, 0x00,
  0x00, 0x00, 0x00, 0x00, 0x00, 0x00, 0x00, 0x00, 0x00, 0x00, 0x00, 0x00, 0x00, 0x00, 0x00, 0x00,
  0x00, 0x00, 0x00, 0x00, 0x00, 0x00, 0x00, 0x00, 0x00, 0x00, 0x00, 0x00, 0x00, 0x00, 0x00, 0x00,
  0x00, 0x00, 0x00, 0x00, 0x00, 0x00, 0x00, 0x00, 0x00, 0x00, 0x00, 0x00, 0x00, 0x00, 0x00, 0x00,
  0x00, 0x00, 0x00, 0x00, 0x00, 0x00, 0x00, 0x00, 0x00, 0x00, 0x00, 0x00, 0x00, 0x00, 0x00, 0x00,
  0x00, 0x00, 0x00, 0x00, 0x00, 0x00, 0x00, 0x00, 0x00, 0x00, 0x00, 0x00, 0x00, 0x00, 0x00, 0x00,
  0x00, 0x00, 0x00, 0x00, 0x00, 0x00, 0x00, 0x00, 0x00, 0x00, 0x00, 0x00, 0x00, 0x00, 0x00, 0x00,
  0x00, 0x00, 0x00, 0x00, 0x00, 0x00, 0x00, 0x00, 0x00, 0x00, 0x00, 0x00, 0x00, 0x00, 0x00, 0x00,
  0x00, 0x00, 0x00, 0x00, 0x00, 0x00, 0x00, 0x00, 0x00, 0x00, 0x00, 0x00, 0x00, 0x00, 0x00, 0x00,
  0x00, 0x00, 0x00, 0x00, 0x00, 0x00, 0x00, 0x00, 0x00, 0x00, 0x00, 0x00, 0x00, 0x00, 0x00, 0x00,
  0x00, 0x00, 0x00, 0x00, 0x00, 0x00, 0x00, 0x00, 0x00, 0x00, 0x00, 0x00, 0x00, 0x00, 0x00, 0x00,
  0x00, 0x00, 0x00, 0x00, 0x00, 0x00, 0x00, 0x00, 0xff, 0xff, 0xff, 0x01, 0xff, 0xbf, 0x7f, 0x04,
  0x00, 0x00, 0x00, 0x00, 0x00, 0x00, 0x00, 0x00, 0xff, 0xba, 0xa5, 0x25, 0xff, 0xae, 0x98, 0x7c,
  0xff, 0xae, 0x96, 0xde, 0xff, 0xb2, 0x98, 0xff, 0xff, 0xac, 0x92, 0xff, 0xff, 0xa7, 0x8f, 0xfd,
  0xff, 0xa3, 0x8b, 0xfd, 0xff, 0xa3, 0x8b, 0xff, 0xff, 0xa3, 0x8b, 0xff, 0xff, 0xa3, 0x8b, 0xff,
  0xff, 0xa3, 0x8b, 0xff, 0xff, 0xa2, 0x8b, 0xff, 0xff, 0xa2, 0x8b, 0xff, 0xff, 0xa2, 0x8b, 0xff,
  0xff, 0xa2, 0x8b, 0xff, 0xff, 0xa1, 0x8b, 0xff, 0xff, 0xa1, 0x8b, 0xff, 0xff, 0xa1, 0x8b, 0xff,
  0xff, 0xa1, 0x8b, 0xff, 0xff, 0xa1, 0x8b, 0xff, 0xff, 0xa1, 0x8b, 0xff, 0xff, 0xa1, 0x8b, 0xff,
  0xff, 0xa1, 0x8b, 0xff, 0xff, 0xa0, 0x8b, 0xff, 0xff, 0x9f, 0x8b, 0xff, 0xff, 0x9f, 0x8b, 0xff,
  0xff, 0x9f, 0x8b, 0xff, 0xff, 0x9f, 0x8b, 0xff, 0xff, 0x9f, 0x8b, 0xff, 0xff, 0x9d, 0x8a, 0xf8,
  0xff, 0xa3, 0x90, 0xff, 0xff, 0xa8, 0x95, 0xff, 0xff, 0xa4, 0x92, 0xd1, 0xff, 0xa3, 0x90, 0x6f,
  0xff, 0xa5, 0x87, 0x11, 0x00, 0x00, 0x00, 0x00, 0xff, 0x7f, 0x7f, 0x02, 0xff, 0xff, 0x7f, 0x02,
  0x00, 0x00, 0x00, 0x00, 0x00, 0x00, 0x00, 0x00, 0x00, 0x00, 0x00, 0x00, 0x00, 0x00, 0x00, 0x00,
  0x00, 0x00, 0x00, 0x00, 0x00, 0x00, 0x00, 0x00, 0x00, 0x00, 0x00, 0x00, 0x00, 0x00, 0x00, 0x00,
  0x00, 0x00, 0x00, 0x00, 0x00, 0x00, 0x00, 0x00, 0x00, 0x00, 0x00, 0x00, 0x00, 0x00, 0x00, 0x00,
  0x00, 0x00, 0x00, 0x00, 0x00, 0x00, 0x00, 0x00, 0x00, 0x00, 0x00, 0x00, 0x00, 0x00, 0x00, 0x00,
  0x00, 0x00, 0x00, 0x00, 0x00, 0x00, 0x00, 0x00, 0x00, 0x00, 0x00, 0x00, 0x00, 0x00, 0x00, 0x00,
  0x00, 0x00, 0x00, 0x00, 0x00, 0x00, 0x00, 0x00, 0x00, 0x00, 0x00, 0x00, 0x00, 0x00, 0x00, 0x00,
  0x00, 0x00, 0x00, 0x00, 0x00, 0x00, 0x00, 0x00, 0x00, 0x00, 0x00, 0x00, 0x00, 0x00, 0x00, 0x00,
  0x00, 0x00, 0x00, 0x00, 0x00, 0x00, 0x00, 0x00, 0x00, 0x00, 0x00, 0x00, 0x00, 0x00, 0x00, 0x00,
  0x00, 0x00, 0x00, 0x00, 0x00, 0x00, 0x00, 0x00, 0x00, 0x00, 0x00, 0x00, 0x00, 0x00, 0x00, 0x00,
  0x00, 0x00, 0x00, 0x00, 0x00, 0x00, 0x00, 0x00, 0x00, 0x00, 0x00, 0x00, 0x00, 0x00, 0x00, 0x00,
  0x00, 0x00, 0x00, 0x00, 0x00, 0x00, 0x00, 0x00, 0x00, 0x00, 0x00, 0x00, 0x00, 0x00, 0x00, 0x00,
  0x00, 0x00, 0x00, 0x00, 0x00, 0x00, 0x00, 0x00, 0xff, 0xff, 0x00, 0x01, 0xff, 0xff, 0xff, 0x01,
  0x00, 0x00, 0x00, 0x00, 0xff, 0xff, 0xff, 0x01, 0xff, 0xb7, 0x99, 0x19, 0xff, 0xb1, 0x9c, 0x7a,
  0xff, 0xb0, 0x99, 0xd6, 0xff, 0xae, 0x97, 0xff, 0xff, 0xae, 0x95, 0xfd, 0xff, 0xa4, 0x8c, 0xfb,
  0xff, 0xa3, 0x8b, 0xff, 0xff, 0xa3, 0x8b, 0xff, 0xff, 0xa2, 0x8b, 0xff, 0xff, 0xa2, 0x8b, 0xff,
  0xff, 0xa2, 0x8b, 0xff, 0xff, 0xa2, 0x8b, 0xff, 0xff, 0xa1, 0x8b, 0xff, 0xff, 0xa1, 0x8b, 0xff,
  0xff, 0xa1, 0x8b, 0xff, 0xff, 0xa1, 0x8b, 0xff, 0xff, 0xa0, 0x8b, 0xff, 0xff, 0xa0, 0x8b, 0xff,
  0xff, 0xa0, 0x8b, 0xff, 0xff, 0xa0, 0x8b, 0xff, 0xff, 0xa0, 0x8b, 0xff, 0xff, 0xa0, 0x8b, 0xff,
  0xff, 0x9f, 0x8b, 0xff, 0xff, 0x9f, 0x8b, 0xff, 0xff, 0x9f, 0x8b, 0xff, 0xff, 0x9f, 0x8b, 0xff,
  0xff, 0x9f, 0x8b, 0xff, 0xff, 0x9e, 0x8b, 0xff, 0xff, 0x9d, 0x8a, 0xfe, 0xff, 0x9e, 0x8b, 0xff,
  0xff, 0x9f, 0x8d, 0xfe, 0xff, 0xa5, 0x93, 0xff, 0xff, 0x9f, 0x8e, 0xea, 0xff, 0xa0, 0x8f, 0x77,
  0xff, 0xaa, 0x99, 0x0f, 0x00, 0x00, 0x00, 0x00, 0xff, 0x7f, 0x7f, 0x04, 0x00, 0x00, 0x00, 0x00,
  0xff, 0xff, 0x00, 0x01, 0x00, 0x00, 0x00, 0x00, 0x00, 0x00, 0x00, 0x00, 0x00, 0x00, 0x00, 0x00,
  0x00, 0x00, 0x00, 0x00, 0x00, 0x00, 0x00, 0x00, 0x00, 0x00, 0x00, 0x00, 0x00, 0x00, 0x00, 0x00,
  0x00, 0x00, 0x00, 0x00, 0x00, 0x00, 0x00, 0x00, 0x00, 0x00, 0x00, 0x00, 0x00, 0x00, 0x00, 0x00,
  0x00, 0x00, 0x00, 0x00, 0x00, 0x00, 0x00, 0x00, 0x00, 0x00, 0x00, 0x00, 0x00, 0x00, 0x00, 0x00,
  0x00, 0x00, 0x00, 0x00, 0x00, 0x00, 0x00, 0x00, 0x00, 0x00, 0x00, 0x00, 0x00, 0x00, 0x00, 0x00,
  0x00, 0x00, 0x00, 0x00, 0x00, 0x00, 0x00, 0x00, 0x00, 0x00, 0x00, 0x00, 0x00, 0x00, 0x00, 0x00,
  0x00, 0x00, 0x00, 0x00, 0x00, 0x00, 0x00, 0x00, 0x00, 0x00, 0x00, 0x00, 0x00, 0x00, 0x00, 0x00,
  0x00, 0x00, 0x00, 0x00, 0x00, 0x00, 0x00, 0x00, 0x00, 0x00, 0x00, 0x00, 0x00, 0x00, 0x00, 0x00,
  0x00, 0x00, 0x00, 0x00, 0x00, 0x00, 0x00, 0x00, 0x00, 0x00, 0x00, 0x00, 0x00, 0x00, 0x00, 0x00,
  0x00, 0x00, 0x00, 0x00, 0x00, 0x00, 0x00, 0x00, 0x00, 0x00, 0x00, 0x00, 0x00, 0x00, 0x00, 0x00,
  0x00, 0x00, 0x00, 0x00, 0x00, 0x00, 0x00, 0x00, 0x00, 0x00, 0x00, 0x00, 0x00, 0x00, 0x00, 0x00,
  0x00, 0x00, 0x00, 0x00, 0x00, 0x00, 0x00, 0x00, 0x00, 0x00, 0x00, 0x00, 0xff, 0xaa, 0x7f, 0x06,
  0xff, 0xff, 0x7f, 0x02, 0x00, 0x00, 0x00, 0x00, 0xff, 0xb4, 0xa4, 0x1f, 0xff, 0xb0, 0x9a, 0x75,
  0xff, 0xac, 0x98, 0xd8, 0xff, 0xb1, 0x9b, 0xfd, 0xff, 0xab, 0x94, 0xff, 0xff, 0xa5, 0x8e, 0xfe,
  0xff, 0xa2, 0x8b, 0xfe, 0xff, 0xa1, 0x8b, 0xff, 0xff, 0xa2, 0x8b, 0xff, 0xff, 0xa1, 0x8b, 0xff,
  0xff, 0xa0, 0x8b, 0xff, 0xff, 0xa0, 0x8b, 0xff, 0xff, 0xa0, 0x8b, 0xff, 0xff, 0xa0, 0x8b, 0xff,
  0xff, 0xa0, 0x8b, 0xff, 0xff, 0x9f, 0x8b, 0xff, 0xff, 0x9f, 0x8b, 0xff, 0xff, 0x9f, 0x8b, 0xff,
  0xff, 0x9e, 0x8b, 0xff, 0xff, 0x9e, 0x8b, 0xff, 0xff, 0x9e, 0x8b, 0xff, 0xff, 0x9e, 0x8b, 0xff,
  0xff, 0x9e, 0x8b, 0xff, 0xff, 0x9d, 0x8b, 0xff, 0xff, 0x9d, 0x8b, 0xff, 0xff, 0x9d, 0x8b, 0xff,
  0xff, 0x9d, 0x8c, 0xff, 0xff, 0x9e, 0x8c, 0xff, 0xff, 0x9d, 0x8c, 0xff, 0xff, 0x9a, 0x8a, 0xfb,
  0xff, 0x9e, 0x8c, 0xfb, 0xff, 0xa9, 0x97, 0xff, 0xff, 0xa0, 0x8e, 0xe5, 0xff, 0xa0, 0x8f, 0x79,
  0xff, 0xa4, 0x94, 0x1f, 0x00, 0x00, 0x00, 0x00, 0x00, 0x00, 0x00, 0x00, 0xff, 0x55, 0x55, 0x03,
  0x00, 0x00, 0x00, 0x00, 0x00, 0x00, 0x00, 0x00, 0x00, 0x00, 0x00, 0x00, 0x00, 0x00, 0x00, 0x00,
  0x00, 0x00, 0x00, 0x00, 0x00, 0x00, 0x00, 0x00, 0x00, 0x00, 0x00, 0x00, 0x00, 0x00, 0x00, 0x00,
  0x00, 0x00, 0x00, 0x00, 0x00, 0x00, 0x00, 0x00, 0x00, 0x00, 0x00, 0x00, 0x00, 0x00, 0x00, 0x00,
  0x00, 0x00, 0x00, 0x00, 0x00, 0x00, 0x00, 0x00, 0x00, 0x00, 0x00, 0x00, 0x00, 0x00, 0x00, 0x00,
  0x00, 0x00, 0x00, 0x00, 0x00, 0x00, 0x00, 0x00, 0x00, 0x00, 0x00, 0x00, 0x00, 0x00, 0x00, 0x00,
  0x00, 0x00, 0x00, 0x00, 0x00, 0x00, 0x00, 0x00, 0x00, 0x00, 0x00, 0x00, 0x00, 0x00, 0x00, 0x00,
  0x00, 0x00, 0x00, 0x00, 0x00, 0x00, 0x00, 0x00, 0x00, 0x00, 0x00, 0x00, 0x00, 0x00, 0x00, 0x00,
  0x00, 0x00, 0x00, 0x00, 0x00, 0x00, 0x00, 0x00, 0x00, 0x00, 0x00, 0x00, 0x00, 0x00, 0x00, 0x00,
  0x00, 0x00, 0x00, 0x00, 0x00, 0x00, 0x00, 0x00, 0x00, 0x00, 0x00, 0x00, 0x00, 0x00, 0x00, 0x00,
  0x00, 0x00, 0x00, 0x00, 0x00, 0x00, 0x00, 0x00, 0x00, 0x00, 0x00, 0x00, 0x00, 0x00, 0x00, 0x00,
  0x00, 0x00, 0x00, 0x00, 0x00, 0x00, 0x00, 0x00, 0x00, 0x00, 0x00, 0x00, 0x00, 0x00, 0x00, 0x00,
  0x00, 0x00, 0x00, 0x00, 0x00, 0x00, 0x00, 0x00, 0xff, 0x7f, 0x7f, 0x02, 0xff, 0x7f, 0x7f, 0x02,
  0x00, 0x00, 0x00, 0x00, 0x00, 0x00, 0x00, 0x00, 0xff, 0xaf, 0x9e, 0x1d, 0xff, 0xac, 0x99, 0x73,
  0xff, 0xaf, 0x9b, 0xd0, 0xff, 0xad, 0x98, 0xff, 0xff, 0xac, 0x96, 0xff, 0xff, 0xa3, 0x8d, 0xfc,
  0xff, 0xa1, 0x8b, 0xfd, 0xff, 0xa1, 0x8c, 0xff, 0xff, 0xa0, 0x8b, 0xff, 0xff, 0xa0, 0x8b, 0xff,
  0xff, 0xa0, 0x8b, 0xff, 0xff, 0x9f, 0x8b, 0xff, 0xff, 0x9f, 0x8b, 0xff, 0xff, 0x9f, 0x8b, 0xff,
  0xff, 0x9f, 0x8b, 0xff, 0xff, 0x9f, 0x8b, 0xff, 0xff, 0x9e, 0x8b, 0xff, 0xff, 0x9e, 0x8b, 0xff,
  0xff, 0x9e, 0x8b, 0xff, 0xff, 0x9d, 0x8b, 0xff, 0xff, 0x9d, 0x8b, 0xff, 0xff, 0x9d, 0x8b, 0xff,
  0xff, 0x9d, 0x8b, 0xff, 0xff, 0x9d, 0x8b, 0xff, 0xff, 0x9d, 0x8b, 0xff, 0xff, 0x9d, 0x8b, 0xff,
  0xff, 0x9c, 0x8b, 0xff, 0xff, 0x9d, 0x8c, 0xff, 0xff, 0x9b, 0x8b, 0xfe, 0xff, 0x9a, 0x8b, 0xfb,
  0xff, 0xa0, 0x90, 0xff, 0xff, 0xa3, 0x93, 0xff, 0xff, 0xa4, 0x94, 0xe1, 0xff, 0x9c, 0x8c, 0x8f,
  0xff, 0xa7, 0x8f, 0x20, 0x00, 0x00, 0x00, 0x00, 0xff, 0x55, 0x55, 0x03, 0xff, 0x55, 0x55, 0x03,
  0xff, 0xff, 0xff, 0x01, 0x00, 0x00, 0x00, 0x00, 0x00, 0x00, 0x00, 0x00, 0x00, 0x00, 0x00, 0x00,
  0x00, 0x00, 0x00, 0x00, 0x00, 0x00, 0x00, 0x00, 0x00, 0x00, 0x00, 0x00, 0x00, 0x00, 0x00, 0x00,
  0x00, 0x00, 0x00, 0x00, 0x00, 0x00, 0x00, 0x00, 0x00, 0x00, 0x00, 0x00, 0x00, 0x00, 0x00, 0x00,
  0x00, 0x00, 0x00, 0x00, 0x00, 0x00, 0x00, 0x00, 0x00, 0x00, 0x00, 0x00, 0x00, 0x00, 0x00, 0x00,
  0x00, 0x00, 0x00, 0x00, 0x00, 0x00, 0x00, 0x00, 0x00, 0x00, 0x00, 0x00, 0x00, 0x00, 0x00, 0x00,
  0x00, 0x00, 0x00, 0x00, 0x00, 0x00, 0x00, 0x00, 0x00, 0x00, 0x00, 0x00, 0x00, 0x00, 0x00, 0x00,
  0x00, 0x00, 0x00, 0x00, 0x00, 0x00, 0x00, 0x00, 0x00, 0x00, 0x00, 0x00, 0x00, 0x00, 0x00, 0x00,
  0x00, 0x00, 0x00, 0x00, 0x00, 0x00, 0x00, 0x00, 0x00, 0x00, 0x00, 0x00, 0x00, 0x00, 0x00, 0x00,
  0x00, 0x00, 0x00, 0x00, 0x00, 0x00, 0x00, 0x00, 0x00, 0x00, 0x00, 0x00, 0x00, 0x00, 0x00, 0x00,
  0x00, 0x00, 0x00, 0x00, 0x00, 0x00, 0x00, 0x00, 0x00, 0x00, 0x00, 0x00, 0x00, 0x00, 0x00, 0x00,
  0x00, 0x00, 0x00, 0x00, 0x00, 0x00, 0x00, 0x00, 0x00, 0x00, 0x00, 0x00, 0x00, 0x00, 0x00, 0x00,
  0x00, 0x00, 0x00, 0x00, 0x00, 0x00, 0x00, 0x00, 0x00, 0x00, 0x00, 0x00, 0xff, 0xaa, 0xaa, 0x03,
  0x00, 0x00, 0x00, 0x00, 0x00, 0x00, 0x00, 0x00, 0xff, 0xad, 0x99, 0x19, 0xff, 0xab, 0x99, 0x74,
  0xff, 0xab, 0x98, 0xd3, 0xff, 0xae, 0x99, 0xff, 0xff, 0xaa, 0x95, 0xff, 0xff, 0xa2, 0x8e, 0xfb,
  0xff, 0xa1, 0x8c, 0xff, 0xff, 0xa0, 0x8b, 0xff, 0xff, 0x9f, 0x8b, 0xff, 0xff, 0x9f, 0x8b, 0xff,
  0xff, 0x9f, 0x8b, 0xff, 0xff, 0x9e, 0x8b, 0xff, 0xff, 0x9e, 0x8b, 0xff, 0xff, 0x9e, 0x8b, 0xff,
  0xff, 0x9e, 0x8b, 0xff, 0xff, 0x9e, 0x8b, 0xff, 0xff, 0x9e, 0x8b, 0xff, 0xff, 0x9d, 0x8b, 0xff,
  0xff, 0x9d, 0x8b, 0xff, 0xff, 0x9d, 0x8c, 0xff, 0xff, 0x9c, 0x8c, 0xff, 0xff, 0x9c, 0x8c, 0xff,
  0xff, 0x9c, 0x8c, 0xff, 0xff, 0x9c, 0x8c, 0xff, 0xff, 0x9c, 0x8c, 0xff, 0xff, 0x9c, 0x8c, 0xff,
  0xff, 0x9c, 0x8c, 0xff, 0xff, 0x9b, 0x8c, 0xff, 0xff, 0x9b, 0x8c, 0xff, 0xff, 0x9a, 0x8b, 0xfe,
  0xff, 0x9a, 0x8c, 0xfb, 0xff, 0xa4, 0x95, 0xff, 0xff, 0x9c, 0x8e, 0xf5, 0xff, 0x9d, 0x90, 0x8b,
  0xff, 0x9d, 0x97, 0x2a, 0xff, 0x7f, 0x7f, 0x02, 0x00, 0x00, 0x00, 0x00, 0xff, 0x7f, 0x7f, 0x02,
  0xff, 0x00, 0x00, 0x01, 0x00, 0x00, 0x00, 0x00, 0x00, 0x00, 0x00, 0x00, 0x00, 0x00, 0x00, 0x00,
  0x00, 0x00, 0x00, 0x00, 0x00, 0x00, 0x00, 0x00, 0x00, 0x00, 0x00, 0x00, 0x00, 0x00, 0x00, 0x00,
  0x00, 0x00, 0x00, 0x00, 0x00, 0x00, 0x00, 0x00, 0x00, 0x00, 0x00, 0x00, 0x00, 0x00, 0x00, 0x00,
  0x00, 0x00, 0x00, 0x00, 0x00, 0x00, 0x00, 0x00, 0x00, 0x00, 0x00, 0x00, 0x00, 0x00, 0x00, 0x00,
  0x00, 0x00, 0x00, 0x00, 0x00, 0x00, 0x00, 0x00, 0x00, 0x00, 0x00, 0x00, 0x00, 0x00, 0x00, 0x00,
  0x00, 0x00, 0x00, 0x00, 0x00, 0x00, 0x00, 0x00, 0x00, 0x00, 0x00, 0x00, 0x00, 0x00, 0x00, 0x00,
  0x00, 0x00, 0x00, 0x00, 0x00, 0x00, 0x00, 0x00, 0x00, 0x00, 0x00, 0x00, 0x00, 0x00, 0x00, 0x00,
  0x00, 0x00, 0x00, 0x00, 0x00, 0x00, 0x00, 0x00, 0x00, 0x00, 0x00, 0x00, 0x00, 0x00, 0x00, 0x00,
  0x00, 0x00, 0x00, 0x00, 0x00, 0x00, 0x00, 0x00, 0x00, 0x00, 0x00, 0x00, 0x00, 0x00, 0x00, 0x00,
  0x00, 0x00, 0x00, 0x00, 0x00, 0x00, 0x00, 0x00, 0x00, 0x00, 0x00, 0x00, 0x00, 0x00, 0x00, 0x00,
  0x00, 0x00, 0x00, 0x00, 0x00, 0x00, 0x00, 0x00, 0x00, 0x00, 0x00, 0x00, 0x00, 0x00, 0x00, 0x00,
  0x00, 0x00, 0x00, 0x00, 0x00, 0x00, 0x00, 0x00, 0xff, 0x00, 0x00, 0x01, 0xff, 0xcc, 0x99, 0x05,
  0xff, 0x7f, 0x7f, 0x02, 0x00, 0x00, 0x00, 0x00, 0xff, 0xac, 0x9c, 0x1f, 0xff, 0xa7, 0x98, 0x72,
  0xff, 0xaa, 0x98, 0xd5, 0xff, 0xae, 0x9a, 0xfd, 0xff, 0xaa, 0x95, 0xff, 0xff, 0xa3, 0x8f, 0xfe,
  0xff, 0x9f, 0x8b, 0xfc, 0xff, 0x9f, 0x8c, 0xff, 0xff, 0x9e, 0x8b, 0xff, 0xff, 0x9d, 0x8b, 0xff,
  0xff, 0x9e, 0x8c, 0xff, 0xff, 0x9e, 0x8c, 0xff, 0xff, 0x9d, 0x8c, 0xff, 0xff, 0x9d, 0x8c, 0xff,
  0xff, 0x9d, 0x8c, 0xff, 0xff, 0x9d, 0x8c, 0xff, 0xff, 0x9d, 0x8c, 0xff, 0xff, 0x9d, 0x8c, 0xff,
  0xff, 0x9c, 0x8c, 0xff, 0xff, 0x9c, 0x8c, 0xff, 0xff, 0x9c, 0x8c, 0xff, 0xff, 0x9b, 0x8c, 0xff,
  0xff, 0x9b, 0x8c, 0xff, 0xff, 0x9b, 0x8c, 0xff, 0xff, 0x9b, 0x8c, 0xff, 0xff, 0x9b, 0x8c, 0xff,
  0xff, 0x9a, 0x8c, 0xff, 0xff, 0x9a, 0x8c, 0xff, 0xff, 0x9a, 0x8d, 0xff, 0xff, 0x97, 0x8a, 0xfa,
  0xff, 0x9d, 0x8e, 0xfc, 0xff, 0xa3, 0x95, 0xff, 0xff, 0x9e, 0x91, 0xe9, 0xff, 0x9b, 0x90, 0x9a,
  0xff, 0x96, 0x8c, 0x33, 0xff, 0x00, 0xff, 0x01, 0x00, 0x00, 0x00, 0x00, 0xff, 0x7f, 0x7f, 0x02,
  0xff, 0xff, 0xff, 0x01, 0x00, 0x00, 0x00, 0x00, 0x00, 0x00, 0x00, 0x00, 0x00, 0x00, 0x00, 0x00,
  0x00, 0x00, 0x00, 0x00, 0x00, 0x00, 0x00, 0x00, 0x00, 0x00, 0x00, 0x00, 0x00, 0x00, 0x00, 0x00,
  0x00, 0x00, 0x00, 0x00, 0x00, 0x00, 0x00, 0x00, 0x00, 0x00, 0x00, 0x00, 0x00, 0x00, 0x00, 0x00,
  0x00, 0x00, 0x00, 0x00, 0x00, 0x00, 0x00, 0x00, 0x00, 0x00, 0x00, 0x00, 0x00, 0x00, 0x00, 0x00,
  0x00, 0x00, 0x00, 0x00, 0x00, 0x00, 0x00, 0x00, 0x00, 0x00, 0x00, 0x00, 0x00, 0x00, 0x00, 0x00,
  0x00, 0x00, 0x00, 0x00, 0x00, 0x00, 0x00, 0x00, 0x00, 0x00, 0x00, 0x00, 0x00, 0x00, 0x00, 0x00,
  0x00, 0x00, 0x00, 0x00, 0x00, 0x00, 0x00, 0x00, 0x00, 0x00, 0x00, 0x00, 0x00, 0x00, 0x00, 0x00,
  0x00, 0x00, 0x00, 0x00, 0x00, 0x00, 0x00, 0x00, 0x00, 0x00, 0x00, 0x00, 0x00, 0x00, 0x00, 0x00,
  0x00, 0x00, 0x00, 0x00, 0x00, 0x00, 0x00, 0x00, 0x00, 0x00, 0x00, 0x00, 0x00, 0x00, 0x00, 0x00,
  0x00, 0x00, 0x00, 0x00, 0x00, 0x00, 0x00, 0x00, 0x00, 0x00, 0x00, 0x00, 0x00, 0x00, 0x00, 0x00,
  0x00, 0x00, 0x00, 0x00, 0x00, 0x00, 0x00, 0x00, 0x00, 0x00, 0x00, 0x00, 0x00, 0x00, 0x00, 0x00,
  0x00, 0x00, 0x00, 0x00, 0x00, 0x00, 0x00, 0x00, 0xff, 0x7f, 0x7f, 0x02, 0xff, 0x00, 0x00, 0x01,
  0x00, 0x00, 0x00, 0x00, 0x00, 0x00, 0x00, 0x00, 0xff, 0xaa, 0x9f, 0x18, 0xff, 0xa9, 0x97, 0x71,
  0xff, 0xab, 0x9a, 0xcd, 0xff, 0xac, 0x9a, 0xff, 0xff, 0xab, 0x97, 0xfe, 0xff, 0xa0, 0x8d, 0xf9,
  0xff, 0x9e, 0x8b, 0xfe, 0xff, 0x9f, 0x8c, 0xff, 0xff, 0x9d, 0x8c, 0xff, 0xff, 0x9d, 0x8b, 0xff,
  0xff, 0x9d, 0x8b, 0xff, 0xff, 0x9d, 0x8c, 0xff, 0xff, 0x9d, 0x8c, 0xff, 0xff, 0x9d, 0x8c, 0xff,
  0xff, 0x9c, 0x8c, 0xff, 0xff, 0x9c, 0x8c, 0xff, 0xff, 0x9c, 0x8c, 0xff, 0xff, 0x9c, 0x8c, 0xff,
  0xff, 0x9c, 0x8c, 0xff, 0xff, 0x9b, 0x8c, 0xff, 0xff, 0x9b, 0x8c, 0xff, 0xff, 0x9b, 0x8c, 0xff,
  0xff, 0x9a, 0x8c, 0xff, 0xff, 0x9a, 0x8c, 0xff, 0xff, 0x99, 0x8c, 0xff, 0xff, 0x99, 0x8c, 0xff,
  0xff, 0x9a, 0x8c, 0xff, 0xff, 0x99, 0x8c, 0xff, 0xff, 0x98, 0x8b, 0xfe, 0xff, 0x98, 0x8c, 0xfe,
  0xff, 0x9a, 0x8e, 0xfe, 0xff, 0xa0, 0x93, 0xff, 0xff, 0xa0, 0x93, 0xef, 0xff, 0x97, 0x8e, 0xa3,
  0xff, 0x9a, 0x91, 0x38, 0xff, 0x7f, 0x7f, 0x04, 0xff, 0xff, 0xff, 0x01, 0xff, 0x7f, 0x7f, 0x02,
  0xff, 0x7f, 0x7f, 0x02, 0x00, 0x00, 0x00, 0x00, 0x00, 0x00, 0x00, 0x00, 0x00, 0x00, 0x00, 0x00,
  0x00, 0x00, 0x00, 0x00, 0x00, 0x00, 0x00, 0x00, 0x00, 0x00, 0x00, 0x00, 0x00, 0x00, 0x00, 0x00,
  0x00, 0x00, 0x00, 0x00, 0x00, 0x00, 0x00, 0x00, 0x00, 0x00, 0x00, 0x00, 0x00, 0x00, 0x00, 0x00,
  0x00, 0x00, 0x00, 0x00, 0x00, 0x00, 0x00, 0x00, 0x00, 0x00, 0x00, 0x00, 0x00, 0x00, 0x00, 0x00,
  0x00, 0x00, 0x00, 0x00, 0x00, 0x00, 0x00, 0x00, 0x00, 0x00, 0x00, 0x00, 0x00, 0x00, 0x00, 0x00,
  0x00, 0x00, 0x00, 0x00, 0x00, 0x00, 0x00, 0x00, 0x00, 0x00, 0x00, 0x00, 0x00, 0x00, 0x00, 0x00,
  0x00, 0x00, 0x00, 0x00, 0x00, 0x00, 0x00, 0x00, 0x00, 0x00, 0x00, 0x00, 0x00, 0x00, 0x00, 0x00,
  0x00, 0x00, 0x00, 0x00, 0x00, 0x00, 0x00, 0x00, 0x00, 0x00, 0x00, 0x00, 0x00, 0x00, 0x00, 0x00,
  0x00, 0x00, 0x00, 0x00, 0x00, 0x00, 0x00, 0x00, 0x00, 0x00, 0x00, 0x00, 0x00, 0x00, 0x00, 0x00,
  0x00, 0x00, 0x00, 0x00, 0x00, 0x00, 0x00, 0x00, 0x00, 0x00, 0x00, 0x00, 0x00, 0x00, 0x00, 0x00,
  0x00, 0x00, 0x00, 0x00, 0x00, 0x00, 0x00, 0x00, 0x00, 0x00, 0x00, 0x00, 0x00, 0x00, 0x00, 0x00,
  0x00, 0x00, 0x00, 0x00, 0x00, 0x00, 0x00, 0x00, 0x00, 0x00, 0x00, 0x00, 0xff, 0x99, 0x99, 0x05,
  0xff, 0x7f, 0x7f, 0x02, 0x00, 0x00, 0x00, 0x00, 0xff, 0xb3, 0xa0, 0x1b, 0xff, 0xaa, 0x98, 0x72,
  0xff, 0xa7, 0x98, 0xd5, 0xff, 0xae, 0x9c, 0xfc, 0xff, 0xa7, 0x95, 0xff, 0xff, 0xa1, 0x90, 0xfd,
  0xff, 0x9f, 0x8e, 0xfe, 0xff, 0x9d, 0x8c, 0xff, 0xff, 0x9c, 0x8c, 0xff, 0xff, 0x9b, 0x8c, 0xff,
  0xff, 0x9c, 0x8c, 0xff, 0xff, 0x9c, 0x8c, 0xff, 0xff, 0x9b, 0x8c, 0xff, 0xff, 0x9b, 0x8c, 0xff,
  0xff, 0x9b, 0x8c, 0xff, 0xff, 0x9a, 0x8c, 0xff, 0xff, 0x9a, 0x8c, 0xff, 0xff, 0x9a, 0x8c, 0xff,
  0xff, 0x9a, 0x8c, 0xff, 0xff, 0x9a, 0x8c, 0xff, 0xff, 0x99, 0x8c, 0xff, 0xff, 0x99, 0x8c, 0xff,
  0xff, 0x99, 0x8d, 0xff, 0xff, 0x99, 0x8d, 0xff, 0xff, 0x99, 0x8d, 0xff, 0xff, 0x98, 0x8d, 0xff,
  0xff, 0x98, 0x8d, 0xff, 0xff, 0x98, 0x8d, 0xff, 0xff, 0x97, 0x8d, 0xff, 0xff, 0x97, 0x8c, 0xfd,
  0xff, 0x97, 0x8d, 0xfc, 0xff, 0xa0, 0x95, 0xff, 0xff, 0x9b, 0x8f, 0xf5, 0xff, 0x9d, 0x92, 0xa2,
  0xff, 0x99, 0x91, 0x41, 0xff, 0x7f, 0x7f, 0x04, 0x00, 0x00, 0x00, 0x00, 0xff, 0x55, 0x55, 0x03,
  0x00, 0x00, 0x00, 0x00, 0x00, 0x00, 0x00, 0x00, 0x00, 0x00, 0x00, 0x00, 0x00, 0x00, 0x00, 0x00,
  0x00, 0x00, 0x00, 0x00, 0x00, 0x00, 0x00, 0x00, 0x00, 0x00, 0x00, 0x00, 0x00, 0x00, 0x00, 0x00,
  0x00, 0x00, 0x00, 0x00, 0x00, 0x00, 0x00, 0x00, 0x00, 0x00, 0x00, 0x00, 0x00, 0x00, 0x00, 0x00,
  0x00, 0x00, 0x00, 0x00, 0x00, 0x00, 0x00, 0x00, 0x00, 0x00, 0x00, 0x00, 0x00, 0x00, 0x00, 0x00,
  0x00, 0x00, 0x00, 0x00, 0x00, 0x00, 0x00, 0x00, 0x00, 0x00, 0x00, 0x00, 0x00, 0x00, 0x00, 0x00,
  0x00, 0x00, 0x00, 0x00, 0x00, 0x00, 0x00, 0x00, 0x00, 0x00, 0x00, 0x00, 0x00, 0x00, 0x00, 0x00,
  0x00, 0x00, 0x00, 0x00, 0x00, 0x00, 0x00, 0x00, 0x00, 0x00, 0x00, 0x00, 0x00, 0x00, 0x00, 0x00,
  0x00, 0x00, 0x00, 0x00, 0x00, 0x00, 0x00, 0x00, 0x00, 0x00, 0x00, 0x00, 0x00, 0x00, 0x00, 0x00,
  0x00, 0x00, 0x00, 0x00, 0x00, 0x00, 0x00, 0x00, 0x00, 0x00, 0x00, 0x00, 0x00, 0x00, 0x00, 0x00,
  0x00, 0x00, 0x00, 0x00, 0x00, 0x00, 0x00, 0x00, 0x00, 0x00, 0x00, 0x00, 0x00, 0x00, 0x00, 0x00,
  0x00, 0x00, 0x00, 0x00, 0x00, 0x00, 0x00, 0x00, 0x00, 0x00, 0x00, 0x00, 0x00, 0x00, 0x00, 0x00,
  0x00, 0x00, 0x00, 0x00, 0x00, 0x00, 0x00, 0x00, 0xff, 0x7f, 0x7f, 0x02, 0xff, 0xbf, 0xbf, 0x04,
  0x00, 0x00, 0x00, 0x00, 0x00, 0x00, 0x00, 0x00, 0xff, 0xaf, 0x9f, 0x20, 0xff, 0xa8, 0x99, 0x73,
  0xff, 0xa9, 0x99, 0xd1, 0xff, 0xa9, 0x9a, 0xff, 0xff, 0xa9, 0x98, 0xff, 0xff, 0xa0, 0x90, 0xfc,
  0xff, 0x9c, 0x8c, 0xfc, 0xff, 0x9d, 0x8e, 0xff, 0xff, 0x9c, 0x8c, 0xff, 0xff, 0x9b, 0x8c, 0xff,
  0xff, 0x9a, 0x8c, 0xff, 0xff, 0x9b, 0x8c, 0xff, 0xff, 0x9b, 0x8c, 0xff, 0xff, 0x9a, 0x8c, 0xff,
  0xff, 0x9a, 0x8c, 0xff, 0xff, 0x9a, 0x8c, 0xff, 0xff, 0x99, 0x8d, 0xff, 0xff, 0x99, 0x8d, 0xff,
  0xff, 0x99, 0x8d, 0xff, 0xff, 0x99, 0x8d, 0xff, 0xff, 0x99, 0x8d, 0xff, 0xff, 0x98, 0x8d, 0xff,
  0xff, 0x98, 0x8d, 0xff, 0xff, 0x98, 0x8d, 0xff, 0xff, 0x98, 0x8d, 0xff, 0xff, 0x98, 0x8d, 0xff,
  0xff, 0x98, 0x8d, 0xff, 0xff, 0x98, 0x8d, 0xff, 0xff, 0x97, 0x8d, 0xff, 0xff, 0x95, 0x8c, 0xfb,
  0xff, 0x99, 0x90, 0xfd, 0xff, 0x9c, 0x93, 0xff, 0xff, 0x9d, 0x93, 0xf1, 0xff, 0x99, 0x8f, 0xb0,
  0xff, 0x98, 0x90, 0x43, 0xff, 0xaa, 0xaa, 0x09, 0x00, 0x00, 0x00, 0x00, 0xff, 0x7f, 0x7f, 0x02,
  0xff, 0x7f, 0x7f, 0x04, 0x00, 0x00, 0x00, 0x00, 0x00, 0x00, 0x00, 0x00, 0x00, 0x00, 0x00, 0x00,
  0x00, 0x00, 0x00, 0x00, 0x00, 0x00, 0x00, 0x00, 0x00, 0x00, 0x00, 0x00, 0x00, 0x00, 0x00, 0x00,
  0x00, 0x00, 0x00, 0x00, 0x00, 0x00, 0x00, 0x00, 0x00, 0x00, 0x00, 0x00, 0x00, 0x00, 0x00, 0x00,
  0x00, 0x00, 0x00, 0x00, 0x00, 0x00, 0x00, 0x00, 0x00, 0x00, 0x00, 0x00, 0x00, 0x00, 0x00, 0x00,
  0x00, 0x00, 0x00, 0x00, 0x00, 0x00, 0x00, 0x00, 0x00, 0x00, 0x00, 0x00, 0x00, 0x00, 0x00, 0x00,
  0x00, 0x00, 0x00, 0x00, 0x00, 0x00, 0x00, 0x00, 0x00, 0x00, 0x00, 0x00, 0x00, 0x00, 0x00, 0x00,
  0x00, 0x00, 0x00, 0x00, 0x00, 0x00, 0x00, 0x00, 0x00, 0x00, 0x00, 0x00, 0x00, 0x00, 0x00, 0x00,
  0x00, 0x00, 0x00, 0x00, 0x00, 0x00, 0x00, 0x00, 0x00, 0x00, 0x00, 0x00, 0x00, 0x00, 0x00, 0x00,
  0x00, 0x00, 0x00, 0x00, 0x00, 0x00, 0x00, 0x00, 0x00, 0x00, 0x00, 0x00, 0x00, 0x00, 0x00, 0x00,
  0x00, 0x00, 0x00, 0x00, 0x00, 0x00, 0x00, 0x00, 0x00, 0x00, 0x00, 0x00, 0x00, 0x00, 0x00, 0x00,
  0x00, 0x00, 0x00, 0x00, 0x00, 0x00, 0x00, 0x00, 0x00, 0x00, 0x00, 0x00, 0x00, 0x00, 0x00, 0x00,
  0x00, 0x00, 0x00, 0x00, 0x00, 0x00, 0x00, 0x00, 0xff, 0x00, 0x00, 0x01, 0xff, 0xff, 0xff, 0x01,
  0x00, 0x00, 0x00, 0x00, 0xff, 0xff, 0xff, 0x01, 0xff, 0xad, 0xa3, 0x19, 0xff, 0xa9, 0x9c, 0x74,
  0xff, 0xa8, 0x9a, 0xd2, 0xff, 0xa9, 0x9a, 0xff, 0xff, 0xa5, 0x96, 0xfe, 0xff, 0x9d, 0x8e, 0xf9,
  0xff, 0x9c, 0x8e, 0xff, 0xff, 0x9c, 0x8d, 0xff, 0xff, 0x9b, 0x8d, 0xff, 0xff, 0x9a, 0x8c, 0xff,
  0xff, 0x9a, 0x8c, 0xff, 0xff, 0x9a, 0x8c, 0xff, 0xff, 0x9a, 0x8c, 0xff, 0xff, 0x9a, 0x8c, 0xff,
  0xff, 0x99, 0x8d, 0xff, 0xff, 0x99, 0x8d, 0xff, 0xff, 0x99, 0x8c, 0xff, 0xff, 0x98, 0x8d, 0xff,
  0xff, 0x98, 0x8d, 0xff, 0xff, 0x98, 0x8d, 0xff, 0xff, 0x98, 0x8d, 0xff, 0xff, 0x98, 0x8d, 0xff,
  0xff, 0x97, 0x8d, 0xff, 0xff, 0x97, 0x8d, 0xff, 0xff, 0x97, 0x8d, 0xff, 0xff, 0x97, 0x8d, 0xff,
  0xff, 0x97, 0x8d, 0xff, 0xff, 0x97, 0x8d, 0xff, 0xff, 0x96, 0x8d, 0xff, 0xff, 0x96, 0x8d, 0xff,
  0xff, 0x95, 0x8d, 0xfd, 0xff, 0x9b, 0x93, 0xff, 0xff, 0x96, 0x8e, 0xfa, 0xff, 0x97, 0x90, 0xb2,
  0xff, 0x9c, 0x92, 0x50, 0xff, 0x99, 0x99, 0x05, 0x00, 0x00, 0x00, 0x00, 0xff, 0x7f, 0x7f, 0x04,
  0xff, 0xff, 0xff, 0x01, 0x00, 0x00, 0x00, 0x00, 0x00, 0x00, 0x00, 0x00, 0x00, 0x00, 0x00, 0x00,
  0x00, 0x00, 0x00, 0x00, 0x00, 0x00, 0x00, 0x00, 0x00, 0x00, 0x00, 0x00, 0x00, 0x00, 0x00, 0x00,
  0x00, 0x00, 0x00, 0x00, 0x00, 0x00, 0x00, 0x00, 0x00, 0x00, 0x00, 0x00, 0x00, 0x00, 0x00, 0x00,
  0x00, 0x00, 0x00, 0x00, 0x00, 0x00, 0x00, 0x00, 0x00, 0x00, 0x00, 0x00, 0x00, 0x00, 0x00, 0x00,
  0x00, 0x00, 0x00, 0x00, 0x00, 0x00, 0x00, 0x00, 0x00, 0x00, 0x00, 0x00, 0x00, 0x00, 0x00, 0x00,
  0x00, 0x00, 0x00, 0x00, 0x00, 0x00, 0x00, 0x00, 0x00, 0x00, 0x00, 0x00, 0x00, 0x00, 0x00, 0x00,
  0x00, 0x00, 0x00, 0x00, 0x00, 0x00, 0x00, 0x00, 0x00, 0x00, 0x00, 0x00, 0x00, 0x00, 0x00, 0x00,
  0x00, 0x00, 0x00, 0x00, 0x00, 0x00, 0x00, 0x00, 0x00, 0x00, 0x00, 0x00, 0x00, 0x00, 0x00, 0x00,
  0x00, 0x00, 0x00, 0x00, 0x00, 0x00, 0x00, 0x00, 0x00, 0x00, 0x00, 0x00, 0x00, 0x00, 0x00, 0x00,
  0x00, 0x00, 0x00, 0x00, 0x00, 0x00, 0x00, 0x00, 0x00, 0x00, 0x00, 0x00, 0x00, 0x00, 0x00, 0x00,
  0x00, 0x00, 0x00, 0x00, 0x00, 0x00, 0x00, 0x00, 0x00, 0x00, 0x00, 0x00, 0x00, 0x00, 0x00, 0x00,
  0x00, 0x00, 0x00, 0x00, 0x00, 0x00, 0x00, 0x00, 0x00, 0x00, 0x00, 0x00, 0xff, 0xb6, 0x91, 0x07,
  0xff, 0x7f, 0x7f, 0x02, 0x00, 0x00, 0x00, 0x00, 0xff, 0xac, 0x9d, 0x22, 0xff, 0xa6, 0x99, 0x79,
  0xff, 0xa5, 0x99, 0xd8, 0xff, 0xaa, 0x9c, 0xfc, 0xff, 0xa5, 0x96, 0xff, 0xff, 0x9f, 0x91, 0xfe,
  0xff, 0x9b, 0x8e, 0xfd, 0xff, 0x9a, 0x8d, 0xff, 0xff, 0x9a, 0x8c, 0xff, 0xff, 0x99, 0x8c, 0xff,
  0xff, 0x98, 0x8d, 0xff, 0xff, 0x98, 0x8d, 0xff, 0xff, 0x99, 0x8d, 0xff, 0xff, 0x98, 0x8d, 0xff,
  0xff, 0x98, 0x8d, 0xff, 0xff, 0x98, 0x8d, 0xff, 0xff, 0x98, 0x8d, 0xff, 0xff, 0x97, 0x8d, 0xff,
  0xff, 0x96, 0x8d, 0xff, 0xff, 0x96, 0x8d, 0xff, 0xff, 0x96, 0x8d, 0xff, 0xff, 0x96, 0x8d, 0xff,
  0xff, 0x96, 0x8d, 0xff, 0xff, 0x95, 0x8d, 0xff, 0xff, 0x95, 0x8d, 0xff, 0xff, 0x95, 0x8d, 0xff,
  0xff, 0x95, 0x8e, 0xff, 0xff, 0x96, 0x8e, 0xff, 0xff, 0x95, 0x8e, 0xff, 0xff, 0x94, 0x8d, 0xfb,
  0xff, 0x96, 0x8f, 0xfc, 0xff, 0x99, 0x92, 0xff, 0xff, 0x96, 0x90, 0xf7, 0xff, 0x96, 0x91, 0xba,
  0xff, 0x96, 0x93, 0x4e, 0xff, 0x94, 0x94, 0x0c, 0x00, 0x00, 0x00, 0x00, 0xff, 0x7f, 0x7f, 0x02,
  0xff, 0xff, 0xff, 0x01, 0x00, 0x00, 0x00, 0x00, 0x00, 0x00, 0x00, 0x00, 0x00, 0x00, 0x00, 0x00,
  0x00, 0x00, 0x00, 0x00, 0x00, 0x00, 0x00, 0x00, 0x00, 0x00, 0x00, 0x00, 0x00, 0x00, 0x00, 0x00,
  0x00, 0x00, 0x00, 0x00, 0x00, 0x00, 0x00, 0x00, 0x00, 0x00, 0x00, 0x00, 0x00, 0x00, 0x00, 0x00,
  0x00, 0x00, 0x00, 0x00, 0x00, 0x00, 0x00, 0x00, 0x00, 0x00, 0x00, 0x00, 0x00, 0x00, 0x00, 0x00,
  0x00, 0x00, 0x00, 0x00, 0x00, 0x00, 0x00, 0x00, 0x00, 0x00, 0x00, 0x00, 0x00, 0x00, 0x00, 0x00,
  0x00, 0x00, 0x00, 0x00, 0x00, 0x00, 0x00, 0x00, 0x00, 0x00, 0x00, 0x00, 0x00, 0x00, 0x00, 0x00,
  0x00, 0x00, 0x00, 0x00, 0x00, 0x00, 0x00, 0x00, 0x00, 0x00, 0x00, 0x00, 0x00, 0x00, 0x00, 0x00,
  0x00, 0x00, 0x00, 0x00, 0x00, 0x00, 0x00, 0x00, 0x00, 0x00, 0x00, 0x00, 0x00, 0x00, 0x00, 0x00,
  0x00, 0x00, 0x00, 0x00, 0x00, 0x00, 0x00, 0x00, 0x00, 0x00, 0x00, 0x00, 0x00, 0x00, 0x00, 0x00,
  0x00, 0x00, 0x00, 0x00, 0x00, 0x00, 0x00, 0x00, 0x00, 0x00, 0x00, 0x00, 0x00, 0x00, 0x00, 0x00,
  0x00, 0x00, 0x00, 0x00, 0x00, 0x00, 0x00, 0x00, 0x00, 0x00, 0x00, 0x00, 0x00, 0x00, 0x00, 0x00,
  0x00, 0x00, 0x00, 0x00, 0x00, 0x00, 0x00, 0x00, 0xff, 0x7f, 0x7f, 0x02, 0xff, 0x7f, 0x7f, 0x02,
  0x00, 0x00, 0x00, 0x00, 0x00, 0x00, 0x00, 0x00, 0xff, 0xaa, 0xa2, 0x21, 0xff, 0xa4, 0x9b, 0x79,
  0xff, 0xa7, 0x9b, 0xd2, 0xff, 0xa8, 0x9c, 0xff, 0xff, 0xa5, 0x99, 0xff, 0xff, 0x9c, 0x8f, 0xfa,
  0xff, 0x9a, 0x8d, 0xfd, 0xff, 0x9b, 0x8e, 0xff, 0xff, 0x98, 0x8d, 0xff, 0xff, 0x98, 0x8c, 0xff,
  0xff, 0x98, 0x8c, 0xff, 0xff, 0x97, 0x8d, 0xff, 0xff, 0x97, 0x8d, 0xff, 0xff, 0x97, 0x8d, 0xff,
  0xff, 0x97, 0x8d, 0xff, 0xff, 0x97, 0x8d, 0xff, 0xff, 0x96, 0x8d, 0xff, 0xff, 0x96, 0x8d, 0xff,
  0xff, 0x96, 0x8d, 0xff, 0xff, 0x96, 0x8d, 0xff, 0xff, 0x96, 0x8d, 0xff, 0xff, 0x95, 0x8d, 0xff,
  0xff, 0x95, 0x8d, 0xff, 0xff, 0x95, 0x8d, 0xff, 0xff, 0x94, 0x8d, 0xff, 0xff, 0x94, 0x8d, 0xff,
  0xff, 0x94, 0x8d, 0xff, 0xff, 0x95, 0x8e, 0xff, 0xff, 0x94, 0x8d, 0xfe, 0xff, 0x93, 0x8e, 0xfd,
  0xff, 0x94, 0x8f, 0xfd, 0xff, 0x99, 0x93, 0xff, 0xff, 0x98, 0x93, 0xf8, 0xff, 0x94, 0x90, 0xbd,
  0xff, 0x97, 0x91, 0x56, 0xff, 0x9c, 0x9c, 0x0d, 0x00, 0x00, 0x00, 0x00, 0xff, 0xaa, 0x55, 0x03,
  0xff, 0x66, 0x66, 0x05, 0x00, 0x00, 0x00, 0x00, 0x00, 0x00, 0x00, 0x00, 0x00, 0x00, 0x00, 0x00,
  0x00, 0x00, 0x00, 0x00, 0x00, 0x00, 0x00, 0x00, 0x00, 0x00, 0x00, 0x00, 0x00, 0x00, 0x00, 0x00,
  0x00, 0x00, 0x00, 0x00, 0x00, 0x00, 0x00, 0x00, 0x00, 0x00, 0x00, 0x00, 0x00, 0x00, 0x00, 0x00,
  0x00, 0x00, 0x00, 0x00, 0x00, 0x00, 0x00, 0x00, 0x00, 0x00, 0x00, 0x00, 0x00, 0x00, 0x00, 0x00,
  0x00, 0x00, 0x00, 0x00, 0x00, 0x00, 0x00, 0x00, 0x00, 0x00, 0x00, 0x00, 0x00, 0x00, 0x00, 0x00,
  0x00, 0x00, 0x00, 0x00, 0x00, 0x00, 0x00, 0x00, 0x00, 0x00, 0x00, 0x00, 0x00, 0x00, 0x00, 0x00,
  0x00, 0x00, 0x00, 0x00, 0x00, 0x00, 0x00, 0x00, 0x00, 0x00, 0x00, 0x00, 0x00, 0x00, 0x00, 0x00,
  0x00, 0x00, 0x00, 0x00, 0x00, 0x00, 0x00, 0x00, 0x00, 0x00, 0x00, 0x00, 0x00, 0x00, 0x00, 0x00,
  0x00, 0x00, 0x00, 0x00, 0x00, 0x00, 0x00, 0x00, 0x00, 0x00, 0x00, 0x00, 0x00, 0x00, 0x00, 0x00,
  0x00, 0x00, 0x00, 0x00, 0x00, 0x00, 0x00, 0x00, 0x00, 0x00, 0x00, 0x00, 0x00, 0x00, 0x00, 0x00,
  0x00, 0x00, 0x00, 0x00, 0x00, 0x00, 0x00, 0x00, 0x00, 0x00, 0x00, 0x00, 0x00, 0x00, 0x00, 0x00,
  0x00, 0x00, 0x00, 0x00, 0x00, 0x00, 0x00, 0x00, 0x00, 0x00, 0x00, 0x00, 0xff, 0xaa, 0xaa, 0x03,
  0x00, 0x00, 0x00, 0x00, 0x00, 0x00, 0x00, 0x00, 0xff, 0xac, 0xa4, 0x1f, 0xff, 0xa7, 0x9d, 0x80,
  0xff, 0xa4, 0x9a, 0xdb, 0xff, 0xa6, 0x9b, 0xff, 0xff, 0xa1, 0x96, 0xff, 0xff, 0x9a, 0x8f, 0xfc,
  0xff, 0x99, 0x8f, 0xff, 0xff, 0x98, 0x8d, 0xff, 0xff, 0x98, 0x8d, 0xff, 0xff, 0x97, 0x8d, 0xff,
  0xff, 0x96, 0x8d, 0xff, 0xff, 0x96, 0x8d, 0xff, 0xff, 0x96, 0x8d, 0xff, 0xff, 0x96, 0x8d, 0xff,
  0xff, 0x96, 0x8d, 0xff, 0xff, 0x96, 0x8d, 0xff, 0xff, 0x96, 0x8d, 0xff, 0xff, 0x95, 0x8d, 0xff,
  0xff, 0x95, 0x8d, 0xff, 0xff, 0x95, 0x8d, 0xff, 0xff, 0x95, 0x8e, 0xff, 0xff, 0x95, 0x8e, 0xff,
  0xff, 0x94, 0x8e, 0xff, 0xff, 0x94, 0x8e, 0xff, 0xff, 0x94, 0x8e, 0xff, 0xff, 0x93, 0x8e, 0xff,
  0xff, 0x93, 0x8e, 0xff, 0xff, 0x93, 0x8e, 0xff, 0xff, 0x93, 0x8e, 0xff, 0xff, 0x92, 0x8d, 0xfe,
  0xff, 0x92, 0x8e, 0xfd, 0xff, 0x96, 0x92, 0xff, 0xff, 0x93, 0x8f, 0xfb, 0xff, 0x95, 0x91, 0xc2,
  0xff, 0x96, 0x94, 0x5d, 0xff, 0xaa, 0xaa, 0x03, 0x00, 0x00, 0x00, 0x00, 0xff, 0xbf, 0xbf, 0x04,
  0xff, 0x00, 0x00, 0x01, 0x00, 0x00, 0x00, 0x00, 0x00, 0x00, 0x00, 0x00, 0x00, 0x00, 0x00, 0x00,
  0x00, 0x00, 0x00, 0x00, 0x00, 0x00, 0x00, 0x00, 0x00, 0x00, 0x00, 0x00, 0x00, 0x00, 0x00, 0x00,
  0x00, 0x00, 0x00, 0x00, 0x00, 0x00, 0x00, 0x00, 0x00, 0x00, 0x00, 0x00, 0x00, 0x00, 0x00, 0x00,
  0x00, 0x00, 0x00, 0x00, 0x00, 0x00, 0x00, 0x00, 0x00, 0x00, 0x00, 0x00, 0x00, 0x00, 0x00, 0x00,
  0x00, 0x00, 0x00, 0x00, 0x00, 0x00, 0x00, 0x00, 0x00, 0x00, 0x00, 0x00, 0x00, 0x00, 0x00, 0x00,
  0x00, 0x00, 0x00, 0x00, 0x00, 0x00, 0x00, 0x00, 0x00, 0x00, 0x00, 0x00, 0x00, 0x00, 0x00, 0x00,
  0x00, 0x00, 0x00, 0x00, 0x00, 0x00, 0x00, 0x00, 0x00, 0x00, 0x00, 0x00, 0x00, 0x00, 0x00, 0x00,
  0x00, 0x00, 0x00, 0x00, 0x00, 0x00, 0x00, 0x00, 0x00, 0x00, 0x00, 0x00, 0x00, 0x00, 0x00, 0x00,
  0x00, 0x00, 0x00, 0x00, 0x00, 0x00, 0x00, 0x00, 0x00, 0x00, 0x00, 0x00, 0x00, 0x00, 0x00, 0x00,
  0x00, 0x00, 0x00, 0x00, 0x00, 0x00, 0x00, 0x00, 0x00, 0x00, 0x00, 0x00, 0x00, 0x00, 0x00, 0x00,
  0x00, 0x00, 0x00, 0x00, 0x00, 0x00, 0x00, 0x00, 0x00, 0x00, 0x00, 0x00, 0x00, 0x00, 0x00, 0x00,
  0x00, 0x00, 0x00, 0x00, 0x00, 0x00, 0x00, 0x00, 0xff, 0x7f, 0x7f, 0x02, 0xff, 0xaa, 0xaa, 0x06,
  0x00, 0x00, 0x00, 0x00, 0x00, 0x00, 0x00, 0x00, 0xff, 0xad, 0xa2, 0x2c, 0xff, 0xa4, 0x9c, 0x82,
  0xff, 0xa3, 0x9a, 0xdc, 0xff, 0xa5, 0x9b, 0xff, 0xff, 0xa2, 0x97, 0xff, 0xff, 0x9a, 0x90, 0xfe,
  0xff, 0x96, 0x8c, 0xfd, 0xff, 0x97, 0x8e, 0xff, 0xff, 0x96, 0x8d, 0xff, 0xff, 0x96, 0x8d, 0xff,
  0xff, 0x96, 0x8e, 0xff, 0xff, 0x95, 0x8e, 0xff, 0xff, 0x95, 0x8e, 0xff, 0xff, 0x95, 0x8d, 0xff,
  0xff, 0x95, 0x8d, 0xff, 0xff, 0x95, 0x8d, 0xff, 0xff, 0x95, 0x8e, 0xff, 0xff, 0x95, 0x8e, 0xff,
  0xff, 0x94, 0x8e, 0xff, 0xff, 0x94, 0x8e, 0xff, 0xff, 0x94, 0x8e, 0xff, 0xff, 0x93, 0x8e, 0xff,
  0xff, 0x93, 0x8e, 0xff, 0xff, 0x93, 0x8e, 0xff, 0xff, 0x93, 0x8e, 0xff, 0xff, 0x93, 0x8e, 0xff,
  0xff, 0x92, 0x8e, 0xff, 0xff, 0x92, 0x8e, 0xff, 0xff, 0x92, 0x8e, 0xff, 0xff, 0x90, 0x8c, 0xfc,
  0xff, 0x93, 0x8f, 0xfc, 0xff, 0x94, 0x91, 0xff, 0xff, 0x95, 0x92, 0xfd, 0xff, 0x93, 0x91, 0xc8,
  0xff, 0x96, 0x90, 0x5a, 0xff, 0x91, 0x91, 0x15, 0x00, 0x00, 0x00, 0x00, 0xff, 0xff, 0x00, 0x01,
  0xff, 0x7f, 0x7f, 0x04, 0xff, 0x00, 0x00, 0x01, 0x00, 0x00, 0x00, 0x00, 0x00, 0x00, 0x00, 0x00,
  0x00, 0x00, 0x00, 0x00, 0x00, 0x00, 0x00, 0x00, 0x00, 0x00, 0x00, 0x00, 0x00, 0x00, 0x00, 0x00,
  0x00, 0x00, 0x00, 0x00, 0x00, 0x00, 0x00, 0x00, 0x00, 0x00, 0x00, 0x00, 0x00, 0x00, 0x00, 0x00,
  0x00, 0x00, 0x00, 0x00, 0x00, 0x00, 0x00, 0x00, 0x00, 0x00, 0x00, 0x00, 0x00, 0x00, 0x00, 0x00,
  0x00, 0x00, 0x00, 0x00, 0x00, 0x00, 0x00, 0x00, 0x00, 0x00, 0x00, 0x00, 0x00, 0x00, 0x00, 0x00,
  0x00, 0x00, 0x00, 0x00, 0x00, 0x00, 0x00, 0x00, 0x00, 0x00, 0x00, 0x00, 0x00, 0x00, 0x00, 0x00,
  0x00, 0x00, 0x00, 0x00, 0x00, 0x00, 0x00, 0x00, 0x00, 0x00, 0x00, 0x00, 0x00, 0x00, 0x00, 0x00,
  0x00, 0x00, 0x00, 0x00, 0x00, 0x00, 0x00, 0x00, 0x00, 0x00, 0x00, 0x00, 0x00, 0x00, 0x00, 0x00,
  0x00, 0x00, 0x00, 0x00, 0x00, 0x00, 0x00, 0x00, 0x00, 0x00, 0x00, 0x00, 0x00, 0x00, 0x00, 0x00,
  0x00, 0x00, 0x00, 0x00, 0x00, 0x00, 0x00, 0x00, 0x00, 0x00, 0x00, 0x00, 0x00, 0x00, 0x00, 0x00,
  0x00, 0x00, 0x00, 0x00, 0x00, 0x00, 0x00, 0x00, 0x00, 0x00, 0x00, 0x00, 0x00, 0x00, 0x00, 0x00,
  0x00, 0x00, 0x00, 0x00, 0x00, 0x00, 0x00, 0x00, 0xff, 0x7f, 0x7f, 0x02, 0x00, 0x00, 0x00, 0x00,
  0x00, 0x00, 0x00, 0x00, 0xff, 0xaa, 0xaa, 0x03, 0xff, 0xa7, 0xa0, 0x23, 0xff, 0xa4, 0x9d, 0x85,
  0xff, 0xa5, 0x9b, 0xdd, 0xff, 0xa4, 0x9b, 0xff, 0xff, 0xa1, 0x97, 0xfd, 0xff, 0x96, 0x8e, 0xfa,
  0xff, 0x95, 0x8d, 0xff, 0xff, 0x96, 0x8d, 0xff, 0xff, 0x96, 0x8d, 0xff, 0xff, 0x94, 0x8d, 0xff,
  0xff, 0x94, 0x8d, 0xff, 0xff, 0x95, 0x8e, 0xff, 0xff, 0x95, 0x8e, 0xff, 0xff, 0x95, 0x8e, 0xff,
  0xff, 0x94, 0x8d, 0xff, 0xff, 0x94, 0x8d, 0xff, 0xff, 0x94, 0x8d, 0xff, 0xff, 0x94, 0x8e, 0xff,
  0xff, 0x94, 0x8e, 0xff, 0xff, 0x94, 0x8e, 0xff, 0xff, 0x94, 0x8e, 0xff, 0xff, 0x93, 0x8e, 0xff,
  0xff, 0x92, 0x8e, 0xff, 0xff, 0x92, 0x8e, 0xff, 0xff, 0x92, 0x8e, 0xff, 0xff, 0x92, 0x8e, 0xff,
  0xff, 0x92, 0x8e, 0xff, 0xff, 0x91, 0x8e, 0xff, 0xff, 0x90, 0x8e, 0xfe, 0xff, 0x90, 0x8e, 0xff,
  0xff, 0x91, 0x8e, 0xfd, 0xff, 0x96, 0x94, 0xff, 0xff, 0x92, 0x91, 0xfc, 0xff, 0x91, 0x90, 0xc9,
  0xff, 0x93, 0x91, 0x6b, 0xff, 0x94, 0x94, 0x0c, 0x00, 0x00, 0x00, 0x00, 0xff, 0x7f, 0x7f, 0x04,
  0xff, 0xbf, 0xbf, 0x04, 0x00, 0x00, 0x00, 0x00, 0x00, 0x00, 0x00, 0x00, 0x00, 0x00, 0x00, 0x00,
  0x00, 0x00, 0x00, 0x00, 0x00, 0x00, 0x00, 0x00, 0x00, 0x00, 0x00, 0x00, 0x00, 0x00, 0x00, 0x00,
  0x00, 0x00, 0x00, 0x00, 0x00, 0x00, 0x00, 0x00, 0x00, 0x00, 0x00, 0x00, 0x00, 0x00, 0x00, 0x00,
  0x00, 0x00, 0x00, 0x00, 0x00, 0x00, 0x00, 0x00, 0x00, 0x00, 0x00, 0x00, 0x00, 0x00, 0x00, 0x00,
  0x00, 0x00, 0x00, 0x00, 0x00, 0x00, 0x00, 0x00, 0x00, 0x00, 0x00, 0x00, 0x00, 0x00, 0x00, 0x00,
  0x00, 0x00, 0x00, 0x00, 0x00, 0x00, 0x00, 0x00, 0x00, 0x00, 0x00, 0x00, 0x00, 0x00, 0x00, 0x00,
  0x00, 0x00, 0x00, 0x00, 0x00, 0x00, 0x00, 0x00, 0x00, 0x00, 0x00, 0x00, 0x00, 0x00, 0x00, 0x00,
  0x00, 0x00, 0x00, 0x00, 0x00, 0x00, 0x00, 0x00, 0x00, 0x00, 0x00, 0x00, 0x00, 0x00, 0x00, 0x00,
  0x00, 0x00, 0x00, 0x00, 0x00, 0x00, 0x00, 0x00, 0x00, 0x00, 0x00, 0x00, 0x00, 0x00, 0x00, 0x00,
  0x00, 0x00, 0x00, 0x00, 0x00, 0x00, 0x00, 0x00, 0x00, 0x00, 0x00, 0x00, 0x00, 0x00, 0x00, 0x00,
  0x00, 0x00, 0x00, 0x00, 0x00, 0x00, 0x00, 0x00, 0x00, 0x00, 0x00, 0x00, 0x00, 0x00, 0x00, 0x00,
  0x00, 0x00, 0x00, 0x00, 0x00, 0x00, 0x00, 0x00, 0x00, 0x00, 0x00, 0x00, 0xff, 0x91, 0x91, 0x07,
  0xff, 0x7f, 0x7f, 0x02, 0x00, 0x00, 0x00, 0x00, 0xff, 0xa4, 0x9e, 0x2d, 0xff, 0xa2, 0x9b, 0x90,
  0xff, 0x9f, 0x99, 0xe3, 0xff, 0xa2, 0x9b, 0xfe, 0xff, 0x9e, 0x97, 0xff, 0xff, 0x98, 0x91, 0xfe,
  0xff, 0x95, 0x8e, 0xfe, 0xff, 0x94, 0x8e, 0xff, 0xff, 0x94, 0x8e, 0xff, 0xff, 0x94, 0x8e, 0xff,
  0xff, 0x93, 0x8e, 0xff, 0xff, 0x93, 0x8e, 0xff, 0xff, 0x93, 0x8e, 0xff, 0xff, 0x93, 0x8e, 0xff,
  0xff, 0x93, 0x8e, 0xff, 0xff, 0x93, 0x8e, 0xff, 0xff, 0x93, 0x8e, 0xff, 0xff, 0x92, 0x8e, 0xff,
  0xff, 0x92, 0x8e, 0xff, 0xff, 0x92, 0x8e, 0xff, 0xff, 0x92, 0x8e, 0xff, 0xff, 0x92, 0x8e, 0xff,
  0xff, 0x91, 0x8e, 0xff, 0xff, 0x91, 0x8e, 0xff, 0xff, 0x91, 0x8e, 0xff, 0xff, 0x90, 0x8e, 0xff,
  0xff, 0x90, 0x8f, 0xff, 0xff, 0x90, 0x8f, 0xff, 0xff, 0x90, 0x8f, 0xff, 0xff, 0x90, 0x8f, 0xfd,
  0xff, 0x8f, 0x8e, 0xfd, 0xff, 0x92, 0x91, 0xfd, 0xff, 0x90, 0x90, 0xfe, 0xff, 0x90, 0x91, 0xd2,
  0xff, 0x8f, 0x92, 0x65, 0xff, 0x89, 0x89, 0x0d, 0x00, 0x00, 0x00, 0x00, 0xff, 0x7f, 0x7f, 0x02,
  0x00, 0x00, 0x00, 0x00, 0xff, 0x00, 0x00, 0x01, 0x00, 0x00, 0x00, 0x00, 0x00, 0x00, 0x00, 0x00,
  0x00, 0x00, 0x00, 0x00, 0x00, 0x00, 0x00, 0x00, 0x00, 0x00, 0x00, 0x00, 0x00, 0x00, 0x00, 0x00,
  0x00, 0x00, 0x00, 0x00, 0x00, 0x00, 0x00, 0x00, 0x00, 0x00, 0x00, 0x00, 0x00, 0x00, 0x00, 0x00,
  0x00, 0x00, 0x00, 0x00, 0x00, 0x00, 0x00, 0x00, 0x00, 0x00, 0x00, 0x00, 0x00, 0x00, 0x00, 0x00,
  0x00, 0x00, 0x00, 0x00, 0x00, 0x00, 0x00, 0x00, 0x00, 0x00, 0x00, 0x00, 0x00, 0x00, 0x00, 0x00,
  0x00, 0x00, 0x00, 0x00, 0x00, 0x00, 0x00, 0x00, 0x00, 0x00, 0x00, 0x00, 0x00, 0x00, 0x00, 0x00,
  0x00, 0x00, 0x00, 0x00, 0x00, 0x00, 0x00, 0x00, 0x00, 0x00, 0x00, 0x00, 0x00, 0x00, 0x00, 0x00,
  0x00, 0x00, 0x00, 0x00, 0x00, 0x00, 0x00, 0x00, 0x00, 0x00, 0x00, 0x00, 0x00, 0x00, 0x00, 0x00,
  0x00, 0x00, 0x00, 0x00, 0x00, 0x00, 0x00, 0x00, 0x00, 0x00, 0x00, 0x00, 0x00, 0x00, 0x00, 0x00,
  0x00, 0x00, 0x00, 0x00, 0x00, 0x00, 0x00, 0x00, 0x00, 0x00, 0x00, 0x00, 0x00, 0x00, 0x00, 0x00,
  0x00, 0x00, 0x00, 0x00, 0x00, 0x00, 0x00, 0x00, 0x00, 0x00, 0x00, 0x00, 0x00, 0x00, 0x00, 0x00,
  0x00, 0x00, 0x00, 0x00, 0x00, 0x00, 0x00, 0x00, 0xff, 0xaa, 0xaa, 0x03, 0xff, 0xaa, 0xaa, 0x03,
  0x00, 0x00, 0x00, 0x00, 0x00, 0x00, 0x00, 0x00, 0xff, 0xa6, 0xa1, 0x34, 0xff, 0xa1, 0x9c, 0x8e,
  0xff, 0xa1, 0x9b, 0xe3, 0xff, 0xa2, 0x9d, 0xff, 0xff, 0x9d, 0x98, 0xff, 0xff, 0x97, 0x91, 0xfc,
  0xff, 0x94, 0x8e, 0xfd, 0xff, 0x94, 0x8f, 0xff, 0xff, 0x93, 0x8e, 0xff, 0xff, 0x93, 0x8e, 0xff,
  0xff, 0x93, 0x8e, 0xff, 0xff, 0x93, 0x8e, 0xff, 0xff, 0x93, 0x8e, 0xff, 0xff, 0x92, 0x8e, 0xff,
  0xff, 0x92, 0x8e, 0xff, 0xff, 0x92, 0x8e, 0xff, 0xff, 0x92, 0x8e, 0xff, 0xff, 0x92, 0x8e, 0xff,
  0xff, 0x91, 0x8e, 0xff, 0xff, 0x91, 0x8e, 0xff, 0xff, 0x91, 0x8e, 0xff, 0xff, 0x91, 0x8e, 0xff,
  0xff, 0x91, 0x8e, 0xff, 0xff, 0x90, 0x8e, 0xff, 0xff, 0x90, 0x8e, 0xff, 0xff, 0x90, 0x8e, 0xff,
  0xff, 0x8f, 0x8e, 0xff, 0xff, 0x8f, 0x8f, 0xff, 0xff, 0x8f, 0x8f, 0xff, 0xff, 0x8f, 0x8f, 0xfd,
  0xff, 0x8f, 0x90, 0xfc, 0xff, 0x91, 0x91, 0xff, 0xff, 0x92, 0x94, 0xff, 0xff, 0x90, 0x91, 0xcf,
  0xff, 0x90, 0x93, 0x68, 0xff, 0x89, 0x93, 0x1a, 0x00, 0x00, 0x00, 0x00, 0xff, 0xff, 0xff, 0x01,
  0xff, 0x7f, 0x7f, 0x06, 0x00, 0x00, 0x00, 0x00, 0x00, 0x00, 0x00, 0x00, 0x00, 0x00, 0x00, 0x00,
  0x00, 0x00, 0x00, 0x00, 0x00, 0x00, 0x00, 0x00, 0x00, 0x00, 0x00, 0x00, 0x00, 0x00, 0x00, 0x00,
  0x00, 0x00, 0x00, 0x00, 0x00, 0x00, 0x00, 0x00, 0x00, 0x00, 0x00, 0x00, 0x00, 0x00, 0x00, 0x00,
  0x00, 0x00, 0x00, 0x00, 0x00, 0x00, 0x00, 0x00, 0x00, 0x00, 0x00, 0x00, 0x00, 0x00, 0x00, 0x00,
  0x00, 0x00, 0x00, 0x00, 0x00, 0x00, 0x00, 0x00, 0x00, 0x00, 0x00, 0x00, 0x00, 0x00, 0x00, 0x00,
  0x00, 0x00, 0x00, 0x00, 0x00, 0x00, 0x00, 0x00, 0x00, 0x00, 0x00, 0x00, 0x00, 0x00, 0x00, 0x00,
  0x00, 0x00, 0x00, 0x00, 0x00, 0x00, 0x00, 0x00, 0x00, 0x00, 0x00, 0x00, 0x00, 0x00, 0x00, 0x00,
  0x00, 0x00, 0x00, 0x00, 0x00, 0x00, 0x00, 0x00, 0x00, 0x00, 0x00, 0x00, 0x00, 0x00, 0x00, 0x00,
  0x00, 0x00, 0x00, 0x00, 0x00, 0x00, 0x00, 0x00, 0x00, 0x00, 0x00, 0x00, 0x00, 0x00, 0x00, 0x00,
  0x00, 0x00, 0x00, 0x00, 0x00, 0x00, 0x00, 0x00, 0x00, 0x00, 0x00, 0x00, 0x00, 0x00, 0x00, 0x00,
  0x00, 0x00, 0x00, 0x00, 0x00, 0x00, 0x00, 0x00, 0x00, 0x00, 0x00, 0x00, 0x00, 0x00, 0x00, 0x00,
  0x00, 0x00, 0x00, 0x00, 0x00, 0x00, 0x00, 0x00, 0x00, 0x00, 0x00, 0x00, 0xff, 0x7f, 0x7f, 0x02,
  0x00, 0x00, 0x00, 0x00, 0xff, 0xaa, 0xaa, 0x03, 0xff, 0xa6, 0xa0, 0x2b, 0xff, 0xa2, 0x9d, 0x9a,
  0xff, 0xa0, 0x9a, 0xe9, 0xff, 0x9f, 0x99, 0xff, 0xff, 0x9b, 0x97, 0xfd, 0xff, 0x95, 0x91, 0xfb,
  0xff, 0x94, 0x8f, 0xff, 0xff, 0x93, 0x8e, 0xff, 0xff, 0x92, 0x8e, 0xff, 0xff, 0x92, 0x8e, 0xff,
  0xff, 0x92, 0x8e, 0xff, 0xff, 0x92, 0x8e, 0xff, 0xff, 0x92, 0x8e, 0xff, 0xff, 0x92, 0x8e, 0xff,
  0xff, 0x91, 0x8e, 0xff, 0xff, 0x91, 0x8e, 0xff, 0xff, 0x91, 0x8e, 0xff, 0xff, 0x91, 0x8e, 0xff,
  0xff, 0x91, 0x8e, 0xff, 0xff, 0x90, 0x8e, 0xff, 0xff, 0x90, 0x8e, 0xff, 0xff, 0x90, 0x8e, 0xff,
  0xff, 0x8f, 0x8f, 0xff, 0xff, 0x8f, 0x8f, 0xff, 0xff, 0x8f, 0x8f, 0xff, 0xff, 0x8f, 0x8f, 0xff,
  0xff, 0x8f, 0x8f, 0xff, 0xff, 0x8e, 0x8f, 0xff, 0xff, 0x8e, 0x8f, 0xff, 0xff, 0x8e, 0x8f, 0xff,
  0xff, 0x8d, 0x8e, 0xfe, 0xff, 0x91, 0x93, 0xff, 0xff, 0x8d, 0x90, 0xfe, 0xff, 0x8e, 0x92, 0xd5,
  0xff, 0x8e, 0x92, 0x76, 0xff, 0x8d, 0x8d, 0x09, 0x00, 0x00, 0x00, 0x00, 0xff, 0x99, 0x99, 0x05,
  0xff, 0xff, 0xff, 0x01, 0x00, 0x00, 0x00, 0x00, 0x00, 0x00, 0x00, 0x00, 0x00, 0x00, 0x00, 0x00,
  0x00, 0x00, 0x00, 0x00, 0x00, 0x00, 0x00, 0x00, 0x00, 0x00, 0x00, 0x00, 0x00, 0x00, 0x00, 0x00,
  0x00, 0x00, 0x00, 0x00, 0x00, 0x00, 0x00, 0x00, 0x00, 0x00, 0x00, 0x00, 0x00, 0x00, 0x00, 0x00,
  0x00, 0x00, 0x00, 0x00, 0x00, 0x00, 0x00, 0x00, 0x00, 0x00, 0x00, 0x00, 0x00, 0x00, 0x00, 0x00,
  0x00, 0x00, 0x00, 0x00, 0x00, 0x00, 0x00, 0x00, 0x00, 0x00, 0x00, 0x00, 0x00, 0x00, 0x00, 0x00,
  0x00, 0x00, 0x00, 0x00, 0x00, 0x00, 0x00, 0x00, 0x00, 0x00, 0x00, 0x00, 0x00, 0x00, 0x00, 0x00,
  0x00, 0x00, 0x00, 0x00, 0x00, 0x00, 0x00, 0x00, 0x00, 0x00, 0x00, 0x00, 0x00, 0x00, 0x00, 0x00,
  0x00, 0x00, 0x00, 0x00, 0x00, 0x00, 0x00, 0x00, 0x00, 0x00, 0x00, 0x00, 0x00, 0x00, 0x00, 0x00,
  0x00, 0x00, 0x00, 0x00, 0x00, 0x00, 0x00, 0x00, 0x00, 0x00, 0x00, 0x00, 0x00, 0x00, 0x00, 0x00,
  0x00, 0x00, 0x00, 0x00, 0x00, 0x00, 0x00, 0x00, 0x00, 0x00, 0x00, 0x00, 0x00, 0x00, 0x00, 0x00,
  0x00, 0x00, 0x00, 0x00, 0x00, 0x00, 0x00, 0x00, 0x00, 0x00, 0x00, 0x00, 0x00, 0x00, 0x00, 0x00,
  0x00, 0x00, 0x00, 0x00, 0x00, 0x00, 0x00, 0x00, 0xff, 0xff, 0xff, 0x01, 0xff, 0xbf, 0xbf, 0x08,
  0x00, 0x00, 0x00, 0x00, 0x00, 0x00, 0x00, 0x00, 0xff, 0xa1, 0xa1, 0x3f, 0xff, 0xa1, 0x9c, 0x9e,
  0xff, 0x9e, 0x9b, 0xe9, 0xff, 0xa0, 0x9c, 0xff, 0xff, 0x9b, 0x96, 0xff, 0xff, 0x95, 0x91, 0xfe,
  0xff, 0x92, 0x8e, 0xfd, 0xff, 0x91, 0x8e, 0xff, 0xff, 0x91, 0x8e, 0xff, 0xff, 0x90, 0x8e, 0xff,
  0xff, 0x91, 0x8e, 0xff, 0xff, 0x91, 0x8e, 0xff, 0xff, 0x91, 0x8f, 0xff, 0xff, 0x90, 0x8f, 0xff,
  0xff, 0x90, 0x8f, 0xff, 0xff, 0x90, 0x8f, 0xff, 0xff, 0x90, 0x8f, 0xff, 0xff, 0x90, 0x8f, 0xff,
  0xff, 0x8f, 0x8f, 0xff, 0xff, 0x8f, 0x8f, 0xff, 0xff, 0x8f, 0x8f, 0xff, 0xff, 0x8e, 0x8f, 0xff,
  0xff, 0x8e, 0x8f, 0xff, 0xff, 0x8e, 0x8f, 0xff, 0xff, 0x8e, 0x8f, 0xff, 0xff, 0x8e, 0x8f, 0xff,
  0xff, 0x8e, 0x8f, 0xff, 0xff, 0x8e, 0x8f, 0xff, 0xff, 0x8d, 0x8f, 0xff, 0xff, 0x8c, 0x8f, 0xfd,
  0xff, 0x8d, 0x8f, 0xfc, 0xff, 0x8d, 0x8f, 0xfd, 0xff, 0x90, 0x93, 0xff, 0xff, 0x8e, 0x92, 0xda,
  0xff, 0x8f, 0x94, 0x69, 0xff, 0x8e, 0x99, 0x19, 0x00, 0x00, 0x00, 0x00, 0x00, 0x00, 0x00, 0x00,
  0xff, 0x7f, 0x7f, 0x02, 0xff, 0xff, 0xff, 0x01, 0x00, 0x00, 0x00, 0x00, 0x00, 0x00, 0x00, 0x00,
  0x00, 0x00, 0x00, 0x00, 0x00, 0x00, 0x00, 0x00, 0x00, 0x00, 0x00, 0x00, 0x00, 0x00, 0x00, 0x00,
  0x00, 0x00, 0x00, 0x00, 0x00, 0x00, 0x00, 0x00, 0x00, 0x00, 0x00, 0x00, 0x00, 0x00, 0x00, 0x00,
  0x00, 0x00, 0x00, 0x00, 0x00, 0x00, 0x00, 0x00, 0x00, 0x00, 0x00, 0x00, 0x00, 0x00, 0x00, 0x00,
  0x00, 0x00, 0x00, 0x00, 0x00, 0x00, 0x00, 0x00, 0x00, 0x00, 0x00, 0x00, 0x00, 0x00, 0x00, 0x00,
  0x00, 0x00, 0x00, 0x00, 0x00, 0x00, 0x00, 0x00, 0x00, 0x00, 0x00, 0x00, 0x00, 0x00, 0x00, 0x00,
  0x00, 0x00, 0x00, 0x00, 0x00, 0x00, 0x00, 0x00, 0x00, 0x00, 0x00, 0x00, 0x00, 0x00, 0x00, 0x00,
  0x00, 0x00, 0x00, 0x00, 0x00, 0x00, 0x00, 0x00, 0x00, 0x00, 0x00, 0x00, 0x00, 0x00, 0x00, 0x00,
  0x00, 0x00, 0x00, 0x00, 0x00, 0x00, 0x00, 0x00, 0x00, 0x00, 0x00, 0x00, 0x00, 0x00, 0x00, 0x00,
  0x00, 0x00, 0x00, 0x00, 0x00, 0x00, 0x00, 0x00, 0x00, 0x00, 0x00, 0x00, 0x00, 0x00, 0x00, 0x00,
  0x00, 0x00, 0x00, 0x00, 0x00, 0x00, 0x00, 0x00, 0x00, 0x00, 0x00, 0x00, 0x00, 0x00, 0x00, 0x00,
  0x00, 0x00, 0x00, 0x00, 0x00, 0x00, 0x00, 0x00, 0xff, 0xaa, 0xaa, 0x03, 0x00, 0x00, 0x00, 0x00,
  0x00, 0x00, 0x00, 0x00, 0xff, 0xaa, 0xaa, 0x06, 0xff, 0xa0, 0xa0, 0x36, 0xff, 0x9f, 0x9e, 0x9e,
  0xff, 0x9e, 0x9b, 0xf0, 0xff, 0x9f, 0x9c, 0xff, 0xff, 0x99, 0x96, 0xfd, 0xff, 0x93, 0x90, 0xfb,
  0xff, 0x91, 0x8e, 0xfe, 0xff, 0x91, 0x8e, 0xff, 0xff, 0x90, 0x8e, 0xff, 0xff, 0x90, 0x8e, 0xff,
  0xff, 0x90, 0x8e, 0xff, 0xff, 0x8f, 0x8e, 0xff, 0xff, 0x8f, 0x8e, 0xff, 0xff, 0x8f, 0x8f, 0xff,
  0xff, 0x8e, 0x8f, 0xff, 0xff, 0x8e, 0x8f, 0xff, 0xff, 0x8e, 0x8f, 0xff, 0xff, 0x8e, 0x8f, 0xff,
  0xff, 0x8e, 0x8f, 0xff, 0xff, 0x8e, 0x8f, 0xff, 0xff, 0x8e, 0x8f, 0xff, 0xff, 0x8d, 0x8f, 0xff,
  0xff, 0x8d, 0x8f, 0xff, 0xff, 0x8d, 0x8f, 0xff, 0xff, 0x8c, 0x8f, 0xff, 0xff, 0x8c, 0x8f, 0xff,
  0xff, 0x8c, 0x8f, 0xff, 0xff, 0x8c, 0x8f, 0xff, 0xff, 0x8c, 0x8f, 0xff, 0xff, 0x8b, 0x8f, 0xfe,
  0xff, 0x8b, 0x90, 0xfd, 0xff, 0x8f, 0x93, 0xff, 0xff, 0x8f, 0x93, 0xff, 0xff, 0x8d, 0x90, 0xd5,
  0xff, 0x8f, 0x93, 0x79, 0xff, 0x8a, 0x94, 0x18, 0x00, 0x00, 0x00, 0x00, 0xff, 0xaa, 0xaa, 0x03,
  0xff, 0x99, 0x99, 0x05, 0x00, 0x00, 0x00, 0x00, 0x00, 0x00, 0x00, 0x00, 0x00, 0x00, 0x00, 0x00,
  0x00, 0x00, 0x00, 0x00, 0x00, 0x00, 0x00, 0x00, 0x00, 0x00, 0x00, 0x00, 0x00, 0x00, 0x00, 0x00,
  0x00, 0x00, 0x00, 0x00, 0x00, 0x00, 0x00, 0x00, 0x00, 0x00, 0x00, 0x00, 0x00, 0x00, 0x00, 0x00,
  0x00, 0x00, 0x00, 0x00, 0x00, 0x00, 0x00, 0x00, 0x00, 0x00, 0x00, 0x00, 0x00, 0x00, 0x00, 0x00,
  0x00, 0x00, 0x00, 0x00, 0x00, 0x00, 0x00, 0x00, 0x00, 0x00, 0x00, 0x00, 0x00, 0x00, 0x00, 0x00,
  0x00, 0x00, 0x00, 0x00, 0x00, 0x00, 0x00, 0x00, 0x00, 0x00, 0x00, 0x00, 0x00, 0x00, 0x00, 0x00,
  0x00, 0x00, 0x00, 0x00, 0x00, 0x00, 0x00, 0x00, 0x00, 0x00, 0x00, 0x00, 0x00, 0x00, 0x00, 0x00,
  0x00, 0x00, 0x00, 0x00, 0x00, 0x00, 0x00, 0x00, 0x00, 0x00, 0x00, 0x00, 0x00, 0x00, 0x00, 0x00,
  0x00, 0x00, 0x00, 0x00, 0x00, 0x00, 0x00, 0x00, 0x00, 0x00, 0x00, 0x00, 0x00, 0x00, 0x00, 0x00,
  0x00, 0x00, 0x00, 0x00, 0x00, 0x00, 0x00, 0x00, 0x00, 0x00, 0x00, 0x00, 0x00, 0x00, 0x00, 0x00,
  0x00, 0x00, 0x00, 0x00, 0x00, 0x00, 0x00, 0x00, 0x00, 0x00, 0x00, 0x00, 0x00, 0x00, 0x00, 0x00,
  0x00, 0x00, 0x00, 0x00, 0x00, 0x00, 0x00, 0x00, 0x00, 0x00, 0x00, 0x00, 0xff, 0x99, 0x99, 0x05,
  0xff, 0x00, 0x00, 0x01, 0x00, 0x00, 0x00, 0x00, 0xff, 0x9e, 0xa3, 0x3d, 0xff, 0xa0, 0x9e, 0xaf,
  0xff, 0x9d, 0x9a, 0xf1, 0xff, 0x9c, 0x98, 0xff, 0xff, 0x98, 0x96, 0xff, 0xff, 0x94, 0x92, 0xfd,
  0xff, 0x91, 0x90, 0xff, 0xff, 0x8f, 0x8f, 0xff, 0xff, 0x8f, 0x8f, 0xff, 0xff, 0x8f, 0x8f, 0xff,
  0xff, 0x8f, 0x8f, 0xff, 0xff, 0x8f, 0x8f, 0xff, 0xff, 0x8e, 0x8f, 0xff, 0xff, 0x8e, 0x8f, 0xff,
  0xff, 0x8e, 0x8f, 0xff, 0xff, 0x8d, 0x8f, 0xff, 0xff, 0x8d, 0x8f, 0xff, 0xff, 0x8d, 0x8f, 0xff,
  0xff, 0x8d, 0x8f, 0xff, 0xff, 0x8d, 0x8f, 0xff, 0xff, 0x8d, 0x8f, 0xff, 0xff, 0x8d, 0x8f, 0xff,
  0xff, 0x8c, 0x8f, 0xff, 0xff, 0x8c, 0x8f, 0xff, 0xff, 0x8c, 0x8f, 0xff, 0xff, 0x8b, 0x90, 0xff,
  0xff, 0x8b, 0x90, 0xff, 0xff, 0x8b, 0x8f, 0xff, 0xff, 0x8b, 0x90, 0xff, 0xff, 0x8a, 0x90, 0xfe,
  0xff, 0x8a, 0x90, 0xfe, 0xff, 0x8a, 0x91, 0xfe, 0xff, 0x8c, 0x92, 0xff, 0xff, 0x8d, 0x92, 0xe0,
  0xff, 0x8c, 0x92, 0x78, 0xff, 0x7f, 0x94, 0x0c, 0x00, 0x00, 0x00, 0x00, 0xff, 0xaa, 0xaa, 0x03,
  0x00, 0x00, 0x00, 0x00, 0x00, 0x00, 0x00, 0x00, 0x00, 0x00, 0x00, 0x00, 0x00, 0x00, 0x00, 0x00,
  0x00, 0x00, 0x00, 0x00, 0x00, 0x00, 0x00, 0x00, 0x00, 0x00, 0x00, 0x00, 0x00, 0x00, 0x00, 0x00,
  0x00, 0x00, 0x00, 0x00, 0x00, 0x00, 0x00, 0x00, 0x00, 0x00, 0x00, 0x00, 0x00, 0x00, 0x00, 0x00,
  0x00, 0x00, 0x00, 0x00, 0x00, 0x00, 0x00, 0x00, 0x00, 0x00, 0x00, 0x00, 0x00, 0x00, 0x00, 0x00,
  0x00, 0x00, 0x00, 0x00, 0x00, 0x00, 0x00, 0x00, 0x00, 0x00, 0x00, 0x00, 0x00, 0x00, 0x00, 0x00,
  0x00, 0x00, 0x00, 0x00, 0x00, 0x00, 0x00, 0x00, 0x00, 0x00, 0x00, 0x00, 0x00, 0x00, 0x00, 0x00,
  0x00, 0x00, 0x00, 0x00, 0x00, 0x00, 0x00, 0x00, 0x00, 0x00, 0x00, 0x00, 0x00, 0x00, 0x00, 0x00,
  0x00, 0x00, 0x00, 0x00, 0x00, 0x00, 0x00, 0x00, 0x00, 0x00, 0x00, 0x00, 0x00, 0x00, 0x00, 0x00,
  0x00, 0x00, 0x00, 0x00, 0x00, 0x00, 0x00, 0x00, 0x00, 0x00, 0x00, 0x00, 0x00, 0x00, 0x00, 0x00,
  0x00, 0x00, 0x00, 0x00, 0x00, 0x00, 0x00, 0x00, 0x00, 0x00, 0x00, 0x00, 0x00, 0x00, 0x00, 0x00,
  0x00, 0x00, 0x00, 0x00, 0x00, 0x00, 0x00, 0x00, 0x00, 0x00, 0x00, 0x00, 0x00, 0x00, 0x00, 0x00,
  0x00, 0x00, 0x00, 0x00, 0x00, 0x00, 0x00, 0x00, 0xff, 0xaa, 0xaa, 0x03, 0xff, 0x99, 0x99, 0x05,
  0x00, 0x00, 0x00, 0x00, 0x00, 0x00, 0x00, 0x00, 0xff, 0xa0, 0xa0, 0x4e, 0xff, 0x9e, 0x9c, 0xab,
  0xff, 0x9c, 0x9b, 0xf3, 0xff, 0x9f, 0x9d, 0xff, 0xff, 0x95, 0x95, 0xff, 0xff, 0x92, 0x92, 0xfd,
  0xff, 0x90, 0x8f, 0xfd, 0xff, 0x8f, 0x90, 0xff, 0xff, 0x8e, 0x8f, 0xff, 0xff, 0x8e, 0x8f, 0xff,
  0xff, 0x8e, 0x8f, 0xff, 0xff, 0x8e, 0x8f, 0xff, 0xff, 0x8e, 0x8f, 0xff, 0xff, 0x8e, 0x8f, 0xff,
  0xff, 0x8e, 0x8f, 0xff, 0xff, 0x8d, 0x8f, 0xff, 0xff, 0x8c, 0x90, 0xff, 0xff, 0x8c, 0x90, 0xff,
  0xff, 0x8c, 0x90, 0xff, 0xff, 0x8c, 0x90, 0xff, 0xff, 0x8c, 0x90, 0xff, 0xff, 0x8c, 0x90, 0xff,
  0xff, 0x8c, 0x90, 0xff, 0xff, 0x8b, 0x90, 0xff, 0xff, 0x8b, 0x90, 0xff, 0xff, 0x8b, 0x90, 0xff,
  0xff, 0x8b, 0x90, 0xff, 0xff, 0x8b, 0x90, 0xff, 0xff, 0x8a, 0x8f, 0xff, 0xff, 0x8a, 0x90, 0xfd,
  0xff, 0x8a, 0x91, 0xfc, 0xff, 0x8a, 0x90, 0xff, 0xff, 0x8f, 0x97, 0xff, 0xff, 0x8c, 0x93, 0xde,
  0xff, 0x8d, 0x92, 0x73, 0xff, 0x8b, 0x92, 0x21, 0x00, 0x00, 0x00, 0x00, 0x00, 0x00, 0x00, 0x00,
  0xff, 0x99, 0x99, 0x05, 0x00, 0x00, 0x00, 0x00, 0x00, 0x00, 0x00, 0x00, 0x00, 0x00, 0x00, 0x00,
  0x00, 0x00, 0x00, 0x00, 0x00, 0x00, 0x00, 0x00, 0x00, 0x00, 0x00, 0x00, 0x00, 0x00, 0x00, 0x00,
  0x00, 0x00, 0x00, 0x00, 0x00, 0x00, 0x00, 0x00, 0x00, 0x00, 0x00, 0x00, 0x00, 0x00, 0x00, 0x00,
  0x00, 0x00, 0x00, 0x00, 0x00, 0x00, 0x00, 0x00, 0x00, 0x00, 0x00, 0x00, 0x00, 0x00, 0x00, 0x00,
  0x00, 0x00, 0x00, 0x00, 0x00, 0x00, 0x00, 0x00, 0x00, 0x00, 0x00, 0x00, 0x00, 0x00, 0x00, 0x00,
  0x00, 0x00, 0x00, 0x00, 0x00, 0x00, 0x00, 0x00, 0x00, 0x00, 0x00, 0x00, 0x00, 0x00, 0x00, 0x00,
  0x00, 0x00, 0x00, 0x00, 0x00, 0x00, 0x00, 0x00, 0x00, 0x00, 0x00, 0x00, 0x00, 0x00, 0x00, 0x00,
  0x00, 0x00, 0x00, 0x00, 0x00, 0x00, 0x00, 0x00, 0x00, 0x00, 0x00, 0x00, 0x00, 0x00, 0x00, 0x00,
  0x00, 0x00, 0x00, 0x00, 0x00, 0x00, 0x00, 0x00, 0x00, 0x00, 0x00, 0x00, 0x00, 0x00, 0x00, 0x00,
  0x00, 0x00, 0x00, 0x00, 0x00, 0x00, 0x00, 0x00, 0x00, 0x00, 0x00, 0x00, 0x00, 0x00, 0x00, 0x00,
  0x00, 0x00, 0x00, 0x00, 0x00, 0x00, 0x00, 0x00, 0x00, 0x00, 0x00, 0x00, 0x00, 0x00, 0x00, 0x00,
  0x00, 0x00, 0x00, 0x00, 0x00, 0x00, 0x00, 0x00, 0xff, 0x7f, 0x7f, 0x02, 0x00, 0x00, 0x00, 0x00,
  0x00, 0x00, 0x00, 0x00, 0xff, 0xa2, 0xa2, 0x0b, 0xff, 0xa0, 0xa0, 0x41, 0xff, 0x9c, 0x9c, 0xb8,
  0xff, 0x9b, 0x9a, 0xfc, 0xff, 0x98, 0x98, 0xff, 0xff, 0x95, 0x94, 0xfc, 0xff, 0x8f, 0x91, 0xfc,
  0xff, 0x8e, 0x8f, 0xff, 0xff, 0x8e, 0x8f, 0xff, 0xff, 0x8e, 0x8f, 0xff, 0xff, 0x8d, 0x8f, 0xff,
  0xff, 0x8d, 0x8f, 0xff, 0xff, 0x8d, 0x8f, 0xff, 0xff, 0x8d, 0x8f, 0xff, 0xff, 0x8d, 0x8f, 0xff,
  0xff, 0x8d, 0x8f, 0xff, 0xff, 0x8d, 0x8f, 0xff, 0xff, 0x8c, 0x8f, 0xff, 0xff, 0x8b, 0x90, 0xff,
  0xff, 0x8b, 0x90, 0xff, 0xff, 0x8b, 0x90, 0xff, 0xff, 0x8b, 0x90, 0xff, 0xff, 0x8b, 0x90, 0xff,
  0xff, 0x8b, 0x90, 0xff, 0xff, 0x8b, 0x90, 0xff, 0xff, 0x8a, 0x90, 0xff, 0xff, 0x8a, 0x90, 0xff,
  0xff, 0x8a, 0x90, 0xff, 0xff, 0x8a, 0x90, 0xff, 0xff, 0x89, 0x90, 0xff, 0xff, 0x89, 0x90, 0xff,
  0xff, 0x88, 0x90, 0xfe, 0xff, 0x8d, 0x95, 0xff, 0xff, 0x8b, 0x93, 0xff, 0xff, 0x8b, 0x92, 0xdf,
  0xff, 0x8a, 0x94, 0x86, 0xff, 0x8c, 0x99, 0x14, 0x00, 0x00, 0x00, 0x00, 0xff, 0xaa, 0xaa, 0x06,
  0xff, 0x7f, 0x7f, 0x04, 0xff, 0x00, 0x00, 0x01, 0xff, 0x00, 0xff, 0x01, 0xff, 0x00, 0xff, 0x01,
  0xff, 0x00, 0xff, 0x01, 0xff, 0x00, 0xff, 0x01, 0xff, 0x00, 0xff, 0x01, 0xff, 0x00, 0xff, 0x01,
  0xff, 0x00, 0xff, 0x01, 0xff, 0x00, 0xff, 0x01, 0xff, 0x00, 0xff, 0x01, 0xff, 0x00, 0xff, 0x01,
  0xff, 0x00, 0xff, 0x01, 0xff, 0x00, 0xff, 0x01, 0xff, 0x00, 0xff, 0x01, 0xff, 0x00, 0xff, 0x01,
  0xff, 0x00, 0xff, 0x01, 0xff, 0x00, 0xff, 0x01, 0xff, 0x00, 0x00, 0x01, 0xff, 0x00, 0x00, 0x01,
  0x00, 0x00, 0x00, 0x00, 0x00, 0x00, 0x00, 0x00, 0x00, 0x00, 0x00, 0x00, 0x00, 0x00, 0x00, 0x00,
  0x00, 0x00, 0x00, 0x00, 0x00, 0x00, 0x00, 0x00, 0x00, 0x00, 0x00, 0x00, 0x00, 0x00, 0x00, 0x00,
  0x00, 0x00, 0x00, 0x00, 0x00, 0x00, 0x00, 0x00, 0x00, 0x00, 0x00, 0x00, 0x00, 0x00, 0x00, 0x00,
  0x00, 0x00, 0x00, 0x00, 0x00, 0x00, 0x00, 0x00, 0x00, 0x00, 0x00, 0x00, 0x00, 0x00, 0x00, 0x00,
  0x00, 0x00, 0x00, 0x00, 0x00, 0x00, 0x00, 0x00, 0x00, 0x00, 0x00, 0x00, 0x00, 0x00, 0x00, 0x00,
  0x00, 0x00, 0x00, 0x00, 0x00, 0x00, 0x00, 0x00, 0x00, 0x00, 0x00, 0x00, 0x00, 0x00, 0x00, 0x00,
  0x00, 0x00, 0x00, 0x00, 0x00, 0x00, 0x00, 0x00, 0xff, 0xff, 0xff, 0x01, 0xff, 0x9f, 0x9f, 0x08,
  0x00, 0x00, 0x00, 0x00, 0x00, 0x00, 0x00, 0x00, 0xff, 0x9e, 0x9e, 0x57, 0xff, 0x9e, 0x9d, 0xc1,
  0xff, 0x99, 0x9a, 0xf7, 0xff, 0x99, 0x9b, 0xff, 0xff, 0x94, 0x95, 0xff, 0xff, 0x8f, 0x91, 0xfe,
  0xff, 0x8d, 0x90, 0xfe, 0xff, 0x8c, 0x8f, 0xff, 0xff, 0x8c, 0x8f, 0xff, 0xff, 0x8c, 0x8f, 0xff,
  0xff, 0x8b, 0x90, 0xff, 0xff, 0x8b, 0x90, 0xff, 0xff, 0x8b, 0x90, 0xff, 0xff, 0x8b, 0x90, 0xff,
  0xff, 0x8b, 0x90, 0xff, 0xff, 0x8a, 0x90, 0xff, 0xff, 0x8a, 0x90, 0xff, 0xff, 0x8a, 0x90, 0xff,
  0xff, 0x8a, 0x90, 0xff, 0xff, 0x8a, 0x90, 0xff, 0xff, 0x89, 0x90, 0xff, 0xff, 0x89, 0x90, 0xff,
  0xff, 0x89, 0x90, 0xff, 0xff, 0x89, 0x90, 0xff, 0xff, 0x89, 0x90, 0xff, 0xff, 0x88, 0x90, 0xff,
  0xff, 0x88, 0x90, 0xff, 0xff, 0x88, 0x90, 0xff, 0xff, 0x88, 0x90, 0xff, 0xff, 0x87, 0x8f, 0xfe,
  0xff, 0x88, 0x91, 0xff, 0xff, 0x88, 0x91, 0xff, 0xff, 0x8e, 0x98, 0xff, 0xff, 0x89, 0x93, 0xed,
  0xfc, 0x89, 0x93, 0x7e, 0xff, 0x84, 0x8d, 0x1b, 0xff, 0x3f, 0x7f, 0x04, 0xd4, 0x55, 0x7f, 0x06,
  0xff, 0x6d, 0x91, 0x07, 0xff, 0x6d, 0x91, 0x07, 0xff, 0x7f, 0x7f, 0x06, 0xff, 0x7f, 0xaa, 0x06,
  0xff, 0x7f, 0xaa, 0x06, 0xff, 0x7f, 0xaa, 0x06, 0xff, 0x7f, 0xaa, 0x06, 0xff, 0x7f, 0xaa, 0x06,
  0xff, 0x7f, 0xaa, 0x06, 0xff, 0x7f, 0xaa, 0x06, 0xff, 0x7f, 0xaa, 0x06, 0xff, 0x7f, 0xaa, 0x06,
  0xff, 0x7f, 0xaa, 0x06, 0xff, 0x7f, 0xaa, 0x06, 0xff, 0x7f, 0xaa, 0x06, 0xff, 0x7f, 0xaa, 0x06,
  0xff, 0x7f, 0xaa, 0x06, 0xff, 0x7f, 0xaa, 0x06, 0xff, 0x66, 0x99, 0x05, 0xff, 0x66, 0x99, 0x05,
  0xff, 0x55, 0xaa, 0x03, 0xff, 0x7f, 0x7f, 0x02, 0x00, 0x00, 0x00, 0x00, 0x00, 0x00, 0x00, 0x00,
  0x00, 0x00, 0x00, 0x00, 0x00, 0x00, 0x00, 0x00, 0x00, 0x00, 0x00, 0x00, 0x00, 0x00, 0x00, 0x00,
  0x00, 0x00, 0x00, 0x00, 0x00, 0x00, 0x00, 0x00, 0x00, 0x00, 0x00, 0x00, 0x00, 0x00, 0x00, 0x00,
  0x00, 0x00, 0x00, 0x00, 0x00, 0x00, 0x00, 0x00, 0x00, 0x00, 0x00, 0x00, 0x00, 0x00, 0x00, 0x00,
  0x00, 0x00, 0x00, 0x00, 0x00, 0x00, 0x00, 0x00, 0x00, 0x00, 0x00, 0x00, 0x00, 0x00, 0x00, 0x00,
  0x00, 0x00, 0x00, 0x00, 0x00, 0x00, 0x00, 0x00, 0x00, 0x00, 0x00, 0x00, 0x00, 0x00, 0x00, 0x00,
  0x00, 0x00, 0x00, 0x00, 0xff, 0x00, 0x00, 0x01, 0xff, 0xaa, 0xaa, 0x03, 0x00, 0x00, 0x00, 0x00,
  0x00, 0x00, 0x00, 0x00, 0xff, 0xa3, 0xa3, 0x0e, 0xff, 0x9d, 0x9d, 0x56, 0xff, 0x9a, 0x9b, 0xbc,
  0xff, 0x9b, 0x9c, 0xff, 0xff, 0x9a, 0x9c, 0xff, 0xff, 0x91, 0x93, 0xfc, 0xff, 0x8e, 0x92, 0xfd,
  0xff, 0x8c, 0x8f, 0xfe, 0xff, 0x8c, 0x90, 0xff, 0xff, 0x8b, 0x8f, 0xff, 0xff, 0x8b, 0x8f, 0xff,
  0xff, 0x8b, 0x8f, 0xff, 0xff, 0x8a, 0x90, 0xff, 0xff, 0x8a, 0x90, 0xff, 0xff, 0x8a, 0x90, 0xff,
  0xff, 0x8a, 0x90, 0xff, 0xff, 0x8a, 0x90, 0xff, 0xff, 0x89, 0x90, 0xff, 0xff, 0x89, 0x90, 0xff,
  0xff, 0x89, 0x90, 0xff, 0xff, 0x89, 0x90, 0xff, 0xff, 0x89, 0x90, 0xff, 0xff, 0x88, 0x90, 0xff,
  0xff, 0x88, 0x90, 0xff, 0xff, 0x88, 0x90, 0xff, 0xff, 0x88, 0x90, 0xff, 0xff, 0x88, 0x90, 0xff,
  0xff, 0x87, 0x90, 0xff, 0xff, 0x87, 0x90, 0xff, 0xff, 0x87, 0x90, 0xff, 0xff, 0x86, 0x90, 0xfe,
  0xff, 0x85, 0x90, 0xfe, 0xff, 0x88, 0x92, 0xff, 0xff, 0x8a, 0x93, 0xf7, 0xff, 0x8e, 0x95, 0xc6,
  0xff, 0x95, 0x98, 0x68, 0xff, 0xe7, 0xb9, 0x0b, 0x00, 0x00, 0x00, 0x00, 0x00, 0x00, 0x00, 0x00,
  0x00, 0x00, 0x00, 0x00, 0x00, 0x00, 0x00, 0x00, 0x00, 0x00, 0x00, 0x00, 0x00, 0x00, 0x00, 0x00,
  0x00, 0x00, 0x00, 0x00, 0x00, 0x00, 0x00, 0x00, 0x00, 0x00, 0x00, 0x00, 0x00, 0x00, 0x00, 0x00,
  0x00, 0x00, 0x00, 0x00, 0x00, 0x00, 0x00, 0x00, 0x00, 0x00, 0x00, 0x00, 0x00, 0x00, 0x00, 0x00,
  0x00, 0x00, 0x00, 0x00, 0x00, 0x00, 0x00, 0x00, 0x00, 0x00, 0x00, 0x00, 0x00, 0x00, 0x00, 0x00,
  0x00, 0x00, 0x00, 0x00, 0x00, 0x00, 0x00, 0x00, 0x00, 0x00, 0x00, 0x00, 0x00, 0x00, 0x00, 0x00,
  0x00, 0x00, 0x00, 0x00, 0x00, 0x00, 0x00, 0x00, 0x00, 0x00, 0x00, 0x00, 0xff, 0x55, 0xaa, 0x03,
  0xff, 0x55, 0xaa, 0x03, 0xff, 0x00, 0x00, 0x01, 0x00, 0x00, 0x00, 0x00, 0x00, 0x00, 0x00, 0x00,
  0x00, 0x00, 0x00, 0x00, 0x00, 0x00, 0x00, 0x00, 0x00, 0x00, 0x00, 0x00, 0x00, 0x00, 0x00, 0x00,
  0x00, 0x00, 0x00, 0x00, 0x00, 0x00, 0x00, 0x00, 0x00, 0x00, 0x00, 0x00, 0x00, 0x00, 0x00, 0x00,
  0x00, 0x00, 0x00, 0x00, 0x00, 0x00, 0x00, 0x00, 0x00, 0x00, 0x00, 0x00, 0x00, 0x00, 0x00, 0x00,
  0x00, 0x00, 0x00, 0x00, 0x00, 0x00, 0x00, 0x00, 0x00, 0x00, 0x00, 0x00, 0x00, 0x00, 0x00, 0x00,
  0x00, 0x00, 0x00, 0x00, 0x00, 0x00, 0x00, 0x00, 0xff, 0x00, 0x00, 0x01, 0x00, 0x00, 0x00, 0x00,
  0x00, 0x00, 0x00, 0x00, 0xff, 0x99, 0x99, 0x05, 0xff, 0x9f, 0x9f, 0x55, 0xff, 0x9a, 0x9c, 0xd0,
  0xff, 0x99, 0x9c, 0xff, 0xff, 0x93, 0x96, 0xfd, 0xff, 0x90, 0x94, 0xfe, 0xff, 0x8d, 0x91, 0xfe,
  0xff, 0x8c, 0x91, 0xff, 0xff, 0x8b, 0x90, 0xff, 0xff, 0x8b, 0x90, 0xff, 0xff, 0x8a, 0x90, 0xff,
  0xff, 0x8a, 0x90, 0xff, 0xff, 0x8a, 0x90, 0xff, 0xff, 0x89, 0x90, 0xff, 0xff, 0x89, 0x90, 0xff,
  0xff, 0x89, 0x90, 0xff, 0xff, 0x89, 0x90, 0xff, 0xff, 0x89, 0x90, 0xff, 0xff, 0x89, 0x90, 0xff,
  0xff, 0x89, 0x90, 0xff, 0xff, 0x88, 0x90, 0xff, 0xff, 0x88, 0x90, 0xff, 0xff, 0x88, 0x90, 0xff,
  0xff, 0x87, 0x90, 0xff, 0xff, 0x87, 0x90, 0xff, 0xff, 0x87, 0x90, 0xff, 0xff, 0x87, 0x90, 0xff,
  0xff, 0x87, 0x90, 0xff, 0xff, 0x86, 0x91, 0xff, 0xff, 0x86, 0x91, 0xff, 0xff, 0x86, 0x91, 0xff,
  0xff, 0x85, 0x90, 0xfe, 0xff, 0x86, 0x92, 0xff, 0xff, 0x86, 0x92, 0xff, 0xfd, 0x86, 0x92, 0xed,
  0xfd, 0x86, 0x92, 0x90, 0xff, 0x84, 0x8e, 0x19, 0xda, 0x48, 0x91, 0x07, 0xec, 0x6d, 0x7f, 0x0e,
  0xff, 0x5f, 0x9f, 0x08, 0xff, 0x5f, 0x7f, 0x08, 0xff, 0x5f, 0x7f, 0x08, 0xff, 0x5f, 0x9f, 0x08,
  0xff, 0x5f, 0x9f, 0x08, 0xff, 0x5f, 0x9f, 0x08, 0xff, 0x7f, 0x9f, 0x08, 0xff, 0x7f, 0x9f, 0x08,
  0xff, 0x7f, 0x9f, 0x08, 0xff, 0x7f, 0x9f, 0x08, 0xff, 0x7f, 0x9f, 0x08, 0xff, 0x7f, 0x9f, 0x08,
  0xff, 0x7f, 0x9f, 0x08, 0xff, 0x7f, 0x9f, 0x08, 0xff, 0x7f, 0x9f, 0x08, 0xff, 0x7f, 0x9f, 0x08,
  0xff, 0x7f, 0x9f, 0x08, 0xff, 0x7f, 0x9f, 0x08, 0xff, 0x5f, 0x9f, 0x08, 0xff, 0x6d, 0x91, 0x07,
  0xff, 0x7f, 0xaa, 0x06, 0xff, 0x66, 0x99, 0x05, 0xff, 0x55, 0x55, 0x03, 0x00, 0x00, 0x00, 0x00,
  0x00, 0x00, 0x00, 0x00, 0x00, 0x00, 0x00, 0x00, 0x00, 0x00, 0x00, 0x00, 0x00, 0x00, 0x00, 0x00,
  0x00, 0x00, 0x00, 0x00, 0x00, 0x00, 0x00, 0x00, 0x00, 0x00, 0x00, 0x00, 0x00, 0x00, 0x00, 0x00,
  0x00, 0x00, 0x00, 0x00, 0x00, 0x00, 0x00, 0x00, 0x00, 0x00, 0x00, 0x00, 0x00, 0x00, 0x00, 0x00,
  0x00, 0x00, 0x00, 0x00, 0x00, 0x00, 0x00, 0x00, 0x00, 0x00, 0x00, 0x00, 0x00, 0x00, 0x00, 0x00,
  0x00, 0x00, 0x00, 0x00, 0x00, 0x00, 0x00, 0x00, 0x00, 0x00, 0x00, 0x00, 0x00, 0x00, 0x00, 0x00,
  0x00, 0x00, 0x00, 0x00, 0xff, 0xff, 0xff, 0x01, 0xff, 0xaa, 0xaa, 0x03, 0xff, 0x7f, 0x7f, 0x04,
  0x00, 0x00, 0x00, 0x00, 0xff, 0x99, 0xb2, 0x0a, 0xff, 0x9b, 0x9b, 0x6e, 0xff, 0x99, 0x9b, 0xce,
  0xff, 0x96, 0x9a, 0xfe, 0xff, 0x98, 0x9c, 0xff, 0xff, 0x8f, 0x93, 0xfe, 0xff, 0x8b, 0x91, 0xfe,
  0xff, 0x8a, 0x91, 0xfe, 0xff, 0x8a, 0x90, 0xff, 0xff, 0x89, 0x90, 0xff, 0xff, 0x89, 0x90, 0xff,
  0xff, 0x89, 0x90, 0xff, 0xff, 0x89, 0x90, 0xff, 0xff, 0x89, 0x90, 0xff, 0xff, 0x88, 0x90, 0xff,
  0xff, 0x88, 0x90, 0xff, 0xff, 0x88, 0x90, 0xff, 0xff, 0x88, 0x91, 0xff, 0xff, 0x88, 0x91, 0xff,
  0xff, 0x88, 0x91, 0xff, 0xff, 0x88, 0x91, 0xff, 0xff, 0x87, 0x91, 0xff, 0xff, 0x87, 0x91, 0xff,
  0xff, 0x87, 0x91, 0xff, 0xff, 0x86, 0x91, 0xff, 0xff, 0x86, 0x91, 0xff, 0xff, 0x86, 0x91, 0xff,
  0xff, 0x86, 0x91, 0xff, 0xff, 0x86, 0x91, 0xff, 0xff, 0x85, 0x91, 0xff, 0xff, 0x85, 0x91, 0xff,
  0xff, 0x84, 0x91, 0xff, 0xfe, 0x84, 0x91, 0xff, 0xff, 0x88, 0x94, 0xff, 0xfd, 0x83, 0x92, 0xfd,
  0xf9, 0x72, 0x8c, 0xee, 0xf4, 0x62, 0x87, 0xc7, 0xf2, 0x5b, 0x85, 0x9e, 0xf3, 0x5f, 0x87, 0xa0,
  0xf4, 0x63, 0x89, 0xa9, 0xf7, 0x63, 0x8b, 0xa6, 0xf8, 0x66, 0x8c, 0xa5, 0xfa, 0x69, 0x8f, 0xa5,
  0xfa, 0x69, 0x8f, 0xa5, 0xfd, 0x6c, 0x92, 0xa5, 0xff, 0x6f, 0x94, 0xa5, 0xff, 0x70, 0x95, 0xa5,
  0xff, 0x6f, 0x95, 0xa5, 0xff, 0x6f, 0x95, 0xa5, 0xff, 0x6f, 0x95, 0xa5, 0xff, 0x6f, 0x95, 0xa5,
  0xff, 0x6f, 0x95, 0xa5, 0xff, 0x6f, 0x95, 0xa5, 0xff, 0x6f, 0x95, 0xa5, 0xff, 0x6f, 0x95, 0xa5,
  0xff, 0x6f, 0x95, 0xa5, 0xff, 0x6f, 0x95, 0xa5, 0xff, 0x6f, 0x95, 0xa5, 0xff, 0x70, 0x96, 0xa1,
  0xff, 0x6e, 0x95, 0x9a, 0xff, 0x6e, 0x95, 0x8a, 0xff, 0x6f, 0x96, 0x6e, 0xff, 0x6c, 0x96, 0x44,
  0xff, 0x6d, 0x85, 0x15, 0x00, 0x00, 0x00, 0x00, 0x00, 0x00, 0x00, 0x00, 0xff, 0x55, 0x55, 0x03,
  0xff, 0x66, 0x99, 0x05, 0x00, 0x00, 0x00, 0x00, 0x00, 0x00, 0x00, 0x00, 0x00, 0x00, 0x00, 0x00,
  0x00, 0x00, 0x00, 0x00, 0x00, 0x00, 0x00, 0x00, 0x00, 0x00, 0x00, 0x00, 0x00, 0x00, 0x00, 0x00,
  0x00, 0x00, 0x00, 0x00, 0x00, 0x00, 0x00, 0x00, 0x00, 0x00, 0x00, 0x00, 0x00, 0x00, 0x00, 0x00,
  0x00, 0x00, 0x00, 0x00, 0x00, 0x00, 0x00, 0x00, 0x00, 0x00, 0x00, 0x00, 0x00, 0x00, 0x00, 0x00,
  0x00, 0x00, 0x00, 0x00, 0x00, 0x00, 0x00, 0x00, 0xff, 0xff, 0xff, 0x01, 0x00, 0x00, 0x00, 0x00,
  0x00, 0x00, 0x00, 0x00, 0xf5, 0x88, 0x91, 0x1c, 0xfc, 0x98, 0x9d, 0x66, 0xff, 0x9a, 0x9e, 0xd3,
  0xff, 0x9d, 0xa2, 0xff, 0xff, 0x92, 0x97, 0xff, 0xff, 0x8d, 0x93, 0xfb, 0xff, 0x8c, 0x92, 0xfd,
  0xff, 0x89, 0x90, 0xff, 0xff, 0x89, 0x91, 0xff, 0xff, 0x88, 0x90, 0xff, 0xff, 0x88, 0x90, 0xff,
  0xff, 0x88, 0x90, 0xff, 0xff, 0x87, 0x90, 0xff, 0xff, 0x87, 0x90, 0xff, 0xff, 0x87, 0x90, 0xff,
  0xff, 0x87, 0x90, 0xff, 0xff, 0x87, 0x90, 0xff, 0xff, 0x86, 0x90, 0xff, 0xff, 0x86, 0x91, 0xff,
  0xff, 0x86, 0x91, 0xff, 0xff, 0x86, 0x91, 0xff, 0xff, 0x86, 0x91, 0xff, 0xff, 0x85, 0x91, 0xff,
  0xff, 0x85, 0x91, 0xff, 0xff, 0x85, 0x91, 0xff, 0xff, 0x84, 0x91, 0xff, 0xff, 0x84, 0x91, 0xff,
  0xff, 0x84, 0x91, 0xff, 0xff, 0x84, 0x91, 0xff, 0xff, 0x84, 0x91, 0xff, 0xff, 0x84, 0x91, 0xff,
  0xff, 0x83, 0x91, 0xff, 0xff, 0x85, 0x92, 0xff, 0xff, 0x86, 0x93, 0xff, 0xfd, 0x81, 0x92, 0xff,
  0xf7, 0x71, 0x8c, 0xfd, 0xf3, 0x61, 0x85, 0xf7, 0xf2, 0x5a, 0x84, 0xff, 0xff, 0x65, 0x8f, 0xff,
  0xff, 0x67, 0x91, 0xff, 0xff, 0x67, 0x90, 0xff, 0xff, 0x69, 0x93, 0xff, 0xff, 0x6b, 0x94, 0xff,
  0xff, 0x6e, 0x96, 0xff, 0xff, 0x6f, 0x98, 0xff, 0xff, 0x71, 0x9a, 0xff, 0xff, 0x74, 0x9c, 0xff,
  0xff, 0x75, 0x9d, 0xff, 0xff, 0x76, 0x9d, 0xff, 0xff, 0x76, 0x9d, 0xff, 0xff, 0x76, 0x9d, 0xff,
  0xff, 0x76, 0x9d, 0xff, 0xff, 0x76, 0x9d, 0xff, 0xff, 0x76, 0x9d, 0xff, 0xff, 0x76, 0x9d, 0xff,
  0xff, 0x76, 0x9d, 0xff, 0xff, 0x76, 0x9d, 0xff, 0xff, 0x76, 0x9d, 0xff, 0xff, 0x76, 0x9d, 0xff,
  0xff, 0x74, 0x9c, 0xff, 0xff, 0x70, 0x96, 0xff, 0xff, 0x6f, 0x95, 0xf0, 0xff, 0x70, 0x97, 0xd1,
  0xff, 0x70, 0x97, 0xa7, 0xff, 0x70, 0x92, 0x76, 0xff, 0x6e, 0x94, 0x43, 0xff, 0x67, 0x8d, 0x1b,
  0x00, 0x00, 0x00, 0x00, 0x00, 0x00, 0x00, 0x00, 0xff, 0x7f, 0x7f, 0x02, 0x00, 0x00, 0x00, 0x00,
  0x00, 0x00, 0x00, 0x00, 0x00, 0x00, 0x00, 0x00, 0x00, 0x00, 0x00, 0x00, 0x00, 0x00, 0x00, 0x00,
  0x00, 0x00, 0x00, 0x00, 0x00, 0x00, 0x00, 0x00, 0x00, 0x00, 0x00, 0x00, 0x00, 0x00, 0x00, 0x00,
  0x00, 0x00, 0x00, 0x00, 0x00, 0x00, 0x00, 0x00, 0x00, 0x00, 0x00, 0x00, 0x00, 0x00, 0x00, 0x00,
  0x00, 0x00, 0x00, 0x00, 0xff, 0x00, 0x00, 0x01, 0x00, 0x00, 0x00, 0x00, 0xff, 0x7f, 0x7f, 0x02,
  0x00, 0x00, 0x00, 0x00, 0xe9, 0x6a, 0x8a, 0x18, 0xf9, 0x8d, 0x97, 0x80, 0xfd, 0x95, 0x9b, 0xea,
  0xff, 0x98, 0x9f, 0xfd, 0xff, 0x90, 0x96, 0xfe, 0xff, 0x8d, 0x95, 0xff, 0xff, 0x8a, 0x92, 0xff,
  0xff, 0x89, 0x91, 0xff, 0xff, 0x88, 0x90, 0xff, 0xff, 0x88, 0x90, 0xff, 0xff, 0x87, 0x90, 0xff,
  0xff, 0x87, 0x90, 0xff, 0xff, 0x87, 0x90, 0xff, 0xff, 0x86, 0x90, 0xff, 0xff, 0x86, 0x90, 0xff,
  0xff, 0x86, 0x91, 0xff, 0xff, 0x86, 0x91, 0xff, 0xff, 0x86, 0x91, 0xff, 0xff, 0x85, 0x91, 0xff,
  0xff, 0x85, 0x91, 0xff, 0xff, 0x85, 0x91, 0xff, 0xff, 0x85, 0x91, 0xff, 0xff, 0x85, 0x91, 0xff,
  0xff, 0x84, 0x91, 0xff, 0xff, 0x84, 0x91, 0xff, 0xff, 0x84, 0x91, 0xff, 0xff, 0x83, 0x91, 0xff,
  0xff, 0x83, 0x92, 0xff, 0xff, 0x83, 0x92, 0xff, 0xff, 0x83, 0x92, 0xff, 0xff, 0x83, 0x92, 0xff,
  0xff, 0x83, 0x91, 0xff, 0xff, 0x83, 0x91, 0xff, 0xff, 0x84, 0x93, 0xff, 0xfe, 0x82, 0x93, 0xff,
  0xf7, 0x70, 0x8b, 0xff, 0xef, 0x5c, 0x83, 0xff, 0xf0, 0x59, 0x82, 0xfe, 0xf3, 0x5e, 0x84, 0xff,
  0xf6, 0x60, 0x88, 0xff, 0xf7, 0x62, 0x8a, 0xff, 0xf8, 0x63, 0x8b, 0xff, 0xfa, 0x65, 0x8d, 0xff,
  0xfb, 0x67, 0x8f, 0xff, 0xfc, 0x69, 0x91, 0xff, 0xfd, 0x6b, 0x93, 0xff, 0xff, 0x6d, 0x95, 0xff,
  0xff, 0x70, 0x96, 0xff, 0xff, 0x71, 0x97, 0xff, 0xff, 0x72, 0x98, 0xff, 0xff, 0x72, 0x98, 0xff,
  0xff, 0x72, 0x98, 0xff, 0xff, 0x72, 0x98, 0xff, 0xff, 0x72, 0x98, 0xff, 0xff, 0x72, 0x98, 0xff,
  0xff, 0x72, 0x98, 0xff, 0xff, 0x72, 0x98, 0xff, 0xff, 0x72, 0x98, 0xff, 0xff, 0x72, 0x98, 0xff,
  0xff, 0x72, 0x98, 0xff, 0xff, 0x71, 0x98, 0xff, 0xff, 0x71, 0x97, 0xff, 0xff, 0x70, 0x97, 0xff,
  0xff, 0x6f, 0x96, 0xfb, 0xff, 0x71, 0x98, 0xf9, 0xff, 0x6f, 0x96, 0xf4, 0xff, 0x6f, 0x96, 0xd0,
  0xff, 0x6d, 0x95, 0x7b, 0xff, 0x61, 0x9d, 0x15, 0x00, 0x00, 0x00, 0x00, 0xff, 0x7f, 0x7f, 0x04,
  0xff, 0x00, 0x00, 0x01, 0xff, 0x00, 0x00, 0x01, 0x00, 0x00, 0x00, 0x00, 0x00, 0x00, 0x00, 0x00,
  0x00, 0x00, 0x00, 0x00, 0x00, 0x00, 0x00, 0x00, 0x00, 0x00, 0x00, 0x00, 0x00, 0x00, 0x00, 0x00,
  0x00, 0x00, 0x00, 0x00, 0x00, 0x00, 0x00, 0x00, 0x00, 0x00, 0x00, 0x00, 0x00, 0x00, 0x00, 0x00,
  0x00, 0x00, 0x00, 0x00, 0xff, 0x00, 0x00, 0x01, 0xff, 0x7f, 0x7f, 0x02, 0xff, 0x7f, 0x7f, 0x02,
  0x00, 0x00, 0x00, 0x00, 0xf0, 0x7f, 0x96, 0x22, 0xf9, 0x8b, 0x98, 0x8b, 0xfc, 0x98, 0xa1, 0xdb,
  0xff, 0x9a, 0xa2, 0xff, 0xff, 0x94, 0x9c, 0xff, 0xff, 0x8b, 0x93, 0xf9, 0xff, 0x88, 0x91, 0xfe,
  0xff, 0x88, 0x91, 0xff, 0xff, 0x87, 0x90, 0xff, 0xff, 0x87, 0x91, 0xff, 0xff, 0x87, 0x90, 0xff,
  0xff, 0x86, 0x91, 0xff, 0xff, 0x86, 0x91, 0xff, 0xff, 0x86, 0x91, 0xff, 0xff, 0x85, 0x90, 0xff,
  0xff, 0x85, 0x90, 0xff, 0xff, 0x85, 0x91, 0xff, 0xff, 0x85, 0x91, 0xff, 0xff, 0x85, 0x91, 0xff,
  0xff, 0x84, 0x91, 0xff, 0xff, 0x84, 0x91, 0xff, 0xff, 0x84, 0x91, 0xff, 0xff, 0x84, 0x92, 0xff,
  0xff, 0x84, 0x92, 0xff, 0xff, 0x83, 0x91, 0xff, 0xff, 0x83, 0x92, 0xff, 0xff, 0x83, 0x92, 0xff,
  0xff, 0x82, 0x92, 0xff, 0xff, 0x82, 0x92, 0xff, 0xff, 0x82, 0x92, 0xff, 0xff, 0x82, 0x92, 0xff,
  0xff, 0x81, 0x92, 0xff, 0xff, 0x82, 0x92, 0xff, 0xff, 0x85, 0x94, 0xff, 0xfd, 0x7f, 0x92, 0xff,
  0xf6, 0x6e, 0x8a, 0xff, 0xf0, 0x5e, 0x82, 0xff, 0xee, 0x57, 0x80, 0xff, 0xf1, 0x5a, 0x82, 0xff,
  0xf2, 0x5e, 0x84, 0xff, 0xf2, 0x5f, 0x86, 0xfc, 0xf3, 0x61, 0x87, 0xfc, 0xf4, 0x61, 0x88, 0xfc,
  0xf6, 0x64, 0x89, 0xfc, 0xf7, 0x66, 0x8c, 0xfc, 0xf8, 0x68, 0x8e, 0xfc, 0xf9, 0x6a, 0x90, 0xfc,
  0xfa, 0x6c, 0x92, 0xfc, 0xfa, 0x6e, 0x93, 0xfc, 0xfd, 0x6e, 0x94, 0xfc, 0xff, 0x70, 0x95, 0xfc,
  0xff, 0x70, 0x95, 0xfc, 0xff, 0x70, 0x95, 0xfc, 0xff, 0x70, 0x95, 0xfc, 0xff, 0x70, 0x95, 0xfc,
  0xff, 0x70, 0x95, 0xfc, 0xff, 0x70, 0x95, 0xfc, 0xff, 0x70, 0x95, 0xfc, 0xff, 0x70, 0x95, 0xfc,
  0xff, 0x70, 0x95, 0xfc, 0xff, 0x70, 0x95, 0xfc, 0xff, 0x70, 0x95, 0xfc, 0xff, 0x6f, 0x96, 0xfd,
  0xff, 0x70, 0x97, 0xff, 0xff, 0x72, 0x99, 0xff, 0xff, 0x76, 0x9f, 0xff, 0xff, 0x78, 0xa2, 0xff,
  0xff, 0x72, 0x9a, 0xff, 0xff, 0x6e, 0x95, 0xd8, 0xff, 0x6f, 0x97, 0x8c, 0xff, 0x70, 0x99, 0x32,
  0x00, 0x00, 0x00, 0x00, 0x00, 0x00, 0x00, 0x00, 0xff, 0x7f, 0x7f, 0x04, 0x00, 0x00, 0x00, 0x00,
  0x00, 0x00, 0x00, 0x00, 0x00, 0x00, 0x00, 0x00, 0x00, 0x00, 0x00, 0x00, 0x00, 0x00, 0x00, 0x00,
  0x00, 0x00, 0x00, 0x00, 0x00, 0x00, 0x00, 0x00, 0x00, 0x00, 0x00, 0x00, 0x00, 0x00, 0x00, 0x00,
  0x00, 0x00, 0x00, 0x00, 0x00, 0x00, 0x00, 0x00, 0xff, 0x55, 0x55, 0x03, 0x00, 0x00, 0x00, 0x00,
  0x00, 0x00, 0x00, 0x00, 0xec, 0x76, 0x88, 0x1c, 0xf8, 0x88, 0x97, 0x7b, 0xfd, 0x91, 0x9b, 0xf4,
  0xff, 0x9d, 0xa7, 0xff, 0xff, 0x8d, 0x96, 0xf9, 0xff, 0x8a, 0x93, 0xfb, 0xff, 0x88, 0x92, 0xff,
  0xff, 0x87, 0x91, 0xff, 0xff, 0x86, 0x90, 0xff, 0xff, 0x86, 0x90, 0xff, 0xff, 0x86, 0x91, 0xff,
  0xff, 0x86, 0x91, 0xff, 0xff, 0x85, 0x91, 0xff, 0xff, 0x85, 0x91, 0xff, 0xff, 0x85, 0x91, 0xff,
  0xff, 0x84, 0x91, 0xff, 0xff, 0x84, 0x91, 0xff, 0xff, 0x84, 0x91, 0xff, 0xff, 0x84, 0x91, 0xff,
  0xff, 0x84, 0x91, 0xff, 0xff, 0x83, 0x91, 0xff, 0xff, 0x83, 0x91, 0xff, 0xff, 0x83, 0x91, 0xff,
  0xff, 0x83, 0x92, 0xff, 0xff, 0x83, 0x92, 0xff, 0xff, 0x82, 0x91, 0xff, 0xff, 0x82, 0x92, 0xff,
  0xff, 0x82, 0x92, 0xff, 0xff, 0x81, 0x92, 0xff, 0xff, 0x81, 0x92, 0xff, 0xff, 0x81, 0x92, 0xff,
  0xff, 0x81, 0x92, 0xff, 0xff, 0x82, 0x93, 0xff, 0xff, 0x81, 0x94, 0xff, 0xfe, 0x7e, 0x93, 0xff,
  0xf7, 0x6f, 0x8a, 0xff, 0xed, 0x5a, 0x80, 0xff, 0xec, 0x55, 0x7d, 0xff, 0xef, 0x5b, 0x81, 0xff,
  0xf1, 0x5b, 0x82, 0xff, 0xf2, 0x5d, 0x84, 0xff, 0xf3, 0x5f, 0x87, 0xff, 0xf4, 0x61, 0x88, 0xff,
  0xf5, 0x62, 0x89, 0xff, 0xf7, 0x64, 0x8a, 0xff, 0xf8, 0x66, 0x8d, 0xff, 0xf9, 0x68, 0x8f, 0xff,
  0xfa, 0x6a, 0x90, 0xff, 0xfb, 0x6c, 0x92, 0xff, 0xfc, 0x6e, 0x94, 0xff, 0xfe, 0x6f, 0x95, 0xff,
  0xff, 0x70, 0x96, 0xff, 0xff, 0x70, 0x96, 0xff, 0xff, 0x70, 0x96, 0xff, 0xff, 0x70, 0x96, 0xff,
  0xff, 0x70, 0x96, 0xff, 0xff, 0x70, 0x96, 0xff, 0xff, 0x70, 0x96, 0xff, 0xff, 0x70, 0x96, 0xff,
  0xff, 0x70, 0x96, 0xff, 0xff, 0x70, 0x96, 0xff, 0xff, 0x70, 0x96, 0xff, 0xff, 0x70, 0x96, 0xfe,
  0xff, 0x70, 0x96, 0xfe, 0xff, 0x6f, 0x95, 0xfe, 0xff, 0x6f, 0x96, 0xfd, 0xff, 0x6f, 0x96, 0xfb,
  0xff, 0x70, 0x95, 0xfa, 0xff, 0x6f, 0x95, 0xfb, 0xff, 0x74, 0x9c, 0xff, 0xff, 0x71, 0x96, 0xf8,
  0xff, 0x6f, 0x96, 0x8b, 0xff, 0x6d, 0x91, 0x15, 0xff, 0x7f, 0x7f, 0x02, 0xff, 0xaa, 0xaa, 0x03,
  0x00, 0x00, 0x00, 0x00, 0x00, 0x00, 0x00, 0x00, 0x00, 0x00, 0x00, 0x00, 0x00, 0x00, 0x00, 0x00,
  0x00, 0x00, 0x00, 0x00, 0x00, 0x00, 0x00, 0x00, 0x00, 0x00, 0x00, 0x00, 0x00, 0x00, 0x00, 0x00,
  0x00, 0x00, 0x00, 0x00, 0x00, 0x00, 0x00, 0x00, 0x00, 0x00, 0x00, 0x00, 0xff, 0x99, 0x99, 0x05,
  0x00, 0x00, 0x00, 0x00, 0xff, 0x7f, 0x7f, 0x02, 0xf8, 0x8d, 0x97, 0x79, 0xfd, 0x8f, 0x9a, 0xe7,
  0xff, 0x95, 0x9f, 0xff, 0xff, 0x91, 0x9b, 0xff, 0xff, 0x88, 0x94, 0xfe, 0xff, 0x85, 0x90, 0xfe,
  0xff, 0x86, 0x91, 0xff, 0xff, 0x84, 0x91, 0xff, 0xff, 0x84, 0x91, 0xff, 0xff, 0x84, 0x91, 0xff,
  0xff, 0x83, 0x91, 0xff, 0xff, 0x83, 0x91, 0xff, 0xff, 0x83, 0x91, 0xff, 0xff, 0x83, 0x91, 0xff,
  0xff, 0x83, 0x91, 0xff, 0xff, 0x82, 0x92, 0xff, 0xff, 0x82, 0x92, 0xff, 0xff, 0x82, 0x91, 0xff,
  0xff, 0x82, 0x91, 0xff, 0xff, 0x82, 0x91, 0xff, 0xff, 0x81, 0x92, 0xff, 0xff, 0x81, 0x92, 0xff,
  0xff, 0x81, 0x92, 0xff, 0xff, 0x81, 0x92, 0xff, 0xff, 0x81, 0x92, 0xff, 0xff, 0x80, 0x92, 0xff,
  0xff, 0x80, 0x92, 0xff, 0xff, 0x80, 0x92, 0xff, 0xff, 0x7f, 0x92, 0xff, 0xff, 0x7f, 0x92, 0xff,
  0xff, 0x80, 0x92, 0xff, 0xff, 0x7f, 0x92, 0xff, 0xff, 0x82, 0x94, 0xff, 0xfd, 0x7f, 0x93, 0xff,
  0xf5, 0x6b, 0x88, 0xff, 0xed, 0x59, 0x7f, 0xff, 0xeb, 0x54, 0x7c, 0xff, 0xec, 0x56, 0x7e, 0xff,
  0xef, 0x59, 0x81, 0xff, 0xf1, 0x5b, 0x83, 0xff, 0xf2, 0x5d, 0x84, 0xff, 0xf3, 0x5f, 0x86, 0xff,
  0xf4, 0x61, 0x88, 0xff, 0xf5, 0x63, 0x8a, 0xff, 0xf7, 0x65, 0x8c, 0xff, 0xf8, 0x66, 0x8d, 0xff,
  0xf9, 0x67, 0x8e, 0xff, 0xfa, 0x6a, 0x90, 0xff, 0xfb, 0x6c, 0x92, 0xff, 0xfc, 0x6d, 0x94, 0xff,
  0xfe, 0x6f, 0x95, 0xff, 0xff, 0x70, 0x96, 0xff, 0xff, 0x70, 0x96, 0xff, 0xff, 0x70, 0x96, 0xff,
  0xff, 0x70, 0x96, 0xff, 0xff, 0x70, 0x96, 0xff, 0xff, 0x70, 0x96, 0xff, 0xff, 0x70, 0x96, 0xff,
  0xff, 0x70, 0x96, 0xff, 0xff, 0x70, 0x96, 0xff, 0xff, 0x70, 0x96, 0xff, 0xff, 0x70, 0x96, 0xff,
  0xff, 0x70, 0x96, 0xff, 0xff, 0x70, 0x96, 0xff, 0xff, 0x70, 0x96, 0xff, 0xff, 0x70, 0x96, 0xff,
  0xff, 0x70, 0x95, 0xfe, 0xff, 0x6f, 0x95, 0xfe, 0xff, 0x6f, 0x96, 0xfd, 0xff, 0x75, 0x9c, 0xff,
  0xff, 0x74, 0x9b, 0xff, 0xff, 0x6e, 0x93, 0xdb, 0xff, 0x6f, 0x97, 0x7b, 0xff, 0x70, 0x99, 0x19,
  0xff, 0xff, 0xff, 0x01, 0x00, 0x00, 0x00, 0x00, 0xff, 0x55, 0xaa, 0x03, 0x00, 0x00, 0x00, 0x00,
  0x00, 0x00, 0x00, 0x00, 0x00, 0x00, 0x00, 0x00, 0x00, 0x00, 0x00, 0x00, 0x00, 0x00, 0x00, 0x00,
  0x00, 0x00, 0x00, 0x00, 0x00, 0x00, 0x00, 0x00, 0xff, 0xff, 0xff, 0x01, 0x00, 0x00, 0x00, 0x00,
  0xff, 0xaa, 0xaa, 0x03, 0xff, 0x99, 0x99, 0x0a, 0xfa, 0x89, 0x98, 0x34, 0xfb, 0x8d, 0x97, 0xc1,
  0xff, 0x9b, 0xa8, 0xff, 0xff, 0x8f, 0x9a, 0xfd, 0xff, 0x86, 0x93, 0xf8, 0xff, 0x85, 0x93, 0xff,
  0xff, 0x84, 0x91, 0xff, 0xff, 0x84, 0x91, 0xff, 0xff, 0x83, 0x91, 0xff, 0xff, 0x83, 0x92, 0xff,
  0xff, 0x83, 0x92, 0xff, 0xff, 0x82, 0x91, 0xff, 0xff, 0x82, 0x91, 0xff, 0xff, 0x82, 0x91, 0xff,
  0xff, 0x82, 0x91, 0xff, 0xff, 0x82, 0x91, 0xff, 0xff, 0x81, 0x92, 0xff, 0xff, 0x81, 0x92, 0xff,
  0xff, 0x81, 0x91, 0xff, 0xff, 0x81, 0x91, 0xff, 0xff, 0x81, 0x91, 0xff, 0xff, 0x80, 0x92, 0xff,
  0xff, 0x80, 0x92, 0xff, 0xff, 0x80, 0x92, 0xff, 0xff, 0x80, 0x92, 0xff, 0xff, 0x80, 0x92, 0xff,
  0xff, 0x7f, 0x92, 0xff, 0xff, 0x7f, 0x92, 0xff, 0xff, 0x7f, 0x92, 0xff, 0xff, 0x7e, 0x92, 0xff,
  0xff, 0x7e, 0x92, 0xff, 0xff, 0x80, 0x93, 0xff, 0xff, 0x82, 0x95, 0xff, 0xfd, 0x7c, 0x92, 0xff,
  0xf5, 0x6c, 0x88, 0xff, 0xed, 0x59, 0x7e, 0xff, 0xea, 0x50, 0x7a, 0xff, 0xec, 0x54, 0x7c, 0xff,
  0xee, 0x57, 0x7f, 0xff, 0xef, 0x59, 0x81, 0xff, 0xf0, 0x5b, 0x83, 0xff, 0xf2, 0x5d, 0x84, 0xff,
  0xf3, 0x5f, 0x86, 0xff, 0xf4, 0x61, 0x88, 0xff, 0xf5, 0x62, 0x89, 0xff, 0xf7, 0x64, 0x8b, 0xff,
  0xf8, 0x66, 0x8d, 0xff, 0xf9, 0x67, 0x8e, 0xff, 0xfa, 0x6a, 0x90, 0xff, 0xfb, 0x6c, 0x92, 0xff,
  0xfc, 0x6d, 0x94, 0xff, 0xfe, 0x6f, 0x95, 0xff, 0xff, 0x70, 0x96, 0xff, 0xff, 0x70, 0x96, 0xff,
  0xff, 0x70, 0x96, 0xff, 0xff, 0x70, 0x96, 0xff, 0xff, 0x70, 0x96, 0xff, 0xff, 0x70, 0x96, 0xff,
  0xff, 0x70, 0x96, 0xff, 0xff, 0x70, 0x96, 0xff, 0xff, 0x70, 0x96, 0xff, 0xff, 0x70, 0x96, 0xff,
  0xff, 0x70, 0x96, 0xff, 0xff, 0x70, 0x96, 0xff, 0xff, 0x70, 0x96, 0xff, 0xff, 0x70, 0x96, 0xff,
  0xff, 0x70, 0x96, 0xff, 0xff, 0x70, 0x96, 0xff, 0xff, 0x70, 0x96, 0xff, 0xff, 0x6f, 0x96, 0xfd,
  0xff, 0x70, 0x97, 0xfb, 0xff, 0x70, 0x96, 0xfa, 0xff, 0x74, 0x9b, 0xfe, 0xff, 0x70, 0x97, 0xcf,
  0xff, 0x6f, 0x97, 0x40, 0xff, 0x00, 0xff, 0x01, 0x00, 0x00, 0x00, 0x00, 0xff, 0x7f, 0x7f, 0x02,
  0xff, 0x00, 0x00, 0x01, 0x00, 0x00, 0x00, 0x00, 0x00, 0x00, 0x00, 0x00, 0x00, 0x00, 0x00, 0x00,
  0x00, 0x00, 0x00, 0x00, 0x00, 0x00, 0x00, 0x00, 0x00, 0x00, 0x00, 0x00, 0xbf, 0x7f, 0x7f, 0x04,
  0x00, 0x00, 0x00, 0x00, 0x00, 0x00, 0x00, 0x00, 0xf8, 0x86, 0x93, 0x26, 0xfb, 0x8a, 0x99, 0x8a,
  0xfd, 0x8b, 0x99, 0xe2, 0xff, 0x90, 0x9e, 0xfe, 0xff, 0x8a, 0x97, 0xff, 0xff, 0x84, 0x92, 0xfc,
  0xff, 0x83, 0x92, 0xff, 0xff, 0x83, 0x91, 0xff, 0xff, 0x83, 0x91, 0xff, 0xff, 0x82, 0x91, 0xff,
  0xff, 0x82, 0x92, 0xff, 0xff, 0x82, 0x92, 0xff, 0xff, 0x82, 0x92, 0xff, 0xff, 0x82, 0x92, 0xff,
  0xff, 0x81, 0x92, 0xff, 0xff, 0x81, 0x92, 0xff, 0xff, 0x81, 0x92, 0xff, 0xff, 0x80, 0x92, 0xff,
  0xff, 0x80, 0x92, 0xff, 0xff, 0x80, 0x92, 0xff, 0xff, 0x80, 0x92, 0xff, 0xff, 0x80, 0x92, 0xff,
  0xff, 0x7f, 0x92, 0xff, 0xff, 0x7f, 0x92, 0xff, 0xff, 0x7f, 0x92, 0xff, 0xff, 0x7f, 0x92, 0xff,
  0xff, 0x7f, 0x92, 0xff, 0xff, 0x7e, 0x92, 0xff, 0xff, 0x7e, 0x93, 0xff, 0xff, 0x7e, 0x93, 0xff,
  0xff, 0x7d, 0x92, 0xff, 0xff, 0x7e, 0x93, 0xff, 0xff, 0x80, 0x94, 0xff, 0xfd, 0x7e, 0x93, 0xff,
  0xf5, 0x6b, 0x88, 0xff, 0xeb, 0x55, 0x7b, 0xff, 0xe9, 0x50, 0x79, 0xff, 0xeb, 0x53, 0x7c, 0xff,
  0xed, 0x55, 0x7d, 0xff, 0xee, 0x56, 0x7e, 0xff, 0xee, 0x58, 0x80, 0xff, 0xf0, 0x5b, 0x82, 0xff,
  0xf2, 0x5d, 0x84, 0xff, 0xf3, 0x5f, 0x86, 0xff, 0xf4, 0x60, 0x87, 0xff, 0xf5, 0x61, 0x88, 0xff,
  0xf7, 0x63, 0x8a, 0xff, 0xf8, 0x66, 0x8c, 0xff, 0xf9, 0x68, 0x8e, 0xff, 0xfa, 0x69, 0x90, 0xff,
  0xfb, 0x6b, 0x92, 0xff, 0xfc, 0x6d, 0x94, 0xff, 0xfe, 0x6f, 0x95, 0xff, 0xff, 0x70, 0x96, 0xff,
  0xff, 0x70, 0x96, 0xff, 0xff, 0x70, 0x96, 0xff, 0xff, 0x70, 0x96, 0xff, 0xff, 0x70, 0x96, 0xff,
  0xff, 0x70, 0x96, 0xff, 0xff, 0x70, 0x96, 0xff, 0xff, 0x70, 0x96, 0xff, 0xff, 0x70, 0x96, 0xff,
  0xff, 0x70, 0x96, 0xff, 0xff, 0x70, 0x96, 0xff, 0xff, 0x70, 0x96, 0xff, 0xff, 0x70, 0x96, 0xff,
  0xff, 0x70, 0x96, 0xff, 0xff, 0x70, 0x96, 0xff, 0xff, 0x70, 0x96, 0xff, 0xff, 0x70, 0x96, 0xff,
  0xff, 0x70, 0x96, 0xff, 0xff, 0x6f, 0x95, 0xfe, 0xff, 0x6f, 0x96, 0xfb, 0xff, 0x79, 0xa2, 0xff,
  0xff, 0x6f, 0x96, 0xf2, 0xff, 0x71, 0x96, 0x75, 0xff, 0x68, 0x96, 0x16, 0x00, 0x00, 0x00, 0x00,
  0x00, 0x00, 0x00, 0x00, 0xff, 0x7f, 0x7f, 0x02, 0x00, 0x00, 0x00, 0x00, 0x00, 0x00, 0x00, 0x00,
  0x00, 0x00, 0x00, 0x00, 0x00, 0x00, 0x00, 0x00, 0x00, 0x00, 0x00, 0x00, 0x00, 0x00, 0x00, 0x00,
  0xff, 0x7f, 0xaa, 0x06, 0x00, 0x00, 0x00, 0x00, 0x00, 0x00, 0x00, 0x00, 0xf7, 0x87, 0x96, 0x42,
  0xfa, 0x89, 0x99, 0xd2, 0xff, 0x8e, 0x9e, 0xf9, 0xff, 0x88, 0x97, 0xfa, 0xff, 0x86, 0x93, 0xff,
  0xff, 0x82, 0x92, 0xfd, 0xff, 0x82, 0x92, 0xff, 0xff, 0x82, 0x92, 0xff, 0xff, 0x82, 0x92, 0xff,
  0xff, 0x81, 0x92, 0xff, 0xff, 0x81, 0x92, 0xff, 0xff, 0x81, 0x92, 0xff, 0xff, 0x81, 0x92, 0xff,
  0xff, 0x81, 0x92, 0xff, 0xff, 0x80, 0x92, 0xff, 0xff, 0x80, 0x92, 0xff, 0xff, 0x80, 0x92, 0xff,
  0xff, 0x80, 0x92, 0xff, 0xff, 0x80, 0x92, 0xff, 0xff, 0x7f, 0x92, 0xff, 0xff, 0x7f, 0x93, 0xff,
  0xff, 0x7f, 0x93, 0xff, 0xff, 0x7e, 0x93, 0xff, 0xff, 0x7e, 0x93, 0xff, 0xff, 0x7e, 0x93, 0xff,
  0xff, 0x7e, 0x93, 0xff, 0xff, 0x7d, 0x93, 0xff, 0xff, 0x7d, 0x93, 0xff, 0xff, 0x7d, 0x93, 0xff,
  0xff, 0x7c, 0x92, 0xff, 0xff, 0x7c, 0x93, 0xff, 0xff, 0x81, 0x96, 0xff, 0xfd, 0x7d, 0x93, 0xff,
  0xf2, 0x68, 0x86, 0xff, 0xea, 0x55, 0x7a, 0xff, 0xe8, 0x4e, 0x76, 0xff, 0xe8, 0x4f, 0x79, 0xff,
  0xeb, 0x53, 0x7c, 0xff, 0xed, 0x55, 0x7d, 0xff, 0xed, 0x56, 0x7e, 0xff, 0xef, 0x58, 0x80, 0xff,
  0xf1, 0x5a, 0x82, 0xff, 0xf1, 0x5c, 0x84, 0xff, 0xf2, 0x5e, 0x85, 0xff, 0xf4, 0x60, 0x87, 0xff,
  0xf5, 0x62, 0x88, 0xff, 0xf7, 0x64, 0x8b, 0xff, 0xf8, 0x65, 0x8c, 0xff, 0xf9, 0x67, 0x8e, 0xff,
  0xfa, 0x69, 0x90, 0xff, 0xfb, 0x6b, 0x91, 0xff, 0xfc, 0x6d, 0x93, 0xff, 0xfe, 0x6f, 0x95, 0xff,
  0xff, 0x70, 0x96, 0xff, 0xff, 0x70, 0x96, 0xff, 0xff, 0x70, 0x96, 0xff, 0xff, 0x70, 0x96, 0xff,
  0xff, 0x70, 0x96, 0xff, 0xff, 0x70, 0x96, 0xff, 0xff, 0x70, 0x96, 0xff, 0xff, 0x70, 0x96, 0xff,
  0xff, 0x70, 0x96, 0xff, 0xff, 0x70, 0x96, 0xff, 0xff, 0x70, 0x96, 0xff, 0xff, 0x70, 0x96, 0xff,
  0xff, 0x70, 0x96, 0xff, 0xff, 0x70, 0x96, 0xff, 0xff, 0x70, 0x96, 0xff, 0xff, 0x70, 0x96, 0xff,
  0xff, 0x70, 0x96, 0xff, 0xff, 0x70, 0x96, 0xff, 0xff, 0x6f, 0x95, 0xfe, 0xff, 0x6f, 0x95, 0xfc,
  0xff, 0x76, 0x9e, 0xff, 0xff, 0x6e, 0x96, 0xfd, 0xff, 0x6f, 0x95, 0xa9, 0xff, 0x70, 0x96, 0x44,
  0xff, 0x7f, 0x7f, 0x02, 0x00, 0x00, 0x00, 0x00, 0xff, 0x7f, 0x7f, 0x04, 0x00, 0x00, 0x00, 0x00,
  0x00, 0x00, 0x00, 0x00, 0x00, 0x00, 0x00, 0x00, 0x00, 0x00, 0x00, 0x00, 0x00, 0x00, 0x00, 0x00,
  0x00, 0x00, 0x00, 0x00, 0xff, 0x99, 0xcc, 0x05, 0x00, 0x00, 0x00, 0x00, 0x00, 0x00, 0x00, 0x00,
  0xfc, 0x8b, 0x99, 0x58, 0xfb, 0x89, 0x9a, 0xf5, 0xff, 0x91, 0xa3, 0xff, 0xff, 0x84, 0x93, 0xf9,
  0xff, 0x83, 0x92, 0xff, 0xff, 0x81, 0x91, 0xfe, 0xff, 0x81, 0x92, 0xff, 0xff, 0x81, 0x92, 0xff,
  0xff, 0x81, 0x92, 0xff, 0xff, 0x7f, 0x92, 0xff, 0xff, 0x80, 0x92, 0xff, 0xff, 0x80, 0x92, 0xff,
  0xff, 0x7f, 0x92, 0xff, 0xff, 0x7f, 0x92, 0xff, 0xff, 0x7e, 0x92, 0xff, 0xff, 0x7f, 0x92, 0xff,
  0xff, 0x7f, 0x92, 0xff, 0xff, 0x7e, 0x92, 0xff, 0xff, 0x7e, 0x92, 0xff, 0xff, 0x7e, 0x92, 0xff,
  0xff, 0x7e, 0x93, 0xff, 0xff, 0x7e, 0x93, 0xff, 0xff, 0x7e, 0x93, 0xff, 0xff, 0x7d, 0x93, 0xff,
  0xff, 0x7d, 0x93, 0xff, 0xff, 0x7d, 0x93, 0xff, 0xff, 0x7c, 0x93, 0xff, 0xff, 0x7c, 0x93, 0xff,
  0xff, 0x7b, 0x93, 0xff, 0xff, 0x7d, 0x94, 0xff, 0xff, 0x7e, 0x96, 0xff, 0xfd, 0x7a, 0x92, 0xff,
  0xf4, 0x6a, 0x88, 0xff, 0xe9, 0x53, 0x79, 0xff, 0xe5, 0x4a, 0x74, 0xff, 0xe8, 0x4f, 0x78, 0xff,
  0xe9, 0x52, 0x7a, 0xff, 0xea, 0x53, 0x7c, 0xff, 0xec, 0x55, 0x7d, 0xff, 0xed, 0x56, 0x7e, 0xff,
  0xef, 0x58, 0x80, 0xff, 0xf1, 0x5a, 0x82, 0xff, 0xf1, 0x5c, 0x84, 0xff, 0xf2, 0x5e, 0x85, 0xff,
  0xf4, 0x60, 0x87, 0xff, 0xf5, 0x62, 0x89, 0xff, 0xf7, 0x64, 0x8b, 0xff, 0xf8, 0x65, 0x8c, 0xff,
  0xf9, 0x67, 0x8e, 0xff, 0xfa, 0x69, 0x90, 0xff, 0xfb, 0x6b, 0x91, 0xff, 0xfc, 0x6d, 0x93, 0xff,
  0xfe, 0x6f, 0x95, 0xff, 0xff, 0x70, 0x96, 0xff, 0xff, 0x70, 0x96, 0xff, 0xff, 0x70, 0x96, 0xff,
  0xff, 0x70, 0x96, 0xff, 0xff, 0x70, 0x96, 0xff, 0xff, 0x70, 0x96, 0xff, 0xff, 0x70, 0x96, 0xff,
  0xff, 0x70, 0x96, 0xff, 0xff, 0x70, 0x96, 0xff, 0xff, 0x70, 0x96, 0xff, 0xff, 0x70, 0x96, 0xff,
  0xff, 0x70, 0x96, 0xff, 0xff, 0x70, 0x96, 0xff, 0xff, 0x70, 0x96, 0xff, 0xff, 0x70, 0x96, 0xff,
  0xff, 0x70, 0x96, 0xff, 0xff, 0x70, 0x96, 0xff, 0xff, 0x70, 0x96, 0xff, 0xff, 0x70, 0x96, 0xfe,
  0xff, 0x6f, 0x95, 0xfe, 0xff, 0x71, 0x98, 0xff, 0xff, 0x70, 0x96, 0xfa, 0xff, 0x6f, 0x95, 0xd2,
  0xff, 0x6f, 0x93, 0x70, 0xff, 0x66, 0x66, 0x05, 0x00, 0x00, 0x00, 0x00, 0xff, 0x55, 0x7f, 0x06,
  0x00, 0x00, 0x00, 0x00, 0x00, 0x00, 0x00, 0x00, 0x00, 0x00, 0x00, 0x00, 0x00, 0x00, 0x00, 0x00,
  0x00, 0x00, 0x00, 0x00, 0xff, 0x00, 0x00, 0x01, 0xff, 0x55, 0x55, 0x03, 0x00, 0x00, 0x00, 0x00,
  0x00, 0x00, 0x00, 0x00, 0xfc, 0x8a, 0x9a, 0x6b, 0xfd, 0x8a, 0x9a, 0xfe, 0xff, 0x92, 0xa4, 0xff,
  0xff, 0x81, 0x93, 0xf8, 0xff, 0x7f, 0x92, 0xfe, 0xff, 0x7f, 0x92, 0xff, 0xff, 0x7f, 0x92, 0xff,
  0xff, 0x7f, 0x92, 0xff, 0xff, 0x7f, 0x92, 0xff, 0xff, 0x7e, 0x92, 0xff, 0xff, 0x7e, 0x93, 0xff,
  0xff, 0x7e, 0x93, 0xff, 0xff, 0x7e, 0x93, 0xff, 0xff, 0x7e, 0x93, 0xff, 0xff, 0x7d, 0x93, 0xff,
  0xff, 0x7d, 0x93, 0xff, 0xff, 0x7d, 0x93, 0xff, 0xff, 0x7c, 0x93, 0xff, 0xff, 0x7c, 0x93, 0xff,
  0xff, 0x7c, 0x93, 0xff, 0xff, 0x7c, 0x93, 0xff, 0xff, 0x7c, 0x93, 0xff, 0xff, 0x7c, 0x93, 0xff,
  0xff, 0x7b, 0x93, 0xff, 0xff, 0x7b, 0x93, 0xff, 0xff, 0x7b, 0x93, 0xff, 0xff, 0x7b, 0x93, 0xff,
  0xff, 0x7b, 0x93, 0xff, 0xff, 0x79, 0x92, 0xff, 0xff, 0x7c, 0x95, 0xff, 0xfe, 0x7b, 0x95, 0xff,
  0xf2, 0x65, 0x85, 0xff, 0xe7, 0x4f, 0x76, 0xff, 0xe5, 0x4a, 0x73, 0xff, 0xe7, 0x4d, 0x76, 0xff,
  0xe8, 0x4f, 0x78, 0xff, 0xe9, 0x51, 0x79, 0xff, 0xea, 0x53, 0x7b, 0xff, 0xec, 0x55, 0x7d, 0xff,
  0xed, 0x56, 0x7e, 0xff, 0xee, 0x58, 0x80, 0xff, 0xf0, 0x5a, 0x82, 0xff, 0xf1, 0x5c, 0x84, 0xff,
  0xf2, 0x5e, 0x85, 0xff, 0xf3, 0x60, 0x87, 0xff, 0xf4, 0x61, 0x89, 0xff, 0xf6, 0x63, 0x8a, 0xff,
  0xf8, 0x65, 0x8c, 0xff, 0xf9, 0x67, 0x8e, 0xff, 0xfa, 0x69, 0x90, 0xff, 0xfb, 0x6b, 0x91, 0xff,
  0xfc, 0x6d, 0x93, 0xff, 0xfe, 0x6f, 0x95, 0xff, 0xff, 0x70, 0x96, 0xff, 0xff, 0x70, 0x96, 0xff,
  0xff, 0x70, 0x96, 0xff, 0xff, 0x70, 0x96, 0xff, 0xff, 0x70, 0x96, 0xff, 0xff, 0x70, 0x96, 0xff,
  0xff, 0x70, 0x96, 0xff, 0xff, 0x70, 0x96, 0xff, 0xff, 0x70, 0x96, 0xff, 0xff, 0x70, 0x96, 0xff,
  0xff, 0x70, 0x96, 0xff, 0xff, 0x70, 0x96, 0xff, 0xff, 0x70, 0x96, 0xff, 0xff, 0x70, 0x96, 0xff,
  0xff, 0x70, 0x96, 0xff, 0xff, 0x70, 0x96, 0xff, 0xff, 0x70, 0x96, 0xff, 0xff, 0x70, 0x96, 0xff,
  0xff, 0x70, 0x96, 0xff, 0xff, 0x70, 0x95, 0xfe, 0xff, 0x70, 0x96, 0xff, 0xff, 0x71, 0x97, 0xff,
  0xff, 0x6f, 0x95, 0xf0, 0xff, 0x6e, 0x94, 0x8b, 0xff, 0x7f, 0x7f, 0x06, 0x00, 0x00, 0x00, 0x00,
  0xff, 0x6d, 0x91, 0x07, 0x00, 0x00, 0x00, 0x00, 0x00, 0x00, 0x00, 0x00, 0x00, 0x00, 0x00, 0x00,
  0x00, 0x00, 0x00, 0x00, 0xff, 0x00, 0x00, 0x01, 0xff, 0xff, 0xff, 0x01, 0x00, 0x00, 0x00, 0x01,
  0x00, 0x00, 0x00, 0x00, 0xff, 0x77, 0x88, 0x0f, 0xff, 0x88, 0x99, 0x7d, 0xff, 0x88, 0x99, 0xfd,
  0xff, 0x8e, 0xa1, 0xfe, 0xff, 0x80, 0x93, 0xf8, 0xff, 0x7e, 0x93, 0xfe, 0xff, 0x7e, 0x93, 0xff,
  0xff, 0x7e, 0x93, 0xff, 0xff, 0x7e, 0x93, 0xff, 0xff, 0x7e, 0x93, 0xff, 0xff, 0x7e, 0x92, 0xff,
  0xff, 0x7d, 0x93, 0xff, 0xff, 0x7d, 0x93, 0xff, 0xff, 0x7d, 0x93, 0xff, 0xff, 0x7d, 0x93, 0xff,
  0xff, 0x7d, 0x93, 0xff, 0xff, 0x7c, 0x93, 0xff, 0xff, 0x7c, 0x93, 0xff, 0xff, 0x7b, 0x93, 0xff,
  0xff, 0x7c, 0x93, 0xff, 0xff, 0x7b, 0x93, 0xff, 0xff, 0x7b, 0x93, 0xff, 0xff, 0x7b, 0x93, 0xff,
  0xff, 0x7b, 0x93, 0xff, 0xff, 0x7a, 0x93, 0xff, 0xff, 0x7a, 0x94, 0xff, 0xff, 0x7a, 0x93, 0xff,
  0xff, 0x79, 0x93, 0xff, 0xff, 0x7a, 0x93, 0xff, 0xff, 0x7e, 0x96, 0xff, 0xfc, 0x78, 0x92, 0xff,
  0xf1, 0x65, 0x85, 0xff, 0xe7, 0x50, 0x77, 0xff, 0xe3, 0x47, 0x71, 0xff, 0xe5, 0x4a, 0x73, 0xff,
  0xe7, 0x4f, 0x77, 0xff, 0xe8, 0x4f, 0x78, 0xff, 0xe9, 0x51, 0x79, 0xff, 0xea, 0x53, 0x7b, 0xff,
  0xec, 0x55, 0x7d, 0xff, 0xed, 0x56, 0x7e, 0xff, 0xee, 0x58, 0x80, 0xff, 0xef, 0x5a, 0x82, 0xff,
  0xf1, 0x5c, 0x84, 0xff, 0xf2, 0x5e, 0x85, 0xff, 0xf3, 0x60, 0x87, 0xff, 0xf5, 0x61, 0x89, 0xff,
  0xf7, 0x63, 0x8a, 0xff, 0xf8, 0x65, 0x8c, 0xff, 0xf9, 0x67, 0x8e, 0xff, 0xfa, 0x69, 0x90, 0xff,
  0xfb, 0x6b, 0x91, 0xff, 0xfc, 0x6d, 0x93, 0xff, 0xfe, 0x6f, 0x95, 0xff, 0xff, 0x70, 0x96, 0xff,
  0xff, 0x70, 0x96, 0xff, 0xff, 0x70, 0x96, 0xff, 0xff, 0x70, 0x96, 0xff, 0xff, 0x70, 0x96, 0xff,
  0xff, 0x70, 0x96, 0xff, 0xff, 0x70, 0x96, 0xff, 0xff, 0x70, 0x96, 0xff, 0xff, 0x70, 0x96, 0xff,
  0xff, 0x70, 0x96, 0xff, 0xff, 0x70, 0x96, 0xff, 0xff, 0x70, 0x96, 0xff, 0xff, 0x70, 0x96, 0xff,
  0xff, 0x70, 0x96, 0xff, 0xff, 0x70, 0x96, 0xff, 0xff, 0x70, 0x96, 0xff, 0xff, 0x70, 0x96, 0xff,
  0xff, 0x70, 0x96, 0xff, 0xff, 0x70, 0x96, 0xff, 0xff, 0x70, 0x96, 0xfe, 0xff, 0x6f, 0x96, 0xfd,
  0xff, 0x72, 0x98, 0xff, 0xff, 0x71, 0x97, 0xfd, 0xff, 0x6f, 0x94, 0x9b, 0xff, 0x6d, 0x91, 0x07,
  0x00, 0x00, 0x00, 0x00, 0xff, 0x6d, 0x91, 0x07, 0x00, 0x00, 0x00, 0x00, 0x00, 0x00, 0x00, 0x00,
  0x00, 0x00, 0x00, 0x00, 0x00, 0x00, 0x00, 0x00, 0xff, 0x00, 0x00, 0x01, 0xff, 0xff, 0xff, 0x01,
  0x00, 0x00, 0x00, 0x00, 0x00, 0x00, 0x00, 0x00, 0xf5, 0x7a, 0x8d, 0x1b, 0xff, 0x86, 0x97, 0x85,
  0xff, 0x84, 0x98, 0xfe, 0xff, 0x8c, 0xa1, 0xff, 0xff, 0x7e, 0x93, 0xf9, 0xff, 0x7d, 0x93, 0xfe,
  0xff, 0x7d, 0x93, 0xff, 0xff, 0x7d, 0x93, 0xff, 0xff, 0x7d, 0x93, 0xff, 0xff, 0x7d, 0x93, 0xff,
  0xff, 0x7d, 0x93, 0xff, 0xff, 0x7c, 0x93, 0xff, 0xff, 0x7c, 0x93, 0xff, 0xff, 0x7c, 0x93, 0xff,
  0xff, 0x7c, 0x93, 0xff, 0xff, 0x7c, 0x93, 0xff, 0xff, 0x7b, 0x93, 0xff, 0xff, 0x7b, 0x93, 0xff,
  0xff, 0x7b, 0x93, 0xff, 0xff, 0x7b, 0x93, 0xff, 0xff, 0x7a, 0x93, 0xff, 0xff, 0x7a, 0x93, 0xff,
  0xff, 0x7a, 0x93, 0xff, 0xff, 0x7a, 0x93, 0xff, 0xff, 0x79, 0x94, 0xff, 0xff, 0x79, 0x94, 0xff,
  0xff, 0x79, 0x94, 0xff, 0xff, 0x7a, 0x95, 0xff, 0xff, 0x7a, 0x95, 0xff, 0xfe, 0x78, 0x93, 0xff,
  0xf3, 0x67, 0x86, 0xff, 0xe4, 0x4d, 0x74, 0xff, 0xe0, 0x45, 0x6f, 0xff, 0xe4, 0x4b, 0x73, 0xff,
  0xe5, 0x4b, 0x74, 0xff, 0xe7, 0x4d, 0x76, 0xff, 0xe8, 0x4f, 0x77, 0xff, 0xe9, 0x51, 0x79, 0xff,
  0xea, 0x53, 0x7b, 0xff, 0xec, 0x55, 0x7d, 0xff, 0xed, 0x56, 0x7e, 0xff, 0xee, 0x58, 0x80, 0xff,
  0xef, 0x5a, 0x82, 0xff, 0xf1, 0x5c, 0x84, 0xff, 0xf2, 0x5e, 0x85, 0xff, 0xf3, 0x60, 0x87, 0xff,
  0xf5, 0x61, 0x89, 0xff, 0xf7, 0x63, 0x8b, 0xff, 0xf7, 0x65, 0x8c, 0xff, 0xf8, 0x67, 0x8d, 0xff,
  0xfa, 0x69, 0x8f, 0xff, 0xfb, 0x6b, 0x91, 0xff, 0xfc, 0x6d, 0x93, 0xff, 0xfe, 0x6e, 0x94, 0xff,
  0xff, 0x6f, 0x95, 0xff, 0xff, 0x70, 0x96, 0xff, 0xff, 0x70, 0x96, 0xff, 0xff, 0x70, 0x96, 0xff,
  0xff, 0x70, 0x96, 0xff, 0xff, 0x70, 0x96, 0xff, 0xff, 0x70, 0x96, 0xff, 0xff, 0x70, 0x96, 0xff,
  0xff, 0x70, 0x96, 0xff, 0xff, 0x70, 0x96, 0xff, 0xff, 0x70, 0x96, 0xff, 0xff, 0x70, 0x96, 0xff,
  0xff, 0x70, 0x96, 0xff, 0xff, 0x70, 0x96, 0xff, 0xff, 0x70, 0x96, 0xff, 0xff, 0x70, 0x96, 0xff,
  0xff, 0x70, 0x96, 0xff, 0xff, 0x70, 0x96, 0xff, 0xff, 0x70, 0x96, 0xff, 0xff, 0x70, 0x96, 0xfe,
  0xff, 0x70, 0x95, 0xfc, 0xff, 0x72, 0x98, 0xff, 0xff, 0x73, 0x99, 0xff, 0xff, 0x70, 0x95, 0x9f,
  0xff, 0x6d, 0x91, 0x07, 0x00, 0x00, 0x00, 0x00, 0xff, 0x6d, 0x91, 0x07, 0x00, 0x00, 0x00, 0x00,
  0x00, 0x00, 0x00, 0x00, 0x00, 0x00, 0x00, 0x00, 0x00, 0x00, 0x00, 0x00, 0x00, 0x00, 0x00, 0x00,
  0xff, 0x00, 0x00, 0x01, 0x00, 0x00, 0x01, 0x00, 0x00, 0x00, 0x00, 0x00, 0xee, 0x77, 0x99, 0x0f,
  0xfc, 0x85, 0x9a, 0x7c, 0xff, 0x83, 0x98, 0xfd, 0xff, 0x8a, 0xa1, 0xfe, 0xff, 0x7c, 0x93, 0xf9,
  0xff, 0x7c, 0x93, 0xfe, 0xff, 0x7b, 0x93, 0xff, 0xff, 0x7b, 0x93, 0xff, 0xff, 0x7b, 0x93, 0xff,
  0xff, 0x7b, 0x93, 0xff, 0xff, 0x7b, 0x93, 0xff, 0xff, 0x7a, 0x93, 0xff, 0xff, 0x7a, 0x93, 0xff,
  0xff, 0x7a, 0x94, 0xff, 0xff, 0x7a, 0x94, 0xff, 0xff, 0x7a, 0x94, 0xff, 0xff, 0x79, 0x94, 0xff,
  0xff, 0x79, 0x94, 0xff, 0xff, 0x7a, 0x94, 0xff, 0xff, 0x79, 0x94, 0xff, 0xff, 0x78, 0x94, 0xff,
  0xff, 0x78, 0x94, 0xff, 0xff, 0x78, 0x94, 0xff, 0xff, 0x78, 0x94, 0xff, 0xff, 0x77, 0x94, 0xff,
  0xff, 0x78, 0x94, 0xff, 0xfe, 0x76, 0x93, 0xff, 0xff, 0x7b, 0x98, 0xff, 0xfd, 0x77, 0x94, 0xff,
  0xf0, 0x61, 0x83, 0xff, 0xe4, 0x4c, 0x73, 0xff, 0xe1, 0x44, 0x6f, 0xff, 0xe1, 0x45, 0x6f, 0xff,
  0xe3, 0x4a, 0x72, 0xff, 0xe5, 0x4a, 0x73, 0xff, 0xe7, 0x4c, 0x75, 0xff, 0xe8, 0x4e, 0x77, 0xff,
  0xe9, 0x51, 0x79, 0xff, 0xea, 0x53, 0x7b, 0xff, 0xec, 0x55, 0x7d, 0xff, 0xed, 0x56, 0x7f, 0xff,
  0xee, 0x58, 0x80, 0xff, 0xef, 0x5a, 0x81, 0xff, 0xf1, 0x5c, 0x83, 0xff, 0xf2, 0x5d, 0x85, 0xff,
  0xf3, 0x5e, 0x87, 0xff, 0xf4, 0x61, 0x89, 0xff, 0xf6, 0x63, 0x8b, 0xff, 0xf7, 0x65, 0x8c, 0xff,
  0xf8, 0x66, 0x8d, 0xff, 0xf9, 0x69, 0x8f, 0xff, 0xfa, 0x6b, 0x91, 0xff, 0xfc, 0x6d, 0x93, 0xff,
  0xfd, 0x6e, 0x94, 0xff, 0xfe, 0x6f, 0x95, 0xff, 0xff, 0x70, 0x96, 0xff, 0xff, 0x70, 0x96, 0xff,
  0xff, 0x70, 0x96, 0xff, 0xff, 0x70, 0x96, 0xff, 0xff, 0x70, 0x96, 0xff, 0xff, 0x70, 0x96, 0xff,
  0xff, 0x70, 0x96, 0xff, 0xff, 0x70, 0x96, 0xff, 0xff, 0x70, 0x96, 0xff, 0xff, 0x70, 0x96, 0xff,
  0xff, 0x70, 0x96, 0xff, 0xff, 0x70, 0x96, 0xff, 0xff, 0x70, 0x96, 0xff, 0xff, 0x70, 0x96, 0xff,
  0xff, 0x70, 0x96, 0xff, 0xff, 0x70, 0x96, 0xff, 0xff, 0x70, 0x96, 0xff, 0xff, 0x70, 0x96, 0xff,
  0xff, 0x70, 0x95, 0xfe, 0xff, 0x70, 0x95, 0xfe, 0xff, 0x71, 0x97, 0xff, 0xff, 0x71, 0x96, 0xfa,
  0xff, 0x70, 0x95, 0x96, 0xff, 0x7f, 0xaa, 0x06, 0x00, 0x00, 0x00, 0x00, 0xff, 0x6d, 0x91, 0x07,
  0x00, 0x00, 0x00, 0x00, 0x00, 0x00, 0x00, 0x00, 0x00, 0x00, 0x00, 0x00, 0x00, 0x00, 0x00, 0x00,
  0x00, 0x00, 0x00, 0x00, 0xff, 0x00, 0x00, 0x01, 0xff, 0xaa, 0xaa, 0x03, 0x00, 0x00, 0x00, 0x00,
  0xff, 0x7f, 0xff, 0x02, 0xfc, 0x83, 0x9a, 0x6b, 0xff, 0x82, 0x99, 0xff, 0xff, 0x8a, 0xa3, 0xff,
  0xff, 0x7b, 0x93, 0xf8, 0xff, 0x7a, 0x93, 0xfe, 0xff, 0x7a, 0x93, 0xff, 0xff, 0x7a, 0x93, 0xff,
  0xff, 0x7a, 0x93, 0xff, 0xff, 0x7a, 0x93, 0xff, 0xff, 0x79, 0x93, 0xff, 0xff, 0x79, 0x93, 0xff,
  0xff, 0x79, 0x93, 0xff, 0xff, 0x79, 0x94, 0xff, 0xff, 0x79, 0x94, 0xff, 0xff, 0x79, 0x94, 0xff,
  0xff, 0x78, 0x94, 0xff, 0xff, 0x78, 0x94, 0xff, 0xff, 0x78, 0x94, 0xff, 0xff, 0x77, 0x94, 0xff,
  0xff, 0x78, 0x94, 0xff, 0xff, 0x77, 0x94, 0xff, 0xff, 0x77, 0x94, 0xff, 0xff, 0x76, 0x94, 0xff,
  0xff, 0x76, 0x93, 0xff, 0xff, 0x79, 0x95, 0xff, 0xff, 0x7a, 0x97, 0xff, 0xfb, 0x75, 0x93, 0xff,
  0xf0, 0x62, 0x85, 0xff, 0xe3, 0x4a, 0x72, 0xff, 0xde, 0x40, 0x6b, 0xff, 0xe1, 0x44, 0x6f, 0xff,
  0xe3, 0x48, 0x71, 0xff, 0xe3, 0x49, 0x71, 0xff, 0xe5, 0x4a, 0x73, 0xff, 0xe7, 0x4c, 0x75, 0xff,
  0xe8, 0x4e, 0x77, 0xff, 0xe9, 0x51, 0x79, 0xff, 0xea, 0x53, 0x7b, 0xff, 0xec, 0x55, 0x7d, 0xff,
  0xed, 0x56, 0x7e, 0xff, 0xee, 0x58, 0x80, 0xff, 0xef, 0x5a, 0x81, 0xff, 0xf1, 0x5c, 0x83, 0xff,
  0xf2, 0x5d, 0x85, 0xff, 0xf3, 0x5e, 0x87, 0xff, 0xf4, 0x61, 0x89, 0xff, 0xf6, 0x63, 0x8b, 0xff,
  0xf7, 0x65, 0x8c, 0xff, 0xf8, 0x66, 0x8d, 0xff, 0xf9, 0x69, 0x8f, 0xff, 0xfa, 0x6b, 0x91, 0xff,
  0xfc, 0x6d, 0x93, 0xff, 0xfd, 0x6e, 0x94, 0xff, 0xfe, 0x6f, 0x95, 0xff, 0xff, 0x70, 0x96, 0xff,
  0xff, 0x70, 0x96, 0xff, 0xff, 0x70, 0x96, 0xff, 0xff, 0x70, 0x96, 0xff, 0xff, 0x70, 0x96, 0xff,
  0xff, 0x70, 0x96, 0xff, 0xff, 0x70, 0x96, 0xff, 0xff, 0x70, 0x96, 0xff, 0xff, 0x70, 0x96, 0xff,
  0xff, 0x70, 0x96, 0xff, 0xff, 0x70, 0x96, 0xff, 0xff, 0x70, 0x96, 0xff, 0xff, 0x70, 0x96, 0xff,
  0xff, 0x70, 0x96, 0xff, 0xff, 0x70, 0x96, 0xff, 0xff, 0x70, 0x96, 0xff, 0xff, 0x70, 0x96, 0xff,
  0xff, 0x70, 0x96, 0xff, 0xff, 0x70, 0x95, 0xfe, 0xff, 0x71, 0x97, 0xff, 0xff, 0x70, 0x96, 0xfe,
  0xff, 0x6f, 0x96, 0xec, 0xff, 0x70, 0x96, 0x86, 0xff, 0x99, 0x99, 0x05, 0x00, 0x00, 0x00, 0x00,
  0xff, 0x6d, 0x91, 0x07, 0x00, 0x00, 0x00, 0x00, 0x00, 0x00, 0x00, 0x00, 0x00, 0x00, 0x00, 0x00,
  0x00, 0x00, 0x00, 0x00, 0x00, 0x00, 0x00, 0x00, 0x00, 0x00, 0x00, 0x00, 0xff, 0x7f, 0x7f, 0x06,
  0x00, 0x00, 0x00, 0x00, 0x00, 0x00, 0x00, 0x00, 0xf9, 0x7c, 0x96, 0x58, 0xfd, 0x7e, 0x97, 0xf4,
  0xff, 0x87, 0xa1, 0xff, 0xff, 0x7a, 0x93, 0xf9, 0xff, 0x79, 0x93, 0xff, 0xff, 0x79, 0x93, 0xff,
  0xff, 0x79, 0x94, 0xff, 0xff, 0x79, 0x94, 0xff, 0xff, 0x79, 0x94, 0xff, 0xff, 0x79, 0x93, 0xff,
  0xff, 0x78, 0x93, 0xff, 0xff, 0x78, 0x94, 0xff, 0xff, 0x78, 0x94, 0xff, 0xff, 0x78, 0x94, 0xff,
  0xff, 0x78, 0x94, 0xff, 0xff, 0x77, 0x94, 0xff, 0xff, 0x77, 0x94, 0xff, 0xff, 0x76, 0x94, 0xff,
  0xff, 0x77, 0x94, 0xff, 0xff, 0x77, 0x94, 0xff, 0xff, 0x76, 0x94, 0xff, 0xff, 0x76, 0x94, 0xff,
  0xff, 0x76, 0x94, 0xff, 0xff, 0x76, 0x94, 0xff, 0xff, 0x78, 0x96, 0xff, 0xfd, 0x76, 0x94, 0xff,
  0xef, 0x61, 0x84, 0xff, 0xe0, 0x46, 0x6f, 0xff, 0xdd, 0x40, 0x6a, 0xff, 0xe0, 0x43, 0x6d, 0xff,
  0xe1, 0x45, 0x6f, 0xff, 0xe2, 0x47, 0x70, 0xff, 0xe3, 0x48, 0x71, 0xff, 0xe5, 0x4a, 0x73, 0xff,
  0xe7, 0x4c, 0x75, 0xff, 0xe8, 0x4e, 0x77, 0xff, 0xe9, 0x51, 0x79, 0xff, 0xea, 0x53, 0x7a, 0xff,
  0xeb, 0x54, 0x7c, 0xff, 0xec, 0x55, 0x7d, 0xff, 0xee, 0x57, 0x7f, 0xff, 0xf0, 0x59, 0x81, 0xff,
  0xf1, 0x5b, 0x83, 0xff, 0xf2, 0x5d, 0x85, 0xff, 0xf3, 0x5f, 0x87, 0xff, 0xf4, 0x60, 0x88, 0xff,
  0xf6, 0x62, 0x8a, 0xff, 0xf7, 0x65, 0x8b, 0xff, 0xf8, 0x67, 0x8d, 0xff, 0xf9, 0x69, 0x8f, 0xff,
  0xfa, 0x6a, 0x91, 0xff, 0xfc, 0x6c, 0x93, 0xff, 0xfe, 0x6e, 0x94, 0xff, 0xff, 0x6f, 0x95, 0xff,
  0xff, 0x70, 0x96, 0xff, 0xff, 0x70, 0x96, 0xff, 0xff, 0x70, 0x96, 0xff, 0xff, 0x70, 0x96, 0xff,
  0xff, 0x70, 0x96, 0xff, 0xff, 0x70, 0x96, 0xff, 0xff, 0x70, 0x96, 0xff, 0xff, 0x70, 0x96, 0xff,
  0xff, 0x70, 0x96, 0xff, 0xff, 0x70, 0x96, 0xff, 0xff, 0x70, 0x96, 0xff, 0xff, 0x70, 0x96, 0xff,
  0xff, 0x70, 0x96, 0xff, 0xff, 0x70, 0x96, 0xff, 0xff, 0x70, 0x96, 0xff, 0xff, 0x70, 0x96, 0xff,
  0xff, 0x70, 0x96, 0xff, 0xff, 0x70, 0x96, 0xfe, 0xff, 0x6f, 0x96, 0xfd, 0xff, 0x73, 0x9a, 0xff,
  0xff, 0x70, 0x95, 0xfc, 0xff, 0x6f, 0x96, 0xcd, 0xff, 0x6e, 0x95, 0x6a, 0xff, 0x7f, 0x7f, 0x04,
  0x00, 0x00, 0x00, 0x00, 0xff, 0x66, 0x99, 0x05, 0x00, 0x00, 0x00, 0x00, 0x00, 0x00, 0x00, 0x00,
  0x00, 0x00, 0x00, 0x00, 0x00, 0x00, 0x00, 0x00, 0x00, 0x00, 0x00, 0x00, 0x00, 0x00, 0x00, 0x00,
  0xff, 0x7f, 0x7f, 0x06, 0x00, 0x00, 0x00, 0x00, 0x00, 0x00, 0x00, 0x00, 0xfb, 0x7b, 0x96, 0x42,
  0xfd, 0x7e, 0x97, 0xcc, 0xff, 0x80, 0x9a, 0xf6, 0xff, 0x7a, 0x95, 0xf9, 0xff, 0x79, 0x94, 0xff,
  0xff, 0x77, 0x93, 0xfe, 0xff, 0x78, 0x94, 0xff, 0xff, 0x78, 0x94, 0xff, 0xff, 0x78, 0x94, 0xff,
  0xff, 0x78, 0x94, 0xff, 0xff, 0x77, 0x94, 0xff, 0xff, 0x77, 0x94, 0xff, 0xff, 0x77, 0x94, 0xff,
  0xff, 0x77, 0x94, 0xff, 0xff, 0x76, 0x94, 0xff, 0xff, 0x76, 0x94, 0xff, 0xff, 0x76, 0x94, 0xff,
  0xff, 0x75, 0x95, 0xff, 0xff, 0x76, 0x95, 0xff, 0xff, 0x76, 0x94, 0xff, 0xff, 0x75, 0x95, 0xff,
  0xff, 0x74, 0x94, 0xff, 0xff, 0x74, 0x94, 0xff, 0xff, 0x7a, 0x99, 0xff, 0xfc, 0x74, 0x94, 0xff,
  0xee, 0x5c, 0x80, 0xff, 0xe2, 0x48, 0x70, 0xff, 0xdc, 0x3d, 0x68, 0xff, 0xdd, 0x3f, 0x69, 0xff,
  0xe0, 0x44, 0x6d, 0xff, 0xe1, 0x45, 0x6f, 0xff, 0xe2, 0x47, 0x70, 0xff, 0xe3, 0x48, 0x71, 0xff,
  0xe4, 0x4a, 0x73, 0xff, 0xe6, 0x4c, 0x75, 0xff, 0xe8, 0x4e, 0x77, 0xff, 0xe9, 0x50, 0x78, 0xff,
  0xe9, 0x52, 0x7a, 0xff, 0xec, 0x54, 0x7c, 0xff, 0xed, 0x55, 0x7d, 0xff, 0xee, 0x57, 0x7f, 0xff,
  0xf0, 0x59, 0x81, 0xff, 0xf1, 0x5b, 0x83, 0xff, 0xf2, 0x5e, 0x85, 0xff, 0xf3, 0x5f, 0x86, 0xff,
  0xf4, 0x60, 0x87, 0xff, 0xf6, 0x62, 0x89, 0xff, 0xf7, 0x65, 0x8b, 0xff, 0xf8, 0x67, 0x8d, 0xff,
  0xf9, 0x68, 0x8e, 0xff, 0xfa, 0x6a, 0x90, 0xff, 0xfc, 0x6c, 0x92, 0xff, 0xfd, 0x6e, 0x94, 0xff,
  0xfe, 0x6f, 0x95, 0xff, 0xff, 0x70, 0x96, 0xff, 0xff, 0x70, 0x96, 0xff, 0xff, 0x70, 0x96, 0xff,
  0xff, 0x70, 0x96, 0xff, 0xff, 0x70, 0x96, 0xff, 0xff, 0x70, 0x96, 0xff, 0xff, 0x70, 0x96, 0xff,
  0xff, 0x70, 0x96, 0xff, 0xff, 0x70, 0x96, 0xff, 0xff, 0x70, 0x96, 0xff, 0xff, 0x70, 0x96, 0xff,
  0xff, 0x70, 0x96, 0xff, 0xff, 0x70, 0x96, 0xff, 0xff, 0x70, 0x96, 0xff, 0xff, 0x70, 0x96, 0xff,
  0xff, 0x70, 0x96, 0xff, 0xff, 0x70, 0x96, 0xff, 0xff, 0x6f, 0x95, 0xfe, 0xff, 0x6f, 0x96, 0xfb,
  0xff, 0x77, 0x9f, 0xfc, 0xff, 0x6f, 0x95, 0xf9, 0xff, 0x71, 0x95, 0xa2, 0xff, 0x70, 0x92, 0x3d,
  0xff, 0x7f, 0x7f, 0x02, 0x00, 0x00, 0x00, 0x00, 0xff, 0x55, 0xaa, 0x03, 0x00, 0x00, 0x00, 0x00,
  0x00, 0x00, 0x00, 0x00, 0x00, 0x00, 0x00, 0x00, 0x00, 0x00, 0x00, 0x00, 0x00, 0x00, 0x00, 0x00,
  0x00, 0x00, 0x00, 0x00, 0xff, 0x55, 0xaa, 0x03, 0x00, 0x00, 0x00, 0x00, 0xff, 0x00, 0xff, 0x01,
  0xff, 0x7f, 0x94, 0x24, 0xfd, 0x7b, 0x96, 0x84, 0xff, 0x7b, 0x94, 0xe6, 0xff, 0x80, 0x9e, 0xff,
  0xff, 0x7a, 0x97, 0xff, 0xff, 0x76, 0x93, 0xfb, 0xff, 0x77, 0x94, 0xff, 0xff, 0x77, 0x94, 0xff,
  0xff, 0x77, 0x94, 0xff, 0xff, 0x77, 0x94, 0xff, 0xff, 0x76, 0x94, 0xff, 0xff, 0x76, 0x94, 0xff,
  0xff, 0x76, 0x94, 0xff, 0xff, 0x76, 0x94, 0xff, 0xff, 0x75, 0x94, 0xff, 0xff, 0x75, 0x94, 0xff,
  0xff, 0x75, 0x94, 0xff, 0xff, 0x75, 0x95, 0xff, 0xff, 0x75, 0x95, 0xff, 0xff, 0x74, 0x94, 0xff,
  0xff, 0x73, 0x95, 0xff, 0xff, 0x75, 0x96, 0xff, 0xff, 0x77, 0x97, 0xff, 0xfc, 0x72, 0x93, 0xff,
  0xef, 0x5f, 0x84, 0xff, 0xe0, 0x43, 0x6c, 0xff, 0xdb, 0x3b, 0x65, 0xff, 0xdd, 0x40, 0x69, 0xff,
  0xde, 0x42, 0x6c, 0xff, 0xe0, 0x43, 0x6d, 0xff, 0xe1, 0x45, 0x6f, 0xff, 0xe2, 0x47, 0x70, 0xff,
  0xe3, 0x48, 0x71, 0xff, 0xe4, 0x4a, 0x73, 0xff, 0xe6, 0x4c, 0x75, 0xff, 0xe8, 0x4e, 0x77, 0xff,
  0xe9, 0x50, 0x78, 0xff, 0xe9, 0x52, 0x7a, 0xff, 0xec, 0x54, 0x7c, 0xff, 0xed, 0x55, 0x7d, 0xff,
  0xee, 0x57, 0x7f, 0xff, 0xef, 0x59, 0x81, 0xff, 0xf1, 0x5b, 0x83, 0xff, 0xf2, 0x5e, 0x85, 0xff,
  0xf3, 0x5f, 0x86, 0xff, 0xf4, 0x60, 0x87, 0xff, 0xf6, 0x62, 0x89, 0xff, 0xf7, 0x65, 0x8b, 0xff,
  0xf8, 0x67, 0x8d, 0xff, 0xf9, 0x68, 0x8e, 0xff, 0xfa, 0x6a, 0x90, 0xff, 0xfc, 0x6c, 0x92, 0xff,
  0xfd, 0x6e, 0x94, 0xff, 0xfe, 0x6f, 0x95, 0xff, 0xff, 0x70, 0x96, 0xff, 0xff, 0x70, 0x96, 0xff,
  0xff, 0x70, 0x96, 0xff, 0xff, 0x70, 0x96, 0xff, 0xff, 0x70, 0x96, 0xff, 0xff, 0x70, 0x96, 0xff,
  0xff, 0x70, 0x96, 0xff, 0xff, 0x70, 0x96, 0xff, 0xff, 0x70, 0x96, 0xff, 0xff, 0x70, 0x96, 0xff,
  0xff, 0x70, 0x96, 0xff, 0xff, 0x70, 0x96, 0xff, 0xff, 0x70, 0x96, 0xff, 0xff, 0x70, 0x96, 0xff,
  0xff, 0x70, 0x96, 0xff, 0xff, 0x70, 0x96, 0xff, 0xff, 0x70, 0x96, 0xff, 0xff, 0x6f, 0x95, 0xfe,
  0xff, 0x6f, 0x96, 0xfb, 0xff, 0x79, 0xa1, 0xff, 0xff, 0x6f, 0x95, 0xf0, 0xff, 0x6f, 0x94, 0x6e,
  0xff, 0x79, 0x91, 0x15, 0xff, 0x00, 0x00, 0x01, 0xff, 0x00, 0x00, 0x01, 0xff, 0xff, 0xff, 0x01,
  0x00, 0x00, 0x00, 0x00, 0x00, 0x00, 0x00, 0x00, 0x00, 0x00, 0x00, 0x00, 0x00, 0x00, 0x00, 0x00,
  0x00, 0x00, 0x00, 0x00, 0x00, 0x00, 0x00, 0x00, 0xff, 0x00, 0xff, 0x01, 0x00, 0x00, 0x00, 0x00,
  0xff, 0x7f, 0xff, 0x02, 0xff, 0x7f, 0xbf, 0x04, 0xf5, 0x73, 0x91, 0x33, 0xfd, 0x7a, 0x94, 0xbe,
  0xff, 0x83, 0xa3, 0xff, 0xff, 0x7b, 0x98, 0xfc, 0xff, 0x75, 0x93, 0xf8, 0xff, 0x76, 0x94, 0xff,
  0xff, 0x75, 0x94, 0xff, 0xff, 0x75, 0x94, 0xff, 0xff, 0x75, 0x95, 0xff, 0xff, 0x74, 0x94, 0xff,
  0xff, 0x74, 0x94, 0xff, 0xff, 0x74, 0x95, 0xff, 0xff, 0x74, 0x95, 0xff, 0xff, 0x74, 0x95, 0xff,
  0xff, 0x73, 0x95, 0xff, 0xff, 0x73, 0x95, 0xff, 0xff, 0x73, 0x95, 0xff, 0xff, 0x73, 0x95, 0xff,
  0xff, 0x73, 0x94, 0xff, 0xfe, 0x71, 0x93, 0xff, 0xff, 0x77, 0x97, 0xff, 0xfe, 0x74, 0x95, 0xff,
  0xed, 0x5a, 0x7f, 0xff, 0xde, 0x41, 0x6b, 0xff, 0xda, 0x3b, 0x65, 0xff, 0xdb, 0x3d, 0x66, 0xff,
  0xdd, 0x3f, 0x69, 0xff, 0xde, 0x41, 0x6b, 0xff, 0xe0, 0x43, 0x6d, 0xff, 0xe1, 0x45, 0x6e, 0xff,
  0xe2, 0x47, 0x6f, 0xff, 0xe3, 0x48, 0x71, 0xff, 0xe5, 0x4a, 0x73, 0xff, 0xe6, 0x4c, 0x75, 0xff,
  0xe7, 0x4e, 0x77, 0xff, 0xe8, 0x50, 0x79, 0xff, 0xe9, 0x52, 0x7a, 0xff, 0xeb, 0x54, 0x7c, 0xff,
  0xec, 0x55, 0x7d, 0xff, 0xed, 0x57, 0x7f, 0xff, 0xee, 0x59, 0x81, 0xff, 0xf0, 0x5b, 0x83, 0xff,
  0xf2, 0x5d, 0x85, 0xff, 0xf3, 0x5f, 0x86, 0xff, 0xf4, 0x60, 0x87, 0xff, 0xf6, 0x62, 0x89, 0xff,
  0xf7, 0x64, 0x8b, 0xff, 0xf8, 0x66, 0x8d, 0xff, 0xf9, 0x68, 0x8f, 0xff, 0xfa, 0x6a, 0x91, 0xff,
  0xfc, 0x6c, 0x92, 0xff, 0xfd, 0x6e, 0x94, 0xff, 0xfe, 0x6f, 0x95, 0xff, 0xff, 0x70, 0x96, 0xff,
  0xff, 0x70, 0x96, 0xff, 0xff, 0x70, 0x96, 0xff, 0xff, 0x70, 0x96, 0xff, 0xff, 0x70, 0x96, 0xff,
  0xff, 0x70, 0x96, 0xff, 0xff, 0x70, 0x96, 0xff, 0xff, 0x70, 0x96, 0xff, 0xff, 0x70, 0x96, 0xff,
  0xff, 0x70, 0x96, 0xff, 0xff, 0x70, 0x96, 0xff, 0xff, 0x70, 0x96, 0xff, 0xff, 0x70, 0x96, 0xff,
  0xff, 0x70, 0x96, 0xff, 0xff, 0x70, 0x96, 0xff, 0xff, 0x70, 0x96, 0xff, 0xff, 0x6f, 0x96, 0xfd,
  0xff, 0x70, 0x96, 0xfd, 0xff, 0x70, 0x95, 0xfa, 0xff, 0x72, 0x98, 0xff, 0xff, 0x70, 0x96, 0xc8,
  0xff, 0x6f, 0x94, 0x37, 0xff, 0xff, 0xff, 0x01, 0x00, 0x00, 0x00, 0x00, 0xff, 0xaa, 0xaa, 0x03,
  0x00, 0x00, 0x00, 0x00, 0x00, 0x00, 0x00, 0x00, 0x00, 0x00, 0x00, 0x00, 0x00, 0x00, 0x00, 0x00,
  0x00, 0x00, 0x00, 0x00, 0x00, 0x00, 0x00, 0x00, 0x00, 0x00, 0x00, 0x00, 0x00, 0x00, 0x00, 0x00,
  0x00, 0x00, 0x00, 0x00, 0xff, 0x55, 0xaa, 0x03, 0x00, 0x00, 0x00, 0x00, 0xff, 0x6d, 0x91, 0x07,
  0xfc, 0x78, 0x96, 0x6e, 0xfd, 0x7d, 0x9c, 0xd4, 0xff, 0x7e, 0x9e, 0xff, 0xff, 0x7c, 0x9c, 0xff,
  0xff, 0x74, 0x94, 0xf9, 0xff, 0x73, 0x93, 0xfa, 0xff, 0x73, 0x94, 0xfe, 0xff, 0x73, 0x95, 0xfe,
  0xff, 0x73, 0x94, 0xff, 0xff, 0x73, 0x94, 0xff, 0xff, 0x73, 0x95, 0xff, 0xff, 0x73, 0x95, 0xff,
  0xff, 0x73, 0x95, 0xff, 0xff, 0x72, 0x95, 0xff, 0xff, 0x71, 0x94, 0xff, 0xfe, 0x71, 0x94, 0xff,
  0xfe, 0x71, 0x94, 0xff, 0xff, 0x74, 0x97, 0xff, 0xff, 0x77, 0x99, 0xff, 0xfb, 0x70, 0x93, 0xff,
  0xee, 0x5b, 0x80, 0xff, 0xde, 0x43, 0x6b, 0xff, 0xd7, 0x36, 0x62, 0xff, 0xda, 0x3a, 0x64, 0xff,
  0xdd, 0x3f, 0x68, 0xff, 0xdd, 0x3f, 0x69, 0xff, 0xde, 0x41, 0x6b, 0xff, 0xe0, 0x43, 0x6d, 0xff,
  0xe1, 0x45, 0x6e, 0xff, 0xe2, 0x47, 0x6f, 0xff, 0xe3, 0x47, 0x71, 0xff, 0xe5, 0x4a, 0x73, 0xff,
  0xe6, 0x4c, 0x75, 0xff, 0xe7, 0x4e, 0x77, 0xff, 0xe8, 0x50, 0x79, 0xff, 0xe9, 0x52, 0x7a, 0xff,
  0xeb, 0x54, 0x7c, 0xff, 0xec, 0x55, 0x7d, 0xff, 0xed, 0x57, 0x7f, 0xff, 0xee, 0x59, 0x81, 0xff,
  0xf1, 0x5b, 0x83, 0xff, 0xf2, 0x5d, 0x85, 0xff, 0xf3, 0x5f, 0x86, 0xff, 0xf4, 0x60, 0x87, 0xff,
  0xf6, 0x62, 0x89, 0xff, 0xf7, 0x64, 0x8b, 0xff, 0xf8, 0x66, 0x8d, 0xff, 0xf9, 0x68, 0x8f, 0xff,
  0xfa, 0x6a, 0x91, 0xff, 0xfc, 0x6c, 0x92, 0xff, 0xfd, 0x6e, 0x94, 0xff, 0xfe, 0x6f, 0x95, 0xff,
  0xff, 0x70, 0x96, 0xff, 0xff, 0x70, 0x96, 0xff, 0xff, 0x70, 0x96, 0xff, 0xff, 0x70, 0x96, 0xff,
  0xff, 0x70, 0x96, 0xff, 0xff, 0x70, 0x96, 0xff, 0xff, 0x70, 0x96, 0xff, 0xff, 0x70, 0x96, 0xff,
  0xff, 0x70, 0x96, 0xff, 0xff, 0x70, 0x96, 0xff, 0xff, 0x70, 0x96, 0xff, 0xff, 0x70, 0x96, 0xff,
  0xff, 0x70, 0x96, 0xff, 0xff, 0x70, 0x95, 0xfe, 0xff, 0x6f, 0x96, 0xfd, 0xff, 0x6f, 0x96, 0xfb,
  0xff, 0x70, 0x96, 0xf8, 0xff, 0x75, 0x9c, 0xff, 0xff, 0x78, 0xa0, 0xff, 0xff, 0x6e, 0x93, 0xd4,
  0xff, 0x6f, 0x97, 0x65, 0xff, 0x6f, 0x9f, 0x10, 0x00, 0x00, 0x00, 0x00, 0x00, 0x00, 0x00, 0x00,
  0xff, 0x55, 0x55, 0x03, 0x00, 0x00, 0x00, 0x00, 0x00, 0x00, 0x00, 0x00, 0x00, 0x00, 0x00, 0x00,
  0x00, 0x00, 0x00, 0x00, 0x00, 0x00, 0x00, 0x00, 0x00, 0x00, 0x00, 0x00, 0x00, 0x00, 0x00, 0x00,
  0x00, 0x00, 0x00, 0x00, 0x00, 0x00, 0x00, 0x00, 0xff, 0x55, 0xaa, 0x03, 0xff, 0x00, 0xff, 0x01,
  0x00, 0x00, 0x00, 0x00, 0xf7, 0x6f, 0x8f, 0x20, 0xfa, 0x72, 0x92, 0x78, 0xff, 0x76, 0x96, 0xe4,
  0xff, 0x7c, 0x9f, 0xfd, 0xff, 0x75, 0x97, 0xff, 0xff, 0x74, 0x96, 0xff, 0xff, 0x73, 0x96, 0xff,
  0xff, 0x72, 0x95, 0xff, 0xff, 0x72, 0x95, 0xff, 0xff, 0x72, 0x95, 0xff, 0xff, 0x72, 0x95, 0xff,
  0xff, 0x72, 0x95, 0xff, 0xff, 0x72, 0x95, 0xff, 0xff, 0x71, 0x95, 0xff, 0xff, 0x71, 0x95, 0xff,
  0xff, 0x72, 0x96, 0xff, 0xff, 0x72, 0x96, 0xff, 0xff, 0x73, 0x97, 0xff, 0xfc, 0x71, 0x95, 0xff,
  0xed, 0x5a, 0x82, 0xff, 0xdb, 0x3d, 0x67, 0xff, 0xd5, 0x36, 0x60, 0xff, 0xd9, 0x3b, 0x64, 0xff,
  0xda, 0x3b, 0x65, 0xff, 0xdc, 0x3e, 0x68, 0xff, 0xdd, 0x3f, 0x69, 0xff, 0xde, 0x41, 0x6b, 0xff,
  0xe0, 0x43, 0x6d, 0xff, 0xe1, 0x45, 0x6e, 0xff, 0xe2, 0x46, 0x6f, 0xff, 0xe3, 0x47, 0x71, 0xff,
  0xe5, 0x4a, 0x73, 0xff, 0xe6, 0x4c, 0x75, 0xff, 0xe7, 0x4e, 0x77, 0xff, 0xe8, 0x50, 0x78, 0xff,
  0xe9, 0x52, 0x7a, 0xff, 0xeb, 0x54, 0x7c, 0xff, 0xec, 0x55, 0x7d, 0xff, 0xed, 0x57, 0x7f, 0xff,
  0xef, 0x59, 0x81, 0xff, 0xf1, 0x5b, 0x83, 0xff, 0xf2, 0x5d, 0x85, 0xff, 0xf3, 0x5f, 0x86, 0xff,
  0xf4, 0x60, 0x87, 0xff, 0xf6, 0x62, 0x89, 0xff, 0xf7, 0x64, 0x8b, 0xff, 0xf8, 0x66, 0x8d, 0xff,
  0xf9, 0x68, 0x8e, 0xff, 0xfa, 0x6a, 0x90, 0xff, 0xfc, 0x6c, 0x92, 0xff, 0xfd, 0x6e, 0x94, 0xff,
  0xfe, 0x6f, 0x95, 0xff, 0xff, 0x70, 0x96, 0xff, 0xff, 0x70, 0x96, 0xff, 0xff, 0x70, 0x96, 0xff,
  0xff, 0x70, 0x96, 0xff, 0xff, 0x70, 0x96, 0xff, 0xff, 0x70, 0x96, 0xff, 0xff, 0x70, 0x96, 0xff,
  0xff, 0x70, 0x96, 0xff, 0xff, 0x70, 0x96, 0xff, 0xff, 0x70, 0x96, 0xff, 0xff, 0x70, 0x96, 0xff,
  0xff, 0x70, 0x96, 0xff, 0xff, 0x70, 0x96, 0xff, 0xff, 0x70, 0x96, 0xff, 0xff, 0x71, 0x97, 0xff,
  0xff, 0x71, 0x98, 0xff, 0xff, 0x70, 0x96, 0xff, 0xff, 0x72, 0x9a, 0xfd, 0xff, 0x6f, 0x95, 0xed,
  0xff, 0x6f, 0x95, 0x7b, 0xff, 0x66, 0x7f, 0x0a, 0x00, 0x00, 0x00, 0x00, 0xff, 0x3f, 0x7f, 0x04,
  0x00, 0x00, 0x00, 0x00, 0xff, 0x00, 0x00, 0x01, 0x00, 0x00, 0x00, 0x00, 0x00, 0x00, 0x00, 0x00,
  0x00, 0x00, 0x00, 0x00, 0x00, 0x00, 0x00, 0x00, 0x00, 0x00, 0x00, 0x00, 0x00, 0x00, 0x00, 0x00,
  0x00, 0x00, 0x00, 0x00, 0x00, 0x00, 0x00, 0x00, 0x00, 0x00, 0x00, 0x00, 0xff, 0x00, 0x00, 0x01,
  0xff, 0xff, 0xff, 0x01, 0x00, 0x00, 0x00, 0x00, 0xff, 0x00, 0xff, 0x01, 0xff, 0x6a, 0x8b, 0x1f,
  0xff, 0x73, 0x97, 0x71, 0xfc, 0x75, 0x99, 0xd1, 0xff, 0x7d, 0xa2, 0xff, 0xff, 0x7c, 0xa2, 0xff,
  0xff, 0x73, 0x96, 0xff, 0xff, 0x71, 0x95, 0xfb, 0xff, 0x71, 0x95, 0xf8, 0xff, 0x71, 0x94, 0xf7,
  0xff, 0x70, 0x95, 0xf7, 0xff, 0x70, 0x95, 0xf7, 0xff, 0x70, 0x95, 0xf7, 0xff, 0x70, 0x96, 0xf7,
  0xff, 0x74, 0x99, 0xf7, 0xff, 0x76, 0x9a, 0xf7, 0xff, 0x77, 0x9b, 0xf7, 0xf8, 0x6c, 0x91, 0xf7,
  0xe8, 0x53, 0x7a, 0xf7, 0xd9, 0x3c, 0x67, 0xf7, 0xd5, 0x34, 0x60, 0xf7, 0xd5, 0x35, 0x60, 0xf7,
  0xd8, 0x3a, 0x64, 0xf7, 0xd9, 0x3b, 0x66, 0xf7, 0xda, 0x3c, 0x67, 0xf7, 0xdc, 0x3e, 0x69, 0xf7,
  0xde, 0x41, 0x6a, 0xf7, 0xde, 0x42, 0x6c, 0xf7, 0xe0, 0x44, 0x6e, 0xf7, 0xe1, 0x46, 0x6f, 0xf7,
  0xe3, 0x48, 0x70, 0xf7, 0xe5, 0x4b, 0x72, 0xf7, 0xe6, 0x4c, 0x74, 0xf7, 0xe7, 0x4d, 0x76, 0xf7,
  0xe8, 0x4f, 0x77, 0xf7, 0xe9, 0x52, 0x79, 0xf7, 0xeb, 0x54, 0x7b, 0xf7, 0xed, 0x54, 0x7d, 0xf7,
  0xed, 0x56, 0x7e, 0xf7, 0xef, 0x58, 0x80, 0xf7, 0xef, 0x5a, 0x82, 0xf7, 0xf1, 0x5c, 0x84, 0xf7,
  0xf3, 0x5e, 0x86, 0xf7, 0xf4, 0x61, 0x88, 0xf7, 0xf5, 0x63, 0x89, 0xf7, 0xf5, 0x64, 0x8b, 0xf7,
  0xf6, 0x65, 0x8c, 0xf7, 0xf8, 0x68, 0x8d, 0xf7, 0xfa, 0x6a, 0x8f, 0xf7, 0xfb, 0x6c, 0x92, 0xf7,
  0xfc, 0x6e, 0x94, 0xf7, 0xfd, 0x6f, 0x94, 0xf7, 0xff, 0x70, 0x95, 0xf7, 0xff, 0x70, 0x95, 0xf7,
  0xff, 0x70, 0x95, 0xf7, 0xff, 0x70, 0x95, 0xf7, 0xff, 0x70, 0x95, 0xf7, 0xff, 0x70, 0x95, 0xf7,
  0xff, 0x70, 0x95, 0xf7, 0xff, 0x70, 0x95, 0xf7, 0xff, 0x70, 0x95, 0xf7, 0xff, 0x70, 0x95, 0xf7,
  0xff, 0x70, 0x95, 0xf7, 0xff, 0x70, 0x95, 0xf7, 0xff, 0x70, 0x96, 0xf9, 0xff, 0x6f, 0x96, 0xfd,
  0xff, 0x73, 0x9a, 0xff, 0xff, 0x76, 0x9f, 0xff, 0xff, 0x76, 0x9e, 0xff, 0xff, 0x71, 0x97, 0xd3,
  0xff, 0x6e, 0x97, 0x6c, 0xff, 0x71, 0x97, 0x1b, 0x00, 0x00, 0x00, 0x00, 0x00, 0x00, 0x00, 0x00,
  0xff, 0x00, 0xff, 0x02, 0x00, 0x00, 0x00, 0x00, 0x00, 0x00, 0x00, 0x00, 0x00, 0x00, 0x00, 0x00,
  0x00, 0x00, 0x00, 0x00, 0x00, 0x00, 0x00, 0x00, 0x00, 0x00, 0x00, 0x00, 0x00, 0x00, 0x00, 0x00,
  0x00, 0x00, 0x00, 0x00, 0x00, 0x00, 0x00, 0x00, 0x00, 0x00, 0x00, 0x00, 0x00, 0x00, 0x00, 0x00,
  0x00, 0x00, 0x00, 0x00, 0xff, 0xff, 0xff, 0x01, 0xff, 0xff, 0xff, 0x01, 0x00, 0x00, 0x00, 0x00,
  0x00, 0x00, 0x00, 0x00, 0xf5, 0x62, 0x93, 0x1a, 0xf8, 0x6c, 0x8f, 0x6e, 0xfc, 0x70, 0x93, 0xc0,
  0xfd, 0x74, 0x99, 0xdd, 0xfd, 0x70, 0x93, 0xf5, 0xff, 0x74, 0x9b, 0xff, 0xff, 0x79, 0xa1, 0xff,
  0xff, 0x7b, 0xa3, 0xff, 0xff, 0x7b, 0xa4, 0xff, 0xff, 0x7b, 0xa4, 0xff, 0xff, 0x79, 0xa2, 0xff,
  0xff, 0x75, 0x9f, 0xff, 0xff, 0x72, 0x9c, 0xff, 0xff, 0x6c, 0x96, 0xff, 0xff, 0x64, 0x8f, 0xff,
  0xfa, 0x54, 0x80, 0xff, 0xeb, 0x3d, 0x6b, 0xff, 0xe5, 0x35, 0x63, 0xff, 0xea, 0x3a, 0x69, 0xff,
  0xec, 0x3d, 0x6c, 0xff, 0xec, 0x3f, 0x6d, 0xff, 0xee, 0x41, 0x6f, 0xff, 0xef, 0x42, 0x70, 0xff,
  0xf1, 0x44, 0x72, 0xff, 0xf4, 0x47, 0x74, 0xff, 0xf4, 0x48, 0x76, 0xff, 0xf5, 0x4a, 0x78, 0xff,
  0xf6, 0x4d, 0x7b, 0xff, 0xf8, 0x4f, 0x7c, 0xff, 0xfa, 0x51, 0x7e, 0xff, 0xfb, 0x53, 0x80, 0xff,
  0xfd, 0x54, 0x81, 0xff, 0xfe, 0x56, 0x83, 0xff, 0xff, 0x59, 0x85, 0xff, 0xff, 0x5b, 0x87, 0xff,
  0xff, 0x5d, 0x89, 0xff, 0xff, 0x5f, 0x8a, 0xff, 0xff, 0x61, 0x8c, 0xff, 0xff, 0x63, 0x8e, 0xff,
  0xff, 0x65, 0x90, 0xff, 0xff, 0x67, 0x92, 0xff, 0xff, 0x6a, 0x95, 0xff, 0xff, 0x6c, 0x97, 0xff,
  0xff, 0x6d, 0x98, 0xff, 0xff, 0x6f, 0x99, 0xff, 0xff, 0x71, 0x9b, 0xff, 0xff, 0x73, 0x9d, 0xff,
  0xff, 0x76, 0x9f, 0xff, 0xff, 0x78, 0xa1, 0xff, 0xff, 0x79, 0xa3, 0xff, 0xff, 0x7a, 0xa4, 0xff,
  0xff, 0x7a, 0xa4, 0xff, 0xff, 0x7a, 0xa4, 0xff, 0xff, 0x7a, 0xa4, 0xff, 0xff, 0x7a, 0xa4, 0xff,
  0xff, 0x7a, 0xa4, 0xff, 0xff, 0x7a, 0xa4, 0xff, 0xff, 0x7a, 0xa4, 0xff, 0xff, 0x7a, 0xa4, 0xff,
  0xff, 0x7a, 0xa4, 0xff, 0xff, 0x7a, 0xa4, 0xff, 0xff, 0x7a, 0xa4, 0xff, 0xff, 0x78, 0xa1, 0xff,
  0xff, 0x71, 0x98, 0xff, 0xff, 0x70, 0x96, 0xf2, 0xff, 0x6f, 0x96, 0xdb, 0xff, 0x70, 0x97, 0xb8,
  0xff, 0x70, 0x95, 0x6f, 0xff, 0x77, 0x99, 0x0f, 0x00, 0x00, 0x00, 0x00, 0xff, 0x7f, 0xbf, 0x04,
  0xff, 0xff, 0xff, 0x01, 0x00, 0x00, 0x01, 0x00, 0x00, 0x00, 0x00, 0x00, 0x00, 0x00, 0x00, 0x00,
  0x00, 0x00, 0x00, 0x00, 0x00, 0x00, 0x00, 0x00, 0x00, 0x00, 0x00, 0x00, 0x00, 0x00, 0x00, 0x00,
  0x00, 0x00, 0x00, 0x00, 0x00, 0x00, 0x00, 0x00, 0x00, 0x00, 0x00, 0x00, 0x00, 0x00, 0x00, 0x00,
  0x00, 0x00, 0x00, 0x00, 0x00, 0x00, 0x00, 0x00, 0x00, 0x00, 0x00, 0x00, 0x00, 0x00, 0x00, 0x00,
  0xff, 0x00, 0x00, 0x01, 0x00, 0x00, 0x00, 0x00, 0xff, 0xff, 0xff, 0x01, 0xff, 0x66, 0x99, 0x05,
  0xf8, 0x5d, 0x86, 0x26, 0xfa, 0x6a, 0x92, 0x6e, 0xf9, 0x6a, 0x8f, 0xba, 0xf9, 0x69, 0x90, 0xee,
  0xff, 0x6f, 0x97, 0xff, 0xff, 0x76, 0x9c, 0xff, 0xff, 0x76, 0x9d, 0xff, 0xff, 0x75, 0x9c, 0xff,
  0xff, 0x71, 0x99, 0xff, 0xff, 0x68, 0x91, 0xff, 0xf6, 0x5b, 0x85, 0xff, 0xeb, 0x4b, 0x76, 0xff,
  0xe1, 0x3b, 0x68, 0xff, 0xdb, 0x31, 0x5f, 0xff, 0xdb, 0x32, 0x5f, 0xff, 0xdd, 0x36, 0x62, 0xff,
  0xdf, 0x37, 0x64, 0xff, 0xe0, 0x39, 0x66, 0xff, 0xe1, 0x3b, 0x67, 0xff, 0xe3, 0x3d, 0x69, 0xff,
  0xe4, 0x3e, 0x6a, 0xff, 0xe5, 0x41, 0x6c, 0xff, 0xe7, 0x43, 0x6e, 0xff, 0xe8, 0x45, 0x70, 0xff,
  0xe9, 0x47, 0x72, 0xff, 0xea, 0x49, 0x74, 0xff, 0xec, 0x4a, 0x76, 0xff, 0xee, 0x4c, 0x78, 0xff,
  0xef, 0x4e, 0x7a, 0xff, 0xf0, 0x50, 0x7b, 0xff, 0xf1, 0x52, 0x7d, 0xff, 0xf2, 0x54, 0x7e, 0xff,
  0xf4, 0x56, 0x80, 0xff, 0xf5, 0x57, 0x81, 0xff, 0xf7, 0x59, 0x83, 0xff, 0xf8, 0x5c, 0x85, 0xff,
  0xfa, 0x5e, 0x87, 0xff, 0xfb, 0x60, 0x89, 0xff, 0xfc, 0x62, 0x8b, 0xff, 0xfd, 0x64, 0x8d, 0xff,
  0xff, 0x66, 0x90, 0xff, 0xff, 0x68, 0x91, 0xff, 0xff, 0x6a, 0x92, 0xff, 0xff, 0x6b, 0x94, 0xff,
  0xff, 0x6d, 0x96, 0xff, 0xff, 0x6f, 0x97, 0xff, 0xff, 0x71, 0x98, 0xff, 0xff, 0x72, 0x9a, 0xff,
  0xff, 0x74, 0x9c, 0xff, 0xff, 0x74, 0x9c, 0xff, 0xff, 0x74, 0x9c, 0xff, 0xff, 0x74, 0x9c, 0xff,
  0xff, 0x74, 0x9c, 0xff, 0xff, 0x74, 0x9c, 0xff, 0xff, 0x74, 0x9c, 0xff, 0xff, 0x74, 0x9c, 0xff,
  0xff, 0x74, 0x9c, 0xff, 0xff, 0x74, 0x9c, 0xff, 0xff, 0x74, 0x9c, 0xff, 0xff, 0x73, 0x9b, 0xff,
  0xff, 0x6e, 0x95, 0xfb, 0xff, 0x6e, 0x94, 0xd8, 0xff, 0x6e, 0x95, 0xa9, 0xff, 0x6e, 0x97, 0x6a,
  0xff, 0x6b, 0x93, 0x26, 0xff, 0x66, 0x99, 0x05, 0x00, 0x00, 0x00, 0x00, 0x00, 0x00, 0x00, 0x00,
  0x00, 0x00, 0x00, 0x00, 0x00, 0x00, 0x00, 0x00, 0x00, 0x00, 0x00, 0x00, 0x00, 0x00, 0x00, 0x00,
  0x00, 0x00, 0x00, 0x00, 0x00, 0x00, 0x00, 0x00, 0x00, 0x00, 0x00, 0x00, 0x00, 0x00, 0x00, 0x00,
  0x00, 0x00, 0x00, 0x00, 0x00, 0x00, 0x00, 0x00, 0x00, 0x00, 0x00, 0x00, 0x00, 0x00, 0x00, 0x00,
  0x00, 0x00, 0x00, 0x00, 0x00, 0x00, 0x00, 0x00, 0x00, 0x00, 0x00, 0x00, 0x00, 0x00, 0x00, 0x00,
  0x00, 0x00, 0x00, 0x00, 0xff, 0x00, 0x00, 0x01, 0xff, 0x7f, 0x7f, 0x02, 0x00, 0x00, 0x00, 0x00,
  0x00, 0x00, 0x00, 0x00, 0x00, 0x00, 0x00, 0x00, 0xf4, 0x5f, 0x7f, 0x18, 0xf6, 0x67, 0x8e, 0x3b,
  0xf5, 0x65, 0x8d, 0x53, 0xf9, 0x6a, 0x94, 0x5d, 0xfc, 0x70, 0x96, 0x5f, 0xff, 0x73, 0x96, 0x5f,
  0xff, 0x70, 0x96, 0x5f, 0xf9, 0x6b, 0x93, 0x5f, 0xf1, 0x60, 0x88, 0x5f, 0xe6, 0x50, 0x78, 0x5f,
  0xd9, 0x3d, 0x66, 0x5f, 0xce, 0x28, 0x55, 0x5f, 0xcc, 0x22, 0x50, 0x5f, 0xd1, 0x2d, 0x58, 0x5f,
  0xd6, 0x35, 0x60, 0x5f, 0xd6, 0x35, 0x60, 0x5f, 0xd6, 0x35, 0x60, 0x5f, 0xd9, 0x38, 0x63, 0x5f,
  0xd9, 0x3b, 0x66, 0x5f, 0xdc, 0x3b, 0x66, 0x5f, 0xdc, 0x3d, 0x68, 0x5f, 0xde, 0x40, 0x6b, 0x5f,
  0xde, 0x43, 0x6b, 0x5f, 0xde, 0x43, 0x6e, 0x5f, 0xe1, 0x45, 0x70, 0x5f, 0xe4, 0x45, 0x70, 0x5f,
  0xe4, 0x48, 0x73, 0x5f, 0xe6, 0x4b, 0x76, 0x5f, 0xe6, 0x4d, 0x76, 0x5f, 0xe6, 0x4d, 0x78, 0x5f,
  0xe9, 0x50, 0x78, 0x5f, 0xec, 0x53, 0x7b, 0x5f, 0xec, 0x53, 0x7b, 0x5f, 0xec, 0x55, 0x7e, 0x5f,
  0xee, 0x58, 0x80, 0x5f, 0xf1, 0x58, 0x80, 0x5f, 0xf1, 0x5b, 0x83, 0x5f, 0xf1, 0x5d, 0x86, 0x5f,
  0xf1, 0x60, 0x88, 0x5f, 0xf4, 0x60, 0x88, 0x5f, 0xf6, 0x63, 0x8b, 0x5f, 0xf9, 0x66, 0x8b, 0x5f,
  0xf9, 0x66, 0x8e, 0x5f, 0xf9, 0x68, 0x90, 0x5f, 0xf9, 0x6b, 0x90, 0x5f, 0xfc, 0x6e, 0x90, 0x5f,
  0xff, 0x6e, 0x93, 0x5f, 0xff, 0x70, 0x96, 0x5f, 0xff, 0x70, 0x96, 0x5f, 0xff, 0x70, 0x96, 0x5f,
  0xff, 0x70, 0x96, 0x5f, 0xff, 0x70, 0x96, 0x5f, 0xff, 0x70, 0x96, 0x5f, 0xff, 0x70, 0x96, 0x5f,
  0xff, 0x70, 0x96, 0x5f, 0xff, 0x70, 0x96, 0x5f, 0xff, 0x70, 0x96, 0x5f, 0xff, 0x70, 0x96, 0x5f,
  0xff, 0x6f, 0x95, 0x5e, 0xff, 0x6c, 0x94, 0x59, 0xff, 0x71, 0x94, 0x48, 0xff, 0x6e, 0x91, 0x33,
  0xff, 0x68, 0x96, 0x16, 0x00, 0x00, 0x00, 0x00, 0x00, 0x00, 0x00, 0x00, 0x00, 0x00, 0x00, 0x00,
  0xff, 0xaa, 0xaa, 0x03, 0x00, 0x00, 0x00, 0x00, 0x00, 0x00, 0x00, 0x00, 0x00, 0x00, 0x00, 0x00,
  0x00, 0x00, 0x00, 0x00, 0x00, 0x00, 0x00, 0x00, 0x00, 0x00, 0x00, 0x00, 0x00, 0x00, 0x00, 0x00,
  0x00, 0x00, 0x00, 0x00, 0x00, 0x00, 0x00, 0x00, 0x00, 0x00, 0x00, 0x00, 0x00, 0x00, 0x00, 0x00,
  0x00, 0x00, 0x00, 0x00, 0x00, 0x00, 0x00, 0x00, 0x00, 0x00, 0x00, 0x00, 0x00, 0x00, 0x00, 0x00,
  0x00, 0x00, 0x00, 0x00, 0x00, 0x00, 0x00, 0x00, 0x00, 0x00, 0x00, 0x00, 0x00, 0x00, 0x00, 0x00,
  0xff, 0x7f, 0x7f, 0x02, 0xff, 0x66, 0x99, 0x05, 0xff, 0x7f, 0xbf, 0x04, 0x00, 0x00, 0x00, 0x00,
  0x00, 0x00, 0x00, 0x00, 0x00, 0x00, 0x00, 0x00, 0x00, 0x00, 0x00, 0x00, 0x00, 0x00, 0x00, 0x00,
  0x00, 0x00, 0x00, 0x00, 0x00, 0x00, 0x00, 0x00, 0x00, 0x00, 0x00, 0x00, 0x00, 0x00, 0x00, 0x00,
  0x00, 0x00, 0x00, 0x00, 0x00, 0x00, 0x00, 0x00, 0x00, 0x00, 0x00, 0x00, 0x00, 0x00, 0x00, 0x00,
  0x00, 0x00, 0x00, 0x00, 0x00, 0x00, 0x00, 0x00, 0x00, 0x00, 0x00, 0x00, 0x00, 0x00, 0x00, 0x00,
  0x00, 0x00, 0x00, 0x00, 0x00, 0x00, 0x00, 0x00, 0x00, 0x00, 0x00, 0x00, 0x00, 0x00, 0x00, 0x00,
  0x00, 0x00, 0x00, 0x00, 0x00, 0x00, 0x00, 0x00, 0x00, 0x00, 0x00, 0x00, 0x00, 0x00, 0x00, 0x00,
  0x00, 0x00, 0x00, 0x00, 0x00, 0x00, 0x00, 0x00, 0x00, 0x00, 0x00, 0x00, 0x00, 0x00, 0x00, 0x00,
  0x00, 0x00, 0x00, 0x00, 0x00, 0x00, 0x00, 0x00, 0x00, 0x00, 0x00, 0x00, 0x00, 0x00, 0x00, 0x00,
  0x00, 0x00, 0x00, 0x00, 0x00, 0x00, 0x00, 0x00, 0x00, 0x00, 0x00, 0x00, 0x00, 0x00, 0x00, 0x00,
  0x00, 0x00, 0x00, 0x00, 0x00, 0x00, 0x00, 0x00, 0x00, 0x00, 0x00, 0x00, 0x00, 0x00, 0x00, 0x00,
  0x00, 0x00, 0x00, 0x00, 0x00, 0x00, 0x00, 0x00, 0x00, 0x00, 0x00, 0x00, 0x00, 0x00, 0x00, 0x00,
  0x00, 0x00, 0x00, 0x00, 0x00, 0x00, 0x00, 0x00, 0x00, 0x00, 0x00, 0x00, 0x00, 0x00, 0x00, 0x00,
  0x00, 0x00, 0x00, 0x00, 0x00, 0x00, 0x00, 0x00, 0x00, 0x00, 0x00, 0x00, 0x00, 0x00, 0x00, 0x00,
  0x00, 0x00, 0x00, 0x00, 0x00, 0x00, 0x00, 0x00, 0x00, 0x00, 0x00, 0x00, 0x00, 0x00, 0x00, 0x00,
  0x00, 0x00, 0x00, 0x00, 0x00, 0x00, 0x00, 0x00, 0x00, 0x00, 0x00, 0x00, 0x00, 0x00, 0x00, 0x00,
  0x00, 0x00, 0x00, 0x00, 0x00, 0x00, 0x00, 0x00, 0xff, 0x7f, 0x7f, 0x04, 0xff, 0x66, 0x99, 0x05,
  0xff, 0x7f, 0x7f, 0x02, 0x00, 0x00, 0x00, 0x00, 0x00, 0x00, 0x00, 0x00, 0x00, 0x00, 0x00, 0x00,
  0x00, 0x00, 0x00, 0x00, 0x00, 0x00, 0x00, 0x00, 0x00, 0x00, 0x00, 0x00, 0x00, 0x00, 0x00, 0x00
};

const lv_image_dsc_t velaguard_img_icon_rainbow_rain_blue_2 =
{
  .header.magic = LV_IMAGE_HEADER_MAGIC,
  .header.cf = LV_COLOR_FORMAT_ARGB8888,
  .header.flags = 0,
  .header.w = 89,
  .header.h = 116,
  .header.stride = 356,
  .data_size = sizeof(velaguard_img_icon_rainbow_rain_blue_2_data),
  .data = velaguard_img_icon_rainbow_rain_blue_2_data,
};
