#include <lvgl.h>

static const uint8_t velaguard_img_icon_rainbow_rain_blue_1_data[] =
{
  0x00, 0x00, 0x00, 0x00, 0x00, 0x00, 0x00, 0x00, 0x00, 0x00, 0x00, 0x00, 0x00, 0x00, 0x00, 0x00,
  0x00, 0x00, 0x00, 0x00, 0x00, 0x00, 0x00, 0x00, 0x00, 0x00, 0x00, 0x00, 0x00, 0x00, 0x00, 0x00,
  0x00, 0x00, 0x00, 0x00, 0x00, 0x00, 0x00, 0x00, 0x00, 0x00, 0x00, 0x00, 0x00, 0x00, 0x00, 0x00,
  0x00, 0x00, 0x00, 0x00, 0x00, 0x00, 0x00, 0x00, 0x00, 0x00, 0x00, 0x00, 0x00, 0x00, 0x00, 0x00,
  0x00, 0x00, 0x00, 0x00, 0x00, 0x00, 0x00, 0x00, 0x00, 0x00, 0x00, 0x00, 0x00, 0x00, 0x00, 0x00,
  0x00, 0x00, 0x00, 0x00, 0x00, 0x00, 0x00, 0x00, 0x00, 0x00, 0x00, 0x00, 0x00, 0x00, 0x00, 0x00,
  0x00, 0x00, 0x00, 0x00, 0x00, 0x00, 0x00, 0x00, 0x00, 0x00, 0x00, 0x00, 0x00, 0x00, 0x00, 0x00,
  0x00, 0x00, 0x00, 0x00, 0x00, 0x00, 0x00, 0x00, 0x00, 0x00, 0x00, 0x00, 0x00, 0x00, 0x00, 0x00,
  0x00, 0x00, 0x00, 0x00, 0x00, 0x00, 0x00, 0x00, 0x00, 0x00, 0x00, 0x00, 0x00, 0x00, 0x00, 0x00,
  0x00, 0x00, 0x00, 0x00, 0x00, 0x00, 0x00, 0x00, 0x00, 0x00, 0x00, 0x00, 0x00, 0x00, 0x00, 0x00,
  0x00, 0x00, 0x00, 0x00, 0x00, 0x00, 0x00, 0x00, 0x00, 0x00, 0x00, 0x00, 0x00, 0x00, 0x00, 0x00,
  0x00, 0x00, 0x00, 0x00, 0x00, 0x00, 0x00, 0x00, 0x00, 0x00, 0x00, 0x00, 0x00, 0x00, 0x00, 0x00,
  0xff, 0xbf, 0x7f, 0x04, 0xff, 0xff, 0x7f, 0x06, 0x00, 0x00, 0x00, 0x00, 0x00, 0x00, 0x00, 0x00,
  0x00, 0x00, 0x00, 0x00, 0x00, 0x00, 0x00, 0x00, 0x00, 0x00, 0x00, 0x00, 0x00, 0x00, 0x00, 0x00,
  0x00, 0x00, 0x00, 0x00, 0x00, 0x00, 0x00, 0x00, 0x00, 0x00, 0x00, 0x00, 0x00, 0x00, 0x00, 0x00,
  0x00, 0x00, 0x00, 0x00, 0xff, 0xff, 0x55, 0x03, 0xff, 0xff, 0x7f, 0x06, 0xff, 0xff, 0x7f, 0x02,
  0x00, 0x00, 0x00, 0x00, 0x00, 0x00, 0x00, 0x00, 0x00, 0x00, 0x00, 0x00, 0x00, 0x00, 0x00, 0x00,
  0x00, 0x00, 0x00, 0x00, 0x00, 0x00, 0x00, 0x00, 0x00, 0x00, 0x00, 0x00, 0x00, 0x00, 0x00, 0x00,
  0x00, 0x00, 0x00, 0x00, 0x00, 0x00, 0x00, 0x00, 0x00, 0x00, 0x00, 0x00, 0x00, 0x00, 0x00, 0x00,
  0x00, 0x00, 0x00, 0x00, 0x00, 0x00, 0x00, 0x00, 0x00, 0x00, 0x00, 0x00, 0x00, 0x00, 0x00, 0x00,
  0x00, 0x00, 0x00, 0x00, 0x00, 0x00, 0x00, 0x00, 0x00, 0x00, 0x00, 0x00, 0x00, 0x00, 0x00, 0x00,
  0x00, 0x00, 0x00, 0x00, 0x00, 0x00, 0x00, 0x00, 0x00, 0x00, 0x00, 0x00, 0x00, 0x00, 0x00, 0x00,
  0x00, 0x00, 0x00, 0x00, 0x00, 0x00, 0x00, 0x00, 0x00, 0x00, 0x00, 0x00, 0x00, 0x00, 0x00, 0x00,
  0x00, 0x00, 0x00, 0x00, 0x00, 0x00, 0x00, 0x00, 0x00, 0x00, 0x00, 0x00, 0x00, 0x00, 0x00, 0x00,
  0x00, 0x00, 0x00, 0x00, 0x00, 0x00, 0x00, 0x00, 0x00, 0x00, 0x00, 0x00, 0x00, 0x00, 0x00, 0x00,
  0x00, 0x00, 0x00, 0x00, 0x00, 0x00, 0x00, 0x00, 0x00, 0x00, 0x00, 0x00, 0x00, 0x00, 0x00, 0x00,
  0x00, 0x00, 0x00, 0x00, 0x00, 0x00, 0x00, 0x00, 0x00, 0x00, 0x00, 0x00, 0x00, 0x00, 0x00, 0x00,
  0x00, 0x00, 0x00, 0x00, 0x00, 0x00, 0x00, 0x00, 0x00, 0x00, 0x00, 0x00, 0x00, 0x00, 0x00, 0x00,
  0x00, 0x00, 0x00, 0x00, 0x00, 0x00, 0x00, 0x00, 0x00, 0x00, 0x00, 0x00, 0x00, 0x00, 0x00, 0x00,
  0x00, 0x00, 0x00, 0x00, 0x00, 0x00, 0x00, 0x00, 0x00, 0x00, 0x00, 0x00, 0x00, 0x00, 0x00, 0x00,
  0x00, 0x00, 0x00, 0x00, 0x00, 0x00, 0x00, 0x00, 0x00, 0x00, 0x00, 0x00, 0x00, 0x00, 0x00, 0x00,
  0x00, 0x00, 0x00, 0x00, 0x00, 0x00, 0x00, 0x00, 0x00, 0x00, 0x00, 0x00, 0x00, 0x00, 0x00, 0x00,
  0x00, 0x00, 0x00, 0x00, 0x00, 0x00, 0x00, 0x00, 0x00, 0x00, 0x00, 0x00, 0x00, 0x00, 0x00, 0x00,
  0x00, 0x00, 0x00, 0x00, 0x00, 0x00, 0x00, 0x00, 0x00, 0x00, 0x00, 0x00, 0xff, 0xff, 0x7f, 0x02,
  0xff, 0xff, 0x55, 0x03, 0x00, 0x00, 0x00, 0x00, 0x00, 0x00, 0x00, 0x00, 0xff, 0xd4, 0x7f, 0x06,
  0xff, 0xea, 0x7c, 0x25, 0xff, 0xe7, 0x7b, 0x40, 0xff, 0xe8, 0x7a, 0x51, 0xff, 0xea, 0x7b, 0x59,
  0xfc, 0xe9, 0x7b, 0x5f, 0xfc, 0xe9, 0x7a, 0x5e, 0xff, 0xe7, 0x7b, 0x57, 0xff, 0xe7, 0x78, 0x4c,
  0xff, 0xec, 0x76, 0x38, 0xff, 0xec, 0x7a, 0x1b, 0x00, 0x00, 0x00, 0x00, 0x00, 0x00, 0x00, 0x00,
  0x00, 0x00, 0x00, 0x00, 0xff, 0xff, 0x7f, 0x04, 0xff, 0xff, 0x00, 0x01, 0x00, 0x00, 0x00, 0x00,
  0x00, 0x00, 0x00, 0x00, 0x00, 0x00, 0x00, 0x00, 0x00, 0x00, 0x00, 0x00, 0x00, 0x00, 0x00, 0x00,
  0x00, 0x00, 0x00, 0x00, 0x00, 0x00, 0x00, 0x00, 0x00, 0x00, 0x00, 0x00, 0x00, 0x00, 0x00, 0x00,
  0x00, 0x00, 0x00, 0x00, 0x00, 0x00, 0x00, 0x00, 0x00, 0x00, 0x00, 0x00, 0x00, 0x00, 0x00, 0x00,
  0x00, 0x00, 0x00, 0x00, 0x00, 0x00, 0x00, 0x00, 0x00, 0x00, 0x00, 0x00, 0x00, 0x00, 0x00, 0x00,
  0x00, 0x00, 0x00, 0x00, 0x00, 0x00, 0x00, 0x00, 0x00, 0x00, 0x00, 0x00, 0x00, 0x00, 0x00, 0x00,
  0x00, 0x00, 0x00, 0x00, 0x00, 0x00, 0x00, 0x00, 0x00, 0x00, 0x00, 0x00, 0x00, 0x00, 0x00, 0x00,
  0x00, 0x00, 0x00, 0x00, 0x00, 0x00, 0x00, 0x00, 0x00, 0x00, 0x00, 0x00, 0x00, 0x00, 0x00, 0x00,
  0x00, 0x00, 0x00, 0x00, 0x00, 0x00, 0x00, 0x00, 0x00, 0x00, 0x00, 0x00, 0x00, 0x00, 0x00, 0x00,
  0x00, 0x00, 0x00, 0x00, 0x00, 0x00, 0x00, 0x00, 0x00, 0x00, 0x00, 0x00, 0x00, 0x00, 0x00, 0x00,
  0x00, 0x00, 0x00, 0x00, 0x00, 0x00, 0x00, 0x00, 0x00, 0x00, 0x00, 0x00, 0x00, 0x00, 0x00, 0x00,
  0x00, 0x00, 0x00, 0x00, 0x00, 0x00, 0x00, 0x00, 0x00, 0x00, 0x00, 0x00, 0x00, 0x00, 0x00, 0x00,
  0x00, 0x00, 0x00, 0x00, 0x00, 0x00, 0x00, 0x00, 0x00, 0x00, 0x00, 0x00, 0x00, 0x00, 0x00, 0x00,
  0x00, 0x00, 0x00, 0x00, 0x00, 0x00, 0x00, 0x00, 0x00, 0x00, 0x00, 0x00, 0x00, 0x00, 0x00, 0x00,
  0x00, 0x00, 0x00, 0x00, 0x00, 0x00, 0x00, 0x00, 0x00, 0x00, 0x00, 0x00, 0x00, 0x00, 0x00, 0x00,
  0x00, 0x00, 0x00, 0x00, 0x00, 0x00, 0x00, 0x00, 0x00, 0x00, 0x00, 0x00, 0x00, 0x00, 0x00, 0x00,
  0x00, 0x00, 0x00, 0x00, 0x00, 0x00, 0x00, 0x00, 0x00, 0x00, 0x00, 0x00, 0x00, 0x00, 0x00, 0x00,
  0x00, 0x00, 0x00, 0x00, 0x00, 0x00, 0x00, 0x00, 0x00, 0x00, 0x00, 0x00, 0x00, 0x00, 0x00, 0x00,
  0x00, 0x00, 0x00, 0x00, 0xff, 0xff, 0x00, 0x01, 0xff, 0xff, 0x7f, 0x02, 0xff, 0xff, 0x73, 0x0b,
  0xff, 0xe5, 0x7a, 0x47, 0xff, 0xea, 0x7b, 0x8c, 0xff, 0xea, 0x7a, 0xc5, 0xff, 0xe9, 0x7b, 0xea,
  0xff, 0xe8, 0x7a, 0xfd, 0xff, 0xf2, 0x80, 0xff, 0xff, 0xf0, 0x7f, 0xff, 0xff, 0xe8, 0x7b, 0xf8,
  0xff, 0xe9, 0x7a, 0xdf, 0xff, 0xeb, 0x79, 0xb4, 0xff, 0xed, 0x78, 0x74, 0xff, 0xee, 0x79, 0x2e,
  0xff, 0xda, 0x6d, 0x07, 0xff, 0xff, 0x00, 0x01, 0xff, 0xff, 0x00, 0x01, 0x00, 0x00, 0x00, 0x00,
  0x00, 0x00, 0x00, 0x00, 0x00, 0x00, 0x00, 0x00, 0x00, 0x00, 0x00, 0x00, 0x00, 0x00, 0x00, 0x00,
  0x00, 0x00, 0x00, 0x00, 0x00, 0x00, 0x00, 0x00, 0x00, 0x00, 0x00, 0x00, 0x00, 0x00, 0x00, 0x00,
  0x00, 0x00, 0x00, 0x00, 0x00, 0x00, 0x00, 0x00, 0x00, 0x00, 0x00, 0x00, 0x00, 0x00, 0x00, 0x00,
  0x00, 0x00, 0x00, 0x00, 0x00, 0x00, 0x00, 0x00, 0x00, 0x00, 0x00, 0x00, 0x00, 0x00, 0x00, 0x00,
  0x00, 0x00, 0x00, 0x00, 0x00, 0x00, 0x00, 0x00, 0x00, 0x00, 0x00, 0x00, 0x00, 0x00, 0x00, 0x00,
  0x00, 0x00, 0x00, 0x00, 0x00, 0x00, 0x00, 0x00, 0x00, 0x00, 0x00, 0x00, 0x00, 0x00, 0x00, 0x00,
  0x00, 0x00, 0x00, 0x00, 0x00, 0x00, 0x00, 0x00, 0x00, 0x00, 0x00, 0x00, 0x00, 0x00, 0x00, 0x00,
  0x00, 0x00, 0x00, 0x00, 0x00, 0x00, 0x00, 0x00, 0x00, 0x00, 0x00, 0x00, 0x00, 0x00, 0x00, 0x00,
  0x00, 0x00, 0x00, 0x00, 0x00, 0x00, 0x00, 0x00, 0x00, 0x00, 0x00, 0x00, 0x00, 0x00, 0x00, 0x00,
  0x00, 0x00, 0x00, 0x00, 0x00, 0x00, 0x00, 0x00, 0x00, 0x00, 0x00, 0x00, 0x00, 0x00, 0x00, 0x00,
  0x00, 0x00, 0x00, 0x00, 0x00, 0x00, 0x00, 0x00, 0x00, 0x00, 0x00, 0x00, 0x00, 0x00, 0x00, 0x00,
  0x00, 0x00, 0x00, 0x00, 0x00, 0x00, 0x00, 0x00, 0x00, 0x00, 0x00, 0x00, 0x00, 0x00, 0x00, 0x00,
  0x00, 0x00, 0x00, 0x00, 0x00, 0x00, 0x00, 0x00, 0x00, 0x00, 0x00, 0x00, 0x00, 0x00, 0x00, 0x00,
  0x00, 0x00, 0x00, 0x00, 0x00, 0x00, 0x00, 0x00, 0x00, 0x00, 0x00, 0x00, 0x00, 0x00, 0x00, 0x00,
  0x00, 0x00, 0x00, 0x00, 0x00, 0x00, 0x00, 0x00, 0x00, 0x00, 0x00, 0x00, 0x00, 0x00, 0x00, 0x00,
  0x00, 0x00, 0x00, 0x00, 0x00, 0x00, 0x00, 0x00, 0x00, 0x00, 0x00, 0x00, 0x00, 0x00, 0x00, 0x00,
  0x00, 0x00, 0x00, 0x00, 0x00, 0x00, 0x00, 0x00, 0xff, 0x00, 0x00, 0x01, 0xff, 0xff, 0x00, 0x01,
  0xff, 0xb6, 0x6d, 0x07, 0x00, 0x00, 0x00, 0x00, 0x00, 0x00, 0x00, 0x00, 0xff, 0xe3, 0x77, 0x40,
  0xff, 0xe7, 0x78, 0x9a, 0xfd, 0xe8, 0x7a, 0xce, 0xfd, 0xea, 0x7b, 0xe8, 0xff, 0xe9, 0x7a, 0xfd,
  0xff, 0xf4, 0x80, 0xff, 0xff, 0xfb, 0x84, 0xff, 0xff, 0xff, 0x86, 0xff, 0xff, 0xfe, 0x85, 0xff,
  0xff, 0xf8, 0x83, 0xff, 0xff, 0xf0, 0x7e, 0xff, 0xff, 0xea, 0x7a, 0xf7, 0xfd, 0xea, 0x79, 0xdd,
  0xff, 0xee, 0x7b, 0xc4, 0xff, 0xe9, 0x7a, 0x8c, 0xff, 0xe7, 0x7b, 0x21, 0x00, 0x00, 0x00, 0x00,
  0xff, 0xff, 0x7f, 0x02, 0xff, 0xff, 0x7f, 0x02, 0x00, 0x01, 0x00, 0x00, 0x00, 0x00, 0x00, 0x00,
  0x00, 0x00, 0x00, 0x00, 0x00, 0x00, 0x00, 0x00, 0x00, 0x00, 0x00, 0x00, 0x00, 0x00, 0x00, 0x00,
  0x00, 0x00, 0x00, 0x00, 0x00, 0x00, 0x00, 0x00, 0x00, 0x00, 0x00, 0x00, 0x00, 0x00, 0x00, 0x00,
  0x00, 0x00, 0x00, 0x00, 0x00, 0x00, 0x00, 0x00, 0x00, 0x00, 0x00, 0x00, 0x00, 0x00, 0x00, 0x00,
  0x00, 0x00, 0x00, 0x00, 0x00, 0x00, 0x00, 0x00, 0x00, 0x00, 0x00, 0x00, 0x00, 0x00, 0x00, 0x00,
  0x00, 0x00, 0x00, 0x00, 0x00, 0x00, 0x00, 0x00, 0x00, 0x00, 0x00, 0x00, 0x00, 0x00, 0x00, 0x00,
  0x00, 0x00, 0x00, 0x00, 0x00, 0x00, 0x00, 0x00, 0x00, 0x00, 0x00, 0x00, 0x00, 0x00, 0x00, 0x00,
  0x00, 0x00, 0x00, 0x00, 0x00, 0x00, 0x00, 0x00, 0x00, 0x00, 0x00, 0x00, 0x00, 0x00, 0x00, 0x00,
  0x00, 0x00, 0x00, 0x00, 0x00, 0x00, 0x00, 0x00, 0x00, 0x00, 0x00, 0x00, 0x00, 0x00, 0x00, 0x00,
  0x00, 0x00, 0x00, 0x00, 0x00, 0x00, 0x00, 0x00, 0x00, 0x00, 0x00, 0x00, 0x00, 0x00, 0x00, 0x00,
  0x00, 0x00, 0x00, 0x00, 0x00, 0x00, 0x00, 0x00, 0x00, 0x00, 0x00, 0x00, 0x00, 0x00, 0x00, 0x00,
  0x00, 0x00, 0x00, 0x00, 0x00, 0x00, 0x00, 0x00, 0x00, 0x00, 0x00, 0x00, 0x00, 0x00, 0x00, 0x00,
  0x00, 0x00, 0x00, 0x00, 0x00, 0x00, 0x00, 0x00, 0x00, 0x00, 0x00, 0x00, 0x00, 0x00, 0x00, 0x00,
  0x00, 0x00, 0x00, 0x00, 0x00, 0x00, 0x00, 0x00, 0x00, 0x00, 0x00, 0x00, 0x00, 0x00, 0x00, 0x00,
  0x00, 0x00, 0x00, 0x00, 0x00, 0x00, 0x00, 0x00, 0x00, 0x00, 0x00, 0x00, 0x00, 0x00, 0x00, 0x00,
  0x00, 0x00, 0x00, 0x00, 0x00, 0x00, 0x00, 0x00, 0x00, 0x00, 0x00, 0x00, 0x00, 0x00, 0x00, 0x00,
  0x00, 0x00, 0x00, 0x00, 0x00, 0x00, 0x00, 0x00, 0x00, 0x00, 0x00, 0x00, 0xff, 0x7f, 0x00, 0x02,
  0x00, 0x00, 0x00, 0x00, 0x00, 0x00, 0x00, 0x00, 0xff, 0xff, 0x99, 0x05, 0xff, 0xe6, 0x77, 0x3e,
  0xff, 0xe8, 0x79, 0xa2, 0xff, 0xe7, 0x78, 0xfb, 0xff, 0xfc, 0x84, 0xff, 0xff, 0xf2, 0x7f, 0xff,
  0xff, 0xeb, 0x7b, 0xff, 0xfd, 0xe9, 0x79, 0xfb, 0xfd, 0xe9, 0x7a, 0xf9, 0xff, 0xea, 0x7a, 0xf7,
  0xff, 0xe9, 0x7a, 0xf7, 0xff, 0xe9, 0x79, 0xf9, 0xff, 0xe9, 0x7a, 0xfc, 0xff, 0xee, 0x7d, 0xff,
  0xff, 0xf4, 0x80, 0xff, 0xff, 0xff, 0x87, 0xff, 0xff, 0xe9, 0x7b, 0xf0, 0xff, 0xea, 0x7a, 0x7f,
  0xff, 0xe7, 0x7b, 0x21, 0x00, 0x00, 0x00, 0x00, 0x00, 0x00, 0x00, 0x00, 0xff, 0xff, 0x7f, 0x02,
  0x00, 0x00, 0x00, 0x00, 0x00, 0x00, 0x00, 0x00, 0x00, 0x00, 0x00, 0x00, 0x00, 0x00, 0x00, 0x00,
  0x00, 0x00, 0x00, 0x00, 0x00, 0x00, 0x00, 0x00, 0x00, 0x00, 0x00, 0x00, 0x00, 0x00, 0x00, 0x00,
  0x00, 0x00, 0x00, 0x00, 0x00, 0x00, 0x00, 0x00, 0x00, 0x00, 0x00, 0x00, 0x00, 0x00, 0x00, 0x00,
  0x00, 0x00, 0x00, 0x00, 0x00, 0x00, 0x00, 0x00, 0x00, 0x00, 0x00, 0x00, 0x00, 0x00, 0x00, 0x00,
  0x00, 0x00, 0x00, 0x00, 0x00, 0x00, 0x00, 0x00, 0x00, 0x00, 0x00, 0x00, 0x00, 0x00, 0x00, 0x00,
  0x00, 0x00, 0x00, 0x00, 0x00, 0x00, 0x00, 0x00, 0x00, 0x00, 0x00, 0x00, 0x00, 0x00, 0x00, 0x00,
  0x00, 0x00, 0x00, 0x00, 0x00, 0x00, 0x00, 0x00, 0x00, 0x00, 0x00, 0x00, 0x00, 0x00, 0x00, 0x00,
  0x00, 0x00, 0x00, 0x00, 0x00, 0x00, 0x00, 0x00, 0x00, 0x00, 0x00, 0x00, 0x00, 0x00, 0x00, 0x00,
  0x00, 0x00, 0x00, 0x00, 0x00, 0x00, 0x00, 0x00, 0x00, 0x00, 0x00, 0x00, 0x00, 0x00, 0x00, 0x00,
  0x00, 0x00, 0x00, 0x00, 0x00, 0x00, 0x00, 0x00, 0x00, 0x00, 0x00, 0x00, 0x00, 0x00, 0x00, 0x00,
  0x00, 0x00, 0x00, 0x00, 0x00, 0x00, 0x00, 0x00, 0x00, 0x00, 0x00, 0x00, 0x00, 0x00, 0x00, 0x00,
  0x00, 0x00, 0x00, 0x00, 0x00, 0x00, 0x00, 0x00, 0x00, 0x00, 0x00, 0x00, 0x00, 0x00, 0x00, 0x00,
  0x00, 0x00, 0x00, 0x00, 0x00, 0x00, 0x00, 0x00, 0x00, 0x00, 0x00, 0x00, 0x00, 0x00, 0x00, 0x00,
  0x00, 0x00, 0x00, 0x00, 0x00, 0x00, 0x00, 0x00, 0x00, 0x00, 0x00, 0x00, 0x00, 0x00, 0x00, 0x00,
  0x00, 0x00, 0x00, 0x00, 0x00, 0x00, 0x00, 0x00, 0x00, 0x00, 0x00, 0x00, 0x00, 0x00, 0x00, 0x00,
  0x00, 0x00, 0x00, 0x00, 0x00, 0x00, 0x00, 0x00, 0x00, 0x00, 0x00, 0x00, 0xff, 0xff, 0x00, 0x01,
  0xff, 0x7f, 0x7f, 0x02, 0xff, 0xff, 0xff, 0x01, 0x00, 0x00, 0x00, 0x00, 0xff, 0xe9, 0x7b, 0x3a,
  0xff, 0xe6, 0x78, 0xbd, 0xff, 0xea, 0x7b, 0xf9, 0xfe, 0xe8, 0x7a, 0xff, 0xff, 0xec, 0x7c, 0xff,
  0xff, 0xea, 0x7b, 0xff, 0xff, 0xea, 0x7b, 0xff, 0xfe, 0xe9, 0x7a, 0xff, 0xfe, 0xe9, 0x7a, 0xff,
  0xff, 0xea, 0x7b, 0xff, 0xff, 0xea, 0x7b, 0xff, 0xff, 0xea, 0x7b, 0xff, 0xff, 0xeb, 0x7b, 0xff,
  0xff, 0xeb, 0x7c, 0xff, 0xff, 0xeb, 0x7c, 0xff, 0xff, 0xed, 0x7d, 0xff, 0xff, 0xed, 0x7c, 0xff,
  0xff, 0xe9, 0x7b, 0xf0, 0xff, 0xe9, 0x7a, 0x90, 0xff, 0xe9, 0x74, 0x18, 0x00, 0x00, 0x00, 0x00,
  0xff, 0xbf, 0x3f, 0x04, 0x00, 0x00, 0x00, 0x00, 0xff, 0xff, 0x00, 0x01, 0x00, 0x00, 0x00, 0x00,
  0x00, 0x00, 0x00, 0x00, 0x00, 0x00, 0x00, 0x00, 0x00, 0x00, 0x00, 0x00, 0x00, 0x00, 0x00, 0x00,
  0x00, 0x00, 0x00, 0x00, 0x00, 0x00, 0x00, 0x00, 0x00, 0x00, 0x00, 0x00, 0x00, 0x00, 0x00, 0x00,
  0x00, 0x00, 0x00, 0x00, 0x00, 0x00, 0x00, 0x00, 0x00, 0x00, 0x00, 0x00, 0x00, 0x00, 0x00, 0x00,
  0x00, 0x00, 0x00, 0x00, 0x00, 0x00, 0x00, 0x00, 0x00, 0x00, 0x00, 0x00, 0x00, 0x00, 0x00, 0x00,
  0x00, 0x00, 0x00, 0x00, 0x00, 0x00, 0x00, 0x00, 0x00, 0x00, 0x00, 0x00, 0x00, 0x00, 0x00, 0x00,
  0x00, 0x00, 0x00, 0x00, 0x00, 0x00, 0x00, 0x00, 0x00, 0x00, 0x00, 0x00, 0x00, 0x00, 0x00, 0x00,
  0x00, 0x00, 0x00, 0x00, 0x00, 0x00, 0x00, 0x00, 0x00, 0x00, 0x00, 0x00, 0x00, 0x00, 0x00, 0x00,
  0x00, 0x00, 0x00, 0x00, 0x00, 0x00, 0x00, 0x00, 0x00, 0x00, 0x00, 0x00, 0x00, 0x00, 0x00, 0x00,
  0x00, 0x00, 0x00, 0x00, 0x00, 0x00, 0x00, 0x00, 0x00, 0x00, 0x00, 0x00, 0x00, 0x00, 0x00, 0x00,
  0x00, 0x00, 0x00, 0x00, 0x00, 0x00, 0x00, 0x00, 0x00, 0x00, 0x00, 0x00, 0x00, 0x00, 0x00, 0x00,
  0x00, 0x00, 0x00, 0x00, 0x00, 0x00, 0x00, 0x00, 0x00, 0x00, 0x00, 0x00, 0x00, 0x00, 0x00, 0x00,
  0x00, 0x00, 0x00, 0x00, 0x00, 0x00, 0x00, 0x00, 0x00, 0x00, 0x00, 0x00, 0x00, 0x00, 0x00, 0x00,
  0x00, 0x00, 0x00, 0x00, 0x00, 0x00, 0x00, 0x00, 0x00, 0x00, 0x00, 0x00, 0x00, 0x00, 0x00, 0x00,
  0x00, 0x00, 0x00, 0x00, 0x00, 0x00, 0x00, 0x00, 0x00, 0x00, 0x00, 0x00, 0x00, 0x00, 0x00, 0x00,
  0x00, 0x00, 0x00, 0x00, 0x00, 0x00, 0x00, 0x00, 0xff, 0xff, 0x00, 0x01, 0xff, 0xff, 0xff, 0x01,
  0xff, 0xd4, 0x7f, 0x06, 0x00, 0x00, 0x00, 0x00, 0x00, 0x00, 0x00, 0x00, 0xff, 0xdf, 0x78, 0x48,
  0xff, 0xe4, 0x7c, 0xae, 0xff, 0xe7, 0x7c, 0xfa, 0xff, 0xf3, 0x82, 0xff, 0xfd, 0xe6, 0x7a, 0xfd,
  0xfd, 0xe6, 0x7a, 0xfb, 0xfd, 0xe7, 0x7b, 0xfc, 0xff, 0xe8, 0x7a, 0xfd, 0xff, 0xe8, 0x7b, 0xfe,
  0xfe, 0xe8, 0x7a, 0xff, 0xfe, 0xe9, 0x7a, 0xff, 0xfe, 0xe9, 0x7a, 0xff, 0xff, 0xe8, 0x7b, 0xff,
  0xff, 0xe9, 0x7b, 0xfe, 0xff, 0xe9, 0x7a, 0xfd, 0xff, 0xe8, 0x7a, 0xfb, 0xfd, 0xe8, 0x79, 0xf9,
  0xff, 0xec, 0x7c, 0xff, 0xff, 0xf7, 0x81, 0xff, 0xff, 0xe9, 0x79, 0xe4, 0xff, 0xe9, 0x79, 0x80,
  0xff, 0xef, 0x77, 0x20, 0x00, 0x00, 0x00, 0x00, 0x00, 0x00, 0x00, 0x00, 0xff, 0xcc, 0x66, 0x05,
  0x00, 0x00, 0x00, 0x00, 0x00, 0x00, 0x00, 0x00, 0x00, 0x00, 0x00, 0x00, 0x00, 0x00, 0x00, 0x00,
  0x00, 0x00, 0x00, 0x00, 0x00, 0x00, 0x00, 0x00, 0x00, 0x00, 0x00, 0x00, 0x00, 0x00, 0x00, 0x00,
  0x00, 0x00, 0x00, 0x00, 0x00, 0x00, 0x00, 0x00, 0x00, 0x00, 0x00, 0x00, 0x00, 0x00, 0x00, 0x00,
  0x00, 0x00, 0x00, 0x00, 0x00, 0x00, 0x00, 0x00, 0x00, 0x00, 0x00, 0x00, 0x00, 0x00, 0x00, 0x00,
  0x00, 0x00, 0x00, 0x00, 0x00, 0x00, 0x00, 0x00, 0x00, 0x00, 0x00, 0x00, 0x00, 0x00, 0x00, 0x00,
  0x00, 0x00, 0x00, 0x00, 0x00, 0x00, 0x00, 0x00, 0x00, 0x00, 0x00, 0x00, 0x00, 0x00, 0x00, 0x00,
  0x00, 0x00, 0x00, 0x00, 0x00, 0x00, 0x00, 0x00, 0x00, 0x00, 0x00, 0x00, 0x00, 0x00, 0x00, 0x00,
  0x00, 0x00, 0x00, 0x00, 0x00, 0x00, 0x00, 0x00, 0x00, 0x00, 0x00, 0x00, 0x00, 0x00, 0x00, 0x00,
  0x00, 0x00, 0x00, 0x00, 0x00, 0x00, 0x00, 0x00, 0x00, 0x00, 0x00, 0x00, 0x00, 0x00, 0x00, 0x00,
  0x00, 0x00, 0x00, 0x00, 0x00, 0x00, 0x00, 0x00, 0x00, 0x00, 0x00, 0x00, 0x00, 0x00, 0x00, 0x00,
  0x00, 0x00, 0x00, 0x00, 0x00, 0x00, 0x00, 0x00, 0x00, 0x00, 0x00, 0x00, 0x00, 0x00, 0x00, 0x00,
  0x00, 0x00, 0x00, 0x00, 0x00, 0x00, 0x00, 0x00, 0x00, 0x00, 0x00, 0x00, 0x00, 0x00, 0x00, 0x00,
  0x00, 0x00, 0x00, 0x00, 0x00, 0x00, 0x00, 0x00, 0x00, 0x00, 0x00, 0x00, 0x00, 0x00, 0x00, 0x00,
  0x00, 0x00, 0x00, 0x00, 0x00, 0x00, 0x00, 0x00, 0x00, 0x00, 0x00, 0x00, 0x00, 0x00, 0x00, 0x00,
  0x00, 0x00, 0x00, 0x00, 0x00, 0x00, 0x00, 0x00, 0x00, 0x00, 0x00, 0x00, 0xff, 0xff, 0x00, 0x01,
  0x00, 0x00, 0x00, 0x00, 0x00, 0x00, 0x00, 0x00, 0xff, 0xda, 0x6d, 0x07, 0xff, 0xdf, 0x7a, 0x38,
  0xff, 0xe1, 0x7b, 0xb3, 0xff, 0xe7, 0x7f, 0xff, 0xff, 0xe6, 0x7e, 0xff, 0xff, 0xe3, 0x7a, 0xfb,
  0xfd, 0xe5, 0x7c, 0xfe, 0xfe, 0xe6, 0x7c, 0xff, 0xfe, 0xe6, 0x7c, 0xff, 0xff, 0xe6, 0x7c, 0xff,
  0xff, 0xe7, 0x7c, 0xff, 0xff, 0xe7, 0x7b, 0xff, 0xfe, 0xe6, 0x7a, 0xff, 0xfe, 0xe6, 0x7a, 0xff,
  0xff, 0xe6, 0x7b, 0xff, 0xff, 0xe7, 0x7b, 0xff, 0xff, 0xe8, 0x7b, 0xff, 0xfe, 0xe7, 0x7a, 0xff,
  0xfd, 0xe6, 0x79, 0xfe, 0xff, 0xe7, 0x7a, 0xfe, 0xfd, 0xe8, 0x7a, 0xfa, 0xff, 0xf1, 0x7f, 0xff,
  0xff, 0xea, 0x7b, 0xe4, 0xff, 0xea, 0x7b, 0x59, 0xff, 0xff, 0x7f, 0x04, 0x00, 0x00, 0x00, 0x00,
  0xff, 0xd4, 0x7f, 0x06, 0x00, 0x00, 0x00, 0x00, 0x00, 0x00, 0x00, 0x00, 0x00, 0x00, 0x00, 0x00,
  0x00, 0x00, 0x00, 0x00, 0x00, 0x00, 0x00, 0x00, 0x00, 0x00, 0x00, 0x00, 0x00, 0x00, 0x00, 0x00,
  0x00, 0x00, 0x00, 0x00, 0x00, 0x00, 0x00, 0x00, 0x00, 0x00, 0x00, 0x00, 0x00, 0x00, 0x00, 0x00,
  0x00, 0x00, 0x00, 0x00, 0x00, 0x00, 0x00, 0x00, 0x00, 0x00, 0x00, 0x00, 0x00, 0x00, 0x00, 0x00,
  0x00, 0x00, 0x00, 0x00, 0x00, 0x00, 0x00, 0x00, 0x00, 0x00, 0x00, 0x00, 0x00, 0x00, 0x00, 0x00,
  0x00, 0x00, 0x00, 0x00, 0x00, 0x00, 0x00, 0x00, 0x00, 0x00, 0x00, 0x00, 0x00, 0x00, 0x00, 0x00,
  0x00, 0x00, 0x00, 0x00, 0x00, 0x00, 0x00, 0x00, 0x00, 0x00, 0x00, 0x00, 0x00, 0x00, 0x00, 0x00,
  0x00, 0x00, 0x00, 0x00, 0x00, 0x00, 0x00, 0x00, 0x00, 0x00, 0x00, 0x00, 0x00, 0x00, 0x00, 0x00,
  0x00, 0x00, 0x00, 0x00, 0x00, 0x00, 0x00, 0x00, 0x00, 0x00, 0x00, 0x00, 0x00, 0x00, 0x00, 0x00,
  0x00, 0x00, 0x00, 0x00, 0x00, 0x00, 0x00, 0x00, 0x00, 0x00, 0x00, 0x00, 0x00, 0x00, 0x00, 0x00,
  0x00, 0x00, 0x00, 0x00, 0x00, 0x00, 0x00, 0x00, 0x00, 0x00, 0x00, 0x00, 0x00, 0x00, 0x00, 0x00,
  0x00, 0x00, 0x00, 0x00, 0x00, 0x00, 0x00, 0x00, 0x00, 0x00, 0x00, 0x00, 0x00, 0x00, 0x00, 0x00,
  0x00, 0x00, 0x00, 0x00, 0x00, 0x00, 0x00, 0x00, 0x00, 0x00, 0x00, 0x00, 0x00, 0x00, 0x00, 0x00,
  0x00, 0x00, 0x00, 0x00, 0x00, 0x00, 0x00, 0x00, 0x00, 0x00, 0x00, 0x00, 0x00, 0x00, 0x00, 0x00,
  0x00, 0x00, 0x00, 0x00, 0x00, 0x00, 0x00, 0x00, 0x00, 0x00, 0x00, 0x00, 0xff, 0x00, 0x00, 0x01,
  0xff, 0xcc, 0x99, 0x05, 0x00, 0x00, 0x00, 0x00, 0x00, 0x00, 0x00, 0x00, 0xff, 0xdd, 0x7b, 0x44,
  0xff, 0xdf, 0x7c, 0xbb, 0xff, 0xe3, 0x7e, 0xf5, 0xff, 0xe5, 0x7f, 0xff, 0xff, 0xe4, 0x7d, 0xff,
  0xff, 0xe2, 0x7b, 0xfd, 0xff, 0xe3, 0x7c, 0xff, 0xff, 0xe3, 0x7c, 0xff, 0xff, 0xe3, 0x7c, 0xff,
  0xfe, 0xe3, 0x7b, 0xff, 0xfe, 0xe4, 0x7b, 0xff, 0xff, 0xe4, 0x7c, 0xff, 0xff, 0xe4, 0x7b, 0xff,
  0xff, 0xe4, 0x7b, 0xff, 0xfe, 0xe5, 0x7c, 0xff, 0xfe, 0xe5, 0x7b, 0xff, 0xfe, 0xe5, 0x7b, 0xff,
  0xff, 0xe6, 0x7c, 0xff, 0xff, 0xe5, 0x7b, 0xff, 0xfe, 0xe5, 0x7b, 0xff, 0xfd, 0xe6, 0x7b, 0xfa,
  0xff, 0xf6, 0x83, 0xff, 0xff, 0xeb, 0x7c, 0xff, 0xff, 0xe5, 0x79, 0x95, 0xff, 0xe2, 0x79, 0x2c,
  0xff, 0xbf, 0x7f, 0x04, 0xff, 0xff, 0xff, 0x01, 0xff, 0xff, 0xff, 0x01, 0xff, 0xff, 0xff, 0x01,
  0x00, 0x00, 0x00, 0x00, 0x00, 0x00, 0x00, 0x00, 0x00, 0x00, 0x00, 0x00, 0x00, 0x00, 0x00, 0x00,
  0x00, 0x00, 0x00, 0x00, 0x00, 0x00, 0x00, 0x00, 0x00, 0x00, 0x00, 0x00, 0x00, 0x00, 0x00, 0x00,
  0x00, 0x00, 0x00, 0x00, 0x00, 0x00, 0x00, 0x00, 0x00, 0x00, 0x00, 0x00, 0x00, 0x00, 0x00, 0x00,
  0x00, 0x00, 0x00, 0x00, 0x00, 0x00, 0x00, 0x00, 0x00, 0x00, 0x00, 0x00, 0x00, 0x00, 0x00, 0x00,
  0x00, 0x00, 0x00, 0x00, 0x00, 0x00, 0x00, 0x00, 0x00, 0x00, 0x00, 0x00, 0x00, 0x00, 0x00, 0x00,
  0x00, 0x00, 0x00, 0x00, 0x00, 0x00, 0x00, 0x00, 0x00, 0x00, 0x00, 0x00, 0x00, 0x00, 0x00, 0x00,
  0x00, 0x00, 0x00, 0x00, 0x00, 0x00, 0x00, 0x00, 0x00, 0x00, 0x00, 0x00, 0x00, 0x00, 0x00, 0x00,
  0x00, 0x00, 0x00, 0x00, 0x00, 0x00, 0x00, 0x00, 0x00, 0x00, 0x00, 0x00, 0x00, 0x00, 0x00, 0x00,
  0x00, 0x00, 0x00, 0x00, 0x00, 0x00, 0x00, 0x00, 0x00, 0x00, 0x00, 0x00, 0x00, 0x00, 0x00, 0x00,
  0x00, 0x00, 0x00, 0x00, 0x00, 0x00, 0x00, 0x00, 0x00, 0x00, 0x00, 0x00, 0x00, 0x00, 0x00, 0x00,
  0x00, 0x00, 0x00, 0x00, 0x00, 0x00, 0x00, 0x00, 0x00, 0x00, 0x00, 0x00, 0x00, 0x00, 0x00, 0x00,
  0x00, 0x00, 0x00, 0x00, 0x00, 0x00, 0x00, 0x00, 0x00, 0x00, 0x00, 0x00, 0x00, 0x00, 0x00, 0x00,
  0x00, 0x00, 0x00, 0x00, 0x00, 0x00, 0x00, 0x00, 0x00, 0x00, 0x00, 0x00, 0x00, 0x00, 0x00, 0x00,
  0x00, 0x00, 0x00, 0x00, 0x00, 0x00, 0x00, 0x00, 0x00, 0x00, 0x00, 0x00, 0xff, 0xff, 0xff, 0x01,
  0xff, 0xff, 0x7f, 0x02, 0x00, 0x00, 0x00, 0x00, 0xff, 0xff, 0x55, 0x03, 0xff, 0xdc, 0x79, 0x43,
  0xff, 0xdb, 0x7b, 0xac, 0xff, 0xe0, 0x7e, 0xff, 0xff, 0xe8, 0x82, 0xff, 0xfd, 0xdf, 0x7c, 0xf8,
  0xfd, 0xdf, 0x7b, 0xfd, 0xff, 0xe0, 0x7d, 0xfe, 0xff, 0xe1, 0x7c, 0xff, 0xff, 0xe0, 0x7c, 0xff,
  0xff, 0xe0, 0x7c, 0xff, 0xfe, 0xe1, 0x7b, 0xff, 0xfe, 0xe1, 0x7b, 0xff, 0xfe, 0xe1, 0x7c, 0xff,
  0xff, 0xe2, 0x7d, 0xff, 0xff, 0xe2, 0x7d, 0xff, 0xfe, 0xe3, 0x7d, 0xff, 0xfe, 0xe2, 0x7b, 0xff,
  0xfe, 0xe2, 0x7b, 0xff, 0xff, 0xe4, 0x7c, 0xff, 0xff, 0xe4, 0x7c, 0xff, 0xfe, 0xe4, 0x7b, 0xff,
  0xff, 0xe4, 0x7b, 0xfa, 0xff, 0xee, 0x80, 0xfc, 0xff, 0xe7, 0x7c, 0xff, 0xff, 0xe3, 0x79, 0xc9,
  0xff, 0xe5, 0x7a, 0x64, 0xff, 0xe9, 0x7f, 0x0c, 0x00, 0x00, 0x00, 0x00, 0xff, 0xff, 0xff, 0x01,
  0xff, 0xff, 0xff, 0x01, 0x00, 0x00, 0x00, 0x00, 0x00, 0x00, 0x00, 0x00, 0x00, 0x00, 0x00, 0x00,
  0x00, 0x00, 0x00, 0x00, 0x00, 0x00, 0x00, 0x00, 0x00, 0x00, 0x00, 0x00, 0x00, 0x00, 0x00, 0x00,
  0x00, 0x00, 0x00, 0x00, 0x00, 0x00, 0x00, 0x00, 0x00, 0x00, 0x00, 0x00, 0x00, 0x00, 0x00, 0x00,
  0x00, 0x00, 0x00, 0x00, 0x00, 0x00, 0x00, 0x00, 0x00, 0x00, 0x00, 0x00, 0x00, 0x00, 0x00, 0x00,
  0x00, 0x00, 0x00, 0x00, 0x00, 0x00, 0x00, 0x00, 0x00, 0x00, 0x00, 0x00, 0x00, 0x00, 0x00, 0x00,
  0x00, 0x00, 0x00, 0x00, 0x00, 0x00, 0x00, 0x00, 0x00, 0x00, 0x00, 0x00, 0x00, 0x00, 0x00, 0x00,
  0x00, 0x00, 0x00, 0x00, 0x00, 0x00, 0x00, 0x00, 0x00, 0x00, 0x00, 0x00, 0x00, 0x00, 0x00, 0x00,
  0x00, 0x00, 0x00, 0x00, 0x00, 0x00, 0x00, 0x00, 0x00, 0x00, 0x00, 0x00, 0x00, 0x00, 0x00, 0x00,
  0x00, 0x00, 0x00, 0x00, 0x00, 0x00, 0x00, 0x00, 0x00, 0x00, 0x00, 0x00, 0x00, 0x00, 0x00, 0x00,
  0x00, 0x00, 0x00, 0x00, 0x00, 0x00, 0x00, 0x00, 0x00, 0x00, 0x00, 0x00, 0x00, 0x00, 0x00, 0x00,
  0x00, 0x00, 0x00, 0x00, 0x00, 0x00, 0x00, 0x00, 0x00, 0x00, 0x00, 0x00, 0x00, 0x00, 0x00, 0x00,
  0x00, 0x00, 0x00, 0x00, 0x00, 0x00, 0x00, 0x00, 0x00, 0x00, 0x00, 0x00, 0x00, 0x00, 0x00, 0x00,
  0x00, 0x00, 0x00, 0x00, 0x00, 0x00, 0x00, 0x00, 0x00, 0x00, 0x00, 0x00, 0x00, 0x00, 0x00, 0x00,
  0x00, 0x00, 0x00, 0x00, 0x00, 0x00, 0x00, 0x00, 0x00, 0x00, 0x00, 0x00, 0xff, 0xff, 0x00, 0x01,
  0x00, 0x00, 0x00, 0x00, 0xff, 0xff, 0xff, 0x01, 0xff, 0xff, 0x00, 0x01, 0xff, 0xd6, 0x78, 0x39,
  0xff, 0xdb, 0x7c, 0xba, 0xff, 0xdd, 0x7e, 0xff, 0xfe, 0xdc, 0x7d, 0xff, 0xff, 0xdd, 0x7d, 0xff,
  0xff, 0xdd, 0x7d, 0xfe, 0xfe, 0xdd, 0x7d, 0xff, 0xfe, 0xde, 0x7d, 0xff, 0xff, 0xdf, 0x7d, 0xff,
  0xfe, 0xde, 0x7c, 0xff, 0xfe, 0xde, 0x7c, 0xff, 0xfe, 0xdf, 0x7c, 0xff, 0xfe, 0xdf, 0x7c, 0xff,
  0xfe, 0xdf, 0x7c, 0xff, 0xff, 0xe1, 0x7d, 0xff, 0xff, 0xe1, 0x7d, 0xff, 0xff, 0xe1, 0x7d, 0xff,
  0xfe, 0xe0, 0x7c, 0xff, 0xfe, 0xe0, 0x7b, 0xff, 0xfe, 0xe1, 0x7c, 0xff, 0xfe, 0xe2, 0x7c, 0xff,
  0xfe, 0xe2, 0x7c, 0xff, 0xff, 0xe1, 0x7b, 0xfd, 0xff, 0xe5, 0x7d, 0xff, 0xfe, 0xe3, 0x7c, 0xff,
  0xff, 0xe4, 0x7b, 0xef, 0xff, 0xe4, 0x7d, 0x99, 0xff, 0xe7, 0x7f, 0x16, 0x00, 0x00, 0x00, 0x00,
  0xff, 0xff, 0x7f, 0x02, 0xff, 0xff, 0x7f, 0x02, 0x00, 0x00, 0x00, 0x00, 0x00, 0x00, 0x00, 0x00,
  0x00, 0x00, 0x00, 0x00, 0x00, 0x00, 0x00, 0x00, 0x00, 0x00, 0x00, 0x00, 0x00, 0x00, 0x00, 0x00,
  0x00, 0x00, 0x00, 0x00, 0x00, 0x00, 0x00, 0x00, 0x00, 0x00, 0x00, 0x00, 0x00, 0x00, 0x00, 0x00,
  0x00, 0x00, 0x00, 0x00, 0x00, 0x00, 0x00, 0x00, 0x00, 0x00, 0x00, 0x00, 0x00, 0x00, 0x00, 0x00,
  0x00, 0x00, 0x00, 0x00, 0x00, 0x00, 0x00, 0x00, 0x00, 0x00, 0x00, 0x00, 0x00, 0x00, 0x00, 0x00,
  0x00, 0x00, 0x00, 0x00, 0x00, 0x00, 0x00, 0x00, 0x00, 0x00, 0x00, 0x00, 0x00, 0x00, 0x00, 0x00,
  0x00, 0x00, 0x00, 0x00, 0x00, 0x00, 0x00, 0x00, 0x00, 0x00, 0x00, 0x00, 0x00, 0x00, 0x00, 0x00,
  0x00, 0x00, 0x00, 0x00, 0x00, 0x00, 0x00, 0x00, 0x00, 0x00, 0x00, 0x00, 0x00, 0x00, 0x00, 0x00,
  0x00, 0x00, 0x00, 0x00, 0x00, 0x00, 0x00, 0x00, 0x00, 0x00, 0x00, 0x00, 0x00, 0x00, 0x00, 0x00,
  0x00, 0x00, 0x00, 0x00, 0x00, 0x00, 0x00, 0x00, 0x00, 0x00, 0x00, 0x00, 0x00, 0x00, 0x00, 0x00,
  0x00, 0x00, 0x00, 0x00, 0x00, 0x00, 0x00, 0x00, 0x00, 0x00, 0x00, 0x00, 0x00, 0x00, 0x00, 0x00,
  0x00, 0x00, 0x00, 0x00, 0x00, 0x00, 0x00, 0x00, 0x00, 0x00, 0x00, 0x00, 0x00, 0x00, 0x00, 0x00,
  0x00, 0x00, 0x00, 0x00, 0x00, 0x00, 0x00, 0x00, 0x00, 0x00, 0x00, 0x00, 0x00, 0x00, 0x00, 0x00,
  0x00, 0x00, 0x00, 0x00, 0x00, 0x00, 0x00, 0x00, 0xff, 0xff, 0x00, 0x01, 0xff, 0xff, 0xff, 0x01,
  0xff, 0xda, 0x6d, 0x07, 0x00, 0x00, 0x00, 0x00, 0x00, 0x00, 0x00, 0x00, 0xff, 0xd0, 0x78, 0x4c,
  0xff, 0xd6, 0x7c, 0xb6, 0xff, 0xdc, 0x7f, 0xf6, 0xff, 0xe3, 0x83, 0xff, 0xfe, 0xd9, 0x7d, 0xff,
  0xfd, 0xd8, 0x7c, 0xfe, 0xfe, 0xdb, 0x7e, 0xff, 0xfe, 0xda, 0x7d, 0xff, 0xff, 0xdb, 0x7d, 0xff,
  0xff, 0xdc, 0x7e, 0xff, 0xfe, 0xdc, 0x7d, 0xff, 0xfe, 0xdc, 0x7d, 0xff, 0xff, 0xdd, 0x7e, 0xff,
  0xff, 0xdc, 0x7d, 0xff, 0xff, 0xdc, 0x7d, 0xff, 0xff, 0xde, 0x7d, 0xff, 0xff, 0xde, 0x7d, 0xff,
  0xff, 0xde, 0x7d, 0xff, 0xfe, 0xdd, 0x7d, 0xff, 0xfe, 0xdd, 0x7c, 0xff, 0xff, 0xdf, 0x7d, 0xff,
  0xff, 0xdf, 0x7c, 0xff, 0xfe, 0xe0, 0x7c, 0xff, 0xfd, 0xde, 0x7c, 0xff, 0xfd, 0xdf, 0x7b, 0xfe,
  0xfc, 0xdf, 0x7c, 0xfe, 0xff, 0xe9, 0x81, 0xfe, 0xfd, 0xe0, 0x7b, 0xba, 0xf6, 0xe4, 0x7b, 0x1d,
  0x00, 0x00, 0x00, 0x00, 0xff, 0xff, 0x55, 0x03, 0xff, 0xaa, 0x55, 0x03, 0x00, 0x00, 0x00, 0x00,
  0x00, 0x00, 0x00, 0x00, 0x00, 0x00, 0x00, 0x00, 0x00, 0x00, 0x00, 0x00, 0x00, 0x00, 0x00, 0x00,
  0x00, 0x00, 0x00, 0x00, 0x00, 0x00, 0x00, 0x00, 0x00, 0x00, 0x00, 0x00, 0x00, 0x00, 0x00, 0x00,
  0x00, 0x00, 0x00, 0x00, 0x00, 0x00, 0x00, 0x00, 0x00, 0x00, 0x00, 0x00, 0x00, 0x00, 0x00, 0x00,
  0x00, 0x00, 0x00, 0x00, 0x00, 0x00, 0x00, 0x00, 0x00, 0x00, 0x00, 0x00, 0x00, 0x00, 0x00, 0x00,
  0x00, 0x00, 0x00, 0x00, 0x00, 0x00, 0x00, 0x00, 0x00, 0x00, 0x00, 0x00, 0x00, 0x00, 0x00, 0x00,
  0x00, 0x00, 0x00, 0x00, 0x00, 0x00, 0x00, 0x00, 0x00, 0x00, 0x00, 0x00, 0x00, 0x00, 0x00, 0x00,
  0x00, 0x00, 0x00, 0x00, 0x00, 0x00, 0x00, 0x00, 0x00, 0x00, 0x00, 0x00, 0x00, 0x00, 0x00, 0x00,
  0x00, 0x00, 0x00, 0x00, 0x00, 0x00, 0x00, 0x00, 0x00, 0x00, 0x00, 0x00, 0x00, 0x00, 0x00, 0x00,
  0x00, 0x00, 0x00, 0x00, 0x00, 0x00, 0x00, 0x00, 0x00, 0x00, 0x00, 0x00, 0x00, 0x00, 0x00, 0x00,
  0x00, 0x00, 0x00, 0x00, 0x00, 0x00, 0x00, 0x00, 0x00, 0x00, 0x00, 0x00, 0x00, 0x00, 0x00, 0x00,
  0x00, 0x00, 0x00, 0x00, 0x00, 0x00, 0x00, 0x00, 0x00, 0x00, 0x00, 0x00, 0x00, 0x00, 0x00, 0x00,
  0x00, 0x00, 0x00, 0x00, 0x00, 0x00, 0x00, 0x00, 0x00, 0x00, 0x00, 0x00, 0x00, 0x00, 0x00, 0x00,
  0x00, 0x00, 0x00, 0x00, 0x00, 0x00, 0x00, 0x00, 0x00, 0x00, 0x00, 0x00, 0xff, 0xff, 0x00, 0x02,
  0x00, 0x00, 0x00, 0x00, 0x00, 0x00, 0x00, 0x00, 0xff, 0xda, 0x91, 0x07, 0xff, 0xd5, 0x7d, 0x3d,
  0xff, 0xd4, 0x7e, 0xb0, 0xff, 0xdb, 0x80, 0xff, 0xff, 0xdb, 0x81, 0xff, 0xff, 0xd7, 0x7e, 0xf7,
  0xfd, 0xd7, 0x7d, 0xfe, 0xfe, 0xd7, 0x7d, 0xff, 0xfe, 0xd8, 0x7e, 0xff, 0xfe, 0xd8, 0x7d, 0xff,
  0xff, 0xd9, 0x7d, 0xff, 0xff, 0xda, 0x7e, 0xff, 0xfe, 0xda, 0x7e, 0xff, 0xfe, 0xda, 0x7e, 0xff,
  0xff, 0xda, 0x7e, 0xff, 0xff, 0xda, 0x7d, 0xff, 0xff, 0xda, 0x7d, 0xff, 0xff, 0xdb, 0x7d, 0xff,
  0xff, 0xdb, 0x7d, 0xff, 0xff, 0xdb, 0x7d, 0xff, 0xfe, 0xdb, 0x7d, 0xff, 0xfe, 0xdb, 0x7d, 0xff,
  0xff, 0xdd, 0x7d, 0xff, 0xff, 0xdd, 0x7c, 0xff, 0xfe, 0xdd, 0x7c, 0xff, 0xfd, 0xdc, 0x7c, 0xff,
  0xfd, 0xde, 0x7c, 0xfc, 0xfd, 0xdd, 0x7c, 0xfe, 0xff, 0xf2, 0x87, 0xff, 0xff, 0xde, 0x7c, 0xc9,
  0xf7, 0xdf, 0x77, 0x20, 0x00, 0x00, 0x00, 0x00, 0xff, 0xff, 0x55, 0x03, 0xff, 0xaa, 0x55, 0x03,
  0x00, 0x00, 0x00, 0x00, 0x00, 0x00, 0x00, 0x00, 0x00, 0x00, 0x00, 0x00, 0x00, 0x00, 0x00, 0x00,
  0x00, 0x00, 0x00, 0x00, 0x00, 0x00, 0x00, 0x00, 0x00, 0x00, 0x00, 0x00, 0x00, 0x00, 0x00, 0x00,
  0x00, 0x00, 0x00, 0x00, 0x00, 0x00, 0x00, 0x00, 0x00, 0x00, 0x00, 0x00, 0x00, 0x00, 0x00, 0x00,
  0x00, 0x00, 0x00, 0x00, 0x00, 0x00, 0x00, 0x00, 0x00, 0x00, 0x00, 0x00, 0x00, 0x00, 0x00, 0x00,
  0x00, 0x00, 0x00, 0x00, 0x00, 0x00, 0x00, 0x00, 0x00, 0x00, 0x00, 0x00, 0x00, 0x00, 0x00, 0x00,
  0x00, 0x00, 0x00, 0x00, 0x00, 0x00, 0x00, 0x00, 0x00, 0x00, 0x00, 0x00, 0x00, 0x00, 0x00, 0x00,
  0x00, 0x00, 0x00, 0x00, 0x00, 0x00, 0x00, 0x00, 0x00, 0x00, 0x00, 0x00, 0x00, 0x00, 0x00, 0x00,
  0x00, 0x00, 0x00, 0x00, 0x00, 0x00, 0x00, 0x00, 0x00, 0x00, 0x00, 0x00, 0x00, 0x00, 0x00, 0x00,
  0x00, 0x00, 0x00, 0x00, 0x00, 0x00, 0x00, 0x00, 0x00, 0x00, 0x00, 0x00, 0x00, 0x00, 0x00, 0x00,
  0x00, 0x00, 0x00, 0x00, 0x00, 0x00, 0x00, 0x00, 0x00, 0x00, 0x00, 0x00, 0x00, 0x00, 0x00, 0x00,
  0x00, 0x00, 0x00, 0x00, 0x00, 0x00, 0x00, 0x00, 0x00, 0x00, 0x00, 0x00, 0x00, 0x00, 0x00, 0x00,
  0x00, 0x00, 0x00, 0x00, 0x00, 0x00, 0x00, 0x00, 0x00, 0x00, 0x00, 0x00, 0x00, 0x00, 0x00, 0x00,
  0x00, 0x00, 0x00, 0x00, 0x00, 0x00, 0x00, 0x00, 0x00, 0x00, 0x00, 0x00, 0xff, 0xff, 0x00, 0x01,
  0xff, 0xff, 0x55, 0x03, 0xff, 0xff, 0xff, 0x01, 0x00, 0x00, 0x00, 0x00, 0xff, 0xd3, 0x7f, 0x40,
  0xff, 0xd4, 0x7f, 0xbe, 0xff, 0xd7, 0x80, 0xf8, 0xff, 0xd5, 0x7f, 0xff, 0xff, 0xd5, 0x7f, 0xff,
  0xff, 0xd4, 0x7e, 0xfd, 0xff, 0xd6, 0x7f, 0xff, 0xfe, 0xd6, 0x7e, 0xff, 0xfe, 0xd5, 0x7e, 0xff,
  0xfe, 0xd6, 0x7e, 0xff, 0xff, 0xd7, 0x7e, 0xff, 0xff, 0xd7, 0x7e, 0xff, 0xfe, 0xd6, 0x7e, 0xff,
  0xfe, 0xd6, 0x7e, 0xff, 0xfe, 0xd6, 0x7d, 0xff, 0xfe, 0xd7, 0x7e, 0xff, 0xfe, 0xd8, 0x7e, 0xff,
  0xfe, 0xd7, 0x7d, 0xff, 0xff, 0xd8, 0x7d, 0xff, 0xff, 0xd9, 0x7e, 0xff, 0xfe, 0xd9, 0x7d, 0xff,
  0xfe, 0xd9, 0x7d, 0xff, 0xff, 0xda, 0x7e, 0xff, 0xff, 0xda, 0x7e, 0xff, 0xfe, 0xda, 0x7d, 0xff,
  0xfe, 0xdb, 0x7d, 0xff, 0xff, 0xdb, 0x7d, 0xfb, 0xff, 0xda, 0x7d, 0xfe, 0xff, 0xf5, 0x8c, 0xff,
  0xfd, 0xda, 0x7c, 0xd3, 0xff, 0xe0, 0x7b, 0x21, 0x00, 0x00, 0x00, 0x00, 0xff, 0xff, 0xaa, 0x03,
  0xff, 0xff, 0x55, 0x03, 0x00, 0x00, 0x00, 0x00, 0x00, 0x00, 0x00, 0x00, 0x00, 0x00, 0x00, 0x00,
  0x00, 0x00, 0x00, 0x00, 0x00, 0x00, 0x00, 0x00, 0x00, 0x00, 0x00, 0x00, 0x00, 0x00, 0x00, 0x00,
  0x00, 0x00, 0x00, 0x00, 0x00, 0x00, 0x00, 0x00, 0x00, 0x00, 0x00, 0x00, 0x00, 0x00, 0x00, 0x00,
  0x00, 0x00, 0x00, 0x00, 0x00, 0x00, 0x00, 0x00, 0x00, 0x00, 0x00, 0x00, 0x00, 0x00, 0x00, 0x00,
  0x00, 0x00, 0x00, 0x00, 0x00, 0x00, 0x00, 0x00, 0x00, 0x00, 0x00, 0x00, 0x00, 0x00, 0x00, 0x00,
  0x00, 0x00, 0x00, 0x00, 0x00, 0x00, 0x00, 0x00, 0x00, 0x00, 0x00, 0x00, 0x00, 0x00, 0x00, 0x00,
  0x00, 0x00, 0x00, 0x00, 0x00, 0x00, 0x00, 0x00, 0x00, 0x00, 0x00, 0x00, 0x00, 0x00, 0x00, 0x00,
  0x00, 0x00, 0x00, 0x00, 0x00, 0x00, 0x00, 0x00, 0x00, 0x00, 0x00, 0x00, 0x00, 0x00, 0x00, 0x00,
  0x00, 0x00, 0x00, 0x00, 0x00, 0x00, 0x00, 0x00, 0x00, 0x00, 0x00, 0x00, 0x00, 0x00, 0x00, 0x00,
  0x00, 0x00, 0x00, 0x00, 0x00, 0x00, 0x00, 0x00, 0x00, 0x00, 0x00, 0x00, 0x00, 0x00, 0x00, 0x00,
  0x00, 0x00, 0x00, 0x00, 0x00, 0x00, 0x00, 0x00, 0x00, 0x00, 0x00, 0x00, 0x00, 0x00, 0x00, 0x00,
  0x00, 0x00, 0x00, 0x00, 0x00, 0x00, 0x00, 0x00, 0x00, 0x00, 0x00, 0x00, 0x00, 0x00, 0x00, 0x00,
  0x00, 0x00, 0x00, 0x00, 0x00, 0x00, 0x00, 0x00, 0x00, 0x00, 0x00, 0x00, 0xff, 0x7f, 0x7f, 0x02,
  0xff, 0xcc, 0x66, 0x05, 0x00, 0x00, 0x00, 0x00, 0x00, 0x00, 0x00, 0x00, 0xff, 0xd1, 0x81, 0x49,
  0xff, 0xd1, 0x80, 0xaf, 0xff, 0xd2, 0x80, 0xfd, 0xff, 0xdd, 0x85, 0xff, 0xff, 0xd1, 0x7f, 0xfa,
  0xff, 0xd1, 0x7f, 0xfc, 0xff, 0xd2, 0x7f, 0xfe, 0xfe, 0xd4, 0x7f, 0xff, 0xfe, 0xd4, 0x7f, 0xff,
  0xfe, 0xd4, 0x7e, 0xff, 0xfe, 0xd4, 0x7e, 0xff, 0xfe, 0xd4, 0x7e, 0xff, 0xff, 0xd5, 0x7e, 0xff,
  0xfe, 0xd4, 0x7e, 0xff, 0xfe, 0xd4, 0x7e, 0xff, 0xfe, 0xd4, 0x7d, 0xff, 0xfe, 0xd6, 0x7f, 0xff,
  0xfe, 0xd7, 0x7f, 0xff, 0xfe, 0xd5, 0x7d, 0xff, 0xff, 0xd6, 0x7d, 0xff, 0xff, 0xd8, 0x7f, 0xff,
  0xfe, 0xd7, 0x7d, 0xff, 0xfe, 0xd7, 0x7d, 0xff, 0xff, 0xd8, 0x7e, 0xff, 0xff, 0xd9, 0x7f, 0xff,
  0xff, 0xd9, 0x7e, 0xff, 0xfe, 0xd9, 0x7e, 0xff, 0xff, 0xd9, 0x7e, 0xfb, 0xff, 0xd9, 0x7e, 0xfe,
  0xfe, 0xf1, 0x8b, 0xff, 0xf8, 0xd3, 0x7a, 0xd4, 0xff, 0xd8, 0x7b, 0x21, 0x00, 0x00, 0x00, 0x00,
  0xff, 0xff, 0xaa, 0x03, 0xff, 0xff, 0x55, 0x03, 0x00, 0x00, 0x00, 0x00, 0x00, 0x00, 0x00, 0x00,
  0x00, 0x00, 0x00, 0x00, 0x00, 0x00, 0x00, 0x00, 0x00, 0x00, 0x00, 0x00, 0x00, 0x00, 0x00, 0x00,
  0x00, 0x00, 0x00, 0x00, 0x00, 0x00, 0x00, 0x00, 0x00, 0x00, 0x00, 0x00, 0x00, 0x00, 0x00, 0x00,
  0x00, 0x00, 0x00, 0x00, 0x00, 0x00, 0x00, 0x00, 0x00, 0x00, 0x00, 0x00, 0x00, 0x00, 0x00, 0x00,
  0x00, 0x00, 0x00, 0x00, 0x00, 0x00, 0x00, 0x00, 0x00, 0x00, 0x00, 0x00, 0x00, 0x00, 0x00, 0x00,
  0x00, 0x00, 0x00, 0x00, 0x00, 0x00, 0x00, 0x00, 0x00, 0x00, 0x00, 0x00, 0x00, 0x00, 0x00, 0x00,
  0x00, 0x00, 0x00, 0x00, 0x00, 0x00, 0x00, 0x00, 0x00, 0x00, 0x00, 0x00, 0x00, 0x00, 0x00, 0x00,
  0x00, 0x00, 0x00, 0x00, 0x00, 0x00, 0x00, 0x00, 0x00, 0x00, 0x00, 0x00, 0x00, 0x00, 0x00, 0x00,
  0x00, 0x00, 0x00, 0x00, 0x00, 0x00, 0x00, 0x00, 0x00, 0x00, 0x00, 0x00, 0x00, 0x00, 0x00, 0x00,
  0x00, 0x00, 0x00, 0x00, 0x00, 0x00, 0x00, 0x00, 0x00, 0x00, 0x00, 0x00, 0x00, 0x00, 0x00, 0x00,
  0x00, 0x00, 0x00, 0x00, 0x00, 0x00, 0x00, 0x00, 0x00, 0x00, 0x00, 0x00, 0x00, 0x00, 0x00, 0x00,
  0x00, 0x00, 0x00, 0x00, 0x00, 0x00, 0x00, 0x00, 0x00, 0x00, 0x00, 0x00, 0x00, 0x00, 0x00, 0x00,
  0x00, 0x00, 0x00, 0x00, 0x00, 0x00, 0x00, 0x00, 0x00, 0x00, 0x00, 0x00, 0xff, 0xff, 0x00, 0x01,
  0x00, 0x00, 0x00, 0x00, 0x00, 0x00, 0x00, 0x00, 0xff, 0xd4, 0x7f, 0x06, 0xff, 0xcb, 0x7d, 0x3b,
  0xff, 0xd2, 0x80, 0xb7, 0xff, 0xd4, 0x83, 0xff, 0xff, 0xcf, 0x80, 0xfe, 0xff, 0xcf, 0x80, 0xfb,
  0xff, 0xcf, 0x80, 0xfe, 0xff, 0xd0, 0x80, 0xfe, 0xff, 0xd0, 0x80, 0xfe, 0xfe, 0xd1, 0x7f, 0xff,
  0xfe, 0xd2, 0x7f, 0xff, 0xfe, 0xd2, 0x7f, 0xff, 0xfe, 0xd2, 0x7e, 0xff, 0xfe, 0xd2, 0x7e, 0xff,
  0xff, 0xd3, 0x7f, 0xff, 0xff, 0xd3, 0x7f, 0xff, 0xff, 0xd3, 0x7f, 0xff, 0xfe, 0xd3, 0x7e, 0xff,
  0xff, 0xd3, 0x7f, 0xff, 0xff, 0xd5, 0x7f, 0xff, 0xfe, 0xd4, 0x7e, 0xff, 0xfe, 0xd5, 0x7e, 0xff,
  0xff, 0xd6, 0x7f, 0xff, 0xfe, 0xd5, 0x7e, 0xff, 0xfe, 0xd5, 0x7e, 0xff, 0xff, 0xd6, 0x7f, 0xff,
  0xff, 0xd7, 0x7f, 0xff, 0xff, 0xd7, 0x7e, 0xff, 0xfe, 0xd6, 0x7e, 0xff, 0xff, 0xd8, 0x7e, 0xfb,
  0xff, 0xd7, 0x7e, 0xfe, 0xff, 0xe7, 0x87, 0xff, 0xec, 0xc7, 0x76, 0xd3, 0xef, 0xc8, 0x73, 0x21,
  0x00, 0x00, 0x00, 0x00, 0xff, 0xff, 0x55, 0x03, 0xff, 0xaa, 0x55, 0x03, 0x00, 0x00, 0x00, 0x00,
  0x00, 0x00, 0x00, 0x00, 0x00, 0x00, 0x00, 0x00, 0x00, 0x00, 0x00, 0x00, 0x00, 0x00, 0x00, 0x00,
  0x00, 0x00, 0x00, 0x00, 0x00, 0x00, 0x00, 0x00, 0x00, 0x00, 0x00, 0x00, 0x00, 0x00, 0x00, 0x00,
  0x00, 0x00, 0x00, 0x00, 0x00, 0x00, 0x00, 0x00, 0x00, 0x00, 0x00, 0x00, 0x00, 0x00, 0x00, 0x00,
  0x00, 0x00, 0x00, 0x00, 0x00, 0x00, 0x00, 0x00, 0x00, 0x00, 0x00, 0x00, 0x00, 0x00, 0x00, 0x00,
  0x00, 0x00, 0x00, 0x00, 0x00, 0x00, 0x00, 0x00, 0x00, 0x00, 0x00, 0x00, 0x00, 0x00, 0x00, 0x00,
  0x00, 0x00, 0x00, 0x00, 0x00, 0x00, 0x00, 0x00, 0x00, 0x00, 0x00, 0x00, 0x00, 0x00, 0x00, 0x00,
  0x00, 0x00, 0x00, 0x00, 0x00, 0x00, 0x00, 0x00, 0x00, 0x00, 0x00, 0x00, 0x00, 0x00, 0x00, 0x00,
  0x00, 0x00, 0x00, 0x00, 0x00, 0x00, 0x00, 0x00, 0x00, 0x00, 0x00, 0x00, 0x00, 0x00, 0x00, 0x00,
  0x00, 0x00, 0x00, 0x00, 0x00, 0x00, 0x00, 0x00, 0x00, 0x00, 0x00, 0x00, 0x00, 0x00, 0x00, 0x00,
  0x00, 0x00, 0x00, 0x00, 0x00, 0x00, 0x00, 0x00, 0x00, 0x00, 0x00, 0x00, 0x00, 0x00, 0x00, 0x00,
  0x00, 0x00, 0x00, 0x00, 0x00, 0x00, 0x00, 0x00, 0x00, 0x00, 0x00, 0x00, 0x00, 0x00, 0x00, 0x00,
  0x00, 0x00, 0x00, 0x00, 0x00, 0x00, 0x00, 0x00, 0x00, 0x00, 0x00, 0x00, 0xff, 0xff, 0x00, 0x01,
  0xff, 0xd4, 0x7f, 0x06, 0x00, 0x00, 0x00, 0x00, 0x00, 0x00, 0x00, 0x00, 0xff, 0xcb, 0x7f, 0x4a,
  0xff, 0xcb, 0x80, 0xbd, 0xff, 0xd0, 0x82, 0xf6, 0xff, 0xd2, 0x84, 0xff, 0xff, 0xcd, 0x81, 0xff,
  0xff, 0xce, 0x80, 0xfc, 0xff, 0xce, 0x80, 0xfe, 0xff, 0xce, 0x80, 0xfe, 0xff, 0xce, 0x80, 0xfe,
  0xff, 0xcf, 0x80, 0xff, 0xfe, 0xcf, 0x80, 0xff, 0xfe, 0xcf, 0x80, 0xff, 0xff, 0xd0, 0x80, 0xff,
  0xff, 0xd0, 0x80, 0xff, 0xff, 0xd0, 0x80, 0xff, 0xff, 0xd0, 0x80, 0xff, 0xff, 0xd0, 0x80, 0xff,
  0xfe, 0xd0, 0x7f, 0xff, 0xfe, 0xd0, 0x7f, 0xff, 0xfe, 0xd1, 0x7f, 0xff, 0xfe, 0xd2, 0x80, 0xff,
  0xfe, 0xd3, 0x80, 0xff, 0xfe, 0xd3, 0x7f, 0xff, 0xfe, 0xd3, 0x7f, 0xff, 0xfe, 0xd3, 0x7f, 0xff,
  0xfe, 0xd4, 0x80, 0xff, 0xfe, 0xd4, 0x80, 0xff, 0xfe, 0xd4, 0x7f, 0xff, 0xfe, 0xd3, 0x7d, 0xff,
  0xff, 0xd7, 0x7e, 0xfb, 0xfd, 0xd3, 0x7e, 0xfe, 0xfd, 0xd7, 0x81, 0xff, 0xd5, 0xb4, 0x6b, 0xd3,
  0xd0, 0xb1, 0x6c, 0x21, 0x00, 0x00, 0x00, 0x00, 0xff, 0xaa, 0x55, 0x03, 0xaa, 0xaa, 0x55, 0x03,
  0x00, 0x00, 0x00, 0x00, 0x00, 0x00, 0x00, 0x00, 0x00, 0x00, 0x00, 0x00, 0x00, 0x00, 0x00, 0x00,
  0x00, 0x00, 0x00, 0x00, 0x00, 0x00, 0x00, 0x00, 0x00, 0x00, 0x00, 0x00, 0x00, 0x00, 0x00, 0x00,
  0x00, 0x00, 0x00, 0x00, 0x00, 0x00, 0x00, 0x00, 0x00, 0x00, 0x00, 0x00, 0x00, 0x00, 0x00, 0x00,
  0x00, 0x00, 0x00, 0x00, 0x00, 0x00, 0x00, 0x00, 0x00, 0x00, 0x00, 0x00, 0x00, 0x00, 0x00, 0x00,
  0x00, 0x00, 0x00, 0x00, 0x00, 0x00, 0x00, 0x00, 0x00, 0x00, 0x00, 0x00, 0x00, 0x00, 0x00, 0x00,
  0x00, 0x00, 0x00, 0x00, 0x00, 0x00, 0x00, 0x00, 0x00, 0x00, 0x00, 0x00, 0x00, 0x00, 0x00, 0x00,
  0x00, 0x00, 0x00, 0x00, 0x00, 0x00, 0x00, 0x00, 0x00, 0x00, 0x00, 0x00, 0x00, 0x00, 0x00, 0x00,
  0x00, 0x00, 0x00, 0x00, 0x00, 0x00, 0x00, 0x00, 0x00, 0x00, 0x00, 0x00, 0x00, 0x00, 0x00, 0x00,
  0x00, 0x00, 0x00, 0x00, 0x00, 0x00, 0x00, 0x00, 0x00, 0x00, 0x00, 0x00, 0x00, 0x00, 0x00, 0x00,
  0x00, 0x00, 0x00, 0x00, 0x00, 0x00, 0x00, 0x00, 0x00, 0x00, 0x00, 0x00, 0x00, 0x00, 0x00, 0x00,
  0x00, 0x00, 0x00, 0x00, 0x00, 0x00, 0x00, 0x00, 0x00, 0x00, 0x00, 0x00, 0x00, 0x00, 0x00, 0x00,
  0x00, 0x00, 0x00, 0x00, 0x00, 0x00, 0x00, 0x00, 0x00, 0x00, 0x00, 0x00, 0xff, 0xff, 0xff, 0x01,
  0xff, 0xff, 0x00, 0x01, 0x00, 0x00, 0x00, 0x00, 0xff, 0xaa, 0x7f, 0x06, 0xff, 0xc4, 0x7f, 0x46,
  0xff, 0xca, 0x81, 0xaf, 0xff, 0xce, 0x83, 0xff, 0xff, 0xd1, 0x85, 0xff, 0xff, 0xc9, 0x81, 0xf7,
  0xff, 0xca, 0x81, 0xfc, 0xff, 0xcc, 0x81, 0xfd, 0xff, 0xcc, 0x80, 0xfe, 0xff, 0xcc, 0x80, 0xfe,
  0xff, 0xcc, 0x80, 0xfe, 0xff, 0xcc, 0x80, 0xff, 0xfe, 0xcd, 0x80, 0xff, 0xfe, 0xcd, 0x80, 0xff,
  0xff, 0xcd, 0x80, 0xff, 0xff, 0xcd, 0x80, 0xff, 0xff, 0xcd, 0x80, 0xff, 0xff, 0xcd, 0x80, 0xff,
  0xff, 0xce, 0x80, 0xff, 0xfe, 0xce, 0x80, 0xff, 0xfe, 0xce, 0x80, 0xff, 0xfe, 0xcf, 0x80, 0xff,
  0xfe, 0xd0, 0x80, 0xff, 0xfe, 0xd1, 0x80, 0xff, 0xfe, 0xd1, 0x7f, 0xff, 0xfe, 0xd1, 0x7f, 0xff,
  0xfe, 0xd1, 0x7f, 0xff, 0xfe, 0xd2, 0x80, 0xff, 0xfe, 0xd2, 0x80, 0xff, 0xfe, 0xd2, 0x7f, 0xff,
  0xfc, 0xd0, 0x7d, 0xff, 0xff, 0xd7, 0x81, 0xfb, 0xff, 0xd2, 0x7e, 0xfe, 0xea, 0xc1, 0x77, 0xff,
  0xaf, 0x93, 0x5b, 0xd3, 0xa2, 0x8b, 0x5c, 0x21, 0x00, 0x00, 0x00, 0x00, 0xff, 0xaa, 0x55, 0x03,
  0xaa, 0xaa, 0x55, 0x03, 0x00, 0x00, 0x00, 0x00, 0x00, 0x00, 0x00, 0x00, 0x00, 0x00, 0x00, 0x00,
  0x00, 0x00, 0x00, 0x00, 0x00, 0x00, 0x00, 0x00, 0x00, 0x00, 0x00, 0x00, 0x00, 0x00, 0x00, 0x00,
  0x00, 0x00, 0x00, 0x00, 0x00, 0x00, 0x00, 0x00, 0x00, 0x00, 0x00, 0x00, 0x00, 0x00, 0x00, 0x00,
  0x00, 0x00, 0x00, 0x00, 0x00, 0x00, 0x00, 0x00, 0x00, 0x00, 0x00, 0x00, 0x00, 0x00, 0x00, 0x00,
  0x00, 0x00, 0x00, 0x00, 0x00, 0x00, 0x00, 0x00, 0x00, 0x00, 0x00, 0x00, 0x00, 0x00, 0x00, 0x00,
  0x00, 0x00, 0x00, 0x00, 0x00, 0x00, 0x00, 0x00, 0x00, 0x00, 0x00, 0x00, 0x00, 0x00, 0x00, 0x00,
  0x00, 0x00, 0x00, 0x00, 0x00, 0x00, 0x00, 0x00, 0x00, 0x00, 0x00, 0x00, 0x00, 0x00, 0x00, 0x00,
  0x00, 0x00, 0x00, 0x00, 0x00, 0x00, 0x00, 0x00, 0x00, 0x00, 0x00, 0x00, 0x00, 0x00, 0x00, 0x00,
  0x00, 0x00, 0x00, 0x00, 0x00, 0x00, 0x00, 0x00, 0x00, 0x00, 0x00, 0x00, 0x00, 0x00, 0x00, 0x00,
  0x00, 0x00, 0x00, 0x00, 0x00, 0x00, 0x00, 0x00, 0x00, 0x00, 0x00, 0x00, 0x00, 0x00, 0x00, 0x00,
  0x00, 0x00, 0x00, 0x00, 0x00, 0x00, 0x00, 0x00, 0x00, 0x00, 0x00, 0x00, 0x00, 0x00, 0x00, 0x00,
  0x00, 0x00, 0x00, 0x00, 0x00, 0x00, 0x00, 0x00, 0x00, 0x00, 0x00, 0x00, 0xff, 0xff, 0x00, 0x01,
  0x00, 0x00, 0x00, 0x00, 0xff, 0xff, 0x00, 0x01, 0x00, 0x00, 0x00, 0x00, 0xff, 0xc1, 0x83, 0x3e,
  0xff, 0xc6, 0x82, 0xc1, 0xff, 0xc8, 0x83, 0xfe, 0xff, 0xc6, 0x81, 0xfe, 0xff, 0xc7, 0x81, 0xfe,
  0xff, 0xc7, 0x81, 0xfd, 0xff, 0xc7, 0x81, 0xfe, 0xff, 0xc8, 0x81, 0xfe, 0xff, 0xc9, 0x81, 0xfe,
  0xff, 0xca, 0x81, 0xff, 0xff, 0xca, 0x81, 0xff, 0xfe, 0xc9, 0x81, 0xff, 0xfe, 0xca, 0x80, 0xff,
  0xfe, 0xca, 0x80, 0xff, 0xfe, 0xca, 0x80, 0xff, 0xfe, 0xca, 0x80, 0xff, 0xfe, 0xca, 0x80, 0xff,
  0xfe, 0xcb, 0x80, 0xff, 0xfe, 0xcc, 0x80, 0xff, 0xff, 0xcd, 0x81, 0xff, 0xfe, 0xcd, 0x81, 0xff,
  0xfe, 0xcd, 0x81, 0xff, 0xff, 0xce, 0x80, 0xff, 0xff, 0xce, 0x80, 0xff, 0xff, 0xce, 0x80, 0xff,
  0xff, 0xcf, 0x80, 0xff, 0xff, 0xcf, 0x80, 0xff, 0xfe, 0xcf, 0x80, 0xff, 0xfe, 0xcf, 0x7f, 0xff,
  0xfe, 0xcf, 0x7f, 0xff, 0xfa, 0xcd, 0x7e, 0xff, 0xff, 0xd9, 0x85, 0xfb, 0xff, 0xd0, 0x7f, 0xfe,
  0xc6, 0xa3, 0x68, 0xff, 0x7a, 0x66, 0x47, 0xd3, 0x64, 0x55, 0x3d, 0x21, 0x00, 0x00, 0x00, 0x00,
  0xaa, 0x55, 0x55, 0x03, 0xaa, 0x55, 0x55, 0x03, 0x00, 0x00, 0x00, 0x00, 0x00, 0x00, 0x00, 0x00,
  0x00, 0x00, 0x00, 0x00, 0x00, 0x00, 0x00, 0x00, 0x00, 0x00, 0x00, 0x00, 0x00, 0x00, 0x00, 0x00,
  0x00, 0x00, 0x00, 0x00, 0x00, 0x00, 0x00, 0x00, 0x00, 0x00, 0x00, 0x00, 0x00, 0x00, 0x00, 0x00,
  0x00, 0x00, 0x00, 0x00, 0x00, 0x00, 0x00, 0x00, 0x00, 0x00, 0x00, 0x00, 0x00, 0x00, 0x00, 0x00,
  0x00, 0x00, 0x00, 0x00, 0x00, 0x00, 0x00, 0x00, 0x00, 0x00, 0x00, 0x00, 0x00, 0x00, 0x00, 0x00,
  0x00, 0x00, 0x00, 0x00, 0x00, 0x00, 0x00, 0x00, 0x00, 0x00, 0x00, 0x00, 0x00, 0x00, 0x00, 0x00,
  0x00, 0x00, 0x00, 0x00, 0x00, 0x00, 0x00, 0x00, 0x00, 0x00, 0x00, 0x00, 0x00, 0x00, 0x00, 0x00,
  0x00, 0x00, 0x00, 0x00, 0x00, 0x00, 0x00, 0x00, 0x00, 0x00, 0x00, 0x00, 0x00, 0x00, 0x00, 0x00,
  0x00, 0x00, 0x00, 0x00, 0x00, 0x00, 0x00, 0x00, 0x00, 0x00, 0x00, 0x00, 0x00, 0x00, 0x00, 0x00,
  0x00, 0x00, 0x00, 0x00, 0x00, 0x00, 0x00, 0x00, 0x00, 0x00, 0x00, 0x00, 0x00, 0x00, 0x00, 0x00,
  0x00, 0x00, 0x00, 0x00, 0x00, 0x00, 0x00, 0x00, 0x00, 0x00, 0x00, 0x00, 0x00, 0x00, 0x00, 0x00,
  0x00, 0x00, 0x00, 0x00, 0x00, 0x00, 0x00, 0x00, 0xff, 0xff, 0x00, 0x01, 0xff, 0xff, 0xff, 0x01,
  0xff, 0xd4, 0x7f, 0x06, 0x00, 0x00, 0x00, 0x00, 0x00, 0x00, 0x00, 0x00, 0xff, 0xc0, 0x82, 0x4e,
  0xff, 0xc4, 0x83, 0xb6, 0xff, 0xc6, 0x83, 0xfa, 0xff, 0xce, 0x88, 0xff, 0xff, 0xc4, 0x82, 0xfe,
  0xff, 0xc6, 0x82, 0xfc, 0xff, 0xc5, 0x82, 0xfe, 0xff, 0xc5, 0x81, 0xfe, 0xff, 0xc5, 0x81, 0xfe,
  0xff, 0xc6, 0x82, 0xfe, 0xff, 0xc7, 0x82, 0xff, 0xff, 0xc7, 0x82, 0xff, 0xfe, 0xc7, 0x81, 0xff,
  0xfe, 0xc7, 0x80, 0xff, 0xfe, 0xc7, 0x80, 0xff, 0xff, 0xc8, 0x81, 0xff, 0xff, 0xc8, 0x81, 0xff,
  0xfe, 0xc8, 0x80, 0xff, 0xfe, 0xc9, 0x81, 0xff, 0xfe, 0xca, 0x81, 0xff, 0xfe, 0xcb, 0x82, 0xff,
  0xfe, 0xcb, 0x81, 0xff, 0xfe, 0xcb, 0x80, 0xff, 0xfe, 0xcb, 0x81, 0xff, 0xfe, 0xcb, 0x81, 0xff,
  0xff, 0xcb, 0x81, 0xff, 0xfe, 0xcd, 0x81, 0xff, 0xfe, 0xcd, 0x81, 0xff, 0xff, 0xcc, 0x81, 0xff,
  0xfe, 0xcd, 0x7f, 0xff, 0xfd, 0xcc, 0x7f, 0xff, 0xf7, 0xc8, 0x7d, 0xff, 0xff, 0xda, 0x87, 0xfb,
  0xff, 0xd0, 0x81, 0xfe, 0xa3, 0x87, 0x5b, 0xff, 0x46, 0x3d, 0x30, 0xd3, 0x26, 0x1e, 0x26, 0x21,
  0x00, 0x00, 0x00, 0x00, 0x55, 0x55, 0x55, 0x03, 0x55, 0x55, 0x55, 0x03, 0x00, 0x00, 0x00, 0x00,
  0x00, 0x00, 0x00, 0x00, 0x00, 0x00, 0x00, 0x00, 0x00, 0x00, 0x00, 0x00, 0x00, 0x00, 0x00, 0x00,
  0x00, 0x00, 0x00, 0x00, 0x00, 0x00, 0x00, 0x00, 0x00, 0x00, 0x00, 0x00, 0x00, 0x00, 0x00, 0x00,
  0x00, 0x00, 0x00, 0x00, 0x00, 0x00, 0x00, 0x00, 0x00, 0x00, 0x00, 0x00, 0x00, 0x00, 0x00, 0x00,
  0x00, 0x00, 0x00, 0x00, 0x00, 0x00, 0x00, 0x00, 0x00, 0x00, 0x00, 0x00, 0x00, 0x00, 0x00, 0x00,
  0x00, 0x00, 0x00, 0x00, 0x00, 0x00, 0x00, 0x00, 0x00, 0x00, 0x00, 0x00, 0x00, 0x00, 0x00, 0x00,
  0x00, 0x00, 0x00, 0x00, 0x00, 0x00, 0x00, 0x00, 0x00, 0x00, 0x00, 0x00, 0x00, 0x00, 0x00, 0x00,
  0x00, 0x00, 0x00, 0x00, 0x00, 0x00, 0x00, 0x00, 0x00, 0x00, 0x00, 0x00, 0x00, 0x00, 0x00, 0x00,
  0x00, 0x00, 0x00, 0x00, 0x00, 0x00, 0x00, 0x00, 0x00, 0x00, 0x00, 0x00, 0x00, 0x00, 0x00, 0x00,
  0x00, 0x00, 0x00, 0x00, 0x00, 0x00, 0x00, 0x00, 0x00, 0x00, 0x00, 0x00, 0x00, 0x00, 0x00, 0x00,
  0x00, 0x00, 0x00, 0x00, 0x00, 0x00, 0x00, 0x00, 0x00, 0x00, 0x00, 0x00, 0x00, 0x00, 0x00, 0x00,
  0x00, 0x00, 0x00, 0x00, 0x00, 0x00, 0x00, 0x00, 0x00, 0x00, 0x00, 0x00, 0xff, 0xff, 0x7f, 0x02,
  0x00, 0x00, 0x00, 0x00, 0x00, 0x00, 0x00, 0x00, 0xff, 0xaa, 0x71, 0x09, 0xff, 0xbf, 0x7f, 0x40,
  0xff, 0xc2, 0x83, 0xb4, 0xff, 0xc7, 0x87, 0xff, 0xff, 0xc5, 0x84, 0xff, 0xff, 0xc2, 0x82, 0xf9,
  0xff, 0xc3, 0x83, 0xfe, 0xff, 0xc3, 0x83, 0xfe, 0xff, 0xc4, 0x83, 0xfe, 0xff, 0xc4, 0x82, 0xfe,
  0xff, 0xc4, 0x82, 0xfe, 0xff, 0xc4, 0x82, 0xfe, 0xff, 0xc5, 0x83, 0xff, 0xff, 0xc5, 0x82, 0xff,
  0xfe, 0xc5, 0x81, 0xff, 0xfe, 0xc5, 0x81, 0xff, 0xfe, 0xc5, 0x81, 0xff, 0xff, 0xc6, 0x82, 0xff,
  0xff, 0xc6, 0x82, 0xff, 0xfe, 0xc6, 0x81, 0xff, 0xfe, 0xc7, 0x81, 0xff, 0xfe, 0xc7, 0x81, 0xff,
  0xfe, 0xc8, 0x82, 0xff, 0xfe, 0xc8, 0x81, 0xff, 0xfe, 0xc8, 0x80, 0xff, 0xfe, 0xc8, 0x81, 0xff,
  0xfe, 0xc8, 0x81, 0xff, 0xfe, 0xc9, 0x81, 0xff, 0xfe, 0xca, 0x81, 0xff, 0xfe, 0xca, 0x81, 0xff,
  0xff, 0xca, 0x81, 0xff, 0xfd, 0xca, 0x80, 0xff, 0xff, 0xcb, 0x81, 0xff, 0xff, 0xcc, 0x82, 0xff,
  0xfb, 0xcc, 0x81, 0xfb, 0xd1, 0xa9, 0x6c, 0xfe, 0x7d, 0x69, 0x4b, 0xff, 0x36, 0x31, 0x2a, 0xd3,
  0x1e, 0x1e, 0x1e, 0x21, 0x00, 0x00, 0x00, 0x00, 0x55, 0x55, 0x55, 0x03, 0x55, 0x55, 0x55, 0x03,
  0x00, 0x00, 0x00, 0x00, 0x00, 0x00, 0x00, 0x00, 0x00, 0x00, 0x00, 0x00, 0x00, 0x00, 0x00, 0x00,
  0x00, 0x00, 0x00, 0x00, 0x00, 0x00, 0x00, 0x00, 0x00, 0x00, 0x00, 0x00, 0x00, 0x00, 0x00, 0x00,
  0x00, 0x00, 0x00, 0x00, 0x00, 0x00, 0x00, 0x00, 0x00, 0x00, 0x00, 0x00, 0x00, 0x00, 0x00, 0x00,
  0x00, 0x00, 0x00, 0x00, 0x00, 0x00, 0x00, 0x00, 0x00, 0x00, 0x00, 0x00, 0x00, 0x00, 0x00, 0x00,
  0x00, 0x00, 0x00, 0x00, 0x00, 0x00, 0x00, 0x00, 0x00, 0x00, 0x00, 0x00, 0x00, 0x00, 0x00, 0x00,
  0x00, 0x00, 0x00, 0x00, 0x00, 0x00, 0x00, 0x00, 0x00, 0x00, 0x00, 0x00, 0x00, 0x00, 0x00, 0x00,
  0x00, 0x00, 0x00, 0x00, 0x00, 0x00, 0x00, 0x00, 0x00, 0x00, 0x00, 0x00, 0x00, 0x00, 0x00, 0x00,
  0x00, 0x00, 0x00, 0x00, 0x00, 0x00, 0x00, 0x00, 0x00, 0x00, 0x00, 0x00, 0x00, 0x00, 0x00, 0x00,
  0x00, 0x00, 0x00, 0x00, 0x00, 0x00, 0x00, 0x00, 0x00, 0x00, 0x00, 0x00, 0x00, 0x00, 0x00, 0x00,
  0x00, 0x00, 0x00, 0x00, 0x00, 0x00, 0x00, 0x00, 0x00, 0x00, 0x00, 0x00, 0x00, 0x00, 0x00, 0x00,
  0x00, 0x00, 0x00, 0x00, 0x00, 0x00, 0x00, 0x00, 0x00, 0x00, 0x00, 0x00, 0xff, 0x00, 0x00, 0x01,
  0xff, 0xbf, 0xbf, 0x04, 0xff, 0xff, 0x00, 0x01, 0x00, 0x00, 0x00, 0x00, 0xff, 0xba, 0x81, 0x47,
  0xff, 0xbd, 0x82, 0xc3, 0xff, 0xc2, 0x85, 0xf8, 0xff, 0xc1, 0x85, 0xff, 0xff, 0xc1, 0x85, 0xff,
  0xff, 0xc0, 0x83, 0xfd, 0xff, 0xc1, 0x83, 0xfe, 0xff, 0xc1, 0x82, 0xfe, 0xff, 0xc2, 0x83, 0xfe,
  0xff, 0xc3, 0x84, 0xff, 0xff, 0xc3, 0x84, 0xfe, 0xff, 0xc2, 0x83, 0xfe, 0xff, 0xc4, 0x83, 0xff,
  0xff, 0xc4, 0x83, 0xff, 0xfe, 0xc3, 0x83, 0xff, 0xff, 0xc3, 0x83, 0xff, 0xff, 0xc3, 0x83, 0xff,
  0xfe, 0xc4, 0x82, 0xff, 0xfe, 0xc4, 0x82, 0xff, 0xfe, 0xc4, 0x83, 0xff, 0xfe, 0xc4, 0x82, 0xff,
  0xfe, 0xc4, 0x82, 0xff, 0xfe, 0xc5, 0x82, 0xff, 0xfe, 0xc5, 0x82, 0xff, 0xfe, 0xc6, 0x82, 0xff,
  0xfe, 0xc6, 0x81, 0xff, 0xfe, 0xc6, 0x81, 0xff, 0xfe, 0xc7, 0x82, 0xff, 0xfe, 0xc8, 0x81, 0xff,
  0xfe, 0xc8, 0x81, 0xff, 0xfe, 0xc8, 0x81, 0xff, 0xfb, 0xc5, 0x80, 0xff, 0xff, 0xc8, 0x82, 0xff,
  0xff, 0xcb, 0x83, 0xff, 0xcf, 0xa5, 0x6c, 0xfb, 0x79, 0x63, 0x46, 0xfe, 0x5a, 0x4d, 0x3c, 0xff,
  0x4c, 0x41, 0x35, 0xd3, 0x45, 0x3d, 0x2e, 0x21, 0x00, 0x00, 0x00, 0x00, 0x55, 0x55, 0x55, 0x03,
  0x55, 0x55, 0x55, 0x03, 0x00, 0x00, 0x00, 0x00, 0x00, 0x00, 0x00, 0x00, 0x00, 0x00, 0x00, 0x00,
  0x00, 0x00, 0x00, 0x00, 0x00, 0x00, 0x00, 0x00, 0x00, 0x00, 0x00, 0x00, 0x00, 0x00, 0x00, 0x00,
  0x00, 0x00, 0x00, 0x00, 0x00, 0x00, 0x00, 0x00, 0x00, 0x00, 0x00, 0x00, 0x00, 0x00, 0x00, 0x00,
  0x00, 0x00, 0x00, 0x00, 0x00, 0x00, 0x00, 0x00, 0x00, 0x00, 0x00, 0x00, 0x00, 0x00, 0x00, 0x00,
  0x00, 0x00, 0x00, 0x00, 0x00, 0x00, 0x00, 0x00, 0x00, 0x00, 0x00, 0x00, 0x00, 0x00, 0x00, 0x00,
  0x00, 0x00, 0x00, 0x00, 0x00, 0x00, 0x00, 0x00, 0x00, 0x00, 0x00, 0x00, 0x00, 0x00, 0x00, 0x00,
  0x00, 0x00, 0x00, 0x00, 0x00, 0x00, 0x00, 0x00, 0x00, 0x00, 0x00, 0x00, 0x00, 0x00, 0x00, 0x00,
  0x00, 0x00, 0x00, 0x00, 0x00, 0x00, 0x00, 0x00, 0x00, 0x00, 0x00, 0x00, 0x00, 0x00, 0x00, 0x00,
  0x00, 0x00, 0x00, 0x00, 0x00, 0x00, 0x00, 0x00, 0x00, 0x00, 0x00, 0x00, 0x00, 0x00, 0x00, 0x00,
  0x00, 0x00, 0x00, 0x00, 0x00, 0x00, 0x00, 0x00, 0x00, 0x00, 0x00, 0x00, 0x00, 0x00, 0x00, 0x00,
  0x00, 0x00, 0x00, 0x00, 0x00, 0x00, 0x00, 0x00, 0x00, 0x00, 0x00, 0x00, 0xff, 0x7f, 0x7f, 0x02,
  0xff, 0x7f, 0x7f, 0x04, 0x00, 0x00, 0x00, 0x00, 0xff, 0xff, 0x7f, 0x02, 0xff, 0xb5, 0x7f, 0x4c,
  0xff, 0xba, 0x83, 0xb2, 0xff, 0xbe, 0x85, 0xff, 0xff, 0xc6, 0x8a, 0xff, 0xff, 0xbd, 0x83, 0xf8,
  0xff, 0xbc, 0x84, 0xfd, 0xff, 0xbd, 0x84, 0xfe, 0xff, 0xbe, 0x83, 0xfe, 0xff, 0xbf, 0x83, 0xfe,
  0xff, 0xbf, 0x83, 0xfe, 0xff, 0xc0, 0x84, 0xff, 0xff, 0xc1, 0x84, 0xfe, 0xff, 0xc0, 0x84, 0xfe,
  0xff, 0xc1, 0x83, 0xff, 0xff, 0xc1, 0x84, 0xff, 0xff, 0xc1, 0x84, 0xff, 0xff, 0xc1, 0x84, 0xff,
  0xff, 0xc1, 0x84, 0xff, 0xfe, 0xc1, 0x82, 0xff, 0xfe, 0xc1, 0x82, 0xff, 0xff, 0xc3, 0x83, 0xff,
  0xfe, 0xc3, 0x83, 0xff, 0xfe, 0xc3, 0x83, 0xff, 0xff, 0xc3, 0x82, 0xff, 0xfe, 0xc4, 0x83, 0xff,
  0xfe, 0xc4, 0x83, 0xff, 0xff, 0xc5, 0x82, 0xff, 0xff, 0xc5, 0x82, 0xff, 0xfe, 0xc5, 0x82, 0xff,
  0xff, 0xc5, 0x82, 0xff, 0xfd, 0xc4, 0x81, 0xff, 0xfc, 0xc4, 0x81, 0xff, 0xff, 0xca, 0x85, 0xff,
  0xfc, 0xc4, 0x81, 0xff, 0xcd, 0xa1, 0x6b, 0xff, 0x88, 0x6e, 0x4c, 0xfb, 0x52, 0x45, 0x35, 0xfe,
  0x56, 0x4b, 0x3c, 0xff, 0x59, 0x4c, 0x3c, 0xd3, 0x5c, 0x4d, 0x3d, 0x21, 0x00, 0x00, 0x00, 0x00,
  0x55, 0x55, 0x55, 0x03, 0x55, 0x55, 0x55, 0x03, 0x00, 0x00, 0x00, 0x00, 0x00, 0x00, 0x00, 0x00,
  0x00, 0x00, 0x00, 0x00, 0x00, 0x00, 0x00, 0x00, 0x00, 0x00, 0x00, 0x00, 0x00, 0x00, 0x00, 0x00,
  0x00, 0x00, 0x00, 0x00, 0x00, 0x00, 0x00, 0x00, 0x00, 0x00, 0x00, 0x00, 0x00, 0x00, 0x00, 0x00,
  0x00, 0x00, 0x00, 0x00, 0x00, 0x00, 0x00, 0x00, 0x00, 0x00, 0x00, 0x00, 0x00, 0x00, 0x00, 0x00,
  0x00, 0x00, 0x00, 0x00, 0x00, 0x00, 0x00, 0x00, 0x00, 0x00, 0x00, 0x00, 0x00, 0x00, 0x00, 0x00,
  0x00, 0x00, 0x00, 0x00, 0x00, 0x00, 0x00, 0x00, 0x00, 0x00, 0x00, 0x00, 0x00, 0x00, 0x00, 0x00,
  0x00, 0x00, 0x00, 0x00, 0x00, 0x00, 0x00, 0x00, 0x00, 0x00, 0x00, 0x00, 0x00, 0x00, 0x00, 0x00,
  0x00, 0x00, 0x00, 0x00, 0x00, 0x00, 0x00, 0x00, 0x00, 0x00, 0x00, 0x00, 0x00, 0x00, 0x00, 0x00,
  0x00, 0x00, 0x00, 0x00, 0x00, 0x00, 0x00, 0x00, 0x00, 0x00, 0x00, 0x00, 0x00, 0x00, 0x00, 0x00,
  0x00, 0x00, 0x00, 0x00, 0x00, 0x00, 0x00, 0x00, 0x00, 0x00, 0x00, 0x00, 0x00, 0x00, 0x00, 0x00,
  0x00, 0x00, 0x00, 0x00, 0x00, 0x00, 0x00, 0x00, 0x00, 0x00, 0x00, 0x00, 0xff, 0xff, 0x00, 0x01,
  0x00, 0x00, 0x00, 0x00, 0x00, 0x00, 0x00, 0x00, 0xff, 0xcc, 0x66, 0x05, 0xff, 0xbc, 0x85, 0x3d,
  0xff, 0xba, 0x83, 0xbe, 0xff, 0xbd, 0x87, 0xff, 0xff, 0xba, 0x84, 0xfe, 0xff, 0xbb, 0x84, 0xfc,
  0xff, 0xbb, 0x84, 0xfd, 0xff, 0xbb, 0x84, 0xfe, 0xff, 0xbb, 0x84, 0xfe, 0xff, 0xbc, 0x84, 0xfe,
  0xff, 0xbd, 0x84, 0xfe, 0xff, 0xbd, 0x84, 0xfe, 0xff, 0xbd, 0x84, 0xfe, 0xff, 0xbe, 0x84, 0xfe,
  0xff, 0xbe, 0x84, 0xfe, 0xff, 0xbe, 0x84, 0xff, 0xff, 0xbe, 0x84, 0xff, 0xff, 0xbf, 0x84, 0xff,
  0xff, 0xbf, 0x84, 0xff, 0xff, 0xbf, 0x84, 0xff, 0xfe, 0xbf, 0x83, 0xff, 0xfe, 0xc0, 0x83, 0xff,
  0xff, 0xc1, 0x83, 0xff, 0xff, 0xc2, 0x84, 0xff, 0xff, 0xc2, 0x84, 0xff, 0xff, 0xc2, 0x83, 0xff,
  0xfe, 0xc2, 0x83, 0xff, 0xfe, 0xc2, 0x83, 0xff, 0xff, 0xc3, 0x83, 0xff, 0xff, 0xc3, 0x83, 0xff,
  0xff, 0xc3, 0x83, 0xff, 0xff, 0xc3, 0x83, 0xff, 0xff, 0xc3, 0x84, 0xff, 0xfe, 0xc3, 0x83, 0xff,
  0xfc, 0xc2, 0x82, 0xff, 0xd7, 0xa7, 0x70, 0xff, 0x84, 0x6a, 0x4a, 0xff, 0x57, 0x4a, 0x36, 0xfb,
  0x5a, 0x4b, 0x3a, 0xfe, 0x65, 0x56, 0x44, 0xff, 0x59, 0x4c, 0x3d, 0xd3, 0x5c, 0x4d, 0x3d, 0x21,
  0x00, 0x00, 0x00, 0x00, 0x55, 0x55, 0x55, 0x03, 0x55, 0x55, 0x55, 0x03, 0x00, 0x00, 0x00, 0x00,
  0x00, 0x00, 0x00, 0x00, 0x00, 0x00, 0x00, 0x00, 0x00, 0x00, 0x00, 0x00, 0x00, 0x00, 0x00, 0x00,
  0x00, 0x00, 0x00, 0x00, 0x00, 0x00, 0x00, 0x00, 0x00, 0x00, 0x00, 0x00, 0x00, 0x00, 0x00, 0x00,
  0x00, 0x00, 0x00, 0x00, 0x00, 0x00, 0x00, 0x00, 0x00, 0x00, 0x00, 0x00, 0x00, 0x00, 0x00, 0x00,
  0x00, 0x00, 0x00, 0x00, 0x00, 0x00, 0x00, 0x00, 0x00, 0x00, 0x00, 0x00, 0x00, 0x00, 0x00, 0x00,
  0x00, 0x00, 0x00, 0x00, 0x00, 0x00, 0x00, 0x00, 0x00, 0x00, 0x00, 0x00, 0x00, 0x00, 0x00, 0x00,
  0x00, 0x00, 0x00, 0x00, 0x00, 0x00, 0x00, 0x00, 0x00, 0x00, 0x00, 0x00, 0x00, 0x00, 0x00, 0x00,
  0x00, 0x00, 0x00, 0x00, 0x00, 0x00, 0x00, 0x00, 0x00, 0x00, 0x00, 0x00, 0x00, 0x00, 0x00, 0x00,
  0x00, 0x00, 0x00, 0x00, 0x00, 0x00, 0x00, 0x00, 0x00, 0x00, 0x00, 0x00, 0x00, 0x00, 0x00, 0x00,
  0x00, 0x00, 0x00, 0x00, 0x00, 0x00, 0x00, 0x00, 0x00, 0x00, 0x00, 0x00, 0x00, 0x00, 0x00, 0x00,
  0x00, 0x00, 0x00, 0x00, 0x00, 0x00, 0x00, 0x00, 0xff, 0x00, 0x00, 0x01, 0xff, 0xff, 0xff, 0x01,
  0xff, 0xb6, 0x91, 0x07, 0x00, 0x00, 0x00, 0x00, 0x00, 0x00, 0x00, 0x00, 0xff, 0xb5, 0x7f, 0x50,
  0xff, 0xb9, 0x83, 0xbe, 0xff, 0xbb, 0x86, 0xf7, 0xff, 0xbe, 0x89, 0xff, 0xff, 0xb8, 0x84, 0xff,
  0xff, 0xb8, 0x85, 0xfd, 0xff, 0xb9, 0x85, 0xff, 0xff, 0xb9, 0x84, 0xfe, 0xff, 0xb9, 0x84, 0xfe,
  0xff, 0xb9, 0x84, 0xfe, 0xff, 0xba, 0x85, 0xff, 0xff, 0xbb, 0x85, 0xff, 0xff, 0xbb, 0x85, 0xfe,
  0xff, 0xbb, 0x84, 0xfe, 0xff, 0xbb, 0x84, 0xfe, 0xff, 0xbc, 0x84, 0xfe, 0xff, 0xbc, 0x84, 0xfe,
  0xfe, 0xbc, 0x84, 0xff, 0xfe, 0xbc, 0x84, 0xff, 0xfe, 0xbc, 0x84, 0xff, 0xff, 0xbe, 0x84, 0xff,
  0xff, 0xbe, 0x84, 0xff, 0xfe, 0xbe, 0x84, 0xff, 0xff, 0xbf, 0x84, 0xff, 0xff, 0xbf, 0x84, 0xff,
  0xfe, 0xbf, 0x84, 0xff, 0xfe, 0xbf, 0x83, 0xff, 0xfe, 0xbf, 0x83, 0xff, 0xfe, 0xbf, 0x83, 0xff,
  0xfe, 0xbf, 0x83, 0xff, 0xfe, 0xc0, 0x83, 0xff, 0xfb, 0xbe, 0x82, 0xff, 0xff, 0xc3, 0x85, 0xff,
  0xff, 0xc3, 0x85, 0xff, 0xcd, 0x9f, 0x6d, 0xff, 0x8a, 0x6e, 0x4e, 0xff, 0x63, 0x52, 0x3c, 0xff,
  0x5a, 0x4c, 0x38, 0xfb, 0x5e, 0x4f, 0x3d, 0xfe, 0x6b, 0x5a, 0x48, 0xff, 0x5d, 0x4f, 0x41, 0xd3,
  0x5c, 0x55, 0x45, 0x21, 0x00, 0x00, 0x00, 0x00, 0x55, 0x55, 0x55, 0x03, 0x55, 0x55, 0x55, 0x03,
  0x00, 0x00, 0x00, 0x00, 0x00, 0x00, 0x00, 0x00, 0x00, 0x00, 0x00, 0x00, 0x00, 0x00, 0x00, 0x00,
  0x00, 0x00, 0x00, 0x00, 0x00, 0x00, 0x00, 0x00, 0x00, 0x00, 0x00, 0x00, 0x00, 0x00, 0x00, 0x00,
  0x00, 0x00, 0x00, 0x00, 0x00, 0x00, 0x00, 0x00, 0x00, 0x00, 0x00, 0x00, 0x00, 0x00, 0x00, 0x00,
  0x00, 0x00, 0x00, 0x00, 0x00, 0x00, 0x00, 0x00, 0x00, 0x00, 0x00, 0x00, 0x00, 0x00, 0x00, 0x00,
  0x00, 0x00, 0x00, 0x00, 0x00, 0x00, 0x00, 0x00, 0x00, 0x00, 0x00, 0x00, 0x00, 0x00, 0x00, 0x00,
  0x00, 0x00, 0x00, 0x00, 0x00, 0x00, 0x00, 0x00, 0x00, 0x00, 0x00, 0x00, 0x00, 0x00, 0x00, 0x00,
  0x00, 0x00, 0x00, 0x00, 0x00, 0x00, 0x00, 0x00, 0x00, 0x00, 0x00, 0x00, 0x00, 0x00, 0x00, 0x00,
  0x00, 0x00, 0x00, 0x00, 0x00, 0x00, 0x00, 0x00, 0x00, 0x00, 0x00, 0x00, 0x00, 0x00, 0x00, 0x00,
  0x00, 0x00, 0x00, 0x00, 0x00, 0x00, 0x00, 0x00, 0x00, 0x00, 0x00, 0x00, 0x00, 0x00, 0x00, 0x00,
  0x00, 0x00, 0x00, 0x00, 0x00, 0x00, 0x00, 0x00, 0x00, 0x00, 0x00, 0x00, 0xff, 0x7f, 0x7f, 0x02,
  0x00, 0x00, 0x00, 0x00, 0x00, 0x00, 0x00, 0x00, 0xff, 0xaa, 0x71, 0x09, 0xff, 0xaf, 0x84, 0x47,
  0xff, 0xb6, 0x85, 0xb4, 0xff, 0xbb, 0x87, 0xff, 0xff, 0xbc, 0x89, 0xff, 0xff, 0xb6, 0x86, 0xf7,
  0xff, 0xb6, 0x85, 0xfd, 0xff, 0xb6, 0x85, 0xfe, 0xff, 0xb6, 0x86, 0xff, 0xff, 0xb7, 0x84, 0xfe,
  0xff, 0xb7, 0x84, 0xfe, 0xff, 0xb7, 0x84, 0xfe, 0xff, 0xb8, 0x85, 0xff, 0xff, 0xb9, 0x85, 0xff,
  0xff, 0xb9, 0x85, 0xfe, 0xff, 0xb9, 0x84, 0xfe, 0xff, 0xb9, 0x84, 0xfe, 0xff, 0xba, 0x84, 0xfe,
  0xff, 0xba, 0x84, 0xfe, 0xfe, 0xba, 0x84, 0xff, 0xfe, 0xba, 0x84, 0xff, 0xfe, 0xba, 0x84, 0xff,
  0xff, 0xbc, 0x84, 0xff, 0xff, 0xbc, 0x84, 0xff, 0xfe, 0xbb, 0x84, 0xff, 0xff, 0xbc, 0x84, 0xff,
  0xff, 0xbc, 0x84, 0xff, 0xfe, 0xbd, 0x84, 0xff, 0xfe, 0xbd, 0x83, 0xff, 0xfe, 0xbd, 0x83, 0xff,
  0xfd, 0xbd, 0x83, 0xff, 0xfd, 0xbc, 0x83, 0xff, 0xff, 0xbe, 0x84, 0xff, 0xff, 0xc1, 0x86, 0xff,
  0xf9, 0xbb, 0x81, 0xff, 0xd4, 0xa3, 0x71, 0xff, 0x93, 0x74, 0x52, 0xff, 0x62, 0x52, 0x3d, 0xff,
  0x62, 0x52, 0x3d, 0xff, 0x69, 0x58, 0x41, 0xfb, 0x64, 0x54, 0x41, 0xfe, 0x6e, 0x5d, 0x4a, 0xff,
  0x61, 0x52, 0x43, 0xd3, 0x5c, 0x55, 0x45, 0x21, 0x00, 0x00, 0x00, 0x00, 0x55, 0x55, 0x55, 0x03,
  0x55, 0x55, 0x55, 0x03, 0x00, 0x00, 0x00, 0x00, 0x00, 0x00, 0x00, 0x00, 0x00, 0x00, 0x00, 0x00,
  0x00, 0x00, 0x00, 0x00, 0x00, 0x00, 0x00, 0x00, 0x00, 0x00, 0x00, 0x00, 0x00, 0x00, 0x00, 0x00,
  0x00, 0x00, 0x00, 0x00, 0x00, 0x00, 0x00, 0x00, 0x00, 0x00, 0x00, 0x00, 0x00, 0x00, 0x00, 0x00,
  0x00, 0x00, 0x00, 0x00, 0x00, 0x00, 0x00, 0x00, 0x00, 0x00, 0x00, 0x00, 0x00, 0x00, 0x00, 0x00,
  0x00, 0x00, 0x00, 0x00, 0x00, 0x00, 0x00, 0x00, 0x00, 0x00, 0x00, 0x00, 0x00, 0x00, 0x00, 0x00,
  0x00, 0x00, 0x00, 0x00, 0x00, 0x00, 0x00, 0x00, 0x00, 0x00, 0x00, 0x00, 0x00, 0x00, 0x00, 0x00,
  0x00, 0x00, 0x00, 0x00, 0x00, 0x00, 0x00, 0x00, 0x00, 0x00, 0x00, 0x00, 0x00, 0x00, 0x00, 0x00,
  0x00, 0x00, 0x00, 0x00, 0x00, 0x00, 0x00, 0x00, 0x00, 0x00, 0x00, 0x00, 0x00, 0x00, 0x00, 0x00,
  0x00, 0x00, 0x00, 0x00, 0x00, 0x00, 0x00, 0x00, 0x00, 0x00, 0x00, 0x00, 0x00, 0x00, 0x00, 0x00,
  0x00, 0x00, 0x00, 0x00, 0x00, 0x00, 0x00, 0x00, 0x00, 0x00, 0x00, 0x00, 0xff, 0xff, 0x00, 0x01,
  0xff, 0xff, 0xff, 0x01, 0xff, 0xff, 0x00, 0x01, 0x00, 0x00, 0x00, 0x00, 0xff, 0xb0, 0x83, 0x44,
  0xff, 0xb0, 0x85, 0xc6, 0xff, 0xb5, 0x88, 0xfc, 0xff, 0xb2, 0x86, 0xfe, 0xff, 0xb4, 0x86, 0xff,
  0xff, 0xb4, 0x87, 0xfd, 0xff, 0xb4, 0x86, 0xff, 0xff, 0xb3, 0x85, 0xfe, 0xff, 0xb3, 0x85, 0xfe,
  0xff, 0xb5, 0x85, 0xfe, 0xff, 0xb5, 0x85, 0xfe, 0xff, 0xb5, 0x85, 0xfe, 0xff, 0xb6, 0x86, 0xff,
  0xff, 0xb6, 0x86, 0xff, 0xff, 0xb7, 0x86, 0xff, 0xff, 0xb7, 0x85, 0xfe, 0xff, 0xb7, 0x85, 0xfe,
  0xff, 0xb7, 0x85, 0xff, 0xff, 0xb7, 0x85, 0xff, 0xfe, 0xb7, 0x84, 0xff, 0xfe, 0xb7, 0x85, 0xff,
  0xfe, 0xb7, 0x85, 0xff, 0xff, 0xb9, 0x85, 0xff, 0xff, 0xb9, 0x85, 0xff, 0xfe, 0xb8, 0x84, 0xff,
  0xfe, 0xb9, 0x84, 0xff, 0xfe, 0xb9, 0x84, 0xff, 0xfe, 0xba, 0x84, 0xff, 0xfe, 0xbb, 0x84, 0xff,
  0xfe, 0xbb, 0x84, 0xff, 0xfd, 0xbb, 0x84, 0xff, 0xfd, 0xbb, 0x84, 0xff, 0xff, 0xbc, 0x85, 0xff,
  0xff, 0xbc, 0x85, 0xff, 0xd6, 0xa1, 0x72, 0xff, 0x8d, 0x71, 0x51, 0xff, 0x6c, 0x5a, 0x42, 0xff,
  0x6d, 0x59, 0x41, 0xff, 0x6a, 0x58, 0x42, 0xff, 0x6a, 0x59, 0x42, 0xfb, 0x69, 0x57, 0x43, 0xfe,
  0x74, 0x61, 0x4d, 0xff, 0x67, 0x57, 0x46, 0xd3, 0x6c, 0x55, 0x45, 0x21, 0x00, 0x00, 0x00, 0x00,
  0x55, 0x55, 0x55, 0x03, 0x55, 0x55, 0x55, 0x03, 0x00, 0x00, 0x00, 0x00, 0x00, 0x00, 0x00, 0x00,
  0x00, 0x00, 0x00, 0x00, 0x00, 0x00, 0x00, 0x00, 0x00, 0x00, 0x00, 0x00, 0x00, 0x00, 0x00, 0x00,
  0x00, 0x00, 0x00, 0x00, 0x00, 0x00, 0x00, 0x00, 0x00, 0x00, 0x00, 0x00, 0x00, 0x00, 0x00, 0x00,
  0x00, 0x00, 0x00, 0x00, 0x00, 0x00, 0x00, 0x00, 0x00, 0x00, 0x00, 0x00, 0x00, 0x00, 0x00, 0x00,
  0x00, 0x00, 0x00, 0x00, 0x00, 0x00, 0x00, 0x00, 0x00, 0x00, 0x00, 0x00, 0x00, 0x00, 0x00, 0x00,
  0x00, 0x00, 0x00, 0x00, 0x00, 0x00, 0x00, 0x00, 0x00, 0x00, 0x00, 0x00, 0x00, 0x00, 0x00, 0x00,
  0x00, 0x00, 0x00, 0x00, 0x00, 0x00, 0x00, 0x00, 0x00, 0x00, 0x00, 0x00, 0x00, 0x00, 0x00, 0x00,
  0x00, 0x00, 0x00, 0x00, 0x00, 0x00, 0x00, 0x00, 0x00, 0x00, 0x00, 0x00, 0x00, 0x00, 0x00, 0x00,
  0x00, 0x00, 0x00, 0x00, 0x00, 0x00, 0x00, 0x00, 0x00, 0x00, 0x00, 0x00, 0x00, 0x00, 0x00, 0x00,
  0x00, 0x00, 0x00, 0x00, 0x00, 0x00, 0x00, 0x00, 0x00, 0x01, 0x00, 0x00, 0xff, 0x7f, 0x7f, 0x02,
  0xff, 0xd4, 0x7f, 0x06, 0x00, 0x00, 0x00, 0x00, 0x00, 0x00, 0x00, 0x00, 0xff, 0xad, 0x87, 0x51,
  0xff, 0xae, 0x87, 0xb8, 0xff, 0xb1, 0x88, 0xfd, 0xff, 0xb9, 0x8e, 0xff, 0xff, 0xb1, 0x87, 0xfa,
  0xff, 0xb0, 0x86, 0xfd, 0xff, 0xb1, 0x87, 0xfe, 0xff, 0xb1, 0x86, 0xfe, 0xff, 0xb1, 0x86, 0xfe,
  0xff, 0xb2, 0x86, 0xfe, 0xff, 0xb3, 0x85, 0xfe, 0xff, 0xb3, 0x85, 0xff, 0xff, 0xb3, 0x86, 0xff,
  0xff, 0xb4, 0x86, 0xfe, 0xff, 0xb4, 0x86, 0xfe, 0xff, 0xb4, 0x86, 0xff, 0xff, 0xb4, 0x86, 0xfe,
  0xff, 0xb4, 0x86, 0xfe, 0xff, 0xb5, 0x86, 0xff, 0xff, 0xb5, 0x86, 0xff, 0xff, 0xb6, 0x85, 0xff,
  0xff, 0xb6, 0x86, 0xff, 0xff, 0xb6, 0x86, 0xff, 0xff, 0xb7, 0x86, 0xff, 0xff, 0xb7, 0x86, 0xff,
  0xfe, 0xb6, 0x84, 0xff, 0xfe, 0xb7, 0x85, 0xff, 0xfe, 0xb7, 0x85, 0xff, 0xfe, 0xb8, 0x85, 0xff,
  0xfe, 0xb9, 0x85, 0xff, 0xfe, 0xb8, 0x84, 0xff, 0xfb, 0xb7, 0x83, 0xff, 0xff, 0xbd, 0x88, 0xff,
  0xff, 0xba, 0x85, 0xff, 0xd2, 0x9d, 0x70, 0xff, 0x99, 0x78, 0x56, 0xff, 0x71, 0x5e, 0x45, 0xff,
  0x6b, 0x59, 0x41, 0xff, 0x73, 0x5f, 0x44, 0xff, 0x71, 0x5d, 0x45, 0xff, 0x6e, 0x5b, 0x44, 0xfb,
  0x6e, 0x5b, 0x45, 0xfe, 0x7a, 0x66, 0x50, 0xff, 0x6d, 0x5b, 0x48, 0xd3, 0x73, 0x55, 0x4d, 0x21,
  0x00, 0x00, 0x00, 0x00, 0x55, 0x55, 0x55, 0x03, 0x55, 0x55, 0x55, 0x03, 0x00, 0x00, 0x00, 0x00,
  0x00, 0x00, 0x00, 0x00, 0x00, 0x00, 0x00, 0x00, 0x00, 0x00, 0x00, 0x00, 0x00, 0x00, 0x00, 0x00,
  0x00, 0x00, 0x00, 0x00, 0x00, 0x00, 0x00, 0x00, 0x00, 0x00, 0x00, 0x00, 0x00, 0x00, 0x00, 0x00,
  0x00, 0x00, 0x00, 0x00, 0x00, 0x00, 0x00, 0x00, 0x00, 0x00, 0x00, 0x00, 0x00, 0x00, 0x00, 0x00,
  0x00, 0x00, 0x00, 0x00, 0x00, 0x00, 0x00, 0x00, 0x00, 0x00, 0x00, 0x00, 0x00, 0x00, 0x00, 0x00,
  0x00, 0x00, 0x00, 0x00, 0x00, 0x00, 0x00, 0x00, 0x00, 0x00, 0x00, 0x00, 0x00, 0x00, 0x00, 0x00,
  0x00, 0x00, 0x00, 0x00, 0x00, 0x00, 0x00, 0x00, 0x00, 0x00, 0x00, 0x00, 0x00, 0x00, 0x00, 0x00,
  0x00, 0x00, 0x00, 0x00, 0x00, 0x00, 0x00, 0x00, 0x00, 0x00, 0x00, 0x00, 0x00, 0x00, 0x00, 0x00,
  0x00, 0x00, 0x00, 0x00, 0x00, 0x00, 0x00, 0x00, 0x00, 0x00, 0x00, 0x00, 0x00, 0x00, 0x00, 0x00,
  0x00, 0x00, 0x00, 0x00, 0x00, 0x00, 0x00, 0x00, 0x00, 0x00, 0x00, 0x00, 0xff, 0xff, 0x7f, 0x02,
  0x00, 0x00, 0x00, 0x00, 0x00, 0x00, 0x00, 0x00, 0xff, 0xaa, 0x8d, 0x09, 0xff, 0xaa, 0x87, 0x42,
  0xff, 0xae, 0x89, 0xbb, 0xff, 0xb3, 0x8c, 0xff, 0xff, 0xb0, 0x89, 0xfe, 0xff, 0xad, 0x87, 0xfa,
  0xff, 0xaf, 0x88, 0xfd, 0xff, 0xaf, 0x87, 0xff, 0xff, 0xae, 0x87, 0xff, 0xff, 0xae, 0x86, 0xfe,
  0xff, 0xaf, 0x87, 0xfe, 0xff, 0xb0, 0x87, 0xfe, 0xff, 0xb0, 0x86, 0xfe, 0xff, 0xb0, 0x86, 0xff,
  0xff, 0xb1, 0x86, 0xff, 0xff, 0xb1, 0x86, 0xfe, 0xff, 0xb1, 0x86, 0xfe, 0xff, 0xb1, 0x86, 0xfe,
  0xff, 0xb1, 0x86, 0xfe, 0xff, 0xb1, 0x86, 0xfe, 0xff, 0xb2, 0x86, 0xfe, 0xff, 0xb3, 0x86, 0xfe,
  0xff, 0xb5, 0x86, 0xff, 0xff, 0xb4, 0x86, 0xff, 0xff, 0xb4, 0x86, 0xff, 0xff, 0xb5, 0x86, 0xff,
  0xff, 0xb5, 0x86, 0xff, 0xfe, 0xb5, 0x86, 0xff, 0xfe, 0xb5, 0x85, 0xff, 0xfe, 0xb5, 0x85, 0xff,
  0xfe, 0xb6, 0x86, 0xff, 0xfe, 0xb6, 0x85, 0xff, 0xff, 0xb7, 0x86, 0xff, 0xff, 0xb7, 0x86, 0xff,
  0xfa, 0xb5, 0x85, 0xff, 0xdd, 0xa3, 0x76, 0xff, 0x9a, 0x7a, 0x58, 0xff, 0x73, 0x60, 0x46, 0xff,
  0x76, 0x62, 0x48, 0xff, 0x79, 0x64, 0x48, 0xff, 0x75, 0x61, 0x46, 0xff, 0x75, 0x5f, 0x47, 0xff,
  0x73, 0x5d, 0x47, 0xfb, 0x72, 0x5e, 0x48, 0xfe, 0x80, 0x6a, 0x53, 0xff, 0x72, 0x5f, 0x4c, 0xd3,
  0x73, 0x5c, 0x4d, 0x21, 0x00, 0x00, 0x00, 0x00, 0x55, 0x55, 0x55, 0x03, 0x55, 0x55, 0x55, 0x03,
  0x00, 0x00, 0x00, 0x00, 0x00, 0x00, 0x00, 0x00, 0x00, 0x00, 0x00, 0x00, 0x00, 0x00, 0x00, 0x00,
  0x00, 0x00, 0x00, 0x00, 0x00, 0x00, 0x00, 0x00, 0x00, 0x00, 0x00, 0x00, 0x00, 0x00, 0x00, 0x00,
  0x00, 0x00, 0x00, 0x00, 0x00, 0x00, 0x00, 0x00, 0x00, 0x00, 0x00, 0x00, 0x00, 0x00, 0x00, 0x00,
  0x00, 0x00, 0x00, 0x00, 0x00, 0x00, 0x00, 0x00, 0x00, 0x00, 0x00, 0x00, 0x00, 0x00, 0x00, 0x00,
  0x00, 0x00, 0x00, 0x00, 0x00, 0x00, 0x00, 0x00, 0x00, 0x00, 0x00, 0x00, 0x00, 0x00, 0x00, 0x00,
  0x00, 0x00, 0x00, 0x00, 0x00, 0x00, 0x00, 0x00, 0x00, 0x00, 0x00, 0x00, 0x00, 0x00, 0x00, 0x00,
  0x00, 0x00, 0x00, 0x00, 0x00, 0x00, 0x00, 0x00, 0x00, 0x00, 0x00, 0x00, 0x00, 0x00, 0x00, 0x00,
  0x00, 0x00, 0x00, 0x00, 0x00, 0x00, 0x00, 0x00, 0x00, 0x00, 0x00, 0x00, 0x00, 0x00, 0x00, 0x00,
  0x00, 0x00, 0x00, 0x00, 0x00, 0x00, 0x00, 0x00, 0x00, 0x00, 0x00, 0x00, 0xff, 0x00, 0x00, 0x01,
  0xff, 0x7f, 0x7f, 0x06, 0x00, 0x00, 0x00, 0x00, 0x00, 0x00, 0x00, 0x00, 0xff, 0xaa, 0x86, 0x4e,
  0xff, 0xa9, 0x87, 0xc5, 0xff, 0xae, 0x8a, 0xf8, 0xff, 0xae, 0x8b, 0xff, 0xff, 0xad, 0x89, 0xff,
  0xff, 0xab, 0x88, 0xfd, 0xff, 0xac, 0x88, 0xfe, 0xff, 0xad, 0x88, 0xff, 0xff, 0xad, 0x88, 0xff,
  0xff, 0xad, 0x88, 0xff, 0xff, 0xad, 0x88, 0xff, 0xff, 0xad, 0x88, 0xff, 0xff, 0xae, 0x88, 0xfe,
  0xff, 0xaf, 0x88, 0xfe, 0xff, 0xaf, 0x87, 0xfe, 0xff, 0xaf, 0x87, 0xfe, 0xff, 0xaf, 0x87, 0xfe,
  0xff, 0xaf, 0x87, 0xfe, 0xff, 0xaf, 0x86, 0xfe, 0xff, 0xaf, 0x86, 0xfe, 0xff, 0xb0, 0x87, 0xfe,
  0xff, 0xb1, 0x87, 0xfe, 0xff, 0xb2, 0x87, 0xff, 0xff, 0xb2, 0x86, 0xff, 0xff, 0xb2, 0x86, 0xff,
  0xff, 0xb2, 0x86, 0xff, 0xff, 0xb2, 0x87, 0xff, 0xff, 0xb2, 0x88, 0xff, 0xff, 0xb3, 0x86, 0xff,
  0xff, 0xb3, 0x84, 0xff, 0xff, 0xb3, 0x85, 0xff, 0xfc, 0xb1, 0x84, 0xff, 0xff, 0xb4, 0x87, 0xff,
  0xff, 0xb5, 0x87, 0xff, 0xd8, 0x9f, 0x74, 0xff, 0x9c, 0x7c, 0x58, 0xff, 0x7e, 0x6a, 0x4c, 0xff,
  0x7a, 0x66, 0x4b, 0xff, 0x7b, 0x65, 0x4b, 0xff, 0x7c, 0x65, 0x4a, 0xff, 0x7b, 0x64, 0x49, 0xff,
  0x7a, 0x63, 0x49, 0xff, 0x79, 0x61, 0x49, 0xfb, 0x78, 0x60, 0x4a, 0xfe, 0x85, 0x6d, 0x56, 0xff,
  0x75, 0x61, 0x4e, 0xd3, 0x73, 0x64, 0x4d, 0x21, 0x00, 0x00, 0x00, 0x00, 0x55, 0x55, 0x55, 0x03,
  0x55, 0x55, 0x55, 0x03, 0x00, 0x00, 0x00, 0x00, 0x00, 0x00, 0x00, 0x00, 0x00, 0x00, 0x00, 0x00,
  0x00, 0x00, 0x00, 0x00, 0x00, 0x00, 0x00, 0x00, 0x00, 0x00, 0x00, 0x00, 0x00, 0x00, 0x00, 0x00,
  0x00, 0x00, 0x00, 0x00, 0x00, 0x00, 0x00, 0x00, 0x00, 0x00, 0x00, 0x00, 0x00, 0x00, 0x00, 0x00,
  0x00, 0x00, 0x00, 0x00, 0x00, 0x00, 0x00, 0x00, 0x00, 0x00, 0x00, 0x00, 0x00, 0x00, 0x00, 0x00,
  0x00, 0x00, 0x00, 0x00, 0x00, 0x00, 0x00, 0x00, 0x00, 0x00, 0x00, 0x00, 0x00, 0x00, 0x00, 0x00,
  0x00, 0x00, 0x00, 0x00, 0x00, 0x00, 0x00, 0x00, 0x00, 0x00, 0x00, 0x00, 0x00, 0x00, 0x00, 0x00,
  0x00, 0x00, 0x00, 0x00, 0x00, 0x00, 0x00, 0x00, 0x00, 0x00, 0x00, 0x00, 0x00, 0x00, 0x00, 0x00,
  0x00, 0x00, 0x00, 0x00, 0x00, 0x00, 0x00, 0x00, 0x00, 0x00, 0x00, 0x00, 0x00, 0x00, 0x00, 0x00,
  0x00, 0x00, 0x00, 0x00, 0x00, 0x00, 0x00, 0x00, 0x00, 0x00, 0x00, 0x00, 0xff, 0x7f, 0x7f, 0x02,
  0xff, 0x7f, 0x7f, 0x02, 0x00, 0x00, 0x00, 0x00, 0xff, 0xaa, 0x7f, 0x06, 0xff, 0xa3, 0x86, 0x4e,
  0xff, 0xa9, 0x8a, 0xb5, 0xff, 0xac, 0x8b, 0xff, 0xff, 0xb0, 0x8e, 0xff, 0xff, 0xa9, 0x88, 0xf8,
  0xff, 0xa8, 0x87, 0xfe, 0xff, 0xa9, 0x88, 0xff, 0xff, 0xaa, 0x88, 0xfe, 0xff, 0xaa, 0x88, 0xff,
  0xff, 0xaa, 0x88, 0xff, 0xff, 0xaa, 0x88, 0xff, 0xff, 0xab, 0x88, 0xff, 0xff, 0xaa, 0x88, 0xff,
  0xff, 0xab, 0x88, 0xfe, 0xff, 0xac, 0x88, 0xfe, 0xff, 0xac, 0x87, 0xfe, 0xff, 0xac, 0x88, 0xfe,
  0xff, 0xac, 0x88, 0xfe, 0xff, 0xad, 0x87, 0xfe, 0xff, 0xad, 0x87, 0xfe, 0xff, 0xad, 0x87, 0xff,
  0xff, 0xad, 0x87, 0xfe, 0xff, 0xae, 0x87, 0xfe, 0xff, 0xaf, 0x87, 0xff, 0xff, 0xb0, 0x87, 0xff,
  0xff, 0xb0, 0x87, 0xff, 0xff, 0xaf, 0x86, 0xff, 0xff, 0xb0, 0x87, 0xff, 0xff, 0xb1, 0x88, 0xff,
  0xff, 0xb1, 0x87, 0xff, 0xfe, 0xb0, 0x84, 0xff, 0xff, 0xb0, 0x85, 0xff, 0xff, 0xb3, 0x88, 0xff,
  0xfc, 0xaf, 0x86, 0xff, 0xda, 0x9e, 0x76, 0xff, 0xa7, 0x82, 0x5d, 0xff, 0x80, 0x6c, 0x4c, 0xff,
  0x7c, 0x69, 0x4c, 0xff, 0x84, 0x6c, 0x50, 0xff, 0x81, 0x6a, 0x4e, 0xff, 0x80, 0x68, 0x4d, 0xff,
  0x7f, 0x67, 0x4c, 0xff, 0x7d, 0x66, 0x4c, 0xff, 0x7d, 0x64, 0x4c, 0xfb, 0x7c, 0x64, 0x4e, 0xfe,
  0x89, 0x70, 0x5a, 0xff, 0x7a, 0x65, 0x52, 0xd3, 0x7b, 0x6c, 0x4d, 0x21, 0x00, 0x00, 0x00, 0x00,
  0x55, 0x55, 0x55, 0x03, 0x55, 0x55, 0x55, 0x03, 0x00, 0x00, 0x00, 0x00, 0x00, 0x00, 0x00, 0x00,
  0x00, 0x00, 0x00, 0x00, 0x00, 0x00, 0x00, 0x00, 0x00, 0x00, 0x00, 0x00, 0x00, 0x00, 0x00, 0x00,
  0x00, 0x00, 0x00, 0x00, 0x00, 0x00, 0x00, 0x00, 0x00, 0x00, 0x00, 0x00, 0x00, 0x00, 0x00, 0x00,
  0x00, 0x00, 0x00, 0x00, 0x00, 0x00, 0x00, 0x00, 0x00, 0x00, 0x00, 0x00, 0x00, 0x00, 0x00, 0x00,
  0x00, 0x00, 0x00, 0x00, 0x00, 0x00, 0x00, 0x00, 0x00, 0x00, 0x00, 0x00, 0x00, 0x00, 0x00, 0x00,
  0x00, 0x00, 0x00, 0x00, 0x00, 0x00, 0x00, 0x00, 0x00, 0x00, 0x00, 0x00, 0x00, 0x00, 0x00, 0x00,
  0x00, 0x00, 0x00, 0x00, 0x00, 0x00, 0x00, 0x00, 0x00, 0x00, 0x00, 0x00, 0x00, 0x00, 0x00, 0x00,
  0x00, 0x00, 0x00, 0x00, 0x00, 0x00, 0x00, 0x00, 0x00, 0x00, 0x00, 0x00, 0x00, 0x00, 0x00, 0x00,
  0x00, 0x00, 0x00, 0x00, 0x00, 0x00, 0x00, 0x00, 0x00, 0x00, 0x00, 0x00, 0xff, 0xff, 0xff, 0x01,
  0x00, 0x00, 0x00, 0x00, 0x00, 0x00, 0x00, 0x00, 0xff, 0xaa, 0xaa, 0x03, 0xff, 0xa2, 0x87, 0x42,
  0xff, 0xa5, 0x87, 0xc4, 0xff, 0xa9, 0x8c, 0xff, 0xff, 0xa6, 0x89, 0xfd, 0xff, 0xa6, 0x88, 0xfd,
  0xff, 0xa7, 0x89, 0xfd, 0xff, 0xa7, 0x89, 0xff, 0xff, 0xa8, 0x89, 0xff, 0xff, 0xa8, 0x88, 0xfe,
  0xff, 0xa7, 0x88, 0xfe, 0xff, 0xa7, 0x88, 0xfe, 0xff, 0xa8, 0x88, 0xfe, 0xff, 0xa9, 0x89, 0xfe,
  0xff, 0xa9, 0x89, 0xfe, 0xff, 0xa9, 0x88, 0xfe, 0xff, 0xa9, 0x88, 0xfe, 0xff, 0xaa, 0x88, 0xfe,
  0xff, 0xaa, 0x88, 0xfe, 0xff, 0xaa, 0x88, 0xfe, 0xff, 0xab, 0x88, 0xfe, 0xff, 0xab, 0x88, 0xff,
  0xff, 0xab, 0x88, 0xff, 0xff, 0xab, 0x87, 0xfe, 0xff, 0xab, 0x87, 0xfe, 0xff, 0xac, 0x88, 0xff,
  0xff, 0xae, 0x88, 0xff, 0xff, 0xae, 0x88, 0xff, 0xff, 0xad, 0x87, 0xff, 0xff, 0xae, 0x87, 0xff,
  0xff, 0xaf, 0x87, 0xff, 0xff, 0xaf, 0x88, 0xff, 0xff, 0xaf, 0x87, 0xff, 0xff, 0xaf, 0x86, 0xff,
  0xfd, 0xaf, 0x86, 0xff, 0xe0, 0x9e, 0x79, 0xff, 0xa4, 0x7f, 0x5d, 0xff, 0x86, 0x70, 0x50, 0xff,
  0x88, 0x71, 0x50, 0xff, 0x86, 0x6f, 0x50, 0xff, 0x85, 0x6d, 0x50, 0xff, 0x85, 0x6c, 0x4f, 0xff,
  0x84, 0x6b, 0x4f, 0xff, 0x83, 0x69, 0x4f, 0xff, 0x81, 0x68, 0x4e, 0xff, 0x81, 0x67, 0x4f, 0xfb,
  0x7f, 0x68, 0x51, 0xfe, 0x8e, 0x74, 0x5f, 0xff, 0x7e, 0x67, 0x55, 0xd3, 0x83, 0x6c, 0x55, 0x21,
  0x00, 0x00, 0x00, 0x00, 0xaa, 0x55, 0x55, 0x03, 0x55, 0x55, 0x55, 0x03, 0x00, 0x00, 0x00, 0x00,
  0x00, 0x00, 0x00, 0x00, 0x00, 0x00, 0x00, 0x00, 0x00, 0x00, 0x00, 0x00, 0x00, 0x00, 0x00, 0x00,
  0x00, 0x00, 0x00, 0x00, 0x00, 0x00, 0x00, 0x00, 0x00, 0x00, 0x00, 0x00, 0x00, 0x00, 0x00, 0x00,
  0x00, 0x00, 0x00, 0x00, 0x00, 0x00, 0x00, 0x00, 0x00, 0x00, 0x00, 0x00, 0x00, 0x00, 0x00, 0x00,
  0x00, 0x00, 0x00, 0x00, 0x00, 0x00, 0x00, 0x00, 0x00, 0x00, 0x00, 0x00, 0x00, 0x00, 0x00, 0x00,
  0x00, 0x00, 0x00, 0x00, 0x00, 0x00, 0x00, 0x00, 0x00, 0x00, 0x00, 0x00, 0x00, 0x00, 0x00, 0x00,
  0x00, 0x00, 0x00, 0x00, 0x00, 0x00, 0x00, 0x00, 0x00, 0x00, 0x00, 0x00, 0x00, 0x00, 0x00, 0x00,
  0x00, 0x00, 0x00, 0x00, 0x00, 0x00, 0x00, 0x00, 0x00, 0x00, 0x00, 0x00, 0x00, 0x00, 0x00, 0x00,
  0x00, 0x00, 0x00, 0x00, 0x00, 0x00, 0x00, 0x00, 0xff, 0x00, 0x00, 0x01, 0xff, 0xff, 0xff, 0x01,
  0xff, 0xb6, 0x91, 0x07, 0x00, 0x00, 0x00, 0x00, 0x00, 0x00, 0x00, 0x00, 0xff, 0x9f, 0x8a, 0x55,
  0xff, 0xa0, 0x8a, 0xc0, 0xff, 0xa4, 0x8b, 0xf9, 0xff, 0xaa, 0x8e, 0xff, 0xff, 0xa4, 0x89, 0xfe,
  0xff, 0xa3, 0x88, 0xfe, 0xff, 0xa4, 0x89, 0xff, 0xff, 0xa5, 0x8a, 0xff, 0xff, 0xa6, 0x8a, 0xff,
  0xff, 0xa6, 0x89, 0xff, 0xff, 0xa6, 0x89, 0xfe, 0xff, 0xa6, 0x89, 0xfe, 0xff, 0xa6, 0x89, 0xfe,
  0xff, 0xa7, 0x89, 0xff, 0xff, 0xa7, 0x89, 0xff, 0xff, 0xa7, 0x8a, 0xfe, 0xff, 0xa7, 0x8a, 0xfe,
  0xff, 0xa7, 0x89, 0xff, 0xff, 0xa7, 0x88, 0xfe, 0xff, 0xa7, 0x88, 0xfe, 0xff, 0xa8, 0x89, 0xff,
  0xff, 0xa8, 0x89, 0xff, 0xff, 0xa8, 0x88, 0xfe, 0xff, 0xa8, 0x88, 0xfe, 0xff, 0xa9, 0x88, 0xfe,
  0xff, 0xaa, 0x89, 0xff, 0xff, 0xab, 0x89, 0xff, 0xff, 0xab, 0x89, 0xff, 0xff, 0xab, 0x88, 0xff,
  0xff, 0xab, 0x88, 0xff, 0xfe, 0xab, 0x87, 0xff, 0xfc, 0xab, 0x87, 0xff, 0xff, 0xaf, 0x8b, 0xff,
  0xff, 0xad, 0x88, 0xff, 0xd9, 0x9c, 0x77, 0xff, 0xab, 0x84, 0x60, 0xff, 0x8f, 0x76, 0x54, 0xff,
  0x88, 0x72, 0x51, 0xff, 0x8c, 0x73, 0x53, 0xff, 0x8b, 0x73, 0x53, 0xff, 0x8b, 0x72, 0x53, 0xff,
  0x8a, 0x70, 0x52, 0xff, 0x89, 0x6e, 0x52, 0xff, 0x88, 0x6c, 0x52, 0xff, 0x86, 0x6b, 0x52, 0xff,
  0x86, 0x6b, 0x52, 0xfb, 0x84, 0x6b, 0x54, 0xfe, 0x93, 0x77, 0x62, 0xff, 0x83, 0x6b, 0x59, 0xd3,
  0x83, 0x6c, 0x5c, 0x21, 0x00, 0x00, 0x00, 0x00, 0xaa, 0x55, 0x55, 0x03, 0xaa, 0x55, 0x55, 0x03,
  0x00, 0x00, 0x00, 0x00, 0x00, 0x00, 0x00, 0x00, 0x00, 0x00, 0x00, 0x00, 0x00, 0x00, 0x00, 0x00,
  0x00, 0x00, 0x00, 0x00, 0x00, 0x00, 0x00, 0x00, 0x00, 0x00, 0x00, 0x00, 0x00, 0x00, 0x00, 0x00,
  0x00, 0x00, 0x00, 0x00, 0x00, 0x00, 0x00, 0x00, 0x00, 0x00, 0x00, 0x00, 0x00, 0x00, 0x00, 0x00,
  0x00, 0x00, 0x00, 0x00, 0x00, 0x00, 0x00, 0x00, 0x00, 0x00, 0x00, 0x00, 0x00, 0x00, 0x00, 0x00,
  0x00, 0x00, 0x00, 0x00, 0x00, 0x00, 0x00, 0x00, 0x00, 0x00, 0x00, 0x00, 0x00, 0x00, 0x00, 0x00,
  0x00, 0x00, 0x00, 0x00, 0x00, 0x00, 0x00, 0x00, 0x00, 0x00, 0x00, 0x00, 0x00, 0x00, 0x00, 0x00,
  0x00, 0x00, 0x00, 0x00, 0x00, 0x00, 0x00, 0x00, 0x00, 0x00, 0x00, 0x00, 0x00, 0x00, 0x00, 0x00,
  0x00, 0x00, 0x00, 0x00, 0x00, 0x00, 0x00, 0x00, 0x00, 0x00, 0x00, 0x00, 0xff, 0x7f, 0x7f, 0x02,
  0x00, 0x00, 0x00, 0x00, 0x00, 0x00, 0x00, 0x00, 0xff, 0xb2, 0x7f, 0x0a, 0xff, 0x9b, 0x86, 0x48,
  0xff, 0xa1, 0x8c, 0xb9, 0xff, 0xa6, 0x90, 0xff, 0xff, 0xa4, 0x8d, 0xff, 0xff, 0xa2, 0x8a, 0xf7,
  0xff, 0xa2, 0x89, 0xfe, 0xff, 0xa2, 0x8a, 0xff, 0xff, 0xa2, 0x8a, 0xff, 0xff, 0xa3, 0x8a, 0xff,
  0xff, 0xa3, 0x8a, 0xff, 0xff, 0xa4, 0x8a, 0xff, 0xff, 0xa4, 0x8a, 0xfe, 0xff, 0xa4, 0x8a, 0xfe,
  0xff, 0xa4, 0x89, 0xfe, 0xff, 0xa5, 0x89, 0xff, 0xff, 0xa5, 0x89, 0xff, 0xff, 0xa5, 0x8a, 0xfe,
  0xff, 0xa5, 0x8a, 0xfe, 0xff, 0xa5, 0x89, 0xff, 0xff, 0xa5, 0x88, 0xfe, 0xff, 0xa5, 0x88, 0xfe,
  0xff, 0xa6, 0x89, 0xff, 0xff, 0xa6, 0x89, 0xff, 0xff, 0xa6, 0x88, 0xfe, 0xff, 0xa6, 0x88, 0xfe,
  0xff, 0xa7, 0x88, 0xfe, 0xff, 0xa8, 0x89, 0xff, 0xff, 0xa9, 0x89, 0xff, 0xff, 0xa9, 0x89, 0xff,
  0xff, 0xa9, 0x88, 0xff, 0xff, 0xa9, 0x88, 0xff, 0xff, 0xa9, 0x89, 0xff, 0xff, 0xab, 0x89, 0xff,
  0xfa, 0xaa, 0x87, 0xff, 0xe0, 0x9e, 0x7a, 0xff, 0xaf, 0x87, 0x64, 0xff, 0x8f, 0x78, 0x54, 0xff,
  0x90, 0x78, 0x55, 0xff, 0x94, 0x78, 0x57, 0xff, 0x90, 0x76, 0x55, 0xff, 0x8f, 0x75, 0x55, 0xff,
  0x8f, 0x75, 0x55, 0xff, 0x8e, 0x72, 0x55, 0xff, 0x8d, 0x70, 0x55, 0xff, 0x8c, 0x6f, 0x54, 0xff,
  0x8b, 0x6e, 0x54, 0xff, 0x8b, 0x6d, 0x54, 0xfb, 0x88, 0x6d, 0x56, 0xfe, 0x97, 0x7b, 0x64, 0xff,
  0x87, 0x6d, 0x5b, 0xd3, 0x83, 0x6c, 0x5c, 0x21, 0x00, 0x00, 0x00, 0x00, 0xaa, 0x55, 0x55, 0x03,
  0xaa, 0x55, 0x55, 0x03, 0x00, 0x00, 0x00, 0x00, 0x00, 0x00, 0x00, 0x00, 0x00, 0x00, 0x00, 0x00,
  0x00, 0x00, 0x00, 0x00, 0x00, 0x00, 0x00, 0x00, 0x00, 0x00, 0x00, 0x00, 0x00, 0x00, 0x00, 0x00,
  0x00, 0x00, 0x00, 0x00, 0x00, 0x00, 0x00, 0x00, 0x00, 0x00, 0x00, 0x00, 0x00, 0x00, 0x00, 0x00,
  0x00, 0x00, 0x00, 0x00, 0x00, 0x00, 0x00, 0x00, 0x00, 0x00, 0x00, 0x00, 0x00, 0x00, 0x00, 0x00,
  0x00, 0x00, 0x00, 0x00, 0x00, 0x00, 0x00, 0x00, 0x00, 0x00, 0x00, 0x00, 0x00, 0x00, 0x00, 0x00,
  0x00, 0x00, 0x00, 0x00, 0x00, 0x00, 0x00, 0x00, 0x00, 0x00, 0x00, 0x00, 0x00, 0x00, 0x00, 0x00,
  0x00, 0x00, 0x00, 0x00, 0x00, 0x00, 0x00, 0x00, 0x00, 0x00, 0x00, 0x00, 0x00, 0x00, 0x00, 0x00,
  0x00, 0x00, 0x00, 0x00, 0x00, 0x00, 0x00, 0x00, 0x00, 0x00, 0x00, 0x00, 0xff, 0x00, 0x00, 0x01,
  0xff, 0x55, 0x55, 0x03, 0xff, 0x00, 0xff, 0x01, 0x00, 0x00, 0x00, 0x00, 0xff, 0x9d, 0x8b, 0x49,
  0xff, 0x9c, 0x8c, 0xc7, 0xff, 0xa1, 0x8f, 0xfb, 0xff, 0xa0, 0x8c, 0xff, 0xff, 0xa0, 0x8c, 0xff,
  0xff, 0x9f, 0x8b, 0xfd, 0xff, 0x9f, 0x8b, 0xff, 0xff, 0x9f, 0x8b, 0xfe, 0xff, 0x9f, 0x8b, 0xfe,
  0xff, 0x9f, 0x8a, 0xfe, 0xff, 0x9f, 0x8a, 0xff, 0xff, 0xa0, 0x8a, 0xff, 0xff, 0xa0, 0x8a, 0xfe,
  0xff, 0xa0, 0x8a, 0xfe, 0xff, 0xa0, 0x89, 0xfe, 0xff, 0xa1, 0x89, 0xfe, 0xff, 0xa2, 0x89, 0xfe,
  0xff, 0xa2, 0x89, 0xfe, 0xff, 0xa2, 0x89, 0xfe, 0xff, 0xa3, 0x89, 0xfe, 0xff, 0xa3, 0x8a, 0xff,
  0xff, 0xa3, 0x8a, 0xff, 0xff, 0xa3, 0x8a, 0xfe, 0xff, 0xa3, 0x89, 0xfe, 0xff, 0xa4, 0x89, 0xfe,
  0xff, 0xa5, 0x89, 0xfe, 0xff, 0xa5, 0x89, 0xfe, 0xff, 0xa5, 0x89, 0xff, 0xff, 0xa6, 0x89, 0xff,
  0xff, 0xa6, 0x89, 0xff, 0xff, 0xa6, 0x89, 0xff, 0xfe, 0xa6, 0x89, 0xff, 0xff, 0xa7, 0x89, 0xff,
  0xff, 0xa9, 0x88, 0xff, 0xe1, 0x9d, 0x79, 0xff, 0xad, 0x88, 0x62, 0xfe, 0x97, 0x7d, 0x59, 0xfe,
  0x97, 0x7c, 0x58, 0xff, 0x95, 0x7a, 0x58, 0xff, 0x96, 0x7a, 0x59, 0xff, 0x95, 0x79, 0x58, 0xff,
  0x94, 0x78, 0x58, 0xff, 0x93, 0x76, 0x58, 0xff, 0x93, 0x74, 0x57, 0xff, 0x92, 0x73, 0x58, 0xff,
  0x90, 0x73, 0x58, 0xff, 0x8f, 0x71, 0x56, 0xff, 0x90, 0x70, 0x56, 0xfb, 0x8d, 0x70, 0x59, 0xfe,
  0x9d, 0x7f, 0x68, 0xff, 0x8c, 0x71, 0x5e, 0xd3, 0x8b, 0x73, 0x5c, 0x21, 0x00, 0x00, 0x00, 0x00,
  0xaa, 0x55, 0x55, 0x03, 0xaa, 0x55, 0x55, 0x03, 0x00, 0x00, 0x00, 0x00, 0x00, 0x00, 0x00, 0x00,
  0x00, 0x00, 0x00, 0x00, 0x00, 0x00, 0x00, 0x00, 0x00, 0x00, 0x00, 0x00, 0x00, 0x00, 0x00, 0x00,
  0x00, 0x00, 0x00, 0x00, 0x00, 0x00, 0x00, 0x00, 0x00, 0x00, 0x00, 0x00, 0x00, 0x00, 0x00, 0x00,
  0x00, 0x00, 0x00, 0x00, 0x00, 0x00, 0x00, 0x00, 0x00, 0x00, 0x00, 0x00, 0x00, 0x00, 0x00, 0x00,
  0x00, 0x00, 0x00, 0x00, 0x00, 0x00, 0x00, 0x00, 0x00, 0x00, 0x00, 0x00, 0x00, 0x00, 0x00, 0x00,
  0x00, 0x00, 0x00, 0x00, 0x00, 0x00, 0x00, 0x00, 0x00, 0x00, 0x00, 0x00, 0x00, 0x00, 0x00, 0x00,
  0x00, 0x00, 0x00, 0x00, 0x00, 0x00, 0x00, 0x00, 0x00, 0x00, 0x00, 0x00, 0x00, 0x00, 0x00, 0x00,
  0x00, 0x00, 0x00, 0x00, 0x00, 0x00, 0x00, 0x00, 0x00, 0x01, 0x01, 0x00, 0xff, 0x7f, 0x7f, 0x02,
  0xff, 0x66, 0x99, 0x05, 0x00, 0x00, 0x00, 0x00, 0xff, 0xff, 0x7f, 0x02, 0xff, 0x97, 0x8b, 0x54,
  0xff, 0x9a, 0x8c, 0xb9, 0xff, 0x9c, 0x8c, 0xff, 0xff, 0xa3, 0x92, 0xff, 0xff, 0x9d, 0x8c, 0xfa,
  0xff, 0x9d, 0x8c, 0xfd, 0xff, 0x9d, 0x8b, 0xfe, 0xff, 0x9c, 0x8a, 0xfe, 0xff, 0x9d, 0x8a, 0xfe,
  0xff, 0x9d, 0x8b, 0xfe, 0xff, 0x9c, 0x8a, 0xfe, 0xff, 0x9d, 0x8a, 0xfe, 0xff, 0x9e, 0x8a, 0xfe,
  0xff, 0x9e, 0x8b, 0xff, 0xff, 0x9e, 0x8b, 0xff, 0xff, 0x9f, 0x89, 0xff, 0xff, 0xa0, 0x8a, 0xfe,
  0xff, 0xa1, 0x8a, 0xfe, 0xff, 0xa1, 0x8a, 0xfe, 0xff, 0xa1, 0x8a, 0xfe, 0xff, 0xa1, 0x8a, 0xfe,
  0xff, 0xa1, 0x8b, 0xff, 0xff, 0xa1, 0x8b, 0xff, 0xff, 0xa1, 0x8a, 0xfe, 0xff, 0xa1, 0x89, 0xfe,
  0xff, 0xa2, 0x8a, 0xfe, 0xff, 0xa2, 0x8a, 0xfe, 0xff, 0xa3, 0x8a, 0xfe, 0xff, 0xa3, 0x89, 0xff,
  0xff, 0xa4, 0x8a, 0xff, 0xfe, 0xa4, 0x89, 0xff, 0xfd, 0xa4, 0x88, 0xff, 0xff, 0xa6, 0x8b, 0xff,
  0xfe, 0xa5, 0x89, 0xff, 0xe0, 0x9c, 0x7a, 0xff, 0xb8, 0x8e, 0x66, 0xff, 0x9b, 0x81, 0x5a, 0xfe,
  0x96, 0x7e, 0x58, 0xfe, 0x9d, 0x80, 0x5b, 0xfe, 0x9a, 0x7e, 0x5b, 0xfe, 0x99, 0x7d, 0x5b, 0xfe,
  0x98, 0x7b, 0x5a, 0xfe, 0x97, 0x7a, 0x5a, 0xff, 0x97, 0x78, 0x5a, 0xff, 0x96, 0x77, 0x59, 0xfe,
  0x95, 0x76, 0x59, 0xfe, 0x95, 0x75, 0x59, 0xff, 0x94, 0x74, 0x58, 0xff, 0x93, 0x72, 0x58, 0xfb,
  0x91, 0x71, 0x5b, 0xfe, 0xa2, 0x82, 0x6b, 0xff, 0x8f, 0x75, 0x60, 0xd3, 0x92, 0x7b, 0x5c, 0x21,
  0x00, 0x00, 0x00, 0x00, 0xaa, 0x55, 0x55, 0x03, 0xaa, 0x55, 0x55, 0x03, 0x00, 0x00, 0x00, 0x00,
  0x00, 0x00, 0x00, 0x00, 0x00, 0x00, 0x00, 0x00, 0x00, 0x00, 0x00, 0x00, 0x00, 0x00, 0x00, 0x00,
  0x00, 0x00, 0x00, 0x00, 0x00, 0x00, 0x00, 0x00, 0x00, 0x00, 0x00, 0x00, 0x00, 0x00, 0x00, 0x00,
  0x00, 0x00, 0x00, 0x00, 0x00, 0x00, 0x00, 0x00, 0x00, 0x00, 0x00, 0x00, 0x00, 0x00, 0x00, 0x00,
  0x00, 0x00, 0x00, 0x00, 0x00, 0x00, 0x00, 0x00, 0x00, 0x00, 0x00, 0x00, 0x00, 0x00, 0x00, 0x00,
  0x00, 0x00, 0x00, 0x00, 0x00, 0x00, 0x00, 0x00, 0x00, 0x00, 0x00, 0x00, 0x00, 0x00, 0x00, 0x00,
  0x00, 0x00, 0x00, 0x00, 0x00, 0x00, 0x00, 0x00, 0x00, 0x00, 0x00, 0x00, 0x00, 0x00, 0x00, 0x00,
  0x00, 0x00, 0x00, 0x00, 0x00, 0x00, 0x00, 0x00, 0x00, 0x00, 0x00, 0x00, 0xff, 0x7f, 0x7f, 0x02,
  0x00, 0x00, 0x00, 0x00, 0x00, 0x00, 0x00, 0x00, 0xff, 0x8d, 0x8d, 0x09, 0xff, 0x9d, 0x8a, 0x44,
  0xff, 0x99, 0x8d, 0xc1, 0xff, 0x9d, 0x91, 0xff, 0xff, 0x9a, 0x8b, 0xfe, 0xff, 0x9a, 0x8b, 0xfa,
  0xff, 0x9a, 0x8d, 0xfd, 0xff, 0x9a, 0x8c, 0xfe, 0xff, 0x9b, 0x8b, 0xfe, 0xff, 0x99, 0x8a, 0xfe,
  0xff, 0x9a, 0x8a, 0xfe, 0xff, 0x9a, 0x8b, 0xfe, 0xff, 0x9b, 0x8b, 0xfe, 0xff, 0x9c, 0x8b, 0xfe,
  0xff, 0x9d, 0x8b, 0xfe, 0xff, 0x9d, 0x8b, 0xff, 0xff, 0x9d, 0x8b, 0xff, 0xff, 0x9e, 0x8a, 0xff,
  0xff, 0x9e, 0x8b, 0xff, 0xff, 0x9e, 0x8b, 0xff, 0xff, 0x9e, 0x8b, 0xfe, 0xff, 0x9e, 0x8b, 0xfe,
  0xff, 0x9e, 0x8b, 0xff, 0xff, 0x9e, 0x8b, 0xfe, 0xff, 0x9e, 0x8b, 0xfe, 0xff, 0x9f, 0x8a, 0xfe,
  0xff, 0xa0, 0x8a, 0xfe, 0xff, 0xa0, 0x8a, 0xfe, 0xff, 0x9f, 0x8a, 0xfe, 0xff, 0xa0, 0x8a, 0xfe,
  0xff, 0xa2, 0x8a, 0xff, 0xff, 0xa1, 0x8a, 0xff, 0xff, 0xa2, 0x8b, 0xff, 0xff, 0xa3, 0x8a, 0xff,
  0xfb, 0xa2, 0x88, 0xff, 0xe6, 0x9c, 0x7e, 0xff, 0xb8, 0x8d, 0x68, 0xff, 0x9e, 0x85, 0x5c, 0xff,
  0xa1, 0x85, 0x5d, 0xfe, 0xa0, 0x83, 0x5d, 0xfe, 0x9f, 0x82, 0x5d, 0xfe, 0x9e, 0x81, 0x5d, 0xfe,
  0x9d, 0x80, 0x5d, 0xfe, 0x9c, 0x7e, 0x5d, 0xfe, 0x9b, 0x7d, 0x5d, 0xff, 0x9b, 0x7c, 0x5d, 0xff,
  0x9a, 0x7a, 0x5c, 0xfe, 0x99, 0x79, 0x5b, 0xfe, 0x99, 0x78, 0x5b, 0xff, 0x98, 0x77, 0x5b, 0xff,
  0x97, 0x75, 0x5b, 0xfb, 0x95, 0x74, 0x5e, 0xfe, 0xa7, 0x85, 0x6e, 0xff, 0x94, 0x78, 0x64, 0xd3,
  0x92, 0x7b, 0x64, 0x21, 0x00, 0x00, 0x00, 0x00, 0xaa, 0x55, 0x55, 0x03, 0xaa, 0x55, 0x55, 0x03,
  0x00, 0x00, 0x00, 0x00, 0x00, 0x00, 0x00, 0x00, 0x00, 0x00, 0x00, 0x00, 0x00, 0x00, 0x00, 0x00,
  0x00, 0x00, 0x00, 0x00, 0x00, 0x00, 0x00, 0x00, 0x00, 0x00, 0x00, 0x00, 0x00, 0x00, 0x00, 0x00,
  0x00, 0x00, 0x00, 0x00, 0x00, 0x00, 0x00, 0x00, 0x00, 0x00, 0x00, 0x00, 0x00, 0x00, 0x00, 0x00,
  0x00, 0x00, 0x00, 0x00, 0x00, 0x00, 0x00, 0x00, 0x00, 0x00, 0x00, 0x00, 0x00, 0x00, 0x00, 0x00,
  0x00, 0x00, 0x00, 0x00, 0x00, 0x00, 0x00, 0x00, 0x00, 0x00, 0x00, 0x00, 0x00, 0x00, 0x00, 0x00,
  0x00, 0x00, 0x00, 0x00, 0x00, 0x00, 0x00, 0x00, 0x00, 0x00, 0x00, 0x00, 0x00, 0x00, 0x00, 0x00,
  0x00, 0x00, 0x00, 0x00, 0x00, 0x00, 0x00, 0x00, 0x00, 0x00, 0x00, 0x00, 0x00, 0x00, 0x00, 0x00,
  0xff, 0x7f, 0x7f, 0x06, 0x00, 0x00, 0x00, 0x00, 0x00, 0x00, 0x00, 0x00, 0xff, 0x96, 0x8a, 0x53,
  0xff, 0x96, 0x8c, 0xc6, 0xff, 0x99, 0x8e, 0xf8, 0xff, 0x9a, 0x90, 0xff, 0xff, 0x98, 0x8c, 0xff,
  0xff, 0x97, 0x8c, 0xfc, 0xff, 0x97, 0x8c, 0xfe, 0xff, 0x98, 0x8c, 0xff, 0xff, 0x98, 0x8c, 0xff,
  0xff, 0x98, 0x8c, 0xfe, 0xff, 0x98, 0x8b, 0xfe, 0xff, 0x98, 0x8c, 0xfe, 0xff, 0x9a, 0x8c, 0xfe,
  0xff, 0x9b, 0x8c, 0xfe, 0xff, 0x9b, 0x8c, 0xfe, 0xff, 0x9a, 0x8b, 0xfe, 0xff, 0x9a, 0x8b, 0xfe,
  0xff, 0x9b, 0x8c, 0xff, 0xff, 0x9b, 0x8c, 0xff, 0xff, 0x9b, 0x8c, 0xff, 0xff, 0x9b, 0x8b, 0xfe,
  0xff, 0x9b, 0x8c, 0xfe, 0xff, 0x9c, 0x8c, 0xff, 0xff, 0x9c, 0x8b, 0xfe, 0xff, 0x9c, 0x8a, 0xfe,
  0xff, 0x9d, 0x8b, 0xfe, 0xff, 0x9f, 0x8b, 0xfe, 0xff, 0x9f, 0x8b, 0xfe, 0xff, 0x9d, 0x8a, 0xfe,
  0xff, 0x9e, 0x8a, 0xfe, 0xff, 0x9f, 0x8b, 0xff, 0xfd, 0x9f, 0x89, 0xff, 0xff, 0xa0, 0x8b, 0xff,
  0xff, 0xa0, 0x8b, 0xff, 0xe1, 0x99, 0x7c, 0xff, 0xb9, 0x90, 0x69, 0xff, 0xa7, 0x89, 0x60, 0xfe,
  0xa3, 0x87, 0x5f, 0xfe, 0xa4, 0x88, 0x60, 0xff, 0xa5, 0x87, 0x60, 0xff, 0xa4, 0x85, 0x60, 0xff,
  0xa3, 0x83, 0x5f, 0xff, 0xa3, 0x82, 0x5f, 0xff, 0xa1, 0x81, 0x5f, 0xff, 0xa0, 0x80, 0x5f, 0xff,
  0xa0, 0x7e, 0x5f, 0xff, 0x9e, 0x7c, 0x5e, 0xfe, 0x9e, 0x7b, 0x5e, 0xff, 0x9e, 0x7a, 0x5e, 0xff,
  0x9c, 0x78, 0x5d, 0xfe, 0x9c, 0x78, 0x5d, 0xfa, 0x9b, 0x77, 0x60, 0xfd, 0xad, 0x88, 0x71, 0xff,
  0x9a, 0x7b, 0x67, 0xd2, 0x9a, 0x7b, 0x6c, 0x21, 0x00, 0x00, 0x00, 0x00, 0xaa, 0xaa, 0x55, 0x03,
  0xaa, 0x55, 0x55, 0x03, 0x00, 0x00, 0x00, 0x00, 0x00, 0x00, 0x00, 0x00, 0x00, 0x00, 0x00, 0x00,
  0x00, 0x00, 0x00, 0x00, 0x00, 0x00, 0x00, 0x00, 0x00, 0x00, 0x00, 0x00, 0x00, 0x00, 0x00, 0x00,
  0x00, 0x00, 0x00, 0x00, 0x00, 0x00, 0x00, 0x00, 0x00, 0x00, 0x00, 0x00, 0x00, 0x00, 0x00, 0x00,
  0x00, 0x00, 0x00, 0x00, 0x00, 0x00, 0x00, 0x00, 0x00, 0x00, 0x00, 0x00, 0x00, 0x00, 0x00, 0x00,
  0x00, 0x00, 0x00, 0x00, 0x00, 0x00, 0x00, 0x00, 0x00, 0x00, 0x00, 0x00, 0x00, 0x00, 0x00, 0x00,
  0x00, 0x00, 0x00, 0x00, 0x00, 0x00, 0x00, 0x00, 0x00, 0x00, 0x00, 0x00, 0x00, 0x00, 0x00, 0x00,
  0x00, 0x00, 0x00, 0x00, 0x00, 0x00, 0x00, 0x00, 0x00, 0x00, 0x00, 0x00, 0x00, 0x00, 0x00, 0x00,
  0x00, 0x00, 0x00, 0x00, 0x00, 0x00, 0x00, 0x00, 0xff, 0x8d, 0x71, 0x09, 0xff, 0x8f, 0x89, 0x50,
  0xff, 0x94, 0x8d, 0xb8, 0xff, 0x97, 0x90, 0xff, 0xff, 0x99, 0x91, 0xff, 0xff, 0x94, 0x8d, 0xf7,
  0xff, 0x95, 0x8d, 0xfd, 0xff, 0x95, 0x8d, 0xfe, 0xff, 0x95, 0x8c, 0xfe, 0xff, 0x95, 0x8c, 0xff,
  0xff, 0x95, 0x8c, 0xff, 0xff, 0x96, 0x8c, 0xfe, 0xff, 0x96, 0x8d, 0xfe, 0xff, 0x96, 0x8c, 0xfe,
  0xff, 0x97, 0x8c, 0xfe, 0xff, 0x98, 0x8c, 0xfe, 0xff, 0x98, 0x8c, 0xfe, 0xff, 0x98, 0x8b, 0xfe,
  0xff, 0x98, 0x8b, 0xfe, 0xff, 0x99, 0x8c, 0xff, 0xff, 0x99, 0x8c, 0xff, 0xff, 0x99, 0x8c, 0xff,
  0xff, 0x99, 0x8b, 0xfe, 0xff, 0x99, 0x8c, 0xfe, 0xff, 0x9a, 0x8c, 0xff, 0xff, 0x99, 0x8b, 0xfe,
  0xff, 0x99, 0x8b, 0xfe, 0xff, 0x9c, 0x8b, 0xfe, 0xff, 0x9c, 0x8b, 0xfe, 0xff, 0x9c, 0x8b, 0xfe,
  0xff, 0x9d, 0x8b, 0xfd, 0xff, 0x9d, 0x8b, 0xfd, 0xff, 0x9d, 0x8c, 0xff, 0xff, 0x9d, 0x8c, 0xff,
  0xfc, 0x9c, 0x89, 0xff, 0xe5, 0x9a, 0x7e, 0xff, 0xc1, 0x93, 0x6e, 0xff, 0xa7, 0x8c, 0x61, 0xff,
  0xa7, 0x8b, 0x60, 0xfe, 0xac, 0x8b, 0x63, 0xfe, 0xa9, 0x8a, 0x62, 0xff, 0xa9, 0x89, 0x62, 0xff,
  0xa7, 0x87, 0x62, 0xff, 0xa6, 0x85, 0x61, 0xff, 0xa6, 0x84, 0x61, 0xff, 0xa6, 0x83, 0x62, 0xff,
  0xa5, 0x82, 0x61, 0xff, 0xa3, 0x80, 0x61, 0xff, 0xa3, 0x7f, 0x61, 0xfe, 0xa3, 0x7e, 0x60, 0xff,
  0xa1, 0x7d, 0x60, 0xff, 0xa0, 0x7a, 0x5f, 0xfe, 0xa0, 0x7b, 0x60, 0xfa, 0x9e, 0x7a, 0x63, 0xfd,
  0xb0, 0x8b, 0x74, 0xff, 0x9d, 0x7e, 0x6a, 0xd2, 0x9a, 0x7b, 0x6c, 0x21, 0x00, 0x00, 0x00, 0x00,
  0xaa, 0xaa, 0x55, 0x03, 0xaa, 0x55, 0x55, 0x03, 0x00, 0x00, 0x00, 0x00, 0x00, 0x00, 0x00, 0x00,
  0x00, 0x00, 0x00, 0x00, 0x00, 0x00, 0x00, 0x00, 0x00, 0x00, 0x00, 0x00, 0x00, 0x00, 0x00, 0x00,
  0x00, 0x00, 0x00, 0x00, 0x00, 0x00, 0x00, 0x00, 0x00, 0x00, 0x00, 0x00, 0x00, 0x00, 0x00, 0x00,
  0x00, 0x00, 0x00, 0x00, 0x00, 0x00, 0x00, 0x00, 0x00, 0x00, 0x00, 0x00, 0x00, 0x00, 0x00, 0x00,
  0x00, 0x00, 0x00, 0x00, 0x00, 0x00, 0x00, 0x00, 0x00, 0x00, 0x00, 0x00, 0x00, 0x00, 0x00, 0x00,
  0x00, 0x00, 0x00, 0x00, 0x00, 0x00, 0x00, 0x00, 0x00, 0x00, 0x00, 0x00, 0x00, 0x00, 0x00, 0x00,
  0x00, 0x00, 0x00, 0x00, 0x00, 0x00, 0x00, 0x00, 0x00, 0x00, 0x00, 0x00, 0xff, 0xff, 0xff, 0x01,
  0x00, 0x00, 0x00, 0x00, 0x00, 0x00, 0x00, 0x00, 0xff, 0xff, 0xff, 0x01, 0xff, 0x8a, 0x86, 0x48,
  0xff, 0x8d, 0x8b, 0xcb, 0xff, 0x94, 0x90, 0xff, 0xff, 0x91, 0x8d, 0xfd, 0xff, 0x92, 0x8d, 0xfe,
  0xff, 0x93, 0x8e, 0xfd, 0xff, 0x93, 0x8e, 0xff, 0xff, 0x93, 0x8e, 0xff, 0xff, 0x93, 0x8d, 0xfe,
  0xff, 0x93, 0x8c, 0xfe, 0xff, 0x93, 0x8c, 0xfe, 0xff, 0x93, 0x8c, 0xfe, 0xff, 0x94, 0x8d, 0xff,
  0xff, 0x94, 0x8d, 0xff, 0xff, 0x94, 0x8c, 0xfe, 0xff, 0x94, 0x8c, 0xfe, 0xff, 0x95, 0x8c, 0xfe,
  0xff, 0x96, 0x8c, 0xfe, 0xff, 0x96, 0x8c, 0xfe, 0xff, 0x97, 0x8d, 0xfe, 0xff, 0x97, 0x8c, 0xfe,
  0xff, 0x97, 0x8c, 0xfe, 0xff, 0x97, 0x8c, 0xff, 0xff, 0x98, 0x8c, 0xff, 0xff, 0x98, 0x8c, 0xfe,
  0xff, 0x97, 0x8c, 0xfe, 0xff, 0x97, 0x8c, 0xfe, 0xff, 0x99, 0x8c, 0xfe, 0xff, 0x99, 0x8b, 0xfe,
  0xff, 0x99, 0x8b, 0xfe, 0xff, 0x9a, 0x8b, 0xfe, 0xff, 0x9a, 0x8b, 0xfe, 0xff, 0x9a, 0x8c, 0xff,
  0xff, 0x9b, 0x8c, 0xff, 0xe9, 0x99, 0x81, 0xff, 0xc0, 0x95, 0x6d, 0xfe, 0xaf, 0x92, 0x65, 0xfe,
  0xb0, 0x91, 0x65, 0xfe, 0xae, 0x8f, 0x64, 0xfe, 0xad, 0x8d, 0x63, 0xfe, 0xad, 0x8c, 0x62, 0xfe,
  0xac, 0x8a, 0x63, 0xff, 0xab, 0x88, 0x64, 0xff, 0xa9, 0x86, 0x62, 0xfe, 0xa9, 0x85, 0x63, 0xfe,
  0xa9, 0x85, 0x64, 0xfe, 0xa8, 0x84, 0x63, 0xfe, 0xa7, 0x82, 0x62, 0xfe, 0xa7, 0x81, 0x63, 0xfe,
  0xa6, 0x80, 0x62, 0xfe, 0xa5, 0x7f, 0x61, 0xfe, 0xa4, 0x7d, 0x61, 0xff, 0xa3, 0x7c, 0x62, 0xfb,
  0xa2, 0x7c, 0x65, 0xfd, 0xb4, 0x8d, 0x77, 0xff, 0xa1, 0x7f, 0x6d, 0xd2, 0xa2, 0x83, 0x6c, 0x21,
  0x00, 0x00, 0x00, 0x00, 0xaa, 0xaa, 0x55, 0x03, 0xaa, 0x55, 0x55, 0x03, 0x00, 0x00, 0x00, 0x00,
  0x00, 0x00, 0x00, 0x00, 0x00, 0x00, 0x00, 0x00, 0x00, 0x00, 0x00, 0x00, 0x00, 0x00, 0x00, 0x00,
  0x00, 0x00, 0x00, 0x00, 0x00, 0x00, 0x00, 0x00, 0x00, 0x00, 0x00, 0x00, 0x00, 0x00, 0x00, 0x00,
  0x00, 0x00, 0x00, 0x00, 0x00, 0x00, 0x00, 0x00, 0x00, 0x00, 0x00, 0x00, 0x00, 0x00, 0x00, 0x00,
  0x00, 0x00, 0x00, 0x00, 0x00, 0x00, 0x00, 0x00, 0x00, 0x00, 0x00, 0x00, 0x00, 0x00, 0x00, 0x00,
  0x00, 0x00, 0x00, 0x00, 0x00, 0x00, 0x00, 0x00, 0x00, 0x00, 0x00, 0x00, 0x00, 0x00, 0x00, 0x00,
  0x00, 0x00, 0x00, 0x00, 0x00, 0x00, 0x00, 0x00, 0x00, 0x00, 0x00, 0x00, 0x00, 0x00, 0x00, 0x00,
  0xff, 0xbf, 0xbf, 0x04, 0x00, 0x00, 0x00, 0x00, 0xff, 0x00, 0x00, 0x02, 0xff, 0x8a, 0x8d, 0x5a,
  0xff, 0x8b, 0x8c, 0xc2, 0xff, 0x8f, 0x8e, 0xfd, 0xff, 0x95, 0x93, 0xff, 0xff, 0x8e, 0x8e, 0xfe,
  0xff, 0x8f, 0x8e, 0xfd, 0xff, 0x8f, 0x8e, 0xfe, 0xff, 0x90, 0x8e, 0xff, 0xff, 0x91, 0x8e, 0xff,
  0xff, 0x91, 0x8e, 0xfe, 0xff, 0x90, 0x8d, 0xfe, 0xff, 0x90, 0x8d, 0xfe, 0xff, 0x90, 0x8d, 0xfe,
  0xff, 0x91, 0x8e, 0xfe, 0xff, 0x92, 0x8e, 0xfe, 0xff, 0x92, 0x8c, 0xfe, 0xff, 0x92, 0x8d, 0xfe,
  0xff, 0x93, 0x8d, 0xfe, 0xff, 0x94, 0x8c, 0xfe, 0xff, 0x94, 0x8c, 0xfe, 0xff, 0x94, 0x8e, 0xfe,
  0xff, 0x95, 0x8d, 0xff, 0xff, 0x95, 0x8d, 0xff, 0xff, 0x94, 0x8c, 0xfe, 0xff, 0x95, 0x8c, 0xfe,
  0xff, 0x95, 0x8c, 0xfe, 0xff, 0x95, 0x8d, 0xff, 0xff, 0x96, 0x8d, 0xff, 0xff, 0x96, 0x8d, 0xff,
  0xff, 0x96, 0x8c, 0xfe, 0xfd, 0x97, 0x8c, 0xfd, 0xfd, 0x98, 0x8c, 0xfc, 0xff, 0x98, 0x8e, 0xfd,
  0xfe, 0x97, 0x8c, 0xff, 0xe6, 0x9a, 0x81, 0xff, 0xc8, 0x99, 0x73, 0xff, 0xb3, 0x95, 0x67, 0xfe,
  0xb0, 0x93, 0x66, 0xfe, 0xb4, 0x94, 0x68, 0xfe, 0xb3, 0x91, 0x67, 0xfe, 0xb1, 0x90, 0x66, 0xfe,
  0xb1, 0x8f, 0x65, 0xfe, 0xb0, 0x8d, 0x65, 0xfe, 0xaf, 0x8b, 0x65, 0xfe, 0xae, 0x8a, 0x65, 0xff,
  0xae, 0x89, 0x66, 0xff, 0xad, 0x88, 0x65, 0xff, 0xac, 0x86, 0x65, 0xff, 0xab, 0x84, 0x65, 0xff,
  0xab, 0x83, 0x64, 0xfe, 0xaa, 0x81, 0x64, 0xfe, 0xa9, 0x80, 0x63, 0xfe, 0xa7, 0x7f, 0x63, 0xfe,
  0xa6, 0x7e, 0x65, 0xfb, 0xa5, 0x7f, 0x68, 0xfe, 0xb9, 0x8f, 0x7a, 0xff, 0xa6, 0x81, 0x6e, 0xd2,
  0xaa, 0x83, 0x73, 0x21, 0x00, 0x00, 0x00, 0x00, 0xaa, 0xaa, 0x55, 0x03, 0xaa, 0x55, 0x55, 0x03,
  0x00, 0x00, 0x00, 0x00, 0x00, 0x00, 0x00, 0x00, 0x00, 0x00, 0x00, 0x00, 0x00, 0x00, 0x00, 0x00,
  0x00, 0x00, 0x00, 0x00, 0x00, 0x00, 0x00, 0x00, 0x00, 0x00, 0x00, 0x00, 0x00, 0x00, 0x00, 0x00,
  0x00, 0x00, 0x00, 0x00, 0x00, 0x00, 0x00, 0x00, 0x00, 0x00, 0x00, 0x00, 0x00, 0x00, 0x00, 0x00,
  0x00, 0x00, 0x00, 0x00, 0x00, 0x00, 0x00, 0x00, 0x00, 0x00, 0x00, 0x00, 0x00, 0x00, 0x00, 0x00,
  0x00, 0x00, 0x00, 0x00, 0x00, 0x00, 0x00, 0x00, 0x00, 0x00, 0x00, 0x00, 0x00, 0x00, 0x00, 0x00,
  0x00, 0x00, 0x00, 0x00, 0x00, 0x00, 0x00, 0x00, 0x00, 0x00, 0x00, 0x00, 0x00, 0x00, 0x00, 0x00,
  0x00, 0x00, 0x00, 0x00, 0xff, 0xbf, 0xbf, 0x04, 0xff, 0xaa, 0xaa, 0x03, 0xff, 0x88, 0x88, 0x1e,
  0xff, 0x89, 0x8c, 0xac, 0xff, 0x94, 0x97, 0xff, 0xff, 0x8f, 0x91, 0xff, 0xff, 0x8c, 0x8f, 0xf7,
  0xff, 0x8d, 0x8f, 0xfe, 0xff, 0x8d, 0x8e, 0xfe, 0xff, 0x8d, 0x8e, 0xfe, 0xff, 0x8d, 0x8e, 0xff,
  0xff, 0x8e, 0x8e, 0xff, 0xff, 0x8e, 0x8e, 0xfe, 0xff, 0x8e, 0x8d, 0xfe, 0xff, 0x8e, 0x8d, 0xfe,
  0xff, 0x8e, 0x8e, 0xfe, 0xff, 0x8f, 0x8e, 0xfe, 0xff, 0x90, 0x8e, 0xfe, 0xff, 0x91, 0x8e, 0xfe,
  0xff, 0x91, 0x8e, 0xfe, 0xff, 0x91, 0x8e, 0xfe, 0xff, 0x91, 0x8c, 0xfe, 0xff, 0x91, 0x8c, 0xfe,
  0xff, 0x92, 0x8e, 0xfe, 0xff, 0x92, 0x8e, 0xff, 0xff, 0x92, 0x8e, 0xff, 0xff, 0x93, 0x8c, 0xfe,
  0xff, 0x92, 0x8c, 0xfe, 0xff, 0x92, 0x8c, 0xfe, 0xff, 0x93, 0x8d, 0xff, 0xff, 0x94, 0x8d, 0xff,
  0xff, 0x94, 0x8d, 0xff, 0xff, 0x95, 0x8e, 0xfd, 0xff, 0x96, 0x8e, 0xff, 0xff, 0x98, 0x90, 0xff,
  0xff, 0x99, 0x8f, 0xff, 0xeb, 0x99, 0x86, 0xff, 0xca, 0x9b, 0x76, 0xff, 0xb6, 0x9b, 0x6c, 0xff,
  0xb7, 0x98, 0x69, 0xfe, 0xb8, 0x96, 0x69, 0xfe, 0xb6, 0x95, 0x68, 0xfe, 0xb5, 0x93, 0x69, 0xfe,
  0xb6, 0x92, 0x69, 0xfe, 0xb4, 0x91, 0x68, 0xfe, 0xb4, 0x8f, 0x67, 0xfe, 0xb3, 0x8e, 0x67, 0xfe,
  0xb1, 0x8d, 0x68, 0xff, 0xb1, 0x8c, 0x68, 0xff, 0xb0, 0x8a, 0x67, 0xff, 0xaf, 0x88, 0x66, 0xff,
  0xaf, 0x86, 0x67, 0xff, 0xae, 0x85, 0x66, 0xfe, 0xad, 0x83, 0x66, 0xfe, 0xac, 0x82, 0x66, 0xfe,
  0xab, 0x81, 0x66, 0xfe, 0xaa, 0x81, 0x67, 0xfb, 0xaa, 0x81, 0x6a, 0xfe, 0xbe, 0x92, 0x7c, 0xff,
  0xaa, 0x84, 0x70, 0xd2, 0xaa, 0x83, 0x73, 0x21, 0x00, 0x00, 0x00, 0x00, 0xaa, 0xaa, 0x55, 0x03,
  0xaa, 0x55, 0x55, 0x03, 0x00, 0x00, 0x00, 0x00, 0x00, 0x00, 0x00, 0x00, 0x00, 0x00, 0x00, 0x00,
  0x00, 0x00, 0x00, 0x00, 0x00, 0x00, 0x00, 0x00, 0x00, 0x00, 0x00, 0x00, 0x00, 0x00, 0x00, 0x00,
  0x00, 0x00, 0x00, 0x00, 0x00, 0x00, 0x00, 0x00, 0x00, 0x00, 0x00, 0x00, 0x00, 0x00, 0x00, 0x00,
  0x00, 0x00, 0x00, 0x00, 0x00, 0x00, 0x00, 0x00, 0x00, 0x00, 0x00, 0x00, 0x00, 0x00, 0x00, 0x00,
  0x00, 0x00, 0x00, 0x00, 0x00, 0x00, 0x00, 0x00, 0x00, 0x00, 0x00, 0x00, 0x00, 0x00, 0x00, 0x00,
  0x00, 0x00, 0x00, 0x00, 0x00, 0x00, 0x00, 0x00, 0x00, 0x00, 0x00, 0x00, 0x00, 0x00, 0x00, 0x00,
  0xff, 0xaa, 0xaa, 0x03, 0x00, 0x00, 0x00, 0x00, 0xff, 0x00, 0x00, 0x01, 0xff, 0x99, 0x99, 0x14,
  0xff, 0x88, 0x90, 0x5f, 0xff, 0x89, 0x8f, 0xce, 0xff, 0x91, 0x97, 0xff, 0xff, 0x8d, 0x94, 0xff,
  0xff, 0x8a, 0x90, 0xfb, 0xff, 0x8a, 0x8f, 0xfe, 0xff, 0x8b, 0x8f, 0xff, 0xff, 0x8b, 0x8f, 0xff,
  0xff, 0x8b, 0x8f, 0xff, 0xff, 0x8b, 0x8f, 0xfe, 0xff, 0x8b, 0x8f, 0xfe, 0xff, 0x8b, 0x8e, 0xfe,
  0xff, 0x8b, 0x8e, 0xfe, 0xff, 0x8b, 0x8e, 0xfe, 0xff, 0x8d, 0x8f, 0xff, 0xff, 0x8e, 0x8f, 0xff,
  0xff, 0x8f, 0x8f, 0xff, 0xff, 0x8e, 0x8f, 0xff, 0xff, 0x8e, 0x8f, 0xff, 0xff, 0x8e, 0x8e, 0xfe,
  0xff, 0x8e, 0x8e, 0xfe, 0xff, 0x8f, 0x8e, 0xfe, 0xff, 0x8f, 0x8e, 0xff, 0xff, 0x8f, 0x8e, 0xff,
  0xff, 0x91, 0x8e, 0xff, 0xff, 0x90, 0x8e, 0xff, 0xff, 0x8f, 0x8d, 0xfe, 0xff, 0x90, 0x8d, 0xfe,
  0xff, 0x92, 0x8d, 0xfe, 0xff, 0x92, 0x8e, 0xfd, 0xff, 0x94, 0x8f, 0xfc, 0xff, 0x92, 0x8e, 0xfa,
  0xff, 0x90, 0x8e, 0xef, 0xed, 0x97, 0x88, 0xf2, 0xcb, 0xa1, 0x7d, 0xff, 0xbe, 0xa0, 0x75, 0xff,
  0xbc, 0x9c, 0x6e, 0xfd, 0xbb, 0x9b, 0x6b, 0xff, 0xbb, 0x99, 0x6a, 0xff, 0xba, 0x96, 0x69, 0xfe,
  0xb9, 0x95, 0x6b, 0xff, 0xb9, 0x94, 0x6b, 0xff, 0xb8, 0x92, 0x69, 0xfe, 0xb8, 0x91, 0x69, 0xfe,
  0xb7, 0x90, 0x69, 0xfe, 0xb5, 0x8f, 0x6a, 0xfe, 0xb4, 0x8e, 0x6a, 0xfe, 0xb4, 0x8c, 0x69, 0xff,
  0xb3, 0x8a, 0x68, 0xfe, 0xb3, 0x89, 0x68, 0xfe, 0xb2, 0x88, 0x69, 0xfe, 0xb1, 0x86, 0x69, 0xff,
  0xb0, 0x84, 0x69, 0xff, 0xb0, 0x84, 0x69, 0xff, 0xaf, 0x84, 0x69, 0xfb, 0xaf, 0x84, 0x6b, 0xfd,
  0xc2, 0x95, 0x7f, 0xff, 0xae, 0x87, 0x74, 0xd3, 0xb1, 0x8b, 0x7b, 0x21, 0x00, 0x00, 0x00, 0x00,
  0xaa, 0xaa, 0x55, 0x03, 0xaa, 0xaa, 0x55, 0x03, 0x00, 0x00, 0x00, 0x00, 0x00, 0x00, 0x00, 0x00,
  0x00, 0x00, 0x00, 0x00, 0x00, 0x00, 0x00, 0x00, 0x00, 0x00, 0x00, 0x00, 0x00, 0x00, 0x00, 0x00,
  0x00, 0x00, 0x00, 0x00, 0x00, 0x00, 0x00, 0x00, 0x00, 0x00, 0x00, 0x00, 0x00, 0x00, 0x00, 0x00,
  0x00, 0x00, 0x00, 0x00, 0x00, 0x00, 0x00, 0x00, 0x00, 0x00, 0x00, 0x00, 0x00, 0x00, 0x00, 0x00,
  0x00, 0x00, 0x00, 0x00, 0x00, 0x00, 0x00, 0x00, 0x00, 0x00, 0x00, 0x00, 0x00, 0x00, 0x00, 0x00,
  0x00, 0x00, 0x00, 0x00, 0x00, 0x00, 0x00, 0x00, 0x00, 0x00, 0x00, 0x00, 0x00, 0x00, 0x00, 0x00,
  0x00, 0x00, 0x00, 0x00, 0xff, 0x99, 0x99, 0x05, 0x00, 0x00, 0x00, 0x00, 0x00, 0x00, 0x00, 0x00,
  0xff, 0x89, 0x93, 0x32, 0xff, 0x86, 0x90, 0xab, 0xff, 0x88, 0x92, 0xed, 0xff, 0x8a, 0x93, 0xfa,
  0xff, 0x88, 0x91, 0xfe, 0xff, 0x88, 0x8f, 0xfc, 0xff, 0x88, 0x8f, 0xfe, 0xff, 0x89, 0x90, 0xff,
  0xff, 0x89, 0x90, 0xff, 0xff, 0x89, 0x90, 0xff, 0xff, 0x8a, 0x90, 0xfe, 0xff, 0x8a, 0x90, 0xff,
  0xff, 0x8a, 0x8f, 0xff, 0xff, 0x89, 0x8f, 0xff, 0xff, 0x89, 0x8e, 0xfe, 0xff, 0x8c, 0x90, 0xff,
  0xff, 0x8c, 0x90, 0xff, 0xff, 0x8b, 0x8f, 0xff, 0xff, 0x8b, 0x8f, 0xfe, 0xff, 0x8c, 0x8f, 0xfe,
  0xff, 0x8d, 0x8f, 0xfe, 0xff, 0x8d, 0x8f, 0xfe, 0xff, 0x8d, 0x8e, 0xfe, 0xff, 0x8e, 0x8f, 0xfe,
  0xff, 0x8e, 0x8f, 0xfe, 0xff, 0x8f, 0x8f, 0xfe, 0xff, 0x8e, 0x8f, 0xff, 0xff, 0x8e, 0x8e, 0xff,
  0xff, 0x8e, 0x8d, 0xfe, 0xff, 0x8e, 0x8d, 0xfc, 0xff, 0x90, 0x8d, 0xfa, 0xff, 0x9c, 0x99, 0xff,
  0xff, 0x8e, 0x8e, 0xf1, 0xff, 0x8b, 0x91, 0x89, 0xd9, 0x9d, 0x83, 0x9d, 0xc0, 0xa6, 0x7b, 0xfe,
  0xc8, 0xab, 0x7c, 0xff, 0xc2, 0x9d, 0x70, 0xfb, 0xc0, 0x9c, 0x6d, 0xff, 0xbf, 0x9b, 0x6c, 0xff,
  0xbe, 0x98, 0x6b, 0xfe, 0xbd, 0x97, 0x6c, 0xfe, 0xbd, 0x95, 0x6c, 0xfe, 0xbc, 0x93, 0x6a, 0xfe,
  0xbc, 0x93, 0x6a, 0xfe, 0xbb, 0x93, 0x6b, 0xfe, 0xba, 0x90, 0x6c, 0xfe, 0xb9, 0x8f, 0x6b, 0xfe,
  0xb9, 0x8e, 0x6b, 0xff, 0xb7, 0x8c, 0x6a, 0xfe, 0xb6, 0x8a, 0x6a, 0xfe, 0xb6, 0x89, 0x6b, 0xfe,
  0xb6, 0x89, 0x6b, 0xff, 0xb5, 0x87, 0x6b, 0xff, 0xb4, 0x85, 0x6b, 0xff, 0xb3, 0x85, 0x6b, 0xfb,
  0xb2, 0x86, 0x6d, 0xfd, 0xc6, 0x98, 0x82, 0xff, 0xb0, 0x89, 0x77, 0xd3, 0xb1, 0x8b, 0x7b, 0x21,
  0x00, 0x00, 0x00, 0x00, 0xaa, 0xaa, 0x55, 0x03, 0xaa, 0xaa, 0x55, 0x03, 0x00, 0x00, 0x00, 0x00,
  0x00, 0x00, 0x00, 0x00, 0x00, 0x00, 0x00, 0x00, 0x00, 0x00, 0x00, 0x00, 0x00, 0x00, 0x00, 0x00,
  0x00, 0x00, 0x00, 0x00, 0x00, 0x00, 0x00, 0x00, 0x00, 0x00, 0x00, 0x00, 0x00, 0x00, 0x00, 0x00,
  0x00, 0x00, 0x00, 0x00, 0x00, 0x00, 0x00, 0x00, 0x00, 0x00, 0x00, 0x00, 0x00, 0x00, 0x00, 0x00,
  0x00, 0x00, 0x00, 0x00, 0x00, 0x00, 0x00, 0x00, 0x00, 0x00, 0x00, 0x00, 0x00, 0x00, 0x00, 0x00,
  0x00, 0x00, 0x00, 0x00, 0x00, 0x00, 0x00, 0x00, 0x00, 0x00, 0x00, 0x00, 0x00, 0x00, 0x00, 0x00,
  0x00, 0x00, 0x00, 0x00, 0x00, 0x00, 0x00, 0x00, 0xff, 0x7f, 0x7f, 0x06, 0x00, 0x00, 0x00, 0x00,
  0x00, 0x00, 0x00, 0x00, 0xff, 0x82, 0x8f, 0x4e, 0xff, 0x83, 0x91, 0xe4, 0xff, 0x8b, 0x98, 0xff,
  0xff, 0x85, 0x90, 0xfb, 0xff, 0x85, 0x90, 0xff, 0xff, 0x86, 0x8f, 0xfe, 0xff, 0x87, 0x90, 0xff,
  0xff, 0x86, 0x90, 0xfe, 0xff, 0x86, 0x90, 0xfe, 0xff, 0x87, 0x90, 0xff, 0xff, 0x88, 0x90, 0xff,
  0xff, 0x88, 0x90, 0xff, 0xff, 0x88, 0x90, 0xff, 0xff, 0x88, 0x90, 0xff, 0xff, 0x88, 0x8f, 0xfe,
  0xff, 0x8a, 0x90, 0xff, 0xff, 0x89, 0x90, 0xff, 0xff, 0x88, 0x8f, 0xfe, 0xff, 0x89, 0x8f, 0xfe,
  0xff, 0x8a, 0x8f, 0xfe, 0xff, 0x8b, 0x8f, 0xfe, 0xff, 0x8b, 0x8f, 0xfe, 0xff, 0x8b, 0x8e, 0xfe,
  0xff, 0x8c, 0x8f, 0xfe, 0xff, 0x8c, 0x8f, 0xfe, 0xff, 0x8c, 0x8f, 0xfe, 0xff, 0x8c, 0x8f, 0xff,
  0xff, 0x8c, 0x8f, 0xff, 0xff, 0x8c, 0x8f, 0xfc, 0xff, 0x8e, 0x90, 0xff, 0xff, 0x8e, 0x8f, 0xff,
  0xff, 0x94, 0x93, 0xf7, 0xff, 0x8c, 0x8f, 0xac, 0xff, 0x7f, 0xa1, 0x1e, 0xbc, 0xb0, 0x81, 0x51,
  0xc5, 0xa9, 0x7e, 0xfe, 0xd8, 0xb4, 0x84, 0xff, 0xc3, 0x9f, 0x71, 0xf8, 0xc3, 0x9d, 0x6e, 0xfe,
  0xc3, 0x9c, 0x6e, 0xff, 0xc2, 0x9b, 0x6f, 0xff, 0xc1, 0x99, 0x6d, 0xfe, 0xc1, 0x97, 0x6d, 0xfe,
  0xc0, 0x95, 0x6d, 0xfe, 0xbf, 0x95, 0x6d, 0xfe, 0xbe, 0x95, 0x6d, 0xfe, 0xbd, 0x92, 0x6e, 0xff,
  0xbe, 0x90, 0x6d, 0xff, 0xbd, 0x90, 0x6c, 0xff, 0xbb, 0x8d, 0x6c, 0xfe, 0xba, 0x8b, 0x6c, 0xfe,
  0xba, 0x8a, 0x6c, 0xfe, 0xba, 0x8a, 0x6c, 0xfe, 0xba, 0x89, 0x6c, 0xfe, 0xb8, 0x86, 0x6c, 0xff,
  0xb6, 0x86, 0x6c, 0xfb, 0xb6, 0x88, 0x6f, 0xfd, 0xcb, 0x9a, 0x84, 0xff, 0xb5, 0x8a, 0x7a, 0xd3,
  0xb1, 0x8b, 0x7b, 0x21, 0x00, 0x00, 0x00, 0x00, 0xaa, 0xaa, 0x55, 0x03, 0xaa, 0xaa, 0x55, 0x03,
  0x00, 0x00, 0x00, 0x00, 0x00, 0x00, 0x00, 0x00, 0x00, 0x00, 0x00, 0x00, 0x00, 0x00, 0x00, 0x00,
  0x00, 0x00, 0x00, 0x00, 0x00, 0x00, 0x00, 0x00, 0x00, 0x00, 0x00, 0x00, 0x00, 0x00, 0x00, 0x00,
  0x00, 0x00, 0x00, 0x00, 0x00, 0x00, 0x00, 0x00, 0x00, 0x00, 0x00, 0x00, 0x00, 0x00, 0x00, 0x00,
  0x00, 0x00, 0x00, 0x00, 0x00, 0x00, 0x00, 0x00, 0x00, 0x00, 0x00, 0x00, 0x00, 0x00, 0x00, 0x00,
  0x00, 0x00, 0x00, 0x00, 0x00, 0x00, 0x00, 0x00, 0x00, 0x00, 0x00, 0x00, 0x00, 0x00, 0x00, 0x00,
  0x00, 0x00, 0x00, 0x00, 0x00, 0x00, 0x00, 0x00, 0x00, 0x00, 0x00, 0x00, 0xff, 0x99, 0x99, 0x05,
  0x00, 0x00, 0x00, 0x00, 0x00, 0x00, 0x00, 0x00, 0xff, 0x80, 0x91, 0x5d, 0xff, 0x82, 0x90, 0xfc,
  0xff, 0x8e, 0x9e, 0xff, 0xff, 0x82, 0x92, 0xf8, 0xff, 0x84, 0x92, 0xfd, 0xff, 0x84, 0x91, 0xff,
  0xff, 0x84, 0x91, 0xff, 0xff, 0x83, 0x91, 0xfe, 0xff, 0x83, 0x91, 0xfe, 0xff, 0x84, 0x91, 0xff,
  0xff, 0x84, 0x90, 0xff, 0xff, 0x84, 0x90, 0xfe, 0xff, 0x85, 0x90, 0xfe, 0xff, 0x86, 0x90, 0xfe,
  0xff, 0x86, 0x90, 0xfe, 0xff, 0x86, 0x90, 0xfe, 0xff, 0x86, 0x90, 0xfe, 0xff, 0x86, 0x90, 0xfe,
  0xff, 0x88, 0x90, 0xff, 0xff, 0x88, 0x90, 0xff, 0xff, 0x88, 0x90, 0xfe, 0xff, 0x88, 0x90, 0xfe,
  0xff, 0x88, 0x8f, 0xfe, 0xff, 0x88, 0x8f, 0xfe, 0xff, 0x88, 0x8f, 0xfe, 0xff, 0x8a, 0x90, 0xff,
  0xff, 0x89, 0x8f, 0xfe, 0xff, 0x89, 0x8f, 0xfd, 0xff, 0x8a, 0x90, 0xf6, 0xff, 0x8f, 0x94, 0xff,
  0xff, 0x8b, 0x90, 0xff, 0xfd, 0x8d, 0x90, 0xa9, 0xff, 0x7f, 0x90, 0x2c, 0x00, 0x00, 0x00, 0x00,
  0xc7, 0xb2, 0x84, 0x53, 0xc9, 0xac, 0x80, 0xff, 0xdd, 0xb8, 0x87, 0xff, 0xc9, 0xa2, 0x73, 0xf6,
  0xc8, 0xa1, 0x70, 0xfd, 0xc7, 0x9e, 0x70, 0xfe, 0xc6, 0x9d, 0x71, 0xff, 0xc4, 0x9b, 0x6f, 0xff,
  0xc4, 0x9a, 0x6f, 0xff, 0xc4, 0x98, 0x70, 0xfe, 0xc2, 0x96, 0x70, 0xfe, 0xc1, 0x95, 0x6f, 0xfe,
  0xc0, 0x94, 0x70, 0xfe, 0xc0, 0x93, 0x6f, 0xfe, 0xc0, 0x91, 0x6e, 0xfe, 0xbf, 0x8f, 0x6e, 0xfe,
  0xbe, 0x8e, 0x6e, 0xfe, 0xbe, 0x8c, 0x6e, 0xfe, 0xbd, 0x8b, 0x6e, 0xfe, 0xbc, 0x8b, 0x6e, 0xfe,
  0xbc, 0x88, 0x6d, 0xfe, 0xbb, 0x88, 0x6e, 0xfa, 0xba, 0x8a, 0x71, 0xfd, 0xcf, 0x9c, 0x86, 0xff,
  0xbb, 0x8e, 0x7b, 0xd2, 0xb9, 0x92, 0x7b, 0x21, 0x00, 0x00, 0x00, 0x00, 0xaa, 0xaa, 0xaa, 0x03,
  0xaa, 0xaa, 0x55, 0x03, 0x00, 0x00, 0x00, 0x00, 0x00, 0x00, 0x00, 0x00, 0x00, 0x00, 0x00, 0x00,
  0x00, 0x00, 0x00, 0x00, 0x00, 0x00, 0x00, 0x00, 0x00, 0x00, 0x00, 0x00, 0x00, 0x00, 0x00, 0x00,
  0x00, 0x00, 0x00, 0x00, 0x00, 0x00, 0x00, 0x00, 0x00, 0x00, 0x00, 0x00, 0x00, 0x00, 0x00, 0x00,
  0x00, 0x00, 0x00, 0x00, 0x00, 0x00, 0x00, 0x00, 0x00, 0x00, 0x00, 0x00, 0x00, 0x00, 0x00, 0x00,
  0x00, 0x00, 0x00, 0x00, 0x00, 0x00, 0x00, 0x00, 0x00, 0x00, 0x00, 0x00, 0x00, 0x00, 0x00, 0x00,
  0x00, 0x00, 0x00, 0x00, 0x00, 0x00, 0x00, 0x00, 0x00, 0x00, 0x00, 0x00, 0x00, 0x00, 0x00, 0x00,
  0xff, 0x7f, 0x7f, 0x02, 0x00, 0x00, 0x00, 0x00, 0xff, 0x94, 0x94, 0x0c, 0xff, 0x82, 0x92, 0x73,
  0xff, 0x81, 0x91, 0xfd, 0xff, 0x8a, 0x9d, 0xfe, 0xff, 0x81, 0x93, 0xf7, 0xff, 0x82, 0x92, 0xfd,
  0xff, 0x81, 0x91, 0xff, 0xff, 0x82, 0x91, 0xff, 0xff, 0x81, 0x91, 0xfe, 0xff, 0x81, 0x91, 0xfe,
  0xff, 0x82, 0x91, 0xff, 0xff, 0x81, 0x90, 0xff, 0xff, 0x82, 0x90, 0xfe, 0xff, 0x83, 0x90, 0xfe,
  0xff, 0x84, 0x90, 0xfe, 0xff, 0x84, 0x90, 0xfe, 0xff, 0x84, 0x90, 0xfe, 0xff, 0x84, 0x90, 0xfe,
  0xff, 0x85, 0x90, 0xfe, 0xff, 0x85, 0x90, 0xff, 0xff, 0x85, 0x90, 0xff, 0xff, 0x85, 0x90, 0xfe,
  0xff, 0x85, 0x90, 0xfe, 0xff, 0x86, 0x90, 0xfe, 0xff, 0x86, 0x90, 0xfe, 0xff, 0x86, 0x90, 0xfe,
  0xff, 0x87, 0x90, 0xfe, 0xff, 0x87, 0x8f, 0xfc, 0xff, 0x88, 0x90, 0xff, 0xff, 0x8d, 0x95, 0xff,
  0xff, 0x8a, 0x91, 0xf3, 0xff, 0x88, 0x8f, 0xac, 0xfb, 0x88, 0x8c, 0x45, 0x00, 0x00, 0x00, 0x00,
  0x00, 0x01, 0x00, 0x00, 0xd2, 0xab, 0x84, 0x62, 0xcd, 0xae, 0x82, 0xff, 0xde, 0xb8, 0x87, 0xff,
  0xcb, 0xa4, 0x75, 0xf6, 0xca, 0xa3, 0x72, 0xfd, 0xca, 0xa0, 0x72, 0xfe, 0xc9, 0x9e, 0x71, 0xff,
  0xc7, 0x9c, 0x71, 0xff, 0xc7, 0x9c, 0x71, 0xff, 0xc7, 0x9a, 0x72, 0xfe, 0xc6, 0x98, 0x72, 0xfe,
  0xc5, 0x96, 0x71, 0xfe, 0xc3, 0x95, 0x71, 0xfe, 0xc3, 0x95, 0x71, 0xfe, 0xc3, 0x92, 0x70, 0xfe,
  0xc2, 0x92, 0x70, 0xfe, 0xc2, 0x90, 0x70, 0xfe, 0xc1, 0x8e, 0x70, 0xfe, 0xc0, 0x8d, 0x70, 0xfe,
  0xbf, 0x8c, 0x70, 0xfe, 0xbf, 0x8a, 0x6f, 0xfe, 0xbf, 0x89, 0x70, 0xfa, 0xbe, 0x8a, 0x73, 0xfd,
  0xd3, 0x9e, 0x88, 0xff, 0xbe, 0x90, 0x7d, 0xd2, 0xb9, 0x92, 0x7b, 0x21, 0x00, 0x00, 0x00, 0x00,
  0xaa, 0xaa, 0xaa, 0x03, 0xaa, 0xaa, 0x55, 0x03, 0x00, 0x00, 0x00, 0x00, 0x00, 0x00, 0x00, 0x00,
  0x00, 0x00, 0x00, 0x00, 0x00, 0x00, 0x00, 0x00, 0x00, 0x00, 0x00, 0x00, 0x00, 0x00, 0x00, 0x00,
  0x00, 0x00, 0x00, 0x00, 0x00, 0x00, 0x00, 0x00, 0x00, 0x00, 0x00, 0x00, 0x00, 0x00, 0x00, 0x00,
  0x00, 0x00, 0x00, 0x00, 0x00, 0x00, 0x00, 0x00, 0x00, 0x00, 0x00, 0x00, 0x00, 0x00, 0x00, 0x00,
  0x00, 0x00, 0x00, 0x00, 0x00, 0x00, 0x00, 0x00, 0x00, 0x00, 0x00, 0x00, 0x00, 0x00, 0x00, 0x00,
  0x00, 0x00, 0x00, 0x00, 0x00, 0x00, 0x00, 0x00, 0x00, 0x00, 0x00, 0x00, 0xff, 0x00, 0x00, 0x01,
  0xff, 0xff, 0xff, 0x01, 0x00, 0x00, 0x00, 0x00, 0x00, 0x00, 0x00, 0x00, 0xff, 0x88, 0x90, 0x1e,
  0xff, 0x7f, 0x92, 0x88, 0xff, 0x7d, 0x92, 0xfd, 0xff, 0x86, 0x9c, 0xff, 0xff, 0x7e, 0x93, 0xf8,
  0xff, 0x7e, 0x92, 0xfd, 0xff, 0x7e, 0x91, 0xff, 0xff, 0x7f, 0x92, 0xff, 0xff, 0x7f, 0x92, 0xfe,
  0xff, 0x7f, 0x92, 0xfe, 0xff, 0x7f, 0x91, 0xfe, 0xff, 0x7f, 0x91, 0xfe, 0xff, 0x80, 0x91, 0xfe,
  0xff, 0x81, 0x91, 0xff, 0xff, 0x81, 0x91, 0xff, 0xff, 0x81, 0x91, 0xfe, 0xff, 0x82, 0x90, 0xfe,
  0xff, 0x82, 0x90, 0xfe, 0xff, 0x82, 0x90, 0xfe, 0xff, 0x82, 0x91, 0xfe, 0xff, 0x82, 0x91, 0xfe,
  0xff, 0x83, 0x91, 0xff, 0xff, 0x83, 0x91, 0xff, 0xff, 0x84, 0x91, 0xff, 0xff, 0x84, 0x91, 0xfe,
  0xff, 0x84, 0x91, 0xfe, 0xff, 0x85, 0x91, 0xfd, 0xff, 0x85, 0x90, 0xfe, 0xff, 0x87, 0x91, 0xff,
  0xff, 0x85, 0x8f, 0xfe, 0xff, 0x83, 0x8f, 0xb0, 0xff, 0x85, 0x90, 0x2e, 0x7f, 0xff, 0x7f, 0x02,
  0x00, 0x00, 0x00, 0x00, 0x00, 0x00, 0x00, 0x00, 0xd2, 0xae, 0x85, 0x5c, 0xd0, 0xae, 0x83, 0xfe,
  0xe1, 0xba, 0x89, 0xff, 0xce, 0xa6, 0x77, 0xf6, 0xcd, 0xa4, 0x74, 0xfd, 0xcd, 0xa2, 0x73, 0xfe,
  0xcc, 0xa0, 0x72, 0xfe, 0xcc, 0x9e, 0x73, 0xfe, 0xcc, 0x9d, 0x73, 0xfe, 0xcb, 0x9c, 0x72, 0xfe,
  0xca, 0x9b, 0x72, 0xfe, 0xc9, 0x98, 0x72, 0xfe, 0xc8, 0x96, 0x72, 0xfe, 0xc8, 0x95, 0x72, 0xfe,
  0xc8, 0x95, 0x72, 0xff, 0xc6, 0x94, 0x73, 0xff, 0xc5, 0x92, 0x73, 0xff, 0xc5, 0x90, 0x72, 0xff,
  0xc5, 0x8f, 0x72, 0xff, 0xc4, 0x8e, 0x72, 0xff, 0xc2, 0x8c, 0x72, 0xfe, 0xc2, 0x8a, 0x73, 0xfa,
  0xc1, 0x8c, 0x75, 0xfd, 0xd7, 0xa0, 0x8b, 0xff, 0xc1, 0x91, 0x80, 0xd2, 0xc1, 0x92, 0x83, 0x21,
  0x00, 0x00, 0x00, 0x00, 0xaa, 0xaa, 0xaa, 0x03, 0xaa, 0xaa, 0x55, 0x03, 0x00, 0x00, 0x00, 0x00,
  0x00, 0x00, 0x00, 0x00, 0x00, 0x00, 0x00, 0x00, 0x00, 0x00, 0x00, 0x00, 0x00, 0x00, 0x00, 0x00,
  0x00, 0x00, 0x00, 0x00, 0x00, 0x00, 0x00, 0x00, 0x00, 0x00, 0x00, 0x00, 0x00, 0x00, 0x00, 0x00,
  0x00, 0x00, 0x00, 0x00, 0x00, 0x00, 0x00, 0x00, 0x00, 0x00, 0x00, 0x00, 0x00, 0x00, 0x00, 0x00,
  0x00, 0x00, 0x00, 0x00, 0x00, 0x00, 0x00, 0x00, 0x00, 0x00, 0x00, 0x00, 0x00, 0x00, 0x00, 0x00,
  0x00, 0x00, 0x00, 0x00, 0x00, 0x00, 0x00, 0x00, 0x00, 0x00, 0x00, 0x00, 0x00, 0x00, 0x00, 0x00,
  0x00, 0x00, 0x00, 0x00, 0xff, 0x00, 0x00, 0x01, 0xff, 0x00, 0x00, 0x01, 0x00, 0x00, 0x00, 0x00,
  0xff, 0x7f, 0x8f, 0x10, 0xff, 0x7c, 0x92, 0x7d, 0xff, 0x7b, 0x93, 0xfd, 0xff, 0x84, 0x9d, 0xff,
  0xff, 0x7c, 0x92, 0xf8, 0xff, 0x7c, 0x93, 0xfd, 0xff, 0x7c, 0x91, 0xfe, 0xff, 0x7d, 0x92, 0xfe,
  0xff, 0x7d, 0x92, 0xfe, 0xff, 0x7d, 0x92, 0xfe, 0xff, 0x7d, 0x91, 0xff, 0xff, 0x7d, 0x92, 0xff,
  0xff, 0x7e, 0x92, 0xfe, 0xff, 0x7e, 0x91, 0xfe, 0xff, 0x7e, 0x91, 0xfe, 0xff, 0x7f, 0x91, 0xfe,
  0xff, 0x80, 0x91, 0xfe, 0xff, 0x80, 0x91, 0xfe, 0xff, 0x80, 0x91, 0xff, 0xff, 0x80, 0x91, 0xfe,
  0xff, 0x80, 0x91, 0xfe, 0xff, 0x82, 0x92, 0xff, 0xff, 0x81, 0x92, 0xff, 0xff, 0x81, 0x91, 0xfe,
  0xff, 0x82, 0x92, 0xfd, 0xff, 0x83, 0x91, 0xfd, 0xff, 0x82, 0x92, 0xf8, 0xff, 0x89, 0x98, 0xff,
  0xff, 0x82, 0x90, 0xfc, 0xff, 0x84, 0x8f, 0xa0, 0xff, 0x81, 0x8e, 0x3b, 0x00, 0x00, 0x00, 0x00,
  0x00, 0x00, 0x00, 0x00, 0xff, 0xaa, 0x55, 0x03, 0xff, 0x00, 0x00, 0x01, 0xd4, 0xb0, 0x86, 0x5b,
  0xd3, 0xaf, 0x84, 0xfe, 0xe5, 0xbc, 0x8b, 0xff, 0xd1, 0xa8, 0x79, 0xf7, 0xd0, 0xa5, 0x74, 0xfd,
  0xcf, 0xa3, 0x74, 0xfe, 0xcf, 0xa3, 0x74, 0xff, 0xcf, 0xa0, 0x74, 0xff, 0xcf, 0x9e, 0x74, 0xff,
  0xce, 0x9d, 0x74, 0xfe, 0xcd, 0x9c, 0x74, 0xfe, 0xcc, 0x9a, 0x74, 0xfe, 0xcb, 0x98, 0x74, 0xfe,
  0xcb, 0x97, 0x73, 0xfe, 0xcb, 0x96, 0x73, 0xfe, 0xca, 0x95, 0x74, 0xff, 0xc9, 0x93, 0x74, 0xff,
  0xc9, 0x91, 0x73, 0xfe, 0xc8, 0x90, 0x73, 0xfe, 0xc7, 0x8f, 0x73, 0xfe, 0xc6, 0x8d, 0x73, 0xfe,
  0xc6, 0x8c, 0x74, 0xfa, 0xc5, 0x8f, 0x78, 0xfd, 0xdb, 0xa2, 0x8e, 0xff, 0xc3, 0x92, 0x81, 0xd2,
  0xc8, 0x92, 0x83, 0x21, 0x00, 0x00, 0x00, 0x00, 0xaa, 0xaa, 0xaa, 0x03, 0xaa, 0xaa, 0x55, 0x03,
  0x00, 0x00, 0x00, 0x00, 0x00, 0x00, 0x00, 0x00, 0x00, 0x00, 0x00, 0x00, 0x00, 0x00, 0x00, 0x00,
  0x00, 0x00, 0x00, 0x00, 0x00, 0x00, 0x00, 0x00, 0x00, 0x00, 0x00, 0x00, 0x00, 0x00, 0x00, 0x00,
  0x00, 0x00, 0x00, 0x00, 0x00, 0x00, 0x00, 0x00, 0x00, 0x00, 0x00, 0x00, 0x00, 0x00, 0x00, 0x00,
  0x00, 0x00, 0x00, 0x00, 0x00, 0x00, 0x00, 0x00, 0x00, 0x00, 0x00, 0x00, 0x00, 0x00, 0x00, 0x00,
  0x00, 0x00, 0x00, 0x00, 0x00, 0x00, 0x00, 0x00, 0x00, 0x00, 0x00, 0x00, 0x00, 0x00, 0x00, 0x00,
  0x00, 0x00, 0x00, 0x00, 0x00, 0x00, 0x00, 0x00, 0xff, 0x00, 0x00, 0x01, 0xff, 0x55, 0x55, 0x03,
  0x00, 0x00, 0x00, 0x00, 0x00, 0x00, 0x00, 0x00, 0xff, 0x79, 0x93, 0x6b, 0xff, 0x79, 0x92, 0xfc,
  0xff, 0x83, 0x9e, 0xff, 0xff, 0x79, 0x92, 0xf8, 0xff, 0x7a, 0x93, 0xfd, 0xff, 0x7a, 0x92, 0xfe,
  0xff, 0x7a, 0x92, 0xfe, 0xff, 0x7a, 0x92, 0xfe, 0xff, 0x7a, 0x92, 0xfe, 0xff, 0x7b, 0x92, 0xff,
  0xff, 0x7b, 0x92, 0xff, 0xff, 0x7b, 0x92, 0xfe, 0xff, 0x7b, 0x91, 0xfe, 0xff, 0x7c, 0x91, 0xfe,
  0xff, 0x7d, 0x91, 0xfe, 0xff, 0x7d, 0x92, 0xfe, 0xff, 0x7d, 0x92, 0xfe, 0xff, 0x7e, 0x92, 0xff,
  0xff, 0x7e, 0x91, 0xfe, 0xff, 0x7e, 0x91, 0xfe, 0xff, 0x80, 0x92, 0xff, 0xff, 0x7f, 0x92, 0xff,
  0xff, 0x7e, 0x91, 0xfe, 0xff, 0x7f, 0x90, 0xfc, 0xff, 0x83, 0x93, 0xff, 0xff, 0x83, 0x94, 0xff,
  0xff, 0x81, 0x93, 0xf2, 0xff, 0x7e, 0x91, 0xb1, 0xff, 0x7f, 0x91, 0x38, 0x00, 0x00, 0x00, 0x00,
  0xff, 0xff, 0xff, 0x01, 0xe9, 0x94, 0x7f, 0x0c, 0x00, 0x00, 0x00, 0x00, 0x00, 0x00, 0x00, 0x00,
  0xd4, 0xb3, 0x86, 0x5b, 0xd6, 0xb2, 0x86, 0xfe, 0xe9, 0xbf, 0x8e, 0xff, 0xd4, 0xa9, 0x7a, 0xf7,
  0xd4, 0xa7, 0x76, 0xfd, 0xd2, 0xa4, 0x76, 0xfe, 0xd2, 0xa4, 0x77, 0xff, 0xd2, 0xa2, 0x76, 0xff,
  0xd2, 0xa0, 0x76, 0xff, 0xd1, 0x9d, 0x75, 0xfe, 0xd0, 0x9c, 0x75, 0xfe, 0xcf, 0x9b, 0x75, 0xfe,
  0xce, 0x99, 0x76, 0xfe, 0xce, 0x99, 0x75, 0xfe, 0xcd, 0x96, 0x75, 0xfe, 0xcd, 0x95, 0x76, 0xff,
  0xcd, 0x94, 0x76, 0xff, 0xcc, 0x93, 0x75, 0xfe, 0xcb, 0x92, 0x75, 0xfe, 0xca, 0x90, 0x75, 0xfe,
  0xc9, 0x8d, 0x75, 0xfe, 0xc9, 0x8e, 0x76, 0xfa, 0xc9, 0x90, 0x7a, 0xfd, 0xde, 0xa4, 0x90, 0xff,
  0xc7, 0x94, 0x84, 0xd2, 0xc8, 0x92, 0x83, 0x21, 0x00, 0x00, 0x00, 0x00, 0xaa, 0xaa, 0xaa, 0x03,
  0xaa, 0xaa, 0x55, 0x03, 0x00, 0x00, 0x00, 0x00, 0x00, 0x00, 0x00, 0x00, 0x00, 0x00, 0x00, 0x00,
  0x00, 0x00, 0x00, 0x00, 0x00, 0x00, 0x00, 0x00, 0x00, 0x00, 0x00, 0x00, 0x00, 0x00, 0x00, 0x00,
  0x00, 0x00, 0x00, 0x00, 0x00, 0x00, 0x00, 0x00, 0x00, 0x00, 0x00, 0x00, 0x00, 0x00, 0x00, 0x00,
  0x00, 0x00, 0x00, 0x00, 0x00, 0x00, 0x00, 0x00, 0x00, 0x00, 0x00, 0x00, 0x00, 0x00, 0x00, 0x00,
  0x00, 0x00, 0x00, 0x00, 0x00, 0x00, 0x00, 0x00, 0x00, 0x00, 0x00, 0x00, 0x00, 0x00, 0x00, 0x00,
  0x00, 0x00, 0x00, 0x00, 0x00, 0x00, 0x00, 0x00, 0x00, 0x00, 0x00, 0x00, 0x00, 0x00, 0x00, 0x00,
  0xff, 0x7f, 0x7f, 0x04, 0x00, 0x00, 0x00, 0x00, 0x00, 0x00, 0x00, 0x00, 0xff, 0x76, 0x93, 0x5f,
  0xff, 0x76, 0x93, 0xef, 0xff, 0x7e, 0x9c, 0xfe, 0xff, 0x77, 0x94, 0xf8, 0xff, 0x77, 0x92, 0xfe,
  0xff, 0x77, 0x93, 0xfe, 0xff, 0x78, 0x94, 0xff, 0xff, 0x77, 0x93, 0xfe, 0xff, 0x78, 0x93, 0xfe,
  0xff, 0x79, 0x93, 0xff, 0xff, 0x79, 0x92, 0xfe, 0xff, 0x79, 0x92, 0xfe, 0xff, 0x7a, 0x93, 0xff,
  0xff, 0x7a, 0x93, 0xff, 0xff, 0x7b, 0x92, 0xfe, 0xff, 0x7b, 0x92, 0xfe, 0xff, 0x7b, 0x92, 0xfe,
  0xff, 0x7c, 0x92, 0xfe, 0xff, 0x7c, 0x93, 0xff, 0xff, 0x7c, 0x93, 0xff, 0xff, 0x7c, 0x92, 0xfe,
  0xff, 0x7c, 0x93, 0xfd, 0xff, 0x7c, 0x92, 0xfd, 0xff, 0x7d, 0x92, 0xf9, 0xff, 0x81, 0x94, 0xff,
  0xff, 0x80, 0x92, 0xff, 0xff, 0x80, 0x91, 0xa5, 0xff, 0x7c, 0x92, 0x2f, 0xff, 0x7f, 0xbf, 0x04,
  0x00, 0x00, 0x00, 0x00, 0x00, 0x00, 0x00, 0x00, 0xdf, 0x9f, 0x7f, 0x08, 0x00, 0x00, 0x00, 0x00,
  0x00, 0x00, 0x00, 0x00, 0xda, 0xb6, 0x8c, 0x5b, 0xd9, 0xb5, 0x89, 0xff, 0xec, 0xc1, 0x8f, 0xff,
  0xd7, 0xab, 0x7b, 0xf7, 0xd7, 0xa8, 0x78, 0xfe, 0xd6, 0xa6, 0x78, 0xff, 0xd6, 0xa5, 0x78, 0xfe,
  0xd6, 0xa5, 0x78, 0xff, 0xd6, 0xa3, 0x78, 0xff, 0xd4, 0x9f, 0x77, 0xfe, 0xd3, 0x9e, 0x77, 0xfe,
  0xd3, 0x9d, 0x77, 0xfe, 0xd3, 0x9b, 0x78, 0xfe, 0xd2, 0x9a, 0x77, 0xfe, 0xd0, 0x98, 0x77, 0xfe,
  0xd0, 0x96, 0x78, 0xff, 0xd0, 0x96, 0x78, 0xff, 0xd0, 0x95, 0x78, 0xfe, 0xcf, 0x94, 0x78, 0xfe,
  0xce, 0x92, 0x78, 0xff, 0xcc, 0x8f, 0x78, 0xfe, 0xcd, 0x90, 0x79, 0xfa, 0xcd, 0x91, 0x7b, 0xfd,
  0xe3, 0xa6, 0x92, 0xff, 0xcc, 0x96, 0x88, 0xd2, 0xd0, 0x9a, 0x8b, 0x21, 0x00, 0x00, 0x00, 0x00,
  0xff, 0xaa, 0xaa, 0x03, 0xaa, 0xaa, 0xaa, 0x03, 0x00, 0x00, 0x00, 0x00, 0x00, 0x00, 0x00, 0x00,
  0x00, 0x00, 0x00, 0x00, 0x00, 0x00, 0x00, 0x00, 0x00, 0x00, 0x00, 0x00, 0x00, 0x00, 0x00, 0x00,
  0x00, 0x00, 0x00, 0x00, 0x00, 0x00, 0x00, 0x00, 0x00, 0x00, 0x00, 0x00, 0x00, 0x00, 0x00, 0x00,
  0x00, 0x00, 0x00, 0x00, 0x00, 0x00, 0x00, 0x00, 0x00, 0x00, 0x00, 0x00, 0x00, 0x00, 0x00, 0x00,
  0x00, 0x00, 0x00, 0x00, 0x00, 0x00, 0x00, 0x00, 0x00, 0x00, 0x00, 0x00, 0x00, 0x00, 0x00, 0x00,
  0x00, 0x00, 0x00, 0x00, 0x00, 0x00, 0x00, 0x00, 0x00, 0x00, 0x00, 0x00, 0x00, 0x00, 0x00, 0x00,
  0x00, 0x00, 0x00, 0x00, 0xff, 0x66, 0x99, 0x05, 0x00, 0x00, 0x00, 0x00, 0x00, 0x00, 0x00, 0x00,
  0xff, 0x73, 0x95, 0x52, 0xff, 0x73, 0x94, 0xe1, 0xff, 0x78, 0x99, 0xff, 0xff, 0x74, 0x92, 0xfa,
  0xff, 0x75, 0x93, 0xfe, 0xff, 0x74, 0x93, 0xfe, 0xff, 0x75, 0x94, 0xff, 0xff, 0x76, 0x94, 0xfe,
  0xff, 0x76, 0x94, 0xfe, 0xff, 0x77, 0x93, 0xff, 0xff, 0x77, 0x93, 0xfe, 0xff, 0x77, 0x93, 0xff,
  0xff, 0x78, 0x93, 0xff, 0xff, 0x78, 0x93, 0xff, 0xff, 0x78, 0x92, 0xfe, 0xff, 0x78, 0x92, 0xfe,
  0xff, 0x78, 0x92, 0xfe, 0xff, 0x79, 0x93, 0xfe, 0xff, 0x7a, 0x94, 0xff, 0xff, 0x7a, 0x93, 0xff,
  0xff, 0x79, 0x93, 0xfd, 0xff, 0x7a, 0x93, 0xfb, 0xff, 0x7c, 0x93, 0xfc, 0xff, 0x82, 0x9a, 0xff,
  0xff, 0x7b, 0x92, 0xf5, 0xff, 0x7d, 0x90, 0xa4, 0xff, 0x7d, 0x8d, 0x3f, 0x00, 0x00, 0x00, 0x00,
  0x00, 0x00, 0x00, 0x00, 0xff, 0x6d, 0x91, 0x07, 0xff, 0xff, 0xff, 0x01, 0xda, 0xb6, 0x91, 0x07,
  0x00, 0x00, 0x00, 0x00, 0x00, 0x00, 0x00, 0x00, 0xdd, 0xb6, 0x8e, 0x5b, 0xdd, 0xb6, 0x8a, 0xff,
  0xf0, 0xc2, 0x90, 0xff, 0xda, 0xac, 0x7c, 0xf7, 0xda, 0xa8, 0x7a, 0xfe, 0xda, 0xa7, 0x79, 0xff,
  0xda, 0xa6, 0x79, 0xfe, 0xda, 0xa5, 0x79, 0xff, 0xd9, 0xa3, 0x79, 0xff, 0xd7, 0xa1, 0x79, 0xfe,
  0xd6, 0xa0, 0x79, 0xfe, 0xd6, 0x9e, 0x78, 0xfe, 0xd6, 0x9c, 0x79, 0xfe, 0xd5, 0x9b, 0x79, 0xfe,
  0xd4, 0x99, 0x79, 0xfe, 0xd4, 0x98, 0x79, 0xff, 0xd4, 0x97, 0x79, 0xff, 0xd3, 0x95, 0x79, 0xfe,
  0xd2, 0x94, 0x79, 0xfe, 0xd1, 0x93, 0x78, 0xff, 0xd0, 0x92, 0x79, 0xfe, 0xd1, 0x90, 0x7a, 0xfa,
  0xcf, 0x91, 0x7c, 0xfd, 0xe6, 0xa8, 0x94, 0xff, 0xcf, 0x99, 0x89, 0xd2, 0xd0, 0x9a, 0x8b, 0x21,
  0x00, 0x00, 0x00, 0x00, 0xff, 0xaa, 0xaa, 0x03, 0xaa, 0xaa, 0xaa, 0x03, 0x00, 0x00, 0x00, 0x00,
  0x00, 0x00, 0x00, 0x00, 0x00, 0x00, 0x00, 0x00, 0x00, 0x00, 0x00, 0x00, 0x00, 0x00, 0x00, 0x00,
  0x00, 0x00, 0x00, 0x00, 0x00, 0x00, 0x00, 0x00, 0x00, 0x00, 0x00, 0x00, 0x00, 0x00, 0x00, 0x00,
  0x00, 0x00, 0x00, 0x00, 0x00, 0x00, 0x00, 0x00, 0x00, 0x00, 0x00, 0x00, 0x00, 0x00, 0x00, 0x00,
  0x00, 0x00, 0x00, 0x00, 0x00, 0x00, 0x00, 0x00, 0x00, 0x00, 0x00, 0x00, 0x00, 0x00, 0x00, 0x00,
  0x00, 0x00, 0x00, 0x00, 0x00, 0x00, 0x00, 0x00, 0x00, 0x00, 0x00, 0x00, 0x00, 0x00, 0x00, 0x00,
  0x00, 0x00, 0x00, 0x00, 0x00, 0x00, 0x00, 0x00, 0xff, 0x66, 0x99, 0x05, 0x00, 0x00, 0x00, 0x00,
  0x00, 0x00, 0x00, 0x00, 0xff, 0x71, 0x91, 0x38, 0xff, 0x72, 0x94, 0xb4, 0xff, 0x72, 0x94, 0xf8,
  0xff, 0x74, 0x97, 0xff, 0xff, 0x74, 0x95, 0xff, 0xff, 0x72, 0x94, 0xfc, 0xff, 0x73, 0x94, 0xfe,
  0xff, 0x74, 0x94, 0xfe, 0xff, 0x74, 0x94, 0xfe, 0xff, 0x75, 0x93, 0xfe, 0xff, 0x75, 0x94, 0xff,
  0xff, 0x75, 0x94, 0xff, 0xff, 0x76, 0x93, 0xfe, 0xff, 0x76, 0x93, 0xfe, 0xff, 0x76, 0x93, 0xfe,
  0xff, 0x76, 0x93, 0xfe, 0xff, 0x76, 0x93, 0xfe, 0xff, 0x77, 0x94, 0xfe, 0xff, 0x78, 0x94, 0xff,
  0xff, 0x78, 0x93, 0xff, 0xff, 0x77, 0x93, 0xfd, 0xff, 0x7a, 0x94, 0xff, 0xff, 0x7b, 0x94, 0xff,
  0xff, 0x7b, 0x93, 0xf8, 0xff, 0x77, 0x90, 0xb1, 0xff, 0x77, 0x92, 0x2f, 0x00, 0x00, 0x00, 0x00,
  0xff, 0x55, 0xaa, 0x03, 0xff, 0xff, 0xff, 0x01, 0xff, 0x00, 0xff, 0x01, 0x00, 0x00, 0x00, 0x00,
  0xda, 0xb6, 0x91, 0x07, 0x00, 0x00, 0x00, 0x00, 0x00, 0x00, 0x00, 0x00, 0xe0, 0xb8, 0x8e, 0x5b,
  0xe0, 0xb7, 0x8b, 0xff, 0xf3, 0xc3, 0x92, 0xff, 0xdd, 0xad, 0x7e, 0xf7, 0xdc, 0xa9, 0x7b, 0xfe,
  0xdd, 0xa8, 0x7a, 0xff, 0xdd, 0xa7, 0x7a, 0xfe, 0xdc, 0xa5, 0x7a, 0xff, 0xdb, 0xa3, 0x7a, 0xff,
  0xda, 0xa2, 0x7b, 0xfe, 0xd9, 0xa1, 0x7b, 0xfe, 0xd9, 0xa0, 0x7a, 0xfe, 0xd8, 0x9e, 0x7a, 0xfe,
  0xd7, 0x9c, 0x7a, 0xfe, 0xd7, 0x9b, 0x7a, 0xfe, 0xd8, 0x9a, 0x7a, 0xff, 0xd7, 0x98, 0x7a, 0xff,
  0xd5, 0x95, 0x79, 0xfe, 0xd4, 0x94, 0x79, 0xfe, 0xd4, 0x94, 0x79, 0xfe, 0xd4, 0x93, 0x7a, 0xfe,
  0xd4, 0x91, 0x7b, 0xfa, 0xd1, 0x92, 0x7e, 0xfd, 0xea, 0xa9, 0x96, 0xff, 0xd2, 0x9b, 0x8a, 0xd2,
  0xd0, 0x9a, 0x8b, 0x21, 0x00, 0x00, 0x00, 0x00, 0xff, 0xaa, 0xaa, 0x03, 0xaa, 0xaa, 0xaa, 0x03,
  0x00, 0x00, 0x00, 0x00, 0x00, 0x00, 0x00, 0x00, 0x00, 0x00, 0x00, 0x00, 0x00, 0x00, 0x00, 0x00,
  0x00, 0x00, 0x00, 0x00, 0x00, 0x00, 0x00, 0x00, 0x00, 0x00, 0x00, 0x00, 0x00, 0x00, 0x00, 0x00,
  0x00, 0x00, 0x00, 0x00, 0x00, 0x00, 0x00, 0x00, 0x00, 0x00, 0x00, 0x00, 0x00, 0x00, 0x00, 0x00,
  0x00, 0x00, 0x00, 0x00, 0x00, 0x00, 0x00, 0x00, 0x00, 0x00, 0x00, 0x00, 0x00, 0x00, 0x00, 0x00,
  0x00, 0x00, 0x00, 0x00, 0x00, 0x00, 0x00, 0x00, 0x00, 0x00, 0x00, 0x00, 0x00, 0x00, 0x00, 0x00,
  0x00, 0x00, 0x00, 0x00, 0x00, 0x00, 0x00, 0x00, 0x00, 0x00, 0x00, 0x00, 0xff, 0x55, 0xaa, 0x03,
  0x00, 0x00, 0x00, 0x00, 0x00, 0x00, 0x00, 0x00, 0xff, 0x71, 0x8d, 0x12, 0xff, 0x71, 0x98, 0x61,
  0xff, 0x6f, 0x94, 0xd9, 0xff, 0x78, 0xa1, 0xff, 0xff, 0x73, 0x98, 0xfc, 0xff, 0x70, 0x94, 0xf7,
  0xff, 0x71, 0x95, 0xff, 0xff, 0x71, 0x94, 0xfe, 0xff, 0x72, 0x94, 0xfe, 0xff, 0x73, 0x94, 0xfe,
  0xff, 0x73, 0x95, 0xfe, 0xff, 0x73, 0x95, 0xfe, 0xff, 0x73, 0x94, 0xfe, 0xff, 0x73, 0x94, 0xfe,
  0xff, 0x73, 0x94, 0xfe, 0xff, 0x74, 0x94, 0xfe, 0xff, 0x74, 0x94, 0xfe, 0xff, 0x75, 0x94, 0xff,
  0xff, 0x75, 0x94, 0xfe, 0xff, 0x74, 0x94, 0xfd, 0xff, 0x75, 0x94, 0xf7, 0xff, 0x7c, 0x9a, 0xff,
  0xff, 0x76, 0x93, 0xfe, 0xff, 0x77, 0x94, 0x9e, 0xff, 0x7a, 0x93, 0x34, 0xff, 0x7f, 0x7f, 0x02,
  0x00, 0x00, 0x00, 0x00, 0xff, 0x00, 0x00, 0x01, 0xff, 0x00, 0xff, 0x01, 0x00, 0x00, 0x00, 0x00,
  0x00, 0x00, 0x00, 0x00, 0xda, 0xb6, 0x91, 0x07, 0x00, 0x00, 0x00, 0x00, 0x00, 0x00, 0x00, 0x00,
  0xe5, 0xbb, 0x91, 0x5b, 0xe3, 0xb8, 0x8d, 0xfe, 0xf6, 0xc4, 0x93, 0xff, 0xe3, 0xb0, 0x7f, 0xf6,
  0xe2, 0xac, 0x7c, 0xfd, 0xe1, 0xaa, 0x7b, 0xff, 0xe0, 0xa8, 0x7b, 0xff, 0xdf, 0xa6, 0x7b, 0xfe,
  0xdf, 0xa4, 0x7b, 0xfe, 0xde, 0xa2, 0x7c, 0xfe, 0xde, 0xa1, 0x7c, 0xfe, 0xdd, 0xa1, 0x7b, 0xfe,
  0xdb, 0x9f, 0x7b, 0xfe, 0xdb, 0x9d, 0x7b, 0xfe, 0xdc, 0x9c, 0x7b, 0xff, 0xdc, 0x9a, 0x7b, 0xfe,
  0xda, 0x98, 0x7b, 0xfe, 0xd8, 0x96, 0x7b, 0xfe, 0xd7, 0x96, 0x7b, 0xfe, 0xd8, 0x95, 0x7c, 0xfe,
  0xd8, 0x94, 0x7d, 0xfe, 0xd7, 0x93, 0x7c, 0xfb, 0xd5, 0x93, 0x80, 0xfe, 0xef, 0xaa, 0x99, 0xff,
  0xd5, 0x9a, 0x8c, 0xd3, 0xd8, 0x9a, 0x92, 0x21, 0x00, 0x00, 0x00, 0x00, 0xff, 0xaa, 0xaa, 0x03,
  0xaa, 0xaa, 0xaa, 0x03, 0x00, 0x00, 0x00, 0x00, 0x00, 0x00, 0x00, 0x00, 0x00, 0x00, 0x00, 0x00,
  0x00, 0x00, 0x00, 0x00, 0x00, 0x00, 0x00, 0x00, 0x00, 0x00, 0x00, 0x00, 0x00, 0x00, 0x00, 0x00,
  0x00, 0x00, 0x00, 0x00, 0x00, 0x00, 0x00, 0x00, 0x00, 0x00, 0x00, 0x00, 0x00, 0x00, 0x00, 0x00,
  0x00, 0x00, 0x00, 0x00, 0x00, 0x00, 0x00, 0x00, 0x00, 0x00, 0x00, 0x00, 0x00, 0x00, 0x00, 0x00,
  0x00, 0x00, 0x00, 0x00, 0x00, 0x00, 0x00, 0x00, 0x00, 0x00, 0x00, 0x00, 0x00, 0x00, 0x00, 0x00,
  0x00, 0x00, 0x00, 0x00, 0x00, 0x00, 0x00, 0x00, 0x00, 0x00, 0x00, 0x00, 0x00, 0x00, 0x00, 0x00,
  0xff, 0xff, 0x00, 0x01, 0x00, 0x00, 0x00, 0x00, 0xff, 0xff, 0xff, 0x01, 0x00, 0x00, 0x00, 0x00,
  0xff, 0x6e, 0xa1, 0x1e, 0xff, 0x6e, 0x95, 0x98, 0xff, 0x75, 0x9d, 0xef, 0xff, 0x75, 0x9d, 0xff,
  0xff, 0x71, 0x98, 0xfd, 0xff, 0x6f, 0x94, 0xfc, 0xff, 0x6f, 0x93, 0xfc, 0xff, 0x70, 0x94, 0xfe,
  0xff, 0x71, 0x96, 0xfe, 0xff, 0x71, 0x95, 0xfe, 0xff, 0x71, 0x95, 0xfe, 0xff, 0x71, 0x94, 0xfe,
  0xff, 0x71, 0x94, 0xfe, 0xff, 0x71, 0x94, 0xfe, 0xff, 0x72, 0x95, 0xfe, 0xff, 0x72, 0x94, 0xfe,
  0xff, 0x72, 0x95, 0xfd, 0xff, 0x71, 0x94, 0xfb, 0xff, 0x73, 0x95, 0xff, 0xff, 0x77, 0x9a, 0xff,
  0xff, 0x75, 0x96, 0xf0, 0xff, 0x72, 0x93, 0xab, 0xff, 0x74, 0x97, 0x3b, 0x00, 0x00, 0x00, 0x00,
  0x00, 0x00, 0x00, 0x00, 0xff, 0x7f, 0xaa, 0x06, 0xff, 0x00, 0x00, 0x01, 0x00, 0x00, 0x00, 0x00,
  0x00, 0x00, 0x00, 0x00, 0x00, 0x00, 0x00, 0x00, 0xda, 0xb6, 0x91, 0x07, 0x00, 0x00, 0x00, 0x00,
  0x00, 0x00, 0x00, 0x00, 0xe5, 0xbb, 0x91, 0x5b, 0xe6, 0xba, 0x8f, 0xfe, 0xfa, 0xc6, 0x94, 0xff,
  0xe6, 0xb0, 0x80, 0xf6, 0xe6, 0xae, 0x7e, 0xfd, 0xe4, 0xaa, 0x7d, 0xff, 0xe2, 0xa8, 0x7d, 0xff,
  0xe1, 0xa7, 0x7d, 0xfe, 0xe2, 0xa6, 0x7d, 0xfe, 0xe2, 0xa3, 0x7c, 0xfe, 0xe2, 0xa2, 0x7c, 0xfe,
  0xe1, 0xa2, 0x7d, 0xfe, 0xdf, 0xa0, 0x7d, 0xfe, 0xdf, 0x9e, 0x7d, 0xfe, 0xde, 0x9c, 0x7d, 0xff,
  0xde, 0x9a, 0x7d, 0xfe, 0xdc, 0x99, 0x7d, 0xfe, 0xdc, 0x97, 0x7d, 0xfe, 0xdb, 0x96, 0x7d, 0xfe,
  0xdb, 0x95, 0x7e, 0xfe, 0xda, 0x94, 0x7e, 0xfe, 0xdb, 0x95, 0x7e, 0xfb, 0xd9, 0x95, 0x82, 0xfe,
  0xf3, 0xab, 0x9b, 0xff, 0xd8, 0x9a, 0x8d, 0xd3, 0xd8, 0x9a, 0x92, 0x21, 0x00, 0x00, 0x00, 0x00,
  0xff, 0xaa, 0xaa, 0x03, 0xaa, 0xaa, 0xaa, 0x03, 0x00, 0x00, 0x00, 0x00, 0x00, 0x00, 0x00, 0x00,
  0x00, 0x00, 0x00, 0x00, 0x00, 0x00, 0x00, 0x00, 0x00, 0x00, 0x00, 0x00, 0x00, 0x00, 0x00, 0x00,
  0x00, 0x00, 0x00, 0x00, 0x00, 0x00, 0x00, 0x00, 0x00, 0x00, 0x00, 0x00, 0x00, 0x00, 0x00, 0x00,
  0x00, 0x00, 0x00, 0x00, 0x00, 0x00, 0x00, 0x00, 0x00, 0x00, 0x00, 0x00, 0x00, 0x00, 0x00, 0x00,
  0x00, 0x00, 0x00, 0x00, 0x00, 0x00, 0x00, 0x00, 0x00, 0x00, 0x00, 0x00, 0x00, 0x00, 0x00, 0x00,
  0x00, 0x00, 0x00, 0x00, 0x00, 0x00, 0x00, 0x00, 0x00, 0x00, 0x00, 0x00, 0x00, 0x00, 0x00, 0x00,
  0x00, 0x00, 0x00, 0x00, 0x00, 0x00, 0x00, 0x00, 0x00, 0x00, 0x00, 0x00, 0xff, 0x7f, 0x7f, 0x04,
  0x00, 0x00, 0x00, 0x00, 0xff, 0x00, 0x00, 0x01, 0xff, 0x6b, 0x93, 0x47, 0xff, 0x70, 0x96, 0xaa,
  0xff, 0x70, 0x96, 0xf8, 0xff, 0x75, 0x9d, 0xff, 0xff, 0x6f, 0x96, 0xfb, 0xff, 0x6f, 0x94, 0xfc,
  0xff, 0x6f, 0x95, 0xfe, 0xff, 0x70, 0x96, 0xfe, 0xff, 0x70, 0x96, 0xff, 0xff, 0x70, 0x95, 0xff,
  0xff, 0x6f, 0x95, 0xfe, 0xff, 0x6f, 0x95, 0xfe, 0xff, 0x6f, 0x95, 0xfe, 0xff, 0x70, 0x96, 0xfe,
  0xff, 0x70, 0x96, 0xfe, 0xff, 0x71, 0x95, 0xfc, 0xff, 0x6f, 0x95, 0xfb, 0xff, 0x71, 0x95, 0xff,
  0xff, 0x70, 0x94, 0xfe, 0xff, 0x6f, 0x93, 0xa9, 0xff, 0x6a, 0x9a, 0x2b, 0xff, 0x7f, 0x7f, 0x02,
  0x00, 0x00, 0x00, 0x00, 0x00, 0x00, 0x00, 0x00, 0xff, 0x00, 0xff, 0x01, 0x00, 0x00, 0x00, 0x00,
  0x00, 0x00, 0x00, 0x00, 0x00, 0x00, 0x00, 0x00, 0x00, 0x00, 0x00, 0x00, 0xda, 0xb6, 0x91, 0x07,
  0x00, 0x00, 0x00, 0x00, 0x00, 0x00, 0x00, 0x00, 0xe8, 0xbe, 0x91, 0x5b, 0xe9, 0xbb, 0x90, 0xfe,
  0xfe, 0xc7, 0x97, 0xff, 0xe9, 0xb1, 0x83, 0xf6, 0xe8, 0xae, 0x81, 0xfd, 0xe7, 0xab, 0x7f, 0xfe,
  0xe6, 0xa9, 0x7e, 0xff, 0xe5, 0xa8, 0x80, 0xff, 0xe5, 0xa7, 0x80, 0xff, 0xe5, 0xa5, 0x7e, 0xfe,
  0xe5, 0xa4, 0x7e, 0xff, 0xe4, 0xa3, 0x7f, 0xff, 0xe3, 0xa2, 0x7e, 0xfe, 0xe2, 0x9f, 0x7e, 0xfe,
  0xe1, 0x9d, 0x7f, 0xfe, 0xe0, 0x9c, 0x7e, 0xfe, 0xe0, 0x9a, 0x7e, 0xfe, 0xe0, 0x98, 0x7e, 0xfe,
  0xdf, 0x96, 0x7e, 0xfe, 0xde, 0x95, 0x7e, 0xfe, 0xde, 0x95, 0x7e, 0xff, 0xde, 0x95, 0x81, 0xfb,
  0xdd, 0x96, 0x86, 0xfd, 0xf6, 0xad, 0x9c, 0xff, 0xdd, 0x9d, 0x8f, 0xd2, 0xe0, 0xa2, 0x92, 0x21,
  0x00, 0x00, 0x00, 0x00, 0xff, 0xaa, 0xaa, 0x03, 0xff, 0xaa, 0xaa, 0x03, 0x00, 0x00, 0x00, 0x00,
  0x00, 0x00, 0x00, 0x00, 0x00, 0x00, 0x00, 0x00, 0x00, 0x00, 0x00, 0x00, 0x00, 0x00, 0x00, 0x00,
  0x00, 0x00, 0x00, 0x00, 0x00, 0x00, 0x00, 0x00, 0x00, 0x00, 0x00, 0x00, 0x00, 0x00, 0x00, 0x00,
  0x00, 0x00, 0x00, 0x00, 0x00, 0x00, 0x00, 0x00, 0x00, 0x00, 0x00, 0x00, 0x00, 0x00, 0x00, 0x00,
  0x00, 0x00, 0x00, 0x00, 0x00, 0x00, 0x00, 0x00, 0x00, 0x00, 0x00, 0x00, 0x00, 0x00, 0x00, 0x00,
  0x00, 0x00, 0x00, 0x00, 0x00, 0x00, 0x00, 0x00, 0x00, 0x00, 0x00, 0x00, 0x00, 0x00, 0x00, 0x00,
  0x00, 0x00, 0x00, 0x00, 0x00, 0x00, 0x00, 0x00, 0x00, 0x00, 0x00, 0x00, 0x00, 0x00, 0x00, 0x00,
  0xff, 0x7f, 0x7f, 0x02, 0xff, 0x7f, 0x7f, 0x02, 0x00, 0x00, 0x00, 0x00, 0xff, 0x77, 0x99, 0x0f,
  0xff, 0x6d, 0x91, 0x46, 0xff, 0x6f, 0x94, 0xac, 0xff, 0x72, 0x98, 0xf6, 0xff, 0x7b, 0xa4, 0xff,
  0xff, 0x77, 0xa0, 0xff, 0xff, 0x6e, 0x96, 0xfd, 0xff, 0x70, 0x96, 0xf7, 0xff, 0x6f, 0x95, 0xf8,
  0xff, 0x6f, 0x95, 0xf9, 0xff, 0x6f, 0x96, 0xf9, 0xff, 0x6f, 0x95, 0xf9, 0xff, 0x6f, 0x95, 0xf8,
  0xff, 0x6f, 0x97, 0xf6, 0xff, 0x70, 0x96, 0xfc, 0xff, 0x72, 0x9a, 0xff, 0xff, 0x79, 0xa3, 0xff,
  0xff, 0x6f, 0x95, 0xf9, 0xff, 0x6d, 0x94, 0x9e, 0xff, 0x6b, 0x93, 0x39, 0x00, 0x00, 0x00, 0x00,
  0x00, 0x00, 0x00, 0x00, 0xff, 0x7f, 0xbf, 0x04, 0xff, 0xff, 0xff, 0x01, 0x00, 0x00, 0x00, 0x00,
  0x00, 0x00, 0x00, 0x00, 0x00, 0x00, 0x00, 0x00, 0x00, 0x00, 0x00, 0x00, 0x00, 0x00, 0x00, 0x00,
  0xda, 0xb6, 0x91, 0x07, 0x00, 0x00, 0x00, 0x00, 0x00, 0x00, 0x00, 0x00, 0xeb, 0xbe, 0x94, 0x5b,
  0xeb, 0xbc, 0x92, 0xfe, 0xff, 0xc8, 0x99, 0xff, 0xeb, 0xb0, 0x84, 0xf7, 0xea, 0xad, 0x80, 0xfe,
  0xea, 0xab, 0x80, 0xfe, 0xe9, 0xaa, 0x7f, 0xff, 0xe8, 0xa9, 0x80, 0xff, 0xe8, 0xa8, 0x80, 0xff,
  0xe7, 0xa6, 0x7f, 0xfe, 0xe7, 0xa5, 0x7f, 0xfe, 0xe7, 0xa3, 0x80, 0xff, 0xe5, 0xa2, 0x7f, 0xfe,
  0xe4, 0xa0, 0x7f, 0xfe, 0xe4, 0x9e, 0x7f, 0xfe, 0xe3, 0x9c, 0x7f, 0xfe, 0xe3, 0x9a, 0x7f, 0xfe,
  0xe3, 0x98, 0x7f, 0xfe, 0xe2, 0x97, 0x7f, 0xfe, 0xe1, 0x96, 0x7f, 0xfe, 0xe1, 0x95, 0x7f, 0xff,
  0xe2, 0x95, 0x82, 0xfa, 0xe0, 0x96, 0x87, 0xfd, 0xf9, 0xad, 0x9d, 0xff, 0xdf, 0x9d, 0x91, 0xd2,
  0xe0, 0xa2, 0x92, 0x21, 0x00, 0x00, 0x00, 0x00, 0xff, 0xaa, 0xaa, 0x03, 0xff, 0xaa, 0xaa, 0x03,
  0x00, 0x00, 0x00, 0x00, 0x00, 0x00, 0x00, 0x00, 0x00, 0x00, 0x00, 0x00, 0x00, 0x00, 0x00, 0x00,
  0x00, 0x00, 0x00, 0x00, 0x00, 0x00, 0x00, 0x00, 0x00, 0x00, 0x00, 0x00, 0x00, 0x00, 0x00, 0x00,
  0x00, 0x00, 0x00, 0x00, 0x00, 0x00, 0x00, 0x00, 0x00, 0x00, 0x00, 0x00, 0x00, 0x00, 0x00, 0x00,
  0x00, 0x00, 0x00, 0x00, 0x00, 0x00, 0x00, 0x00, 0x00, 0x00, 0x00, 0x00, 0x00, 0x00, 0x00, 0x00,
  0x00, 0x00, 0x00, 0x00, 0x00, 0x00, 0x00, 0x00, 0x00, 0x00, 0x00, 0x00, 0x00, 0x00, 0x00, 0x00,
  0x00, 0x00, 0x00, 0x00, 0x00, 0x00, 0x00, 0x00, 0x00, 0x00, 0x00, 0x00, 0x00, 0x00, 0x00, 0x00,
  0x00, 0x00, 0x00, 0x00, 0x00, 0x00, 0x00, 0x00, 0xff, 0x7f, 0x7f, 0x02, 0xff, 0x7f, 0x7f, 0x02,
  0x00, 0x00, 0x00, 0x00, 0xff, 0x7f, 0xbf, 0x04, 0xff, 0x6c, 0x92, 0x4b, 0xff, 0x6d, 0x92, 0xa5,
  0xff, 0x71, 0x96, 0xe1, 0xff, 0x72, 0x9a, 0xf0, 0xff, 0x70, 0x96, 0xfc, 0xff, 0x75, 0x9d, 0xff,
  0xff, 0x74, 0x9c, 0xff, 0xff, 0x73, 0x9a, 0xff, 0xff, 0x74, 0x9b, 0xff, 0xff, 0x74, 0x9b, 0xff,
  0xff, 0x73, 0x9b, 0xff, 0xff, 0x74, 0x9b, 0xff, 0xff, 0x72, 0x99, 0xff, 0xff, 0x6f, 0x95, 0xf2,
  0xff, 0x71, 0x98, 0xe5, 0xff, 0x6e, 0x96, 0xad, 0xff, 0x6b, 0x99, 0x32, 0x00, 0x00, 0x00, 0x00,
  0xff, 0x7f, 0x7f, 0x02, 0xff, 0x3f, 0x7f, 0x04, 0xff, 0x00, 0xff, 0x01, 0x00, 0x00, 0x00, 0x00,
  0x00, 0x00, 0x00, 0x00, 0x00, 0x00, 0x00, 0x00, 0x00, 0x00, 0x00, 0x00, 0x00, 0x00, 0x00, 0x00,
  0x00, 0x00, 0x00, 0x00, 0xda, 0xb6, 0x91, 0x07, 0x00, 0x00, 0x00, 0x00, 0x00, 0x00, 0x00, 0x00,
  0xee, 0xbe, 0x97, 0x5b, 0xee, 0xbd, 0x93, 0xfe, 0xff, 0xc9, 0x9a, 0xff, 0xee, 0xb1, 0x84, 0xf7,
  0xed, 0xae, 0x80, 0xfe, 0xed, 0xac, 0x80, 0xff, 0xec, 0xab, 0x80, 0xff, 0xeb, 0xa9, 0x80, 0xff,
  0xeb, 0xa8, 0x80, 0xff, 0xea, 0xa7, 0x80, 0xfe, 0xea, 0xa5, 0x80, 0xfe, 0xea, 0xa3, 0x80, 0xfe,
  0xe8, 0xa1, 0x80, 0xfe, 0xe7, 0xa0, 0x80, 0xfe, 0xe7, 0x9f, 0x7f, 0xfe, 0xe6, 0x9c, 0x80, 0xfe,
  0xe6, 0x9a, 0x81, 0xfe, 0xe6, 0x99, 0x81, 0xfe, 0xe5, 0x98, 0x80, 0xfe, 0xe4, 0x97, 0x80, 0xfe,
  0xe4, 0x95, 0x81, 0xfe, 0xe5, 0x95, 0x83, 0xfa, 0xe3, 0x98, 0x87, 0xfd, 0xfd, 0xaf, 0xa0, 0xff,
  0xe3, 0x9f, 0x95, 0xd2, 0xe0, 0xa2, 0x92, 0x21, 0x00, 0x00, 0x00, 0x00, 0xff, 0xaa, 0xaa, 0x03,
  0xff, 0xaa, 0xaa, 0x03, 0x00, 0x00, 0x00, 0x00, 0x00, 0x00, 0x00, 0x00, 0x00, 0x00, 0x00, 0x00,
  0x00, 0x00, 0x00, 0x00, 0x00, 0x00, 0x00, 0x00, 0x00, 0x00, 0x00, 0x00, 0x00, 0x00, 0x00, 0x00,
  0x00, 0x00, 0x00, 0x00, 0x00, 0x00, 0x00, 0x00, 0x00, 0x00, 0x00, 0x00, 0x00, 0x00, 0x00, 0x00,
  0x00, 0x00, 0x00, 0x00, 0x00, 0x00, 0x00, 0x00, 0x00, 0x00, 0x00, 0x00, 0x00, 0x00, 0x00, 0x00,
  0x00, 0x00, 0x00, 0x00, 0x00, 0x00, 0x00, 0x00, 0x00, 0x00, 0x00, 0x00, 0x00, 0x00, 0x00, 0x00,
  0x00, 0x00, 0x00, 0x00, 0x00, 0x00, 0x00, 0x00, 0x00, 0x00, 0x00, 0x00, 0x00, 0x00, 0x00, 0x00,
  0x00, 0x00, 0x00, 0x00, 0x00, 0x00, 0x00, 0x00, 0x00, 0x00, 0x00, 0x00, 0x00, 0x00, 0x00, 0x00,
  0x00, 0x00, 0x00, 0x00, 0x00, 0x00, 0x00, 0x00, 0x00, 0x00, 0x00, 0x00, 0xff, 0x66, 0x7f, 0x0a,
  0xff, 0x6e, 0x90, 0x1e, 0xff, 0x70, 0x95, 0x4b, 0xff, 0x6f, 0x95, 0x94, 0xff, 0x70, 0x96, 0xe0,
  0xff, 0x79, 0xa2, 0xff, 0xff, 0x7b, 0xa5, 0xff, 0xff, 0x75, 0x9d, 0xff, 0xff, 0x76, 0x9d, 0xff,
  0xff, 0x76, 0x9e, 0xff, 0xff, 0x77, 0xa0, 0xff, 0xff, 0x77, 0xa1, 0xff, 0xff, 0x6f, 0x95, 0xf4,
  0xff, 0x70, 0x94, 0xad, 0xff, 0x6f, 0x97, 0x60, 0xff, 0x6b, 0x9a, 0x26, 0xff, 0x3f, 0x7f, 0x04,
  0x00, 0x00, 0x00, 0x00, 0x00, 0x00, 0x00, 0x00, 0xff, 0x00, 0x00, 0x01, 0x00, 0x00, 0x00, 0x00,
  0x00, 0x00, 0x00, 0x00, 0x00, 0x00, 0x00, 0x00, 0x00, 0x00, 0x00, 0x00, 0x00, 0x00, 0x00, 0x00,
  0x00, 0x00, 0x00, 0x00, 0x00, 0x00, 0x00, 0x00, 0xda, 0xb6, 0x91, 0x07, 0x00, 0x00, 0x00, 0x00,
  0x00, 0x00, 0x00, 0x00, 0xf3, 0xc1, 0x97, 0x5b, 0xf2, 0xbe, 0x95, 0xff, 0xff, 0xca, 0x9c, 0xff,
  0xf0, 0xb3, 0x86, 0xf7, 0xef, 0xb0, 0x83, 0xfe, 0xf0, 0xae, 0x82, 0xff, 0xef, 0xac, 0x81, 0xfe,
  0xee, 0xaa, 0x82, 0xfe, 0xee, 0xa9, 0x82, 0xfe, 0xed, 0xa8, 0x81, 0xff, 0xec, 0xa6, 0x81, 0xff,
  0xec, 0xa3, 0x82, 0xfe, 0xeb, 0xa1, 0x82, 0xfe, 0xeb, 0xa0, 0x82, 0xfe, 0xeb, 0x9f, 0x81, 0xfe,
  0xea, 0x9e, 0x82, 0xfe, 0xe9, 0x9d, 0x83, 0xfe, 0xe8, 0x9b, 0x83, 0xff, 0xe8, 0x9a, 0x83, 0xff,
  0xe8, 0x97, 0x82, 0xfe, 0xe6, 0x95, 0x83, 0xfe, 0xe6, 0x95, 0x85, 0xfb, 0xe5, 0x99, 0x89, 0xfe,
  0xff, 0xb1, 0xa2, 0xff, 0xe4, 0xa1, 0x96, 0xd2, 0xe7, 0xa2, 0x9a, 0x21, 0x00, 0x00, 0x00, 0x00,
  0xff, 0xaa, 0xaa, 0x03, 0xff, 0xaa, 0xaa, 0x03, 0x00, 0x00, 0x00, 0x00, 0x00, 0x00, 0x00, 0x00,
  0x00, 0x00, 0x00, 0x00, 0x00, 0x00, 0x00, 0x00, 0x00, 0x00, 0x00, 0x00, 0x00, 0x00, 0x00, 0x00,
  0x00, 0x00, 0x00, 0x00, 0x00, 0x00, 0x00, 0x00, 0x00, 0x00, 0x00, 0x00, 0x00, 0x00, 0x00, 0x00,
  0x00, 0x00, 0x00, 0x00, 0x00, 0x00, 0x00, 0x00, 0x00, 0x00, 0x00, 0x00, 0x00, 0x00, 0x00, 0x00,
  0x00, 0x00, 0x00, 0x00, 0x00, 0x00, 0x00, 0x00, 0x00, 0x00, 0x00, 0x00, 0x00, 0x00, 0x00, 0x00,
  0x00, 0x00, 0x00, 0x00, 0x00, 0x00, 0x00, 0x00, 0x00, 0x00, 0x00, 0x00, 0x00, 0x00, 0x00, 0x00,
  0x00, 0x00, 0x00, 0x00, 0x00, 0x00, 0x00, 0x00, 0x00, 0x00, 0x00, 0x00, 0x00, 0x00, 0x00, 0x00,
  0x00, 0x00, 0x00, 0x00, 0x00, 0x00, 0x00, 0x00, 0xff, 0x55, 0xaa, 0x03, 0xff, 0x7f, 0x7f, 0x02,
  0x00, 0x00, 0x00, 0x00, 0x00, 0x00, 0x00, 0x00, 0x00, 0x00, 0x00, 0x00, 0xff, 0x6e, 0x90, 0x35,
  0xff, 0x71, 0x96, 0x6e, 0xff, 0x71, 0x97, 0x92, 0xff, 0x73, 0x9b, 0xa1, 0xff, 0x70, 0x94, 0xaf,
  0xff, 0x70, 0x94, 0xb6, 0xff, 0x6f, 0x96, 0xb0, 0xff, 0x6f, 0x95, 0xa4, 0xff, 0x6e, 0x96, 0x99,
  0xff, 0x6f, 0x96, 0x7c, 0xff, 0x6f, 0x96, 0x47, 0xff, 0x6d, 0x7f, 0x0e, 0x00, 0x00, 0x00, 0x00,
  0x00, 0x00, 0x00, 0x00, 0xff, 0x7f, 0x7f, 0x06, 0xff, 0x00, 0xff, 0x01, 0x00, 0x00, 0x00, 0x00,
  0x00, 0x00, 0x00, 0x00, 0x00, 0x00, 0x00, 0x00, 0x00, 0x00, 0x00, 0x00, 0x00, 0x00, 0x00, 0x00,
  0x00, 0x00, 0x00, 0x00, 0x00, 0x00, 0x00, 0x00, 0x00, 0x00, 0x00, 0x00, 0xda, 0xb6, 0x91, 0x07,
  0x00, 0x00, 0x00, 0x00, 0x00, 0x00, 0x00, 0x00, 0xf3, 0xc4, 0x97, 0x5b, 0xf4, 0xbf, 0x96, 0xff,
  0xff, 0xcb, 0x9d, 0xff, 0xf4, 0xb4, 0x87, 0xf6, 0xf3, 0xb1, 0x85, 0xfd, 0xf3, 0xaf, 0x83, 0xfe,
  0xf2, 0xac, 0x82, 0xfe, 0xf1, 0xab, 0x83, 0xfe, 0xf1, 0xaa, 0x82, 0xfe, 0xf0, 0xa9, 0x82, 0xff,
  0xef, 0xa7, 0x82, 0xff, 0xef, 0xa3, 0x83, 0xfe, 0xee, 0xa1, 0x83, 0xfe, 0xee, 0xa0, 0x83, 0xfe,
  0xee, 0x9f, 0x83, 0xfe, 0xed, 0x9e, 0x83, 0xfe, 0xec, 0x9d, 0x84, 0xfe, 0xeb, 0x9b, 0x85, 0xff,
  0xeb, 0x9a, 0x84, 0xff, 0xeb, 0x98, 0x83, 0xff, 0xe9, 0x95, 0x84, 0xfe, 0xe9, 0x95, 0x85, 0xfb,
  0xe8, 0x99, 0x8a, 0xfe, 0xff, 0xb2, 0xa4, 0xff, 0xe7, 0xa3, 0x97, 0xd2, 0xe7, 0xa2, 0x9a, 0x21,
  0x00, 0x00, 0x00, 0x00, 0xff, 0xaa, 0xaa, 0x03, 0xff, 0xaa, 0xaa, 0x03, 0x00, 0x00, 0x00, 0x00,
  0x00, 0x00, 0x00, 0x00, 0x00, 0x00, 0x00, 0x00, 0x00, 0x00, 0x00, 0x00, 0x00, 0x00, 0x00, 0x00,
  0x00, 0x00, 0x00, 0x00, 0x00, 0x00, 0x00, 0x00, 0x00, 0x00, 0x00, 0x00, 0x00, 0x00, 0x00, 0x00,
  0x00, 0x00, 0x00, 0x00, 0x00, 0x00, 0x00, 0x00, 0x00, 0x00, 0x00, 0x00, 0x00, 0x00, 0x00, 0x00,
  0x00, 0x00, 0x00, 0x00, 0x00, 0x00, 0x00, 0x00, 0x00, 0x00, 0x00, 0x00, 0x00, 0x00, 0x00, 0x00,
  0x00, 0x00, 0x00, 0x00, 0x00, 0x00, 0x00, 0x00, 0x00, 0x00, 0x00, 0x00, 0x00, 0x00, 0x00, 0x00,
  0x00, 0x00, 0x00, 0x00, 0x00, 0x00, 0x00, 0x00, 0x00, 0x00, 0x00, 0x00, 0x00, 0x00, 0x00, 0x00,
  0x00, 0x00, 0x00, 0x00, 0x00, 0x00, 0x00, 0x00, 0x00, 0x00, 0x00, 0x00, 0x00, 0x00, 0x00, 0x00,
  0x00, 0x00, 0x00, 0x00, 0xff, 0x00, 0xff, 0x01, 0xff, 0x7f, 0x7f, 0x02, 0xff, 0x00, 0xff, 0x01,
  0x00, 0x00, 0x00, 0x00, 0x00, 0x00, 0x00, 0x00, 0x00, 0x00, 0x00, 0x00, 0xff, 0x6f, 0x8f, 0x10,
  0xff, 0x71, 0x92, 0x2f, 0xff, 0x72, 0x95, 0x3a, 0xff, 0x71, 0x97, 0x2f, 0xff, 0x79, 0x90, 0x17,
  0x00, 0x00, 0x01, 0x00, 0x00, 0x00, 0x00, 0x00, 0x00, 0x00, 0x00, 0x00, 0xff, 0x00, 0x00, 0x01,
  0xff, 0x7f, 0x7f, 0x02, 0xff, 0x00, 0x00, 0x01, 0x00, 0x00, 0x00, 0x00, 0x00, 0x00, 0x00, 0x00,
  0x00, 0x00, 0x00, 0x00, 0x00, 0x00, 0x00, 0x00, 0x00, 0x00, 0x00, 0x00, 0x00, 0x00, 0x00, 0x00,
  0x00, 0x00, 0x00, 0x00, 0x00, 0x00, 0x00, 0x00, 0x00, 0x00, 0x00, 0x00, 0x00, 0x00, 0x00, 0x00,
  0xda, 0xb6, 0x91, 0x07, 0x00, 0x00, 0x00, 0x00, 0x00, 0x00, 0x00, 0x00, 0xf6, 0xc4, 0x9a, 0x5b,
  0xf6, 0xc1, 0x97, 0xff, 0xff, 0xcc, 0x9e, 0xff, 0xf6, 0xb4, 0x88, 0xf6, 0xf5, 0xb1, 0x85, 0xfd,
  0xf5, 0xaf, 0x84, 0xfe, 0xf5, 0xad, 0x84, 0xfe, 0xf4, 0xab, 0x83, 0xfe, 0xf4, 0xaa, 0x83, 0xfe,
  0xf3, 0xa9, 0x84, 0xff, 0xf2, 0xa7, 0x84, 0xff, 0xf1, 0xa4, 0x84, 0xfe, 0xf1, 0xa2, 0x84, 0xfe,
  0xf1, 0xa1, 0x84, 0xfe, 0xf0, 0xa0, 0x84, 0xfe, 0xef, 0x9e, 0x84, 0xfe, 0xef, 0x9c, 0x84, 0xfe,
  0xef, 0x9b, 0x85, 0xfe, 0xee, 0x9a, 0x85, 0xff, 0xed, 0x99, 0x85, 0xff, 0xec, 0x96, 0x85, 0xfe,
  0xed, 0x96, 0x86, 0xfa, 0xec, 0x9a, 0x8b, 0xfd, 0xff, 0xb2, 0xa5, 0xff, 0xea, 0xa3, 0x99, 0xd2,
  0xe7, 0xa2, 0x9a, 0x21, 0x00, 0x00, 0x00, 0x00, 0xff, 0xaa, 0xaa, 0x03, 0xff, 0xaa, 0xaa, 0x03,
  0x00, 0x00, 0x00, 0x00, 0x00, 0x00, 0x00, 0x00, 0x00, 0x00, 0x00, 0x00, 0x00, 0x00, 0x00, 0x00,
  0x00, 0x00, 0x00, 0x00, 0x00, 0x00, 0x00, 0x00, 0x00, 0x00, 0x00, 0x00, 0x00, 0x00, 0x00, 0x00,
  0x00, 0x00, 0x00, 0x00, 0x00, 0x00, 0x00, 0x00, 0x00, 0x00, 0x00, 0x00, 0x00, 0x00, 0x00, 0x00,
  0x00, 0x00, 0x00, 0x00, 0x00, 0x00, 0x00, 0x00, 0x00, 0x00, 0x00, 0x00, 0x00, 0x00, 0x00, 0x00,
  0x00, 0x00, 0x00, 0x00, 0x00, 0x00, 0x00, 0x00, 0x00, 0x00, 0x00, 0x00, 0x00, 0x00, 0x00, 0x00,
  0x00, 0x00, 0x00, 0x00, 0x00, 0x00, 0x00, 0x00, 0x00, 0x00, 0x00, 0x00, 0x00, 0x00, 0x00, 0x00,
  0x00, 0x00, 0x00, 0x00, 0x00, 0x00, 0x00, 0x00, 0x00, 0x00, 0x00, 0x00, 0x00, 0x00, 0x00, 0x00,
  0x00, 0x00, 0x00, 0x00, 0x00, 0x00, 0x00, 0x00, 0xff, 0xff, 0xff, 0x01, 0xff, 0x7f, 0x7f, 0x02,
  0x00, 0x00, 0x00, 0x00, 0x00, 0x00, 0x00, 0x00, 0x00, 0x00, 0x00, 0x00, 0x00, 0x00, 0x00, 0x00,
  0x00, 0x00, 0x00, 0x00, 0xff, 0x00, 0x00, 0x01, 0xff, 0x66, 0x99, 0x05, 0x00, 0x00, 0x00, 0x00,
  0x00, 0x00, 0x00, 0x00, 0x00, 0x00, 0x00, 0x00, 0x00, 0x00, 0x00, 0x00, 0x00, 0x00, 0x00, 0x00,
  0x00, 0x00, 0x00, 0x00, 0xff, 0x7f, 0x7f, 0x02, 0xff, 0x00, 0xff, 0x01, 0x00, 0x00, 0x00, 0x00,
  0x00, 0x00, 0x00, 0x00, 0x00, 0x00, 0x00, 0x00, 0x00, 0x00, 0x00, 0x00, 0x00, 0x00, 0x00, 0x00,
  0x00, 0x00, 0x00, 0x00, 0x00, 0x00, 0x00, 0x00, 0x00, 0x00, 0x00, 0x00, 0x00, 0x00, 0x00, 0x00,
  0x00, 0x00, 0x00, 0x00, 0xff, 0xb6, 0x91, 0x07, 0x00, 0x00, 0x00, 0x00, 0x00, 0x00, 0x00, 0x00,
  0xf9, 0xc4, 0x9a, 0x5b, 0xf9, 0xc1, 0x97, 0xfe, 0xff, 0xcd, 0x9f, 0xff, 0xf8, 0xb5, 0x8a, 0xf7,
  0xf7, 0xb1, 0x85, 0xfe, 0xf7, 0xaf, 0x85, 0xff, 0xf7, 0xad, 0x84, 0xfe, 0xf7, 0xaa, 0x84, 0xfe,
  0xf7, 0xa9, 0x84, 0xfe, 0xf6, 0xa8, 0x85, 0xfe, 0xf5, 0xa7, 0x86, 0xfe, 0xf4, 0xa4, 0x85, 0xfe,
  0xf4, 0xa2, 0x85, 0xfe, 0xf4, 0xa1, 0x85, 0xfe, 0xf4, 0xa0, 0x86, 0xfe, 0xf2, 0x9e, 0x85, 0xfe,
  0xf3, 0x9c, 0x85, 0xfe, 0xf2, 0x9c, 0x86, 0xff, 0xf1, 0x9b, 0x86, 0xff, 0xf0, 0x99, 0x86, 0xfe,
  0xef, 0x97, 0x87, 0xfe, 0xf0, 0x97, 0x88, 0xfa, 0xef, 0x9a, 0x8d, 0xfd, 0xff, 0xb2, 0xa6, 0xff,
  0xee, 0xa3, 0x99, 0xd2, 0xef, 0xa2, 0x9a, 0x21, 0x00, 0x00, 0x00, 0x00, 0xff, 0xaa, 0xaa, 0x03,
  0xff, 0xaa, 0xaa, 0x03, 0x00, 0x00, 0x00, 0x00, 0x00, 0x00, 0x00, 0x00, 0x00, 0x00, 0x00, 0x00,
  0x00, 0x00, 0x00, 0x00, 0x00, 0x00, 0x00, 0x00, 0x00, 0x00, 0x00, 0x00, 0x00, 0x00, 0x00, 0x00,
  0x00, 0x00, 0x00, 0x00, 0x00, 0x00, 0x00, 0x00, 0x00, 0x00, 0x00, 0x00, 0x00, 0x00, 0x00, 0x00,
  0x00, 0x00, 0x00, 0x00, 0x00, 0x00, 0x00, 0x00, 0x00, 0x00, 0x00, 0x00, 0x00, 0x00, 0x00, 0x00,
  0x00, 0x00, 0x00, 0x00, 0x00, 0x00, 0x00, 0x00, 0x00, 0x00, 0x00, 0x00, 0x00, 0x00, 0x00, 0x00,
  0x00, 0x00, 0x00, 0x00, 0x00, 0x00, 0x00, 0x00, 0x00, 0x00, 0x00, 0x00, 0x00, 0x00, 0x00, 0x00,
  0x00, 0x00, 0x00, 0x00, 0x00, 0x00, 0x00, 0x00, 0x00, 0x00, 0x00, 0x00, 0x00, 0x00, 0x00, 0x00,
  0x00, 0x00, 0x00, 0x00, 0x00, 0x00, 0x00, 0x00, 0x00, 0x00, 0x00, 0x00, 0x00, 0x00, 0x00, 0x00,
  0x00, 0x00, 0x00, 0x00, 0xff, 0xff, 0xff, 0x01, 0xff, 0x55, 0xaa, 0x03, 0xff, 0x7f, 0xaa, 0x06,
  0xff, 0x5f, 0x9f, 0x08, 0xff, 0x66, 0x99, 0x05, 0x00, 0x00, 0x00, 0x00, 0x00, 0x00, 0x00, 0x00,
  0x00, 0x00, 0x00, 0x00, 0xff, 0x3f, 0x7f, 0x04, 0xff, 0x6d, 0x91, 0x07, 0xff, 0x6d, 0x91, 0x07,
  0xff, 0x7f, 0xbf, 0x04, 0xff, 0x7f, 0x7f, 0x02, 0x00, 0x00, 0x00, 0x00, 0x00, 0x00, 0x00, 0x00,
  0x00, 0x00, 0x00, 0x00, 0x00, 0x00, 0x00, 0x00, 0x00, 0x00, 0x00, 0x00, 0x00, 0x00, 0x00, 0x00,
  0x00, 0x00, 0x00, 0x00, 0x00, 0x00, 0x00, 0x00, 0x00, 0x00, 0x00, 0x00, 0x00, 0x00, 0x00, 0x00,
  0x00, 0x00, 0x00, 0x00, 0x00, 0x00, 0x00, 0x00, 0xff, 0xb6, 0x91, 0x07, 0x00, 0x00, 0x00, 0x00,
  0x00, 0x00, 0x00, 0x00, 0xfc, 0xc4, 0x9a, 0x5b, 0xfc, 0xc1, 0x99, 0xfe, 0xff, 0xce, 0xa0, 0xff,
  0xfa, 0xb5, 0x89, 0xf8, 0xfb, 0xb1, 0x86, 0xfe, 0xf9, 0xaf, 0x85, 0xff, 0xf9, 0xad, 0x84, 0xfe,
  0xf9, 0xaa, 0x84, 0xfe, 0xf9, 0xa9, 0x86, 0xfe, 0xf8, 0xa8, 0x87, 0xfe, 0xf7, 0xa7, 0x86, 0xfe,
  0xf7, 0xa4, 0x86, 0xfe, 0xf6, 0xa2, 0x86, 0xfe, 0xf6, 0xa1, 0x86, 0xfe, 0xf6, 0xa0, 0x86, 0xfe,
  0xf5, 0x9e, 0x87, 0xfe, 0xf5, 0x9e, 0x87, 0xfe, 0xf4, 0x9c, 0x87, 0xff, 0xf3, 0x9b, 0x88, 0xff,
  0xf2, 0x99, 0x88, 0xfe, 0xf1, 0x97, 0x88, 0xfe, 0xf2, 0x97, 0x89, 0xfa, 0xf1, 0x9b, 0x8f, 0xfd,
  0xff, 0xb3, 0xa8, 0xff, 0xf1, 0xa3, 0x9b, 0xd2, 0xef, 0xa2, 0x9a, 0x21, 0x00, 0x00, 0x00, 0x00,
  0xff, 0xaa, 0xaa, 0x03, 0xff, 0xaa, 0xaa, 0x03, 0x00, 0x00, 0x00, 0x00, 0x00, 0x00, 0x00, 0x00,
  0x00, 0x00, 0x00, 0x00, 0x00, 0x00, 0x00, 0x00, 0x00, 0x00, 0x00, 0x00, 0x00, 0x00, 0x00, 0x00,
  0x00, 0x00, 0x00, 0x00, 0x00, 0x00, 0x00, 0x00, 0x00, 0x00, 0x00, 0x00, 0x00, 0x00, 0x00, 0x00,
  0x00, 0x00, 0x00, 0x00, 0x00, 0x00, 0x00, 0x00, 0x00, 0x00, 0x00, 0x00, 0x00, 0x00, 0x00, 0x00,
  0x00, 0x00, 0x00, 0x00, 0x00, 0x00, 0x00, 0x00, 0x00, 0x00, 0x00, 0x00, 0x00, 0x00, 0x00, 0x00,
  0x00, 0x00, 0x00, 0x00, 0x00, 0x00, 0x00, 0x00, 0x00, 0x00, 0x00, 0x00, 0x00, 0x00, 0x00, 0x00,
  0x00, 0x00, 0x00, 0x00, 0x00, 0x00, 0x00, 0x00, 0x00, 0x00, 0x00, 0x00, 0x00, 0x00, 0x00, 0x00,
  0x00, 0x00, 0x00, 0x00, 0x00, 0x00, 0x00, 0x00, 0x00, 0x00, 0x00, 0x00, 0x00, 0x00, 0x00, 0x00,
  0x00, 0x00, 0x00, 0x00, 0x00, 0x00, 0x00, 0x00, 0x00, 0x00, 0x00, 0x00, 0x00, 0x00, 0x00, 0x00,
  0x00, 0x00, 0x00, 0x00, 0x00, 0x00, 0x00, 0x00, 0x00, 0x00, 0x00, 0x00, 0x00, 0x00, 0x00, 0x00,
  0x00, 0x00, 0x00, 0x00, 0x00, 0x00, 0x00, 0x00, 0x00, 0x00, 0x00, 0x00, 0x00, 0x00, 0x00, 0x00,
  0x00, 0x00, 0x00, 0x00, 0x00, 0x00, 0x00, 0x00, 0x00, 0x00, 0x00, 0x00, 0x00, 0x00, 0x00, 0x00,
  0x00, 0x00, 0x00, 0x00, 0x00, 0x00, 0x00, 0x00, 0x00, 0x00, 0x00, 0x00, 0x00, 0x00, 0x00, 0x00,
  0x00, 0x00, 0x00, 0x00, 0x00, 0x00, 0x00, 0x00, 0x00, 0x00, 0x00, 0x00, 0x00, 0x00, 0x00, 0x00,
  0x00, 0x00, 0x00, 0x00, 0x00, 0x00, 0x00, 0x00, 0x00, 0x00, 0x00, 0x00, 0xff, 0xb6, 0x91, 0x07,
  0x00, 0x00, 0x00, 0x00, 0x00, 0x00, 0x00, 0x00, 0xff, 0xc4, 0x9f, 0x5b, 0xff, 0xc1, 0x9b, 0xfe,
  0xff, 0xce, 0xa1, 0xff, 0xff, 0xb5, 0x8a, 0xf7, 0xff, 0xb1, 0x87, 0xfe, 0xfd, 0xaf, 0x86, 0xff,
  0xfc, 0xad, 0x86, 0xfe, 0xfc, 0xab, 0x86, 0xfe, 0xfc, 0xaa, 0x87, 0xfe, 0xfc, 0xa9, 0x88, 0xff,
  0xfb, 0xa7, 0x87, 0xff, 0xfa, 0xa5, 0x87, 0xfe, 0xf9, 0xa3, 0x88, 0xfe, 0xf9, 0xa2, 0x88, 0xfe,
  0xf8, 0xa0, 0x87, 0xfe, 0xf8, 0x9f, 0x88, 0xff, 0xf8, 0x9e, 0x89, 0xff, 0xf7, 0x9b, 0x88, 0xfe,
  0xf6, 0x9a, 0x89, 0xfe, 0xf6, 0x99, 0x89, 0xfe, 0xf5, 0x97, 0x88, 0xfe, 0xf4, 0x98, 0x8a, 0xfb,
  0xf4, 0x9b, 0x91, 0xfe, 0xff, 0xb4, 0xac, 0xff, 0xf6, 0xa3, 0x9f, 0xd2, 0xf7, 0xaa, 0xa2, 0x21,
  0x00, 0x00, 0x00, 0x00, 0xff, 0xaa, 0xaa, 0x03, 0xff, 0xaa, 0xaa, 0x03, 0x00, 0x00, 0x00, 0x00,
  0x00, 0x00, 0x00, 0x00, 0x00, 0x00, 0x00, 0x00, 0x00, 0x00, 0x00, 0x00, 0x00, 0x00, 0x00, 0x00,
  0x00, 0x00, 0x00, 0x00, 0x00, 0x00, 0x00, 0x00, 0x00, 0x00, 0x00, 0x00, 0x00, 0x00, 0x00, 0x00,
  0x00, 0x00, 0x00, 0x00, 0x00, 0x00, 0x00, 0x00, 0x00, 0x00, 0x00, 0x00, 0x00, 0x00, 0x00, 0x00,
  0x00, 0x00, 0x00, 0x00, 0x00, 0x00, 0x00, 0x00, 0x00, 0x00, 0x00, 0x00, 0x00, 0x00, 0x00, 0x00,
  0x00, 0x00, 0x00, 0x00, 0x00, 0x00, 0x00, 0x00, 0x00, 0x00, 0x00, 0x00, 0x00, 0x00, 0x00, 0x00,
  0x00, 0x00, 0x00, 0x00, 0x00, 0x00, 0x00, 0x00, 0x00, 0x00, 0x00, 0x00, 0x00, 0x00, 0x00, 0x00,
  0x00, 0x00, 0x00, 0x00, 0x00, 0x00, 0x00, 0x00, 0x00, 0x00, 0x00, 0x00, 0x00, 0x00, 0x00, 0x00,
  0x00, 0x00, 0x00, 0x00, 0x00, 0x00, 0x00, 0x00, 0x00, 0x00, 0x00, 0x00, 0x00, 0x00, 0x00, 0x00,
  0x00, 0x00, 0x00, 0x00, 0x00, 0x00, 0x00, 0x00, 0x00, 0x00, 0x00, 0x00, 0xff, 0x00, 0x00, 0x01,
  0xff, 0xff, 0xff, 0x01, 0xff, 0xff, 0xff, 0x01, 0xff, 0xff, 0xff, 0x01, 0xff, 0x00, 0x00, 0x01,
  0x00, 0x00, 0x00, 0x00, 0x00, 0x00, 0x00, 0x00, 0x00, 0x00, 0x00, 0x00, 0x00, 0x00, 0x00, 0x00,
  0x00, 0x00, 0x00, 0x00, 0x00, 0x00, 0x00, 0x00, 0x00, 0x00, 0x00, 0x00, 0x00, 0x00, 0x00, 0x00,
  0x00, 0x00, 0x00, 0x00, 0x00, 0x00, 0x00, 0x00, 0x00, 0x00, 0x00, 0x00, 0x00, 0x00, 0x00, 0x00,
  0x00, 0x00, 0x00, 0x00, 0x00, 0x00, 0x00, 0x00, 0x00, 0x00, 0x00, 0x00, 0x00, 0x00, 0x00, 0x00,
  0xff, 0xb6, 0x91, 0x07, 0x00, 0x00, 0x00, 0x00, 0x00, 0x00, 0x00, 0x00, 0xff, 0xc4, 0x9f, 0x5b,
  0xff, 0xc1, 0x9b, 0xfe, 0xff, 0xcc, 0xa1, 0xff, 0xff, 0xb3, 0x8b, 0xf7, 0xff, 0xb1, 0x88, 0xfe,
  0xff, 0xae, 0x87, 0xff, 0xfd, 0xac, 0x87, 0xfe, 0xfd, 0xab, 0x87, 0xfe, 0xfd, 0xaa, 0x88, 0xfe,
  0xfe, 0xaa, 0x89, 0xff, 0xfd, 0xa7, 0x88, 0xff, 0xfc, 0xa4, 0x87, 0xfe, 0xfc, 0xa3, 0x89, 0xff,
  0xfc, 0xa2, 0x89, 0xff, 0xfb, 0xa1, 0x89, 0xff, 0xfa, 0x9f, 0x89, 0xfe, 0xfa, 0x9d, 0x89, 0xfe,
  0xf9, 0x9b, 0x88, 0xfe, 0xf9, 0x9a, 0x89, 0xff, 0xf9, 0x99, 0x8a, 0xff, 0xf7, 0x98, 0x8a, 0xfe,
  0xf6, 0x98, 0x8c, 0xfb, 0xf6, 0x9a, 0x91, 0xfe, 0xff, 0xb4, 0xad, 0xff, 0xf8, 0xa5, 0xa0, 0xd2,
  0xff, 0xaa, 0xa2, 0x21, 0x00, 0x00, 0x00, 0x00, 0xff, 0xaa, 0xaa, 0x03, 0xff, 0xaa, 0xaa, 0x03,
  0x00, 0x00, 0x00, 0x00, 0x00, 0x00, 0x00, 0x00, 0x00, 0x00, 0x00, 0x00, 0x00, 0x00, 0x00, 0x00,
  0x00, 0x00, 0x00, 0x00, 0x00, 0x00, 0x00, 0x00, 0x00, 0x00, 0x00, 0x00, 0x00, 0x00, 0x00, 0x00,
  0x00, 0x00, 0x00, 0x00, 0x00, 0x00, 0x00, 0x00, 0x00, 0x00, 0x00, 0x00, 0x00, 0x00, 0x00, 0x00,
  0x00, 0x00, 0x00, 0x00, 0x00, 0x00, 0x00, 0x00, 0x00, 0x00, 0x00, 0x00, 0x00, 0x00, 0x00, 0x00,
  0x00, 0x00, 0x00, 0x00, 0x00, 0x00, 0x00, 0x00, 0x00, 0x00, 0x00, 0x00, 0x00, 0x00, 0x00, 0x00,
  0x00, 0x00, 0x00, 0x00, 0x00, 0x00, 0x00, 0x00, 0x00, 0x00, 0x00, 0x00, 0x00, 0x00, 0x00, 0x00,
  0x00, 0x00, 0x00, 0x00, 0x00, 0x00, 0x00, 0x00, 0x00, 0x00, 0x00, 0x00, 0x00, 0x00, 0x00, 0x00,
  0x00, 0x00, 0x00, 0x00, 0x00, 0x00, 0x00, 0x00, 0x00, 0x00, 0x00, 0x00, 0x00, 0x00, 0x00, 0x00,
  0x00, 0x00, 0x00, 0x00, 0x00, 0x00, 0x00, 0x00, 0x00, 0x00, 0x00, 0x00, 0x00, 0x00, 0x00, 0x00,
  0x00, 0x00, 0x00, 0x00, 0x00, 0x00, 0x00, 0x00, 0x00, 0x00, 0x00, 0x00, 0x00, 0x00, 0x00, 0x00,
  0x00, 0x00, 0x00, 0x00, 0x00, 0x00, 0x00, 0x00, 0x00, 0x00, 0x00, 0x00, 0x00, 0x00, 0x00, 0x00,
  0x00, 0x00, 0x00, 0x00, 0x00, 0x00, 0x00, 0x00, 0x00, 0x00, 0x00, 0x00, 0x00, 0x00, 0x00, 0x00,
  0x00, 0x00, 0x00, 0x00, 0x00, 0x00, 0x00, 0x00, 0x00, 0x00, 0x00, 0x00, 0x00, 0x00, 0x00, 0x00,
  0x00, 0x00, 0x00, 0x00, 0x00, 0x00, 0x00, 0x00, 0x00, 0x00, 0x00, 0x00, 0x00, 0x00, 0x00, 0x00,
  0x00, 0x00, 0x00, 0x00, 0xff, 0xb6, 0x91, 0x07, 0x00, 0x00, 0x00, 0x00, 0x00, 0x00, 0x00, 0x00,
  0xff, 0xc4, 0x9f, 0x5b, 0xff, 0xc1, 0x9b, 0xfe, 0xff, 0xcb, 0xa1, 0xff, 0xff, 0xb2, 0x8b, 0xf7,
  0xff, 0xb0, 0x89, 0xfe, 0xff, 0xad, 0x88, 0xff, 0xff, 0xab, 0x87, 0xfe, 0xff, 0xaa, 0x88, 0xfe,
  0xff, 0xaa, 0x89, 0xfe, 0xfe, 0xa9, 0x89, 0xff, 0xff, 0xa7, 0x88, 0xfe, 0xff, 0xa4, 0x88, 0xfe,
  0xfe, 0xa3, 0x89, 0xff, 0xfe, 0xa2, 0x8a, 0xff, 0xfd, 0xa1, 0x8a, 0xff, 0xfd, 0x9e, 0x89, 0xfe,
  0xfd, 0x9c, 0x89, 0xfe, 0xfc, 0x9b, 0x89, 0xfe, 0xfc, 0x9a, 0x8a, 0xff, 0xfc, 0x99, 0x8b, 0xff,
  0xfa, 0x98, 0x8c, 0xfe, 0xf9, 0x97, 0x8d, 0xfb, 0xf9, 0x99, 0x91, 0xfe, 0xff, 0xb4, 0xad, 0xff,
  0xfc, 0xa6, 0xa1, 0xd2, 0xff, 0xaa, 0xa2, 0x21, 0x00, 0x00, 0x00, 0x00, 0xff, 0xaa, 0xaa, 0x03,
  0xff, 0xaa, 0xaa, 0x03, 0x00, 0x00, 0x00, 0x00, 0x00, 0x00, 0x00, 0x00, 0x00, 0x00, 0x00, 0x00,
  0x00, 0x00, 0x00, 0x00, 0x00, 0x00, 0x00, 0x00, 0x00, 0x00, 0x00, 0x00, 0x00, 0x00, 0x00, 0x00,
  0x00, 0x00, 0x00, 0x00, 0x00, 0x00, 0x00, 0x00, 0x00, 0x00, 0x00, 0x00, 0x00, 0x00, 0x00, 0x00,
  0x00, 0x00, 0x00, 0x00, 0x00, 0x00, 0x00, 0x00, 0x00, 0x00, 0x00, 0x00, 0x00, 0x00, 0x00, 0x00,
  0x00, 0x00, 0x00, 0x00, 0x00, 0x00, 0x00, 0x00, 0x00, 0x00, 0x00, 0x00, 0x00, 0x00, 0x00, 0x00,
  0x00, 0x00, 0x00, 0x00, 0x00, 0x00, 0x00, 0x00, 0x00, 0x00, 0x00, 0x00, 0x00, 0x00, 0x00, 0x00,
  0x00, 0x00, 0x00, 0x00, 0x00, 0x00, 0x00, 0x00, 0x00, 0x00, 0x00, 0x00, 0x00, 0x00, 0x00, 0x00,
  0x00, 0x00, 0x00, 0x00, 0x00, 0x00, 0x00, 0x00, 0x00, 0x00, 0x00, 0x00, 0x00, 0x00, 0x00, 0x00,
  0x00, 0x00, 0x00, 0x00, 0x00, 0x00, 0x00, 0x00, 0x00, 0x00, 0x00, 0x00, 0x00, 0x00, 0x00, 0x00,
  0x00, 0x00, 0x00, 0x00, 0x00, 0x00, 0x00, 0x00, 0x00, 0x00, 0x00, 0x00, 0x00, 0x00, 0x00, 0x00,
  0x00, 0x00, 0x00, 0x00, 0x00, 0x00, 0x00, 0x00, 0x00, 0x00, 0x00, 0x00, 0x00, 0x00, 0x00, 0x00,
  0x00, 0x00, 0x00, 0x00, 0x00, 0x00, 0x00, 0x00, 0x00, 0x00, 0x00, 0x00, 0x00, 0x00, 0x00, 0x00,
  0x00, 0x00, 0x00, 0x00, 0x00, 0x00, 0x00, 0x00, 0x00, 0x00, 0x00, 0x00, 0x00, 0x00, 0x00, 0x00,
  0x00, 0x00, 0x00, 0x00, 0x00, 0x00, 0x00, 0x00, 0x00, 0x00, 0x00, 0x00, 0x00, 0x00, 0x00, 0x00,
  0x00, 0x00, 0x00, 0x00, 0x00, 0x00, 0x00, 0x00, 0xff, 0xb6, 0x91, 0x07, 0x00, 0x00, 0x00, 0x00,
  0x00, 0x00, 0x00, 0x00, 0xff, 0xc4, 0x9f, 0x5b, 0xff, 0xc1, 0x9c, 0xff, 0xff, 0xcc, 0xa2, 0xff,
  0xff, 0xb3, 0x8b, 0xf6, 0xff, 0xaf, 0x8a, 0xfd, 0xff, 0xac, 0x88, 0xfe, 0xff, 0xab, 0x88, 0xff,
  0xff, 0xaa, 0x89, 0xff, 0xff, 0xa8, 0x89, 0xff, 0xff, 0xa6, 0x88, 0xfe, 0xff, 0xa5, 0x89, 0xfe,
  0xff, 0xa4, 0x8a, 0xfe, 0xff, 0xa3, 0x8a, 0xfe, 0xff, 0xa1, 0x8a, 0xfe, 0xff, 0x9f, 0x8a, 0xfe,
  0xff, 0x9d, 0x8b, 0xff, 0xff, 0x9d, 0x8b, 0xff, 0xff, 0x9b, 0x8c, 0xfe, 0xff, 0x9a, 0x8c, 0xfe,
  0xff, 0x99, 0x8c, 0xfe, 0xfd, 0x96, 0x8d, 0xfe, 0xfc, 0x96, 0x8e, 0xfb, 0xfb, 0x99, 0x92, 0xfe,
  0xff, 0xb4, 0xaf, 0xff, 0xfd, 0xa4, 0xa1, 0xd3, 0xff, 0xaa, 0xaa, 0x21, 0x00, 0x00, 0x00, 0x00,
  0xff, 0xaa, 0xaa, 0x03, 0xff, 0xaa, 0xaa, 0x03, 0x00, 0x00, 0x00, 0x00, 0x00, 0x00, 0x00, 0x00,
  0x00, 0x00, 0x00, 0x00, 0x00, 0x00, 0x00, 0x00, 0x00, 0x00, 0x00, 0x00, 0x00, 0x00, 0x00, 0x00,
  0x00, 0x00, 0x00, 0x00, 0x00, 0x00, 0x00, 0x00, 0x00, 0x00, 0x00, 0x00, 0x00, 0x00, 0x00, 0x00,
  0x00, 0x00, 0x00, 0x00, 0x00, 0x00, 0x00, 0x00, 0x00, 0x00, 0x00, 0x00, 0x00, 0x00, 0x00, 0x00,
  0x00, 0x00, 0x00, 0x00, 0x00, 0x00, 0x00, 0x00, 0x00, 0x00, 0x00, 0x00, 0x00, 0x00, 0x00, 0x00,
  0x00, 0x00, 0x00, 0x00, 0x00, 0x00, 0x00, 0x00, 0x00, 0x00, 0x00, 0x00, 0x00, 0x00, 0x00, 0x00,
  0x00, 0x00, 0x00, 0x00, 0x00, 0x00, 0x00, 0x00, 0x00, 0x00, 0x00, 0x00, 0x00, 0x00, 0x00, 0x00,
  0x00, 0x00, 0x00, 0x00, 0x00, 0x00, 0x00, 0x00, 0x00, 0x00, 0x00, 0x00, 0x00, 0x00, 0x00, 0x00,
  0x00, 0x00, 0x00, 0x00, 0x00, 0x00, 0x00, 0x00, 0x00, 0x00, 0x00, 0x00, 0x00, 0x00, 0x00, 0x00,
  0x00, 0x00, 0x00, 0x00, 0x00, 0x00, 0x00, 0x00, 0x00, 0x00, 0x00, 0x00, 0x00, 0x00, 0x00, 0x00,
  0x00, 0x00, 0x00, 0x00, 0x00, 0x00, 0x00, 0x00, 0x00, 0x00, 0x00, 0x00, 0x00, 0x00, 0x00, 0x00,
  0x00, 0x00, 0x00, 0x00, 0x00, 0x00, 0x00, 0x00, 0x00, 0x00, 0x00, 0x00, 0x00, 0x00, 0x00, 0x00,
  0x00, 0x00, 0x00, 0x00, 0x00, 0x00, 0x00, 0x00, 0x00, 0x00, 0x00, 0x00, 0x00, 0x00, 0x00, 0x00,
  0x00, 0x00, 0x00, 0x00, 0x00, 0x00, 0x00, 0x00, 0x00, 0x00, 0x00, 0x00, 0x00, 0x00, 0x00, 0x00,
  0x00, 0x00, 0x00, 0x00, 0x00, 0x00, 0x00, 0x00, 0x00, 0x00, 0x00, 0x00, 0xff, 0xb6, 0x91, 0x07,
  0x00, 0x00, 0x00, 0x00, 0x00, 0x00, 0x00, 0x00, 0xff, 0xc4, 0x9f, 0x5b, 0xff, 0xc0, 0x9c, 0xff,
  0xff, 0xcb, 0xa3, 0xff, 0xff, 0xb3, 0x8c, 0xf6, 0xff, 0xad, 0x8a, 0xfd, 0xff, 0xab, 0x88, 0xfe,
  0xff, 0xaa, 0x88, 0xff, 0xff, 0xa9, 0x89, 0xff, 0xff, 0xa7, 0x89, 0xff, 0xff, 0xa4, 0x88, 0xfe,
  0xff, 0xa3, 0x8a, 0xfe, 0xff, 0xa3, 0x8a, 0xfe, 0xff, 0xa1, 0x8a, 0xfe, 0xff, 0xa0, 0x8a, 0xfe,
  0xff, 0x9f, 0x8a, 0xfe, 0xff, 0x9d, 0x8c, 0xff, 0xff, 0x9c, 0x8c, 0xff, 0xff, 0x9a, 0x8c, 0xfe,
  0xff, 0x99, 0x8c, 0xfe, 0xff, 0x98, 0x8c, 0xfe, 0xff, 0x96, 0x8c, 0xfe, 0xfd, 0x96, 0x8e, 0xfb,
  0xfd, 0x99, 0x93, 0xfe, 0xff, 0xb4, 0xaf, 0xff, 0xfd, 0xa4, 0xa1, 0xd3, 0xff, 0xaa, 0xaa, 0x21,
  0x00, 0x00, 0x00, 0x00, 0xff, 0xaa, 0xaa, 0x03, 0xff, 0xaa, 0xaa, 0x03, 0x00, 0x00, 0x00, 0x00,
  0x00, 0x00, 0x00, 0x00, 0x00, 0x00, 0x00, 0x00, 0x00, 0x00, 0x00, 0x00, 0x00, 0x00, 0x00, 0x00,
  0x00, 0x00, 0x00, 0x00, 0x00, 0x00, 0x00, 0x00, 0x00, 0x00, 0x00, 0x00, 0x00, 0x00, 0x00, 0x00,
  0x00, 0x00, 0x00, 0x00, 0x00, 0x00, 0x00, 0x00, 0x00, 0x00, 0x00, 0x00, 0x00, 0x00, 0x00, 0x00,
  0x00, 0x00, 0x00, 0x00, 0x00, 0x00, 0x00, 0x00, 0x00, 0x00, 0x00, 0x00, 0x00, 0x00, 0x00, 0x00,
  0x00, 0x00, 0x00, 0x00, 0x00, 0x00, 0x00, 0x00, 0x00, 0x00, 0x00, 0x00, 0x00, 0x00, 0x00, 0x00,
  0x00, 0x00, 0x00, 0x00, 0x00, 0x00, 0x00, 0x00, 0x00, 0x00, 0x00, 0x00, 0x00, 0x00, 0x00, 0x00,
  0x00, 0x00, 0x00, 0x00, 0x00, 0x00, 0x00, 0x00, 0x00, 0x00, 0x00, 0x00, 0x00, 0x00, 0x00, 0x00,
  0x00, 0x00, 0x00, 0x00, 0x00, 0x00, 0x00, 0x00, 0x00, 0x00, 0x00, 0x00, 0x00, 0x00, 0x00, 0x00,
  0x00, 0x00, 0x00, 0x00, 0x00, 0x00, 0x00, 0x00, 0x00, 0x00, 0x00, 0x00, 0x00, 0x00, 0x00, 0x00,
  0x00, 0x00, 0x00, 0x00, 0x00, 0x00, 0x00, 0x00, 0x00, 0x00, 0x00, 0x00, 0x00, 0x00, 0x00, 0x00,
  0x00, 0x00, 0x00, 0x00, 0x00, 0x00, 0x00, 0x00, 0x00, 0x00, 0x00, 0x00, 0x00, 0x00, 0x00, 0x00,
  0x00, 0x00, 0x00, 0x00, 0x00, 0x00, 0x00, 0x00, 0x00, 0x00, 0x00, 0x00, 0x00, 0x00, 0x00, 0x00,
  0x00, 0x00, 0x00, 0x00, 0x00, 0x00, 0x00, 0x00, 0x00, 0x00, 0x00, 0x00, 0x00, 0x00, 0x00, 0x00,
  0x00, 0x00, 0x00, 0x00, 0x00, 0x00, 0x00, 0x00, 0x00, 0x00, 0x00, 0x00, 0x00, 0x00, 0x00, 0x00,
  0xff, 0xb6, 0x91, 0x07, 0x00, 0x00, 0x00, 0x00, 0x00, 0x00, 0x00, 0x00, 0xff, 0xc1, 0x9f, 0x5b,
  0xff, 0xbe, 0x9c, 0xff, 0xff, 0xc9, 0xa3, 0xff, 0xff, 0xb0, 0x8d, 0xf7, 0xff, 0xac, 0x8a, 0xfd,
  0xff, 0xaa, 0x88, 0xfe, 0xff, 0xa9, 0x88, 0xfe, 0xff, 0xa8, 0x89, 0xff, 0xff, 0xa6, 0x89, 0xff,
  0xff, 0xa4, 0x89, 0xfe, 0xff, 0xa2, 0x8a, 0xfe, 0xff, 0xa1, 0x8a, 0xfe, 0xff, 0x9f, 0x8a, 0xfe,
  0xff, 0x9f, 0x8a, 0xfe, 0xff, 0x9e, 0x8b, 0xff, 0xff, 0x9c, 0x8c, 0xff, 0xff, 0x9a, 0x8c, 0xff,
  0xff, 0x99, 0x8b, 0xfe, 0xff, 0x98, 0x8b, 0xff, 0xff, 0x97, 0x8c, 0xff, 0xff, 0x96, 0x8c, 0xfe,
  0xff, 0x96, 0x8e, 0xfa, 0xff, 0x9a, 0x95, 0xfd, 0xff, 0xb4, 0xb0, 0xff, 0xff, 0xa5, 0xa2, 0xd2,
  0xff, 0xaa, 0xa2, 0x21, 0x00, 0x00, 0x00, 0x00, 0xff, 0xaa, 0xaa, 0x03, 0xff, 0xaa, 0xaa, 0x03,
  0x00, 0x00, 0x00, 0x00, 0x00, 0x00, 0x00, 0x00, 0x00, 0x00, 0x00, 0x00, 0x00, 0x00, 0x00, 0x00,
  0x00, 0x00, 0x00, 0x00, 0x00, 0x00, 0x00, 0x00, 0x00, 0x00, 0x00, 0x00, 0x00, 0x00, 0x00, 0x00,
  0x00, 0x00, 0x00, 0x00, 0x00, 0x00, 0x00, 0x00, 0x00, 0x00, 0x00, 0x00, 0x00, 0x00, 0x00, 0x00,
  0x00, 0x00, 0x00, 0x00, 0x00, 0x00, 0x00, 0x00, 0x00, 0x00, 0x00, 0x00, 0x00, 0x00, 0x00, 0x00,
  0x00, 0x00, 0x00, 0x00, 0x00, 0x00, 0x00, 0x00, 0x00, 0x00, 0x00, 0x00, 0x00, 0x00, 0x00, 0x00,
  0x00, 0x00, 0x00, 0x00, 0x00, 0x00, 0x00, 0x00, 0x00, 0x00, 0x00, 0x00, 0x00, 0x00, 0x00, 0x00,
  0x00, 0x00, 0x00, 0x00, 0x00, 0x00, 0x00, 0x00, 0x00, 0x00, 0x00, 0x00, 0x00, 0x00, 0x00, 0x00,
  0x00, 0x00, 0x00, 0x00, 0x00, 0x00, 0x00, 0x00, 0x00, 0x00, 0x00, 0x00, 0x00, 0x00, 0x00, 0x00,
  0x00, 0x00, 0x00, 0x00, 0x00, 0x00, 0x00, 0x00, 0x00, 0x00, 0x00, 0x00, 0x00, 0x00, 0x00, 0x00,
  0x00, 0x00, 0x00, 0x00, 0x00, 0x00, 0x00, 0x00, 0x00, 0x00, 0x00, 0x00, 0x00, 0x00, 0x00, 0x00,
  0x00, 0x00, 0x00, 0x00, 0x00, 0x00, 0x00, 0x00, 0x00, 0x00, 0x00, 0x00, 0x00, 0x00, 0x00, 0x00,
  0x00, 0x00, 0x00, 0x00, 0x00, 0x00, 0x00, 0x00, 0x00, 0x00, 0x00, 0x00, 0x00, 0x00, 0x00, 0x00,
  0x00, 0x00, 0x00, 0x00, 0x00, 0x00, 0x00, 0x00, 0x00, 0x00, 0x00, 0x00, 0x00, 0x00, 0x00, 0x00,
  0x00, 0x00, 0x00, 0x00, 0x00, 0x00, 0x00, 0x00, 0x00, 0x00, 0x00, 0x00, 0x00, 0x00, 0x00, 0x00,
  0x00, 0x00, 0x00, 0x00, 0xff, 0xb6, 0x91, 0x07, 0x00, 0x00, 0x00, 0x00, 0x00, 0x00, 0x00, 0x00,
  0xff, 0xbe, 0x9f, 0x5b, 0xff, 0xbc, 0x9c, 0xfe, 0xff, 0xc7, 0xa3, 0xff, 0xff, 0xb0, 0x8c, 0xf6,
  0xff, 0xab, 0x8a, 0xfd, 0xff, 0xa9, 0x88, 0xfe, 0xff, 0xa8, 0x88, 0xfe, 0xff, 0xa7, 0x89, 0xfe,
  0xff, 0xa5, 0x89, 0xfe, 0xff, 0xa3, 0x89, 0xfe, 0xff, 0xa0, 0x89, 0xfe, 0xff, 0x9f, 0x8a, 0xfe,
  0xff, 0x9f, 0x8b, 0xff, 0xff, 0x9f, 0x8b, 0xff, 0xff, 0x9c, 0x8b, 0xfe, 0xff, 0x9b, 0x8c, 0xff,
  0xff, 0x99, 0x8c, 0xff, 0xff, 0x98, 0x8b, 0xfe, 0xff, 0x97, 0x8c, 0xff, 0xff, 0x96, 0x8d, 0xff,
  0xff, 0x94, 0x8d, 0xfe, 0xff, 0x94, 0x8f, 0xfb, 0xff, 0x98, 0x94, 0xfe, 0xff, 0xb3, 0xb1, 0xff,
  0xff, 0xa5, 0xa3, 0xd2, 0xff, 0xaa, 0xaa, 0x21, 0x00, 0x00, 0x00, 0x00, 0xff, 0xaa, 0xaa, 0x03,
  0xff, 0xaa, 0xaa, 0x03, 0x00, 0x00, 0x00, 0x00, 0x00, 0x00, 0x00, 0x00, 0x00, 0x00, 0x00, 0x00,
  0x00, 0x00, 0x00, 0x00, 0x00, 0x00, 0x00, 0x00, 0x00, 0x00, 0x00, 0x00, 0x00, 0x00, 0x00, 0x00,
  0x00, 0x00, 0x00, 0x00, 0x00, 0x00, 0x00, 0x00, 0x00, 0x00, 0x00, 0x00, 0x00, 0x00, 0x00, 0x00,
  0x00, 0x00, 0x00, 0x00, 0x00, 0x00, 0x00, 0x00, 0x00, 0x00, 0x00, 0x00, 0x00, 0x00, 0x00, 0x00,
  0x00, 0x00, 0x00, 0x00, 0x00, 0x00, 0x00, 0x00, 0x00, 0x00, 0x00, 0x00, 0x00, 0x00, 0x00, 0x00,
  0x00, 0x00, 0x00, 0x00, 0x00, 0x00, 0x00, 0x00, 0x00, 0x00, 0x00, 0x00, 0x00, 0x00, 0x00, 0x00,
  0x00, 0x00, 0x00, 0x00, 0x00, 0x00, 0x00, 0x00, 0x00, 0x00, 0x00, 0x00, 0x00, 0x00, 0x00, 0x00,
  0x00, 0x00, 0x00, 0x00, 0x00, 0x00, 0x00, 0x00, 0x00, 0x00, 0x00, 0x00, 0x00, 0x00, 0x00, 0x00,
  0x00, 0x00, 0x00, 0x00, 0x00, 0x00, 0x00, 0x00, 0x00, 0x00, 0x00, 0x00, 0x00, 0x00, 0x00, 0x00,
  0x00, 0x00, 0x00, 0x00, 0x00, 0x00, 0x00, 0x00, 0x00, 0x00, 0x00, 0x00, 0x00, 0x00, 0x00, 0x00,
  0x00, 0x00, 0x00, 0x00, 0x00, 0x00, 0x00, 0x00, 0x00, 0x00, 0x00, 0x00, 0x00, 0x00, 0x00, 0x00,
  0x00, 0x00, 0x00, 0x00, 0x00, 0x00, 0x00, 0x00, 0x00, 0x00, 0x00, 0x00, 0x00, 0x00, 0x00, 0x00,
  0x00, 0x00, 0x00, 0x00, 0x00, 0x00, 0x00, 0x00, 0x00, 0x00, 0x00, 0x00, 0x00, 0x00, 0x00, 0x00,
  0x00, 0x00, 0x00, 0x00, 0x00, 0x00, 0x00, 0x00, 0x00, 0x00, 0x00, 0x00, 0x00, 0x00, 0x00, 0x00,
  0x00, 0x00, 0x00, 0x00, 0x00, 0x00, 0x00, 0x00, 0xff, 0xb6, 0x91, 0x07, 0x00, 0x00, 0x00, 0x00,
  0x00, 0x00, 0x00, 0x00, 0xff, 0xbe, 0x9f, 0x5b, 0xff, 0xbb, 0x9c, 0xfe, 0xff, 0xc7, 0xa3, 0xff,
  0xff, 0xaf, 0x8c, 0xf6, 0xff, 0xa9, 0x8a, 0xfd, 0xff, 0xa7, 0x88, 0xfe, 0xff, 0xa7, 0x88, 0xfe,
  0xff, 0xa6, 0x89, 0xfe, 0xff, 0xa3, 0x89, 0xfe, 0xff, 0xa1, 0x89, 0xfe, 0xff, 0xa0, 0x89, 0xfe,
  0xff, 0x9f, 0x8a, 0xfe, 0xff, 0x9f, 0x8b, 0xff, 0xff, 0x9d, 0x8b, 0xff, 0xff, 0x9b, 0x8b, 0xfe,
  0xff, 0x9a, 0x8c, 0xff, 0xff, 0x99, 0x8c, 0xff, 0xff, 0x97, 0x8c, 0xfe, 0xff, 0x95, 0x8d, 0xff,
  0xff, 0x94, 0x8d, 0xff, 0xff, 0x93, 0x8e, 0xfe, 0xff, 0x93, 0x8f, 0xfb, 0xff, 0x96, 0x94, 0xfe,
  0xff, 0xb1, 0xb1, 0xff, 0xff, 0xa3, 0xa3, 0xd2, 0xff, 0xaa, 0xaa, 0x21, 0x00, 0x00, 0x00, 0x00,
  0xff, 0xaa, 0xaa, 0x03, 0xff, 0xaa, 0xaa, 0x03, 0x00, 0x00, 0x00, 0x00, 0x00, 0x00, 0x00, 0x00,
  0x00, 0x00, 0x00, 0x00, 0x00, 0x00, 0x00, 0x00, 0x00, 0x00, 0x00, 0x00, 0x00, 0x00, 0x00, 0x00,
  0x00, 0x00, 0x00, 0x00, 0x00, 0x00, 0x00, 0x00, 0x00, 0x00, 0x00, 0x00, 0x00, 0x00, 0x00, 0x00,
  0x00, 0x00, 0x00, 0x00, 0x00, 0x00, 0x00, 0x00, 0x00, 0x00, 0x00, 0x00, 0x00, 0x00, 0x00, 0x00,
  0x00, 0x00, 0x00, 0x00, 0x00, 0x00, 0x00, 0x00, 0x00, 0x00, 0x00, 0x00, 0x00, 0x00, 0x00, 0x00,
  0x00, 0x00, 0x00, 0x00, 0x00, 0x00, 0x00, 0x00, 0x00, 0x00, 0x00, 0x00, 0x00, 0x00, 0x00, 0x00,
  0x00, 0x00, 0x00, 0x00, 0x00, 0x00, 0x00, 0x00, 0x00, 0x00, 0x00, 0x00, 0x00, 0x00, 0x00, 0x00,
  0x00, 0x00, 0x00, 0x00, 0x00, 0x00, 0x00, 0x00, 0x00, 0x00, 0x00, 0x00, 0x00, 0x00, 0x00, 0x00,
  0x00, 0x00, 0x00, 0x00, 0x00, 0x00, 0x00, 0x00, 0x00, 0x00, 0x00, 0x00, 0x00, 0x00, 0x00, 0x00,
  0x00, 0x00, 0x00, 0x00, 0x00, 0x00, 0x00, 0x00, 0x00, 0x00, 0x00, 0x00, 0x00, 0x00, 0x00, 0x00,
  0x00, 0x00, 0x00, 0x00, 0x00, 0x00, 0x00, 0x00, 0x00, 0x00, 0x00, 0x00, 0x00, 0x00, 0x00, 0x00,
  0x00, 0x00, 0x00, 0x00, 0x00, 0x00, 0x00, 0x00, 0x00, 0x00, 0x00, 0x00, 0x00, 0x00, 0x00, 0x00,
  0x00, 0x00, 0x00, 0x00, 0x00, 0x00, 0x00, 0x00, 0x00, 0x00, 0x00, 0x00, 0x00, 0x00, 0x00, 0x00,
  0x00, 0x00, 0x00, 0x00, 0x00, 0x00, 0x00, 0x00, 0x00, 0x00, 0x00, 0x00, 0x00, 0x00, 0x00, 0x00,
  0x00, 0x00, 0x00, 0x00, 0x00, 0x00, 0x00, 0x00, 0x00, 0x00, 0x00, 0x00, 0xff, 0xb6, 0x91, 0x07,
  0x00, 0x00, 0x00, 0x00, 0x00, 0x00, 0x00, 0x00, 0xff, 0xbb, 0x9f, 0x5b, 0xff, 0xba, 0x9c, 0xfe,
  0xff, 0xc6, 0xa4, 0xff, 0xff, 0xad, 0x8e, 0xf7, 0xff, 0xa7, 0x89, 0xfe, 0xff, 0xa5, 0x88, 0xfe,
  0xff, 0xa5, 0x89, 0xfe, 0xff, 0xa4, 0x89, 0xfe, 0xff, 0xa2, 0x89, 0xfe, 0xff, 0xa0, 0x8a, 0xfe,
  0xff, 0xa0, 0x8b, 0xff, 0xff, 0x9e, 0x8b, 0xff, 0xff, 0x9c, 0x8a, 0xfe, 0xff, 0x9a, 0x8b, 0xfe,
  0xff, 0x9a, 0x8c, 0xff, 0xff, 0x99, 0x8c, 0xff, 0xff, 0x97, 0x8c, 0xff, 0xff, 0x95, 0x8d, 0xff,
  0xff, 0x93, 0x8d, 0xfe, 0xff, 0x92, 0x8c, 0xfe, 0xff, 0x92, 0x8d, 0xfe, 0xff, 0x92, 0x8f, 0xfa,
  0xff, 0x95, 0x95, 0xfd, 0xff, 0xaf, 0xb1, 0xff, 0xff, 0xa1, 0xa3, 0xd2, 0xff, 0xa2, 0xaa, 0x21,
  0x00, 0x00, 0x00, 0x00, 0xff, 0xaa, 0xaa, 0x03, 0xff, 0xaa, 0xaa, 0x03, 0x00, 0x00, 0x00, 0x00,
  0x00, 0x00, 0x00, 0x00, 0x00, 0x00, 0x00, 0x00, 0x00, 0x00, 0x00, 0x00, 0x00, 0x00, 0x00, 0x00,
  0x00, 0x00, 0x00, 0x00, 0x00, 0x00, 0x00, 0x00, 0x00, 0x00, 0x00, 0x00, 0x00, 0x00, 0x00, 0x00,
  0x00, 0x00, 0x00, 0x00, 0x00, 0x00, 0x00, 0x00, 0x00, 0x00, 0x00, 0x00, 0x00, 0x00, 0x00, 0x00,
  0x00, 0x00, 0x00, 0x00, 0x00, 0x00, 0x00, 0x00, 0x00, 0x00, 0x00, 0x00, 0x00, 0x00, 0x00, 0x00,
  0x00, 0x00, 0x00, 0x00, 0x00, 0x00, 0x00, 0x00, 0x00, 0x00, 0x00, 0x00, 0x00, 0x00, 0x00, 0x00,
  0x00, 0x00, 0x00, 0x00, 0x00, 0x00, 0x00, 0x00, 0x00, 0x00, 0x00, 0x00, 0x00, 0x00, 0x00, 0x00,
  0x00, 0x00, 0x00, 0x00, 0x00, 0x00, 0x00, 0x00, 0x00, 0x00, 0x00, 0x00, 0x00, 0x00, 0x00, 0x00,
  0x00, 0x00, 0x00, 0x00, 0x00, 0x00, 0x00, 0x00, 0x00, 0x00, 0x00, 0x00, 0x00, 0x00, 0x00, 0x00,
  0x00, 0x00, 0x00, 0x00, 0x00, 0x00, 0x00, 0x00, 0x00, 0x00, 0x00, 0x00, 0x00, 0x00, 0x00, 0x00,
  0x00, 0x00, 0x00, 0x00, 0x00, 0x00, 0x00, 0x00, 0x00, 0x00, 0x00, 0x00, 0x00, 0x00, 0x00, 0x00,
  0x00, 0x00, 0x00, 0x00, 0x00, 0x00, 0x00, 0x00, 0x00, 0x00, 0x00, 0x00, 0x00, 0x00, 0x00, 0x00,
  0x00, 0x00, 0x00, 0x00, 0x00, 0x00, 0x00, 0x00, 0x00, 0x00, 0x00, 0x00, 0x00, 0x00, 0x00, 0x00,
  0x00, 0x00, 0x00, 0x00, 0x00, 0x00, 0x00, 0x00, 0x00, 0x00, 0x00, 0x00, 0x00, 0x00, 0x00, 0x00,
  0x00, 0x00, 0x00, 0x00, 0x00, 0x00, 0x00, 0x00, 0x00, 0x00, 0x00, 0x00, 0x00, 0x00, 0x00, 0x00,
  0xff, 0xb6, 0x91, 0x07, 0x00, 0x00, 0x00, 0x00, 0x00, 0x00, 0x00, 0x00, 0xff, 0xbb, 0x9f, 0x5b,
  0xff, 0xba, 0x9c, 0xff, 0xff, 0xc5, 0xa5, 0xff, 0xff, 0xac, 0x8e, 0xf7, 0xff, 0xa7, 0x8a, 0xfe,
  0xff, 0xa5, 0x89, 0xff, 0xff, 0xa4, 0x8a, 0xff, 0xff, 0xa3, 0x8a, 0xfe, 0xff, 0xa2, 0x8a, 0xfe,
  0xff, 0xa0, 0x8b, 0xff, 0xff, 0x9f, 0x8b, 0xff, 0xff, 0x9c, 0x8b, 0xff, 0xff, 0x9b, 0x8b, 0xfe,
  0xff, 0x99, 0x8c, 0xfe, 0xff, 0x99, 0x8c, 0xff, 0xff, 0x99, 0x8d, 0xff, 0xff, 0x97, 0x8d, 0xff,
  0xff, 0x94, 0x8d, 0xff, 0xff, 0x92, 0x8c, 0xfe, 0xff, 0x91, 0x8c, 0xfe, 0xff, 0x92, 0x8d, 0xfe,
  0xff, 0x92, 0x8f, 0xfa, 0xff, 0x95, 0x96, 0xfd, 0xff, 0xae, 0xb1, 0xff, 0xff, 0x9f, 0xa3, 0xd3,
  0xff, 0xa2, 0xaa, 0x21, 0x00, 0x00, 0x00, 0x00, 0xff, 0xaa, 0xaa, 0x03, 0xff, 0xaa, 0xaa, 0x03,
  0x00, 0x00, 0x00, 0x00, 0x00, 0x00, 0x00, 0x00, 0x00, 0x00, 0x00, 0x00, 0x00, 0x00, 0x00, 0x00,
  0x00, 0x00, 0x00, 0x00, 0x00, 0x00, 0x00, 0x00, 0x00, 0x00, 0x00, 0x00, 0x00, 0x00, 0x00, 0x00,
  0x00, 0x00, 0x00, 0x00, 0x00, 0x00, 0x00, 0x00, 0x00, 0x00, 0x00, 0x00, 0x00, 0x00, 0x00, 0x00,
  0x00, 0x00, 0x00, 0x00, 0x00, 0x00, 0x00, 0x00, 0x00, 0x00, 0x00, 0x00, 0x00, 0x00, 0x00, 0x00,
  0x00, 0x00, 0x00, 0x00, 0x00, 0x00, 0x00, 0x00, 0x00, 0x00, 0x00, 0x00, 0x00, 0x00, 0x00, 0x00,
  0x00, 0x00, 0x00, 0x00, 0x00, 0x00, 0x00, 0x00, 0x00, 0x00, 0x00, 0x00, 0x00, 0x00, 0x00, 0x00,
  0x00, 0x00, 0x00, 0x00, 0x00, 0x00, 0x00, 0x00, 0x00, 0x00, 0x00, 0x00, 0x00, 0x00, 0x00, 0x00,
  0x00, 0x00, 0x00, 0x00, 0x00, 0x00, 0x00, 0x00, 0x00, 0x00, 0x00, 0x00, 0x00, 0x00, 0x00, 0x00,
  0x00, 0x00, 0x00, 0x00, 0x00, 0x00, 0x00, 0x00, 0x00, 0x00, 0x00, 0x00, 0x00, 0x00, 0x00, 0x00,
  0x00, 0x00, 0x00, 0x00, 0x00, 0x00, 0x00, 0x00, 0x00, 0x00, 0x00, 0x00, 0x00, 0x00, 0x00, 0x00,
  0x00, 0x00, 0x00, 0x00, 0x00, 0x00, 0x00, 0x00, 0x00, 0x00, 0x00, 0x00, 0x00, 0x00, 0x00, 0x00,
  0x00, 0x00, 0x00, 0x00, 0x00, 0x00, 0x00, 0x00, 0x00, 0x00, 0x00, 0x00, 0x00, 0x00, 0x00, 0x00,
  0x00, 0x00, 0x00, 0x00, 0x00, 0x00, 0x00, 0x00, 0x00, 0x00, 0x00, 0x00, 0x00, 0x00, 0x00, 0x00,
  0x00, 0x00, 0x00, 0x00, 0x00, 0x00, 0x00, 0x00, 0x00, 0x00, 0x00, 0x00, 0x00, 0x00, 0x00, 0x00,
  0x00, 0x00, 0x00, 0x00, 0xff, 0xb6, 0x91, 0x07, 0x00, 0x00, 0x00, 0x00, 0x00, 0x00, 0x00, 0x00,
  0xff, 0xbb, 0x9f, 0x5b, 0xff, 0xb9, 0x9d, 0xff, 0xff, 0xc3, 0xa5, 0xff, 0xff, 0xaa, 0x8e, 0xf7,
  0xff, 0xa7, 0x8a, 0xfe, 0xff, 0xa5, 0x8a, 0xff, 0xff, 0xa3, 0x8a, 0xff, 0xff, 0xa1, 0x8a, 0xfe,
  0xff, 0xa1, 0x8a, 0xfe, 0xff, 0x9f, 0x8b, 0xff, 0xff, 0x9d, 0x8b, 0xfe, 0xff, 0x9b, 0x8b, 0xfe,
  0xff, 0x9a, 0x8c, 0xff, 0xff, 0x99, 0x8c, 0xff, 0xff, 0x98, 0x8c, 0xfe, 0xff, 0x98, 0x8d, 0xfe,
  0xff, 0x96, 0x8d, 0xfe, 0xff, 0x93, 0x8c, 0xfe, 0xff, 0x92, 0x8c, 0xfe, 0xff, 0x91, 0x8d, 0xfe,
  0xff, 0x91, 0x8d, 0xfe, 0xff, 0x91, 0x8f, 0xfa, 0xff, 0x95, 0x96, 0xfd, 0xff, 0xae, 0xb2, 0xff,
  0xff, 0x9f, 0xa4, 0xd3, 0xff, 0xa2, 0xaa, 0x21, 0x00, 0x00, 0x00, 0x00, 0xff, 0xaa, 0xaa, 0x03,
  0xff, 0xaa, 0xaa, 0x03, 0x00, 0x00, 0x00, 0x00, 0x00, 0x00, 0x00, 0x00, 0x00, 0x00, 0x00, 0x00,
  0x00, 0x00, 0x00, 0x00, 0x00, 0x00, 0x00, 0x00, 0x00, 0x00, 0x00, 0x00, 0x00, 0x00, 0x00, 0x00,
  0x00, 0x00, 0x00, 0x00, 0x00, 0x00, 0x00, 0x00, 0x00, 0x00, 0x00, 0x00, 0x00, 0x00, 0x00, 0x00,
  0x00, 0x00, 0x00, 0x00, 0x00, 0x00, 0x00, 0x00, 0x00, 0x00, 0x00, 0x00, 0x00, 0x00, 0x00, 0x00,
  0x00, 0x00, 0x00, 0x00, 0x00, 0x00, 0x00, 0x00, 0x00, 0x00, 0x00, 0x00, 0x00, 0x00, 0x00, 0x00,
  0x00, 0x00, 0x00, 0x00, 0x00, 0x00, 0x00, 0x00, 0x00, 0x00, 0x00, 0x00, 0x00, 0x00, 0x00, 0x00,
  0x00, 0x00, 0x00, 0x00, 0x00, 0x00, 0x00, 0x00, 0x00, 0x00, 0x00, 0x00, 0x00, 0x00, 0x00, 0x00,
  0x00, 0x00, 0x00, 0x00, 0x00, 0x00, 0x00, 0x00, 0x00, 0x00, 0x00, 0x00, 0x00, 0x00, 0x00, 0x00,
  0x00, 0x00, 0x00, 0x00, 0x00, 0x00, 0x00, 0x00, 0x00, 0x00, 0x00, 0x00, 0x00, 0x00, 0x00, 0x00,
  0x00, 0x00, 0x00, 0x00, 0x00, 0x00, 0x00, 0x00, 0x00, 0x00, 0x00, 0x00, 0x00, 0x00, 0x00, 0x00,
  0x00, 0x00, 0x00, 0x00, 0x00, 0x00, 0x00, 0x00, 0x00, 0x00, 0x00, 0x00, 0x00, 0x00, 0x00, 0x00,
  0x00, 0x00, 0x00, 0x00, 0x00, 0x00, 0x00, 0x00, 0x00, 0x00, 0x00, 0x00, 0x00, 0x00, 0x00, 0x00,
  0x00, 0x00, 0x00, 0x00, 0x00, 0x00, 0x00, 0x00, 0x00, 0x00, 0x00, 0x00, 0x00, 0x00, 0x00, 0x00,
  0x00, 0x00, 0x00, 0x00, 0x00, 0x00, 0x00, 0x00, 0x00, 0x00, 0x00, 0x00, 0x00, 0x00, 0x00, 0x00,
  0x00, 0x00, 0x00, 0x00, 0x00, 0x00, 0x00, 0x00, 0xff, 0xb6, 0x91, 0x07, 0x00, 0x00, 0x00, 0x00,
  0x00, 0x00, 0x00, 0x00, 0xff, 0xbb, 0xa2, 0x5b, 0xff, 0xb8, 0x9e, 0xff, 0xff, 0xc1, 0xa5, 0xff,
  0xff, 0xa8, 0x8f, 0xf6, 0xff, 0xa7, 0x8b, 0xfd, 0xff, 0xa4, 0x8a, 0xfe, 0xff, 0xa1, 0x8a, 0xfe,
  0xff, 0x9f, 0x8a, 0xfe, 0xff, 0x9f, 0x8a, 0xfe, 0xff, 0x9e, 0x8b, 0xff, 0xff, 0x9c, 0x8c, 0xff,
  0xff, 0x9b, 0x8c, 0xff, 0xff, 0x9a, 0x8c, 0xff, 0xff, 0x97, 0x8c, 0xff, 0xff, 0x96, 0x8c, 0xfe,
  0xff, 0x94, 0x8c, 0xfe, 0xff, 0x94, 0x8c, 0xfe, 0xff, 0x91, 0x8d, 0xfe, 0xff, 0x90, 0x8e, 0xfe,
  0xff, 0x90, 0x8e, 0xfe, 0xff, 0x8f, 0x8f, 0xff, 0xff, 0x8f, 0x91, 0xfb, 0xff, 0x93, 0x96, 0xfd,
  0xff, 0xac, 0xb2, 0xff, 0xff, 0x9f, 0xa5, 0xd2, 0xff, 0xa2, 0xaa, 0x21, 0x00, 0x00, 0x00, 0x00,
  0xff, 0xaa, 0xaa, 0x03, 0xff, 0xaa, 0xaa, 0x03, 0x00, 0x00, 0x00, 0x00, 0x00, 0x00, 0x00, 0x00,
  0x00, 0x00, 0x00, 0x00, 0x00, 0x00, 0x00, 0x00, 0x00, 0x00, 0x00, 0x00, 0x00, 0x00, 0x00, 0x00,
  0x00, 0x00, 0x00, 0x00, 0x00, 0x00, 0x00, 0x00, 0x00, 0x00, 0x00, 0x00, 0x00, 0x00, 0x00, 0x00,
  0x00, 0x00, 0x00, 0x00, 0x00, 0x00, 0x00, 0x00, 0x00, 0x00, 0x00, 0x00, 0x00, 0x00, 0x00, 0x00,
  0x00, 0x00, 0x00, 0x00, 0x00, 0x00, 0x00, 0x00, 0x00, 0x00, 0x00, 0x00, 0x00, 0x00, 0x00, 0x00,
  0x00, 0x00, 0x00, 0x00, 0x00, 0x00, 0x00, 0x00, 0x00, 0x00, 0x00, 0x00, 0x00, 0x00, 0x00, 0x00,
  0x00, 0x00, 0x00, 0x00, 0x00, 0x00, 0x00, 0x00, 0x00, 0x00, 0x00, 0x00, 0x00, 0x00, 0x00, 0x00,
  0x00, 0x00, 0x00, 0x00, 0x00, 0x00, 0x00, 0x00, 0x00, 0x00, 0x00, 0x00, 0x00, 0x00, 0x00, 0x00,
  0x00, 0x00, 0x00, 0x00, 0x00, 0x00, 0x00, 0x00, 0x00, 0x00, 0x00, 0x00, 0x00, 0x00, 0x00, 0x00,
  0x00, 0x00, 0x00, 0x00, 0x00, 0x00, 0x00, 0x00, 0x00, 0x00, 0x00, 0x00, 0x00, 0x00, 0x00, 0x00,
  0x00, 0x00, 0x00, 0x00, 0x00, 0x00, 0x00, 0x00, 0x00, 0x00, 0x00, 0x00, 0x00, 0x00, 0x00, 0x00,
  0x00, 0x00, 0x00, 0x00, 0x00, 0x00, 0x00, 0x00, 0x00, 0x00, 0x00, 0x00, 0x00, 0x00, 0x00, 0x00,
  0x00, 0x00, 0x00, 0x00, 0x00, 0x00, 0x00, 0x00, 0x00, 0x00, 0x00, 0x00, 0x00, 0x00, 0x00, 0x00,
  0x00, 0x00, 0x00, 0x00, 0x00, 0x00, 0x00, 0x00, 0x00, 0x00, 0x00, 0x00, 0x00, 0x00, 0x00, 0x00,
  0x00, 0x00, 0x00, 0x00, 0x00, 0x00, 0x00, 0x00, 0x00, 0x00, 0x00, 0x00, 0xff, 0xb6, 0x91, 0x07,
  0x00, 0x00, 0x00, 0x00, 0x00, 0x00, 0x00, 0x00, 0xff, 0xbb, 0xa2, 0x5b, 0xff, 0xb7, 0x9e, 0xff,
  0xff, 0xc0, 0xa5, 0xff, 0xff, 0xa7, 0x8f, 0xf6, 0xff, 0xa5, 0x8b, 0xfd, 0xff, 0xa2, 0x8a, 0xfe,
  0xff, 0xa0, 0x8a, 0xfe, 0xff, 0x9f, 0x8a, 0xfe, 0xff, 0x9d, 0x8b, 0xfe, 0xff, 0x9c, 0x8c, 0xff,
  0xff, 0x9b, 0x8c, 0xff, 0xff, 0x9b, 0x8c, 0xff, 0xff, 0x99, 0x8c, 0xff, 0xff, 0x97, 0x8c, 0xff,
  0xff, 0x95, 0x8c, 0xfe, 0xff, 0x93, 0x8c, 0xfe, 0xff, 0x93, 0x8c, 0xfe, 0xff, 0x91, 0x8d, 0xfe,
  0xff, 0x90, 0x8e, 0xfe, 0xff, 0x8e, 0x8e, 0xfe, 0xff, 0x8d, 0x8f, 0xff, 0xff, 0x8d, 0x90, 0xfb,
  0xff, 0x92, 0x96, 0xfd, 0xff, 0xac, 0xb2, 0xff, 0xff, 0x9f, 0xa5, 0xd2, 0xff, 0xa2, 0xaa, 0x21,
  0x00, 0x00, 0x00, 0x00, 0xff, 0xaa, 0xaa, 0x03, 0xff, 0xaa, 0xaa, 0x03, 0x00, 0x00, 0x00, 0x00,
  0x00, 0x00, 0x00, 0x00, 0x00, 0x00, 0x00, 0x00, 0x00, 0x00, 0x00, 0x00, 0x00, 0x00, 0x00, 0x00,
  0x00, 0x00, 0x00, 0x00, 0x00, 0x00, 0x00, 0x00, 0x00, 0x00, 0x00, 0x00, 0x00, 0x00, 0x00, 0x00,
  0x00, 0x00, 0x00, 0x00, 0x00, 0x00, 0x00, 0x00, 0x00, 0x00, 0x00, 0x00, 0x00, 0x00, 0x00, 0x00,
  0x00, 0x00, 0x00, 0x00, 0x00, 0x00, 0x00, 0x00, 0x00, 0x00, 0x00, 0x00, 0x00, 0x00, 0x00, 0x00,
  0x00, 0x00, 0x00, 0x00, 0x00, 0x00, 0x00, 0x00, 0x00, 0x00, 0x00, 0x00, 0x00, 0x00, 0x00, 0x00,
  0x00, 0x00, 0x00, 0x00, 0x00, 0x00, 0x00, 0x00, 0x00, 0x00, 0x00, 0x00, 0x00, 0x00, 0x00, 0x00,
  0x00, 0x00, 0x00, 0x00, 0x00, 0x00, 0x00, 0x00, 0x00, 0x00, 0x00, 0x00, 0x00, 0x00, 0x00, 0x00,
  0x00, 0x00, 0x00, 0x00, 0x00, 0x00, 0x00, 0x00, 0x00, 0x00, 0x00, 0x00, 0x00, 0x00, 0x00, 0x00,
  0x00, 0x00, 0x00, 0x00, 0x00, 0x00, 0x00, 0x00, 0x00, 0x00, 0x00, 0x00, 0x00, 0x00, 0x00, 0x00,
  0x00, 0x00, 0x00, 0x00, 0x00, 0x00, 0x00, 0x00, 0x00, 0x00, 0x00, 0x00, 0x00, 0x00, 0x00, 0x00,
  0x00, 0x00, 0x00, 0x00, 0x00, 0x00, 0x00, 0x00, 0x00, 0x00, 0x00, 0x00, 0x00, 0x00, 0x00, 0x00,
  0x00, 0x00, 0x00, 0x00, 0x00, 0x00, 0x00, 0x00, 0x00, 0x00, 0x00, 0x00, 0x00, 0x00, 0x00, 0x00,
  0x00, 0x00, 0x00, 0x00, 0x00, 0x00, 0x00, 0x00, 0x00, 0x00, 0x00, 0x00, 0x00, 0x00, 0x00, 0x00,
  0x00, 0x00, 0x00, 0x00, 0x00, 0x00, 0x00, 0x00, 0x00, 0x00, 0x00, 0x00, 0x00, 0x00, 0x00, 0x00,
  0xff, 0xb6, 0x91, 0x07, 0x00, 0x00, 0x00, 0x00, 0x00, 0x00, 0x00, 0x00, 0xff, 0xb8, 0x9f, 0x5b,
  0xff, 0xb5, 0x9d, 0xfe, 0xff, 0xbf, 0xa5, 0xff, 0xff, 0xa6, 0x8f, 0xf6, 0xff, 0xa3, 0x8b, 0xfd,
  0xff, 0xa0, 0x8a, 0xfe, 0xff, 0x9f, 0x8b, 0xff, 0xff, 0x9e, 0x8b, 0xff, 0xff, 0x9c, 0x8c, 0xff,
  0xff, 0x9b, 0x8d, 0xff, 0xff, 0x9a, 0x8c, 0xff, 0xff, 0x99, 0x8c, 0xff, 0xff, 0x97, 0x8d, 0xfe,
  0xff, 0x96, 0x8d, 0xfe, 0xff, 0x94, 0x8c, 0xfe, 0xff, 0x93, 0x8c, 0xfe, 0xff, 0x93, 0x8d, 0xfe,
  0xff, 0x91, 0x8e, 0xff, 0xff, 0x8f, 0x8e, 0xff, 0xff, 0x8c, 0x8e, 0xfe, 0xff, 0x8b, 0x8e, 0xfe,
  0xff, 0x8c, 0x8f, 0xfb, 0xff, 0x91, 0x95, 0xfe, 0xff, 0xab, 0xb2, 0xff, 0xff, 0x9d, 0xa4, 0xd3,
  0xff, 0xa2, 0xaa, 0x21, 0x00, 0x00, 0x00, 0x00, 0xff, 0xaa, 0xaa, 0x03, 0xff, 0xaa, 0xaa, 0x03,
  0x00, 0x00, 0x00, 0x00, 0x00, 0x00, 0x00, 0x00, 0x00, 0x00, 0x00, 0x00, 0x00, 0x00, 0x00, 0x00,
  0x00, 0x00, 0x00, 0x00, 0x00, 0x00, 0x00, 0x00, 0x00, 0x00, 0x00, 0x00, 0x00, 0x00, 0x00, 0x00,
  0x00, 0x00, 0x00, 0x00, 0x00, 0x00, 0x00, 0x00, 0x00, 0x00, 0x00, 0x00, 0x00, 0x00, 0x00, 0x00,
  0x00, 0x00, 0x00, 0x00, 0x00, 0x00, 0x00, 0x00, 0x00, 0x00, 0x00, 0x00, 0x00, 0x00, 0x00, 0x00,
  0x00, 0x00, 0x00, 0x00, 0x00, 0x00, 0x00, 0x00, 0x00, 0x00, 0x00, 0x00, 0x00, 0x00, 0x00, 0x00,
  0x00, 0x00, 0x00, 0x00, 0x00, 0x00, 0x00, 0x00, 0x00, 0x00, 0x00, 0x00, 0x00, 0x00, 0x00, 0x00,
  0x00, 0x00, 0x00, 0x00, 0x00, 0x00, 0x00, 0x00, 0x00, 0x00, 0x00, 0x00, 0x00, 0x00, 0x00, 0x00,
  0x00, 0x00, 0x00, 0x00, 0x00, 0x00, 0x00, 0x00, 0x00, 0x00, 0x00, 0x00, 0x00, 0x00, 0x00, 0x00,
  0x00, 0x00, 0x00, 0x00, 0x00, 0x00, 0x00, 0x00, 0x00, 0x00, 0x00, 0x00, 0x00, 0x00, 0x00, 0x00,
  0x00, 0x00, 0x00, 0x00, 0x00, 0x00, 0x00, 0x00, 0x00, 0x00, 0x00, 0x00, 0x00, 0x00, 0x00, 0x00,
  0x00, 0x00, 0x00, 0x00, 0x00, 0x00, 0x00, 0x00, 0x00, 0x00, 0x00, 0x00, 0x00, 0x00, 0x00, 0x00,
  0x00, 0x00, 0x00, 0x00, 0x00, 0x00, 0x00, 0x00, 0x00, 0x00, 0x00, 0x00, 0x00, 0x00, 0x00, 0x00,
  0x00, 0x00, 0x00, 0x00, 0x00, 0x00, 0x00, 0x00, 0x00, 0x00, 0x00, 0x00, 0x00, 0x00, 0x00, 0x00,
  0x00, 0x00, 0x00, 0x00, 0x00, 0x00, 0x00, 0x00, 0x00, 0x00, 0x00, 0x00, 0x00, 0x00, 0x00, 0x00,
  0x00, 0x00, 0x00, 0x00, 0xff, 0xb6, 0x91, 0x07, 0x00, 0x00, 0x00, 0x00, 0x00, 0x00, 0x00, 0x00,
  0xff, 0xb6, 0x9f, 0x5b, 0xff, 0xb4, 0x9e, 0xfe, 0xff, 0xbf, 0xa5, 0xff, 0xff, 0xa5, 0x8e, 0xf7,
  0xff, 0xa1, 0x8b, 0xfe, 0xff, 0x9f, 0x8b, 0xff, 0xff, 0x9d, 0x8a, 0xff, 0xff, 0x9c, 0x8b, 0xfe,
  0xff, 0x9b, 0x8c, 0xfe, 0xff, 0x9a, 0x8d, 0xff, 0xff, 0x99, 0x8c, 0xff, 0xff, 0x98, 0x8c, 0xfe,
  0xff, 0x96, 0x8d, 0xfe, 0xff, 0x94, 0x8d, 0xfe, 0xff, 0x92, 0x8d, 0xfe, 0xff, 0x92, 0x8d, 0xfe,
  0xff, 0x91, 0x8e, 0xfe, 0xff, 0x8e, 0x8e, 0xfe, 0xff, 0x8d, 0x8e, 0xff, 0xff, 0x8c, 0x8e, 0xff,
  0xff, 0x8a, 0x8f, 0xfe, 0xff, 0x8b, 0x8f, 0xfa, 0xff, 0x8f, 0x96, 0xfd, 0xff, 0xa9, 0xb2, 0xff,
  0xff, 0x9c, 0xa6, 0xd2, 0xff, 0xa2, 0xaa, 0x21, 0x00, 0x00, 0x00, 0x00, 0xff, 0xaa, 0xaa, 0x03,
  0xff, 0xaa, 0xaa, 0x03, 0x00, 0x00, 0x00, 0x00, 0x00, 0x00, 0x00, 0x00, 0x00, 0x00, 0x00, 0x00,
  0x00, 0x00, 0x00, 0x00, 0x00, 0x00, 0x00, 0x00, 0x00, 0x00, 0x00, 0x00, 0x00, 0x00, 0x00, 0x00,
  0x00, 0x00, 0x00, 0x00, 0x00, 0x00, 0x00, 0x00, 0x00, 0x00, 0x00, 0x00, 0x00, 0x00, 0x00, 0x00,
  0x00, 0x00, 0x00, 0x00, 0x00, 0x00, 0x00, 0x00, 0x00, 0x00, 0x00, 0x00, 0x00, 0x00, 0x00, 0x00,
  0x00, 0x00, 0x00, 0x00, 0x00, 0x00, 0x00, 0x00, 0x00, 0x00, 0x00, 0x00, 0x00, 0x00, 0x00, 0x00,
  0x00, 0x00, 0x00, 0x00, 0x00, 0x00, 0x00, 0x00, 0x00, 0x00, 0x00, 0x00, 0x00, 0x00, 0x00, 0x00,
  0x00, 0x00, 0x00, 0x00, 0x00, 0x00, 0x00, 0x00, 0x00, 0x00, 0x00, 0x00, 0x00, 0x00, 0x00, 0x00,
  0x00, 0x00, 0x00, 0x00, 0x00, 0x00, 0x00, 0x00, 0x00, 0x00, 0x00, 0x00, 0x00, 0x00, 0x00, 0x00,
  0x00, 0x00, 0x00, 0x00, 0x00, 0x00, 0x00, 0x00, 0x00, 0x00, 0x00, 0x00, 0x00, 0x00, 0x00, 0x00,
  0x00, 0x00, 0x00, 0x00, 0x00, 0x00, 0x00, 0x00, 0x00, 0x00, 0x00, 0x00, 0x00, 0x00, 0x00, 0x00,
  0x00, 0x00, 0x00, 0x00, 0x00, 0x00, 0x00, 0x00, 0x00, 0x00, 0x00, 0x00, 0x00, 0x00, 0x00, 0x00,
  0x00, 0x00, 0x00, 0x00, 0x00, 0x00, 0x00, 0x00, 0x00, 0x00, 0x00, 0x00, 0x00, 0x00, 0x00, 0x00,
  0x00, 0x00, 0x00, 0x00, 0x00, 0x00, 0x00, 0x00, 0x00, 0x00, 0x00, 0x00, 0x00, 0x00, 0x00, 0x00,
  0x00, 0x00, 0x00, 0x00, 0x00, 0x00, 0x00, 0x00, 0x00, 0x00, 0x00, 0x00, 0x00, 0x00, 0x00, 0x00,
  0x00, 0x00, 0x00, 0x00, 0x00, 0x00, 0x00, 0x00, 0xff, 0xb6, 0x91, 0x07, 0x00, 0x00, 0x00, 0x00,
  0x00, 0x00, 0x00, 0x00, 0xff, 0xb6, 0xa2, 0x5b, 0xff, 0xb4, 0x9e, 0xfe, 0xff, 0xbd, 0xa5, 0xff,
  0xff, 0xa4, 0x8d, 0xf8, 0xff, 0xa1, 0x8c, 0xfe, 0xff, 0x9f, 0x8b, 0xff, 0xff, 0x9d, 0x8a, 0xff,
  0xff, 0x9b, 0x8b, 0xfe, 0xff, 0x9a, 0x8b, 0xfe, 0xff, 0x99, 0x8c, 0xff, 0xff, 0x98, 0x8c, 0xff,
  0xff, 0x97, 0x8c, 0xfe, 0xff, 0x96, 0x8d, 0xfe, 0xff, 0x92, 0x8d, 0xfe, 0xff, 0x90, 0x8d, 0xfe,
  0xff, 0x91, 0x8e, 0xfe, 0xff, 0x90, 0x8e, 0xfe, 0xff, 0x8d, 0x8e, 0xfe, 0xff, 0x8c, 0x8f, 0xff,
  0xff, 0x8c, 0x8f, 0xff, 0xff, 0x89, 0x90, 0xfe, 0xff, 0x8a, 0x90, 0xfa, 0xff, 0x8e, 0x96, 0xfd,
  0xff, 0xa8, 0xb2, 0xff, 0xff, 0x9a, 0xa6, 0xd2, 0xff, 0xa2, 0xaa, 0x21, 0x00, 0x00, 0x00, 0x00,
  0xff, 0xaa, 0xaa, 0x03, 0xff, 0xaa, 0xaa, 0x03, 0x00, 0x00, 0x00, 0x00, 0x00, 0x00, 0x00, 0x00,
  0x00, 0x00, 0x00, 0x00, 0x00, 0x00, 0x00, 0x00, 0x00, 0x00, 0x00, 0x00, 0x00, 0x00, 0x00, 0x00,
  0x00, 0x00, 0x00, 0x00, 0x00, 0x00, 0x00, 0x00, 0x00, 0x00, 0x00, 0x00, 0x00, 0x00, 0x00, 0x00,
  0x00, 0x00, 0x00, 0x00, 0x00, 0x00, 0x00, 0x00, 0x00, 0x00, 0x00, 0x00, 0x00, 0x00, 0x00, 0x00,
  0x00, 0x00, 0x00, 0x00, 0x00, 0x00, 0x00, 0x00, 0x00, 0x00, 0x00, 0x00, 0x00, 0x00, 0x00, 0x00,
  0x00, 0x00, 0x00, 0x00, 0x00, 0x00, 0x00, 0x00, 0x00, 0x00, 0x00, 0x00, 0x00, 0x00, 0x00, 0x00,
  0x00, 0x00, 0x00, 0x00, 0x00, 0x00, 0x00, 0x00, 0x00, 0x00, 0x00, 0x00, 0x00, 0x00, 0x00, 0x00,
  0x00, 0x00, 0x00, 0x00, 0x00, 0x00, 0x00, 0x00, 0x00, 0x00, 0x00, 0x00, 0x00, 0x00, 0x00, 0x00,
  0x00, 0x00, 0x00, 0x00, 0x00, 0x00, 0x00, 0x00, 0x00, 0x00, 0x00, 0x00, 0x00, 0x00, 0x00, 0x00,
  0x00, 0x00, 0x00, 0x00, 0x00, 0x00, 0x00, 0x00, 0x00, 0x00, 0x00, 0x00, 0x00, 0x00, 0x00, 0x00,
  0x00, 0x00, 0x00, 0x00, 0x00, 0x00, 0x00, 0x00, 0x00, 0x00, 0x00, 0x00, 0x00, 0x00, 0x00, 0x00,
  0x00, 0x00, 0x00, 0x00, 0x00, 0x00, 0x00, 0x00, 0x00, 0x00, 0x00, 0x00, 0x00, 0x00, 0x00, 0x00,
  0x00, 0x00, 0x00, 0x00, 0x00, 0x00, 0x00, 0x00, 0x00, 0x00, 0x00, 0x00, 0x00, 0x00, 0x00, 0x00,
  0x00, 0x00, 0x00, 0x00, 0x00, 0x00, 0x00, 0x00, 0x00, 0x00, 0x00, 0x00, 0x00, 0x00, 0x00, 0x00,
  0x00, 0x00, 0x00, 0x00, 0x00, 0x00, 0x00, 0x00, 0x00, 0x00, 0x00, 0x00, 0xff, 0xb6, 0x91, 0x07,
  0x00, 0x00, 0x00, 0x00, 0x00, 0x00, 0x00, 0x00, 0xff, 0xb6, 0xa2, 0x5b, 0xff, 0xb2, 0x9e, 0xff,
  0xff, 0xbb, 0xa5, 0xff, 0xff, 0xa4, 0x8e, 0xf7, 0xff, 0xa0, 0x8c, 0xfe, 0xff, 0x9f, 0x8b, 0xff,
  0xff, 0x9d, 0x8b, 0xfe, 0xff, 0x9a, 0x8b, 0xfe, 0xff, 0x98, 0x8b, 0xfe, 0xff, 0x97, 0x8c, 0xff,
  0xff, 0x96, 0x8c, 0xff, 0xff, 0x95, 0x8c, 0xfe, 0xff, 0x94, 0x8d, 0xfe, 0xff, 0x91, 0x8d, 0xfe,
  0xff, 0x8f, 0x8d, 0xfe, 0xff, 0x8f, 0x8e, 0xff, 0xff, 0x8f, 0x8f, 0xff, 0xff, 0x8d, 0x8f, 0xfe,
  0xff, 0x8c, 0x90, 0xfe, 0xff, 0x89, 0x90, 0xfe, 0xff, 0x87, 0x90, 0xfe, 0xff, 0x88, 0x91, 0xfb,
  0xff, 0x8d, 0x97, 0xfe, 0xff, 0xa7, 0xb3, 0xff, 0xff, 0x99, 0xa5, 0xd2, 0xff, 0x9a, 0xaa, 0x21,
  0x00, 0x00, 0x00, 0x00, 0xff, 0xaa, 0xaa, 0x03, 0xff, 0xaa, 0xaa, 0x03, 0x00, 0x00, 0x00, 0x00,
  0x00, 0x00, 0x00, 0x00, 0x00, 0x00, 0x00, 0x00, 0x00, 0x00, 0x00, 0x00, 0x00, 0x00, 0x00, 0x00,
  0x00, 0x00, 0x00, 0x00, 0x00, 0x00, 0x00, 0x00, 0x00, 0x00, 0x00, 0x00, 0x00, 0x00, 0x00, 0x00,
  0x00, 0x00, 0x00, 0x00, 0x00, 0x00, 0x00, 0x00, 0x00, 0x00, 0x00, 0x00, 0x00, 0x00, 0x00, 0x00,
  0x00, 0x00, 0x00, 0x00, 0x00, 0x00, 0x00, 0x00, 0x00, 0x00, 0x00, 0x00, 0x00, 0x00, 0x00, 0x00,
  0x00, 0x00, 0x00, 0x00, 0x00, 0x00, 0x00, 0x00, 0x00, 0x00, 0x00, 0x00, 0x00, 0x00, 0x00, 0x00,
  0x00, 0x00, 0x00, 0x00, 0x00, 0x00, 0x00, 0x00, 0x00, 0x00, 0x00, 0x00, 0x00, 0x00, 0x00, 0x00,
  0x00, 0x00, 0x00, 0x00, 0x00, 0x00, 0x00, 0x00, 0x00, 0x00, 0x00, 0x00, 0x00, 0x00, 0x00, 0x00,
  0x00, 0x00, 0x00, 0x00, 0x00, 0x00, 0x00, 0x00, 0x00, 0x00, 0x00, 0x00, 0x00, 0x00, 0x00, 0x00,
  0x00, 0x00, 0x00, 0x00, 0x00, 0x00, 0x00, 0x00, 0x00, 0x00, 0x00, 0x00, 0x00, 0x00, 0x00, 0x00,
  0x00, 0x00, 0x00, 0x00, 0x00, 0x00, 0x00, 0x00, 0x00, 0x00, 0x00, 0x00, 0x00, 0x00, 0x00, 0x00,
  0x00, 0x00, 0x00, 0x00, 0x00, 0x00, 0x00, 0x00, 0x00, 0x00, 0x00, 0x00, 0x00, 0x00, 0x00, 0x00,
  0x00, 0x00, 0x00, 0x00, 0x00, 0x00, 0x00, 0x00, 0x00, 0x00, 0x00, 0x00, 0x00, 0x00, 0x00, 0x00,
  0x00, 0x00, 0x00, 0x00, 0x00, 0x00, 0x00, 0x00, 0x00, 0x00, 0x00, 0x00, 0x00, 0x00, 0x00, 0x00,
  0x00, 0x00, 0x00, 0x00, 0x00, 0x00, 0x00, 0x00, 0x00, 0x00, 0x00, 0x00, 0x00, 0x00, 0x00, 0x00,
  0xff, 0xb6, 0x91, 0x07, 0x00, 0x00, 0x00, 0x00, 0x00, 0x00, 0x00, 0x00, 0xff, 0xb6, 0x9f, 0x5b,
  0xff, 0xb1, 0x9e, 0xff, 0xff, 0xbb, 0xa6, 0xff, 0xff, 0xa3, 0x8f, 0xf7, 0xff, 0x9f, 0x8c, 0xfe,
  0xff, 0x9d, 0x8b, 0xfe, 0xff, 0x9b, 0x8c, 0xfe, 0xff, 0x99, 0x8c, 0xff, 0xff, 0x98, 0x8c, 0xff,
  0xff, 0x96, 0x8d, 0xfe, 0xff, 0x95, 0x8c, 0xff, 0xff, 0x94, 0x8c, 0xff, 0xff, 0x93, 0x8d, 0xfe,
  0xff, 0x91, 0x8d, 0xfe, 0xff, 0x8e, 0x8d, 0xfe, 0xff, 0x8e, 0x8e, 0xff, 0xff, 0x8d, 0x8e, 0xff,
  0xff, 0x8b, 0x8f, 0xfe, 0xff, 0x8b, 0x90, 0xfe, 0xff, 0x89, 0x90, 0xfe, 0xff, 0x87, 0x90, 0xfe,
  0xff, 0x87, 0x92, 0xfb, 0xff, 0x8c, 0x97, 0xfe, 0xff, 0xa6, 0xb3, 0xff, 0xff, 0x99, 0xa5, 0xd2,
  0xff, 0x9a, 0xaa, 0x21, 0x00, 0x00, 0x00, 0x00, 0xff, 0xaa, 0xaa, 0x03, 0xff, 0xaa, 0xaa, 0x03,
  0x00, 0x00, 0x00, 0x00, 0x00, 0x00, 0x00, 0x00, 0x00, 0x00, 0x00, 0x00, 0x00, 0x00, 0x00, 0x00,
  0x00, 0x00, 0x00, 0x00, 0x00, 0x00, 0x00, 0x00, 0x00, 0x00, 0x00, 0x00, 0x00, 0x00, 0x00, 0x00,
  0x00, 0x00, 0x00, 0x00, 0x00, 0x00, 0x00, 0x00, 0x00, 0x00, 0x00, 0x00, 0x00, 0x00, 0x00, 0x00,
  0x00, 0x00, 0x00, 0x00, 0x00, 0x00, 0x00, 0x00, 0x00, 0x00, 0x00, 0x00, 0x00, 0x00, 0x00, 0x00,
  0x00, 0x00, 0x00, 0x00, 0x00, 0x00, 0x00, 0x00, 0x00, 0x00, 0x00, 0x00, 0x00, 0x00, 0x00, 0x00,
  0x00, 0x00, 0x00, 0x00, 0x00, 0x00, 0x00, 0x00, 0x00, 0x00, 0x00, 0x00, 0x00, 0x00, 0x00, 0x00,
  0x00, 0x00, 0x00, 0x00, 0x00, 0x00, 0x00, 0x00, 0x00, 0x00, 0x00, 0x00, 0x00, 0x00, 0x00, 0x00,
  0x00, 0x00, 0x00, 0x00, 0x00, 0x00, 0x00, 0x00, 0x00, 0x00, 0x00, 0x00, 0x00, 0x00, 0x00, 0x00,
  0x00, 0x00, 0x00, 0x00, 0x00, 0x00, 0x00, 0x00, 0x00, 0x00, 0x00, 0x00, 0x00, 0x00, 0x00, 0x00,
  0x00, 0x00, 0x00, 0x00, 0x00, 0x00, 0x00, 0x00, 0x00, 0x00, 0x00, 0x00, 0x00, 0x00, 0x00, 0x00,
  0x00, 0x00, 0x00, 0x00, 0x00, 0x00, 0x00, 0x00, 0x00, 0x00, 0x00, 0x00, 0x00, 0x00, 0x00, 0x00,
  0x00, 0x00, 0x00, 0x00, 0x00, 0x00, 0x00, 0x00, 0x00, 0x00, 0x00, 0x00, 0x00, 0x00, 0x00, 0x00,
  0x00, 0x00, 0x00, 0x00, 0x00, 0x00, 0x00, 0x00, 0x00, 0x00, 0x00, 0x00, 0x00, 0x00, 0x00, 0x00,
  0x00, 0x00, 0x00, 0x00, 0x00, 0x00, 0x00, 0x00, 0x00, 0x00, 0x00, 0x00, 0x00, 0x00, 0x00, 0x00,
  0x00, 0x00, 0x00, 0x00, 0xff, 0xb6, 0x91, 0x07, 0x00, 0x00, 0x00, 0x00, 0x00, 0x00, 0x00, 0x00,
  0xff, 0xb3, 0x9f, 0x5b, 0xff, 0xb0, 0x9e, 0xfe, 0xff, 0xba, 0xa6, 0xff, 0xff, 0xa2, 0x90, 0xf7,
  0xff, 0x9d, 0x8d, 0xfe, 0xff, 0x9b, 0x8c, 0xfe, 0xff, 0x99, 0x8c, 0xfe, 0xff, 0x98, 0x8d, 0xff,
  0xff, 0x97, 0x8d, 0xff, 0xff, 0x95, 0x8d, 0xfe, 0xff, 0x94, 0x8d, 0xff, 0xff, 0x93, 0x8d, 0xff,
  0xff, 0x91, 0x8d, 0xfe, 0xff, 0x90, 0x8d, 0xfe, 0xff, 0x8e, 0x8e, 0xfe, 0xff, 0x8d, 0x8e, 0xfe,
  0xff, 0x8b, 0x8e, 0xfe, 0xff, 0x89, 0x8e, 0xfe, 0xff, 0x89, 0x8f, 0xff, 0xff, 0x89, 0x90, 0xff,
  0xff, 0x87, 0x91, 0xfe, 0xff, 0x86, 0x92, 0xfb, 0xff, 0x8a, 0x97, 0xfe, 0xff, 0xa5, 0xb3, 0xff,
  0xff, 0x99, 0xa6, 0xd2, 0xff, 0x9a, 0xaa, 0x21, 0x00, 0x00, 0x00, 0x00, 0xff, 0xaa, 0xaa, 0x03,
  0xff, 0xaa, 0xaa, 0x03, 0x00, 0x00, 0x00, 0x00, 0x00, 0x00, 0x00, 0x00, 0x00, 0x00, 0x00, 0x00,
  0x00, 0x00, 0x00, 0x00, 0x00, 0x00, 0x00, 0x00, 0x00, 0x00, 0x00, 0x00, 0x00, 0x00, 0x00, 0x00,
  0x00, 0x00, 0x00, 0x00, 0x00, 0x00, 0x00, 0x00, 0x00, 0x00, 0x00, 0x00, 0x00, 0x00, 0x00, 0x00,
  0x00, 0x00, 0x00, 0x00, 0x00, 0x00, 0x00, 0x00, 0x00, 0x00, 0x00, 0x00, 0x00, 0x00, 0x00, 0x00,
  0x00, 0x00, 0x00, 0x00, 0x00, 0x00, 0x00, 0x00, 0x00, 0x00, 0x00, 0x00, 0x00, 0x00, 0x00, 0x00,
  0x00, 0x00, 0x00, 0x00, 0x00, 0x00, 0x00, 0x00, 0x00, 0x00, 0x00, 0x00, 0x00, 0x00, 0x00, 0x00,
  0x00, 0x00, 0x00, 0x00, 0x00, 0x00, 0x00, 0x00, 0x00, 0x00, 0x00, 0x00, 0x00, 0x00, 0x00, 0x00,
  0x00, 0x00, 0x00, 0x00, 0x00, 0x00, 0x00, 0x00, 0x00, 0x00, 0x00, 0x00, 0x00, 0x00, 0x00, 0x00,
  0x00, 0x00, 0x00, 0x00, 0x00, 0x00, 0x00, 0x00, 0x00, 0x00, 0x00, 0x00, 0x00, 0x00, 0x00, 0x00,
  0x00, 0x00, 0x00, 0x00, 0x00, 0x00, 0x00, 0x00, 0x00, 0x00, 0x00, 0x00, 0x00, 0x00, 0x00, 0x00,
  0x00, 0x00, 0x00, 0x00, 0x00, 0x00, 0x00, 0x00, 0x00, 0x00, 0x00, 0x00, 0x00, 0x00, 0x00, 0x00,
  0x00, 0x00, 0x00, 0x00, 0x00, 0x00, 0x00, 0x00, 0x00, 0x00, 0x00, 0x00, 0x00, 0x00, 0x00, 0x00,
  0x00, 0x00, 0x00, 0x00, 0x00, 0x00, 0x00, 0x00, 0x00, 0x00, 0x00, 0x00, 0x00, 0x00, 0x00, 0x00,
  0x00, 0x00, 0x00, 0x00, 0x00, 0x00, 0x00, 0x00, 0x00, 0x00, 0x00, 0x00, 0x00, 0x00, 0x00, 0x00,
  0x00, 0x00, 0x00, 0x00, 0x00, 0x00, 0x00, 0x00, 0xff, 0xb6, 0x91, 0x07, 0x00, 0x00, 0x00, 0x00,
  0x00, 0x00, 0x00, 0x00, 0xff, 0xb3, 0xa2, 0x5b, 0xff, 0xaf, 0x9e, 0xfe, 0xff, 0xb8, 0xa5, 0xff,
  0xff, 0x9e, 0x8e, 0xf7, 0xff, 0x9b, 0x8d, 0xfe, 0xff, 0x99, 0x8c, 0xff, 0xff, 0x98, 0x8c, 0xfe,
  0xff, 0x97, 0x8c, 0xfe, 0xff, 0x96, 0x8c, 0xfe, 0xff, 0x94, 0x8d, 0xff, 0xff, 0x92, 0x8d, 0xff,
  0xff, 0x91, 0x8d, 0xfe, 0xff, 0x8f, 0x8e, 0xfe, 0xff, 0x8f, 0x8e, 0xfe, 0xff, 0x8d, 0x8e, 0xfe,
  0xff, 0x8d, 0x8f, 0xff, 0xff, 0x8a, 0x8f, 0xff, 0xff, 0x87, 0x8f, 0xfe, 0xff, 0x87, 0x8f, 0xfe,
  0xff, 0x86, 0x90, 0xfe, 0xff, 0x86, 0x92, 0xfe, 0xff, 0x85, 0x92, 0xfa, 0xff, 0x8a, 0x97, 0xfd,
  0xff, 0xa4, 0xb3, 0xff, 0xff, 0x97, 0xa6, 0xd3, 0xff, 0x9a, 0xaa, 0x21, 0x00, 0x00, 0x00, 0x00,
  0xff, 0xaa, 0xaa, 0x03, 0xff, 0xaa, 0xaa, 0x03, 0x00, 0x00, 0x00, 0x00, 0x00, 0x00, 0x00, 0x00,
  0x00, 0x00, 0x00, 0x00, 0x00, 0x00, 0x00, 0x00, 0x00, 0x00, 0x00, 0x00, 0x00, 0x00, 0x00, 0x00,
  0x00, 0x00, 0x00, 0x00, 0x00, 0x00, 0x00, 0x00, 0x00, 0x00, 0x00, 0x00, 0x00, 0x00, 0x00, 0x00,
  0x00, 0x00, 0x00, 0x00, 0x00, 0x00, 0x00, 0x00, 0x00, 0x00, 0x00, 0x00, 0x00, 0x00, 0x00, 0x00,
  0x00, 0x00, 0x00, 0x00, 0x00, 0x00, 0x00, 0x00, 0x00, 0x00, 0x00, 0x00, 0x00, 0x00, 0x00, 0x00,
  0x00, 0x00, 0x00, 0x00, 0x00, 0x00, 0x00, 0x00, 0x00, 0x00, 0x00, 0x00, 0x00, 0x00, 0x00, 0x00,
  0x00, 0x00, 0x00, 0x00, 0x00, 0x00, 0x00, 0x00, 0x00, 0x00, 0x00, 0x00, 0x00, 0x00, 0x00, 0x00,
  0x00, 0x00, 0x00, 0x00, 0x00, 0x00, 0x00, 0x00, 0x00, 0x00, 0x00, 0x00, 0x00, 0x00, 0x00, 0x00,
  0x00, 0x00, 0x00, 0x00, 0x00, 0x00, 0x00, 0x00, 0x00, 0x00, 0x00, 0x00, 0x00, 0x00, 0x00, 0x00,
  0x00, 0x00, 0x00, 0x00, 0x00, 0x00, 0x00, 0x00, 0x00, 0x00, 0x00, 0x00, 0x00, 0x00, 0x00, 0x00,
  0x00, 0x00, 0x00, 0x00, 0x00, 0x00, 0x00, 0x00, 0x00, 0x00, 0x00, 0x00, 0x00, 0x00, 0x00, 0x00,
  0x00, 0x00, 0x00, 0x00, 0x00, 0x00, 0x00, 0x00, 0x00, 0x00, 0x00, 0x00, 0x00, 0x00, 0x00, 0x00,
  0x00, 0x00, 0x00, 0x00, 0x00, 0x00, 0x00, 0x00, 0x00, 0x00, 0x00, 0x00, 0x00, 0x00, 0x00, 0x00,
  0x00, 0x00, 0x00, 0x00, 0x00, 0x00, 0x00, 0x00, 0x00, 0x00, 0x00, 0x00, 0x00, 0x00, 0x00, 0x00,
  0x00, 0x00, 0x00, 0x00, 0x00, 0x00, 0x00, 0x00, 0x00, 0x00, 0x00, 0x00, 0xff, 0xb6, 0x91, 0x07,
  0x00, 0x00, 0x00, 0x00, 0x00, 0x00, 0x00, 0x00, 0xff, 0xb3, 0xa2, 0x5b, 0xff, 0xaf, 0x9e, 0xfe,
  0xff, 0xb7, 0xa5, 0xff, 0xff, 0x9d, 0x8f, 0xf7, 0xff, 0x9a, 0x8d, 0xfe, 0xff, 0x98, 0x8c, 0xff,
  0xff, 0x97, 0x8c, 0xfe, 0xff, 0x96, 0x8c, 0xfe, 0xff, 0x94, 0x8c, 0xfe, 0xff, 0x92, 0x8d, 0xff,
  0xff, 0x91, 0x8d, 0xff, 0xff, 0x90, 0x8d, 0xfe, 0xff, 0x8f, 0x8e, 0xfe, 0xff, 0x8d, 0x8e, 0xfe,
  0xff, 0x8c, 0x8e, 0xfe, 0xff, 0x8b, 0x8f, 0xff, 0xff, 0x89, 0x90, 0xff, 0xff, 0x86, 0x8f, 0xfe,
  0xff, 0x85, 0x8f, 0xfe, 0xff, 0x84, 0x90, 0xfe, 0xff, 0x84, 0x92, 0xfe, 0xff, 0x84, 0x92, 0xfa,
  0xff, 0x88, 0x97, 0xfd, 0xff, 0xa2, 0xb3, 0xff, 0xff, 0x97, 0xa6, 0xd3, 0xff, 0x9a, 0xaa, 0x21,
  0x00, 0x00, 0x00, 0x00, 0xff, 0xaa, 0xaa, 0x03, 0xff, 0xaa, 0xaa, 0x03, 0x00, 0x00, 0x00, 0x00,
  0x00, 0x00, 0x00, 0x00, 0x00, 0x00, 0x00, 0x00, 0x00, 0x00, 0x00, 0x00, 0x00, 0x00, 0x00, 0x00,
  0x00, 0x00, 0x00, 0x00, 0x00, 0x00, 0x00, 0x00, 0x00, 0x00, 0x00, 0x00, 0x00, 0x00, 0x00, 0x00,
  0x00, 0x00, 0x00, 0x00, 0x00, 0x00, 0x00, 0x00, 0x00, 0x00, 0x00, 0x00, 0x00, 0x00, 0x00, 0x00,
  0x00, 0x00, 0x00, 0x00, 0x00, 0x00, 0x00, 0x00, 0x00, 0x00, 0x00, 0x00, 0x00, 0x00, 0x00, 0x00,
  0x00, 0x00, 0x00, 0x00, 0x00, 0x00, 0x00, 0x00, 0x00, 0x00, 0x00, 0x00, 0x00, 0x00, 0x00, 0x00,
  0x00, 0x00, 0x00, 0x00, 0x00, 0x00, 0x00, 0x00, 0x00, 0x00, 0x00, 0x00, 0x00, 0x00, 0x00, 0x00,
  0x00, 0x00, 0x00, 0x00, 0x00, 0x00, 0x00, 0x00, 0x00, 0x00, 0x00, 0x00, 0x00, 0x00, 0x00, 0x00,
  0x00, 0x00, 0x00, 0x00, 0x00, 0x00, 0x00, 0x00, 0x00, 0x00, 0x00, 0x00, 0x00, 0x00, 0x00, 0x00,
  0x00, 0x00, 0x00, 0x00, 0x00, 0x00, 0x00, 0x00, 0x00, 0x00, 0x00, 0x00, 0x00, 0x00, 0x00, 0x00,
  0x00, 0x00, 0x00, 0x00, 0x00, 0x00, 0x00, 0x00, 0x00, 0x00, 0x00, 0x00, 0x00, 0x00, 0x00, 0x00,
  0x00, 0x00, 0x00, 0x00, 0x00, 0x00, 0x00, 0x00, 0x00, 0x00, 0x00, 0x00, 0x00, 0x00, 0x00, 0x00,
  0x00, 0x00, 0x00, 0x00, 0x00, 0x00, 0x00, 0x00, 0x00, 0x00, 0x00, 0x00, 0x00, 0x00, 0x00, 0x00,
  0x00, 0x00, 0x00, 0x00, 0x00, 0x00, 0x00, 0x00, 0x00, 0x00, 0x00, 0x00, 0x00, 0x00, 0x00, 0x00,
  0x00, 0x00, 0x00, 0x00, 0x00, 0x00, 0x00, 0x00, 0x00, 0x00, 0x00, 0x00, 0x00, 0x00, 0x00, 0x00,
  0xff, 0xb6, 0x91, 0x07, 0x00, 0x00, 0x00, 0x00, 0x00, 0x00, 0x00, 0x00, 0xff, 0xb0, 0xa2, 0x5b,
  0xff, 0xae, 0x9f, 0xfe, 0xff, 0xb6, 0xa7, 0xff, 0xff, 0x9d, 0x91, 0xf7, 0xff, 0x99, 0x8d, 0xfe,
  0xff, 0x97, 0x8c, 0xff, 0xff, 0x95, 0x8c, 0xfe, 0xff, 0x94, 0x8d, 0xfe, 0xff, 0x93, 0x8d, 0xfe,
  0xff, 0x91, 0x8e, 0xfe, 0xff, 0x90, 0x8e, 0xfe, 0xff, 0x8f, 0x8e, 0xfe, 0xff, 0x8d, 0x8e, 0xfe,
  0xff, 0x8c, 0x8e, 0xfe, 0xff, 0x8b, 0x8f, 0xff, 0xff, 0x88, 0x90, 0xff, 0xff, 0x86, 0x90, 0xff,
  0xff, 0x85, 0x90, 0xfe, 0xff, 0x84, 0x90, 0xfe, 0xff, 0x83, 0x90, 0xfe, 0xff, 0x82, 0x91, 0xfe,
  0xff, 0x82, 0x93, 0xfa, 0xff, 0x86, 0x98, 0xfd, 0xff, 0xa1, 0xb4, 0xff, 0xff, 0x96, 0xa6, 0xd2,
  0xff, 0x9a, 0xaa, 0x21, 0x00, 0x00, 0x00, 0x00, 0xff, 0xaa, 0xaa, 0x03, 0xff, 0xaa, 0xaa, 0x03,
  0x00, 0x00, 0x00, 0x00, 0x00, 0x00, 0x00, 0x00, 0x00, 0x00, 0x00, 0x00, 0x00, 0x00, 0x00, 0x00,
  0x00, 0x00, 0x00, 0x00, 0x00, 0x00, 0x00, 0x00, 0x00, 0x00, 0x00, 0x00, 0x00, 0x00, 0x00, 0x00,
  0x00, 0x00, 0x00, 0x00, 0x00, 0x00, 0x00, 0x00, 0x00, 0x00, 0x00, 0x00, 0x00, 0x00, 0x00, 0x00,
  0x00, 0x00, 0x00, 0x00, 0x00, 0x00, 0x00, 0x00, 0x00, 0x00, 0x00, 0x00, 0x00, 0x00, 0x00, 0x00,
  0x00, 0x00, 0x00, 0x00, 0x00, 0x00, 0x00, 0x00, 0x00, 0x00, 0x00, 0x00, 0x00, 0x00, 0x00, 0x00,
  0x00, 0x00, 0x00, 0x00, 0x00, 0x00, 0x00, 0x00, 0x00, 0x00, 0x00, 0x00, 0x00, 0x00, 0x00, 0x00,
  0x00, 0x00, 0x00, 0x00, 0x00, 0x00, 0x00, 0x00, 0x00, 0x00, 0x00, 0x00, 0x00, 0x00, 0x00, 0x00,
  0x00, 0x00, 0x00, 0x00, 0x00, 0x00, 0x00, 0x00, 0x00, 0x00, 0x00, 0x00, 0x00, 0x00, 0x00, 0x00,
  0x00, 0x00, 0x00, 0x00, 0x00, 0x00, 0x00, 0x00, 0x00, 0x00, 0x00, 0x00, 0x00, 0x00, 0x00, 0x00,
  0x00, 0x00, 0x00, 0x00, 0x00, 0x00, 0x00, 0x00, 0x00, 0x00, 0x00, 0x00, 0x00, 0x00, 0x00, 0x00,
  0x00, 0x00, 0x00, 0x00, 0x00, 0x00, 0x00, 0x00, 0x00, 0x00, 0x00, 0x00, 0x00, 0x00, 0x00, 0x00,
  0x00, 0x00, 0x00, 0x00, 0x00, 0x00, 0x00, 0x00, 0x00, 0x00, 0x00, 0x00, 0x00, 0x00, 0x00, 0x00,
  0x00, 0x00, 0x00, 0x00, 0x00, 0x00, 0x00, 0x00, 0x00, 0x00, 0x00, 0x00, 0x00, 0x00, 0x00, 0x00,
  0x00, 0x00, 0x00, 0x00, 0x00, 0x00, 0x00, 0x00, 0x00, 0x00, 0x00, 0x00, 0x00, 0x00, 0x00, 0x00,
  0x00, 0x00, 0x00, 0x00, 0xff, 0xb6, 0x91, 0x07, 0x00, 0x00, 0x00, 0x00, 0x00, 0x00, 0x00, 0x00,
  0xff, 0xb0, 0xa2, 0x5b, 0xff, 0xad, 0xa0, 0xfe, 0xff, 0xb4, 0xa7, 0xff, 0xff, 0x9c, 0x92, 0xf6,
  0xff, 0x99, 0x8e, 0xfd, 0xff, 0x96, 0x8d, 0xff, 0xff, 0x94, 0x8c, 0xff, 0xff, 0x93, 0x8e, 0xfe,
  0xff, 0x93, 0x8e, 0xfe, 0xff, 0x90, 0x8d, 0xfe, 0xff, 0x8f, 0x8d, 0xfe, 0xff, 0x8e, 0x8e, 0xfe,
  0xff, 0x8b, 0x8e, 0xfe, 0xff, 0x8a, 0x8e, 0xfe, 0xff, 0x8a, 0x8f, 0xfe, 0xff, 0x88, 0x90, 0xfe,
  0xff, 0x86, 0x90, 0xfe, 0xff, 0x84, 0x90, 0xfe, 0xff, 0x83, 0x91, 0xfe, 0xff, 0x83, 0x90, 0xfe,
  0xff, 0x81, 0x91, 0xff, 0xff, 0x81, 0x93, 0xfb, 0xff, 0x85, 0x98, 0xfe, 0xff, 0xa0, 0xb5, 0xff,
  0xff, 0x95, 0xa6, 0xd2, 0xff, 0x92, 0xaa, 0x21, 0x00, 0x00, 0x00, 0x00, 0xff, 0xaa, 0xaa, 0x03,
  0xff, 0xaa, 0xaa, 0x03, 0x00, 0x00, 0x00, 0x00, 0x00, 0x00, 0x00, 0x00, 0x00, 0x00, 0x00, 0x00,
  0x00, 0x00, 0x00, 0x00, 0x00, 0x00, 0x00, 0x00, 0x00, 0x00, 0x00, 0x00, 0x00, 0x00, 0x00, 0x00,
  0x00, 0x00, 0x00, 0x00, 0x00, 0x00, 0x00, 0x00, 0x00, 0x00, 0x00, 0x00, 0x00, 0x00, 0x00, 0x00,
  0x00, 0x00, 0x00, 0x00, 0x00, 0x00, 0x00, 0x00, 0x00, 0x00, 0x00, 0x00, 0x00, 0x00, 0x00, 0x00,
  0x00, 0x00, 0x00, 0x00, 0x00, 0x00, 0x00, 0x00, 0x00, 0x00, 0x00, 0x00, 0x00, 0x00, 0x00, 0x00,
  0x00, 0x00, 0x00, 0x00, 0x00, 0x00, 0x00, 0x00, 0x00, 0x00, 0x00, 0x00, 0x00, 0x00, 0x00, 0x00,
  0x00, 0x00, 0x00, 0x00, 0x00, 0x00, 0x00, 0x00, 0x00, 0x00, 0x00, 0x00, 0x00, 0x00, 0x00, 0x00,
  0x00, 0x00, 0x00, 0x00, 0x00, 0x00, 0x00, 0x00, 0x00, 0x00, 0x00, 0x00, 0x00, 0x00, 0x00, 0x00,
  0x00, 0x00, 0x00, 0x00, 0x00, 0x00, 0x00, 0x00, 0x00, 0x00, 0x00, 0x00, 0x00, 0x00, 0x00, 0x00,
  0x00, 0x00, 0x00, 0x00, 0x00, 0x00, 0x00, 0x00, 0x00, 0x00, 0x00, 0x00, 0x00, 0x00, 0x00, 0x00,
  0x00, 0x00, 0x00, 0x00, 0x00, 0x00, 0x00, 0x00, 0x00, 0x00, 0x00, 0x00, 0x00, 0x00, 0x00, 0x00,
  0x00, 0x00, 0x00, 0x00, 0x00, 0x00, 0x00, 0x00, 0x00, 0x00, 0x00, 0x00, 0x00, 0x00, 0x00, 0x00,
  0x00, 0x00, 0x00, 0x00, 0x00, 0x00, 0x00, 0x00, 0x00, 0x00, 0x00, 0x00, 0x00, 0x00, 0x00, 0x00,
  0x00, 0x00, 0x00, 0x00, 0x00, 0x00, 0x00, 0x00, 0x00, 0x00, 0x00, 0x00, 0x00, 0x00, 0x00, 0x00,
  0x00, 0x00, 0x00, 0x00, 0x00, 0x00, 0x00, 0x00, 0xff, 0xb6, 0x91, 0x07, 0x00, 0x00, 0x00, 0x00,
  0x00, 0x00, 0x00, 0x00, 0xff, 0xb0, 0xa2, 0x5b, 0xff, 0xac, 0xa0, 0xfe, 0xff, 0xb3, 0xa7, 0xff,
  0xff, 0x9a, 0x91, 0xf6, 0xff, 0x98, 0x8e, 0xfd, 0xff, 0x95, 0x8d, 0xff, 0xff, 0x94, 0x8d, 0xff,
  0xff, 0x93, 0x8e, 0xfe, 0xff, 0x92, 0x8e, 0xfe, 0xff, 0x8f, 0x8d, 0xfe, 0xff, 0x8e, 0x8d, 0xfe,
  0xff, 0x8d, 0x8e, 0xfe, 0xff, 0x8a, 0x8e, 0xfe, 0xff, 0x89, 0x8e, 0xfe, 0xff, 0x89, 0x8f, 0xfe,
  0xff, 0x88, 0x90, 0xfe, 0xff, 0x86, 0x90, 0xfe, 0xff, 0x83, 0x90, 0xfe, 0xff, 0x83, 0x91, 0xfe,
  0xff, 0x83, 0x91, 0xfe, 0xff, 0x81, 0x91, 0xff, 0xff, 0x80, 0x92, 0xfc, 0xff, 0x85, 0x99, 0xfe,
  0xff, 0x9f, 0xb5, 0xff, 0xff, 0x94, 0xa6, 0xd2, 0xff, 0x92, 0xaa, 0x21, 0x00, 0x00, 0x00, 0x00,
  0xff, 0xaa, 0xaa, 0x03, 0xff, 0xaa, 0xaa, 0x03, 0x00, 0x00, 0x00, 0x00, 0x00, 0x00, 0x00, 0x00,
  0x00, 0x00, 0x00, 0x00, 0x00, 0x00, 0x00, 0x00, 0x00, 0x00, 0x00, 0x00, 0x00, 0x00, 0x00, 0x00,
  0x00, 0x00, 0x00, 0x00, 0x00, 0x00, 0x00, 0x00, 0x00, 0x00, 0x00, 0x00, 0x00, 0x00, 0x00, 0x00,
  0x00, 0x00, 0x00, 0x00, 0x00, 0x00, 0x00, 0x00, 0x00, 0x00, 0x00, 0x00, 0x00, 0x00, 0x00, 0x00,
  0x00, 0x00, 0x00, 0x00, 0x00, 0x00, 0x00, 0x00, 0x00, 0x00, 0x00, 0x00, 0x00, 0x00, 0x00, 0x00,
  0x00, 0x00, 0x00, 0x00, 0x00, 0x00, 0x00, 0x00, 0x00, 0x00, 0x00, 0x00, 0x00, 0x00, 0x00, 0x00,
  0x00, 0x00, 0x00, 0x00, 0x00, 0x00, 0x00, 0x00, 0x00, 0x00, 0x00, 0x00, 0x00, 0x00, 0x00, 0x00,
  0x00, 0x00, 0x00, 0x00, 0x00, 0x00, 0x00, 0x00, 0x00, 0x00, 0x00, 0x00, 0x00, 0x00, 0x00, 0x00,
  0x00, 0x00, 0x00, 0x00, 0x00, 0x00, 0x00, 0x00, 0x00, 0x00, 0x00, 0x00, 0x00, 0x00, 0x00, 0x00,
  0x00, 0x00, 0x00, 0x00, 0x00, 0x00, 0x00, 0x00, 0x00, 0x00, 0x00, 0x00, 0x00, 0x00, 0x00, 0x00,
  0x00, 0x00, 0x00, 0x00, 0x00, 0x00, 0x00, 0x00, 0x00, 0x00, 0x00, 0x00, 0x00, 0x00, 0x00, 0x00,
  0x00, 0x00, 0x00, 0x00, 0x00, 0x00, 0x00, 0x00, 0x00, 0x00, 0x00, 0x00, 0x00, 0x00, 0x00, 0x00,
  0x00, 0x00, 0x00, 0x00, 0x00, 0x00, 0x00, 0x00, 0x00, 0x00, 0x00, 0x00, 0x00, 0x00, 0x00, 0x00,
  0x00, 0x00, 0x00, 0x00, 0x00, 0x00, 0x00, 0x00, 0x00, 0x00, 0x00, 0x00, 0x00, 0x00, 0x00, 0x00,
  0x00, 0x00, 0x00, 0x00, 0x00, 0x00, 0x00, 0x00, 0x00, 0x00, 0x00, 0x00, 0xff, 0x91, 0x91, 0x07,
  0x00, 0x00, 0x00, 0x00, 0x00, 0x00, 0x00, 0x00, 0xff, 0xad, 0xa2, 0x5b, 0xff, 0xaa, 0x9f, 0xfe,
  0xff, 0xb2, 0xa7, 0xff, 0xff, 0x9a, 0x92, 0xf6, 0xff, 0x96, 0x8e, 0xfd, 0xff, 0x94, 0x8d, 0xff,
  0xff, 0x93, 0x8e, 0xff, 0xff, 0x92, 0x8e, 0xfe, 0xff, 0x90, 0x8e, 0xfe, 0xff, 0x8e, 0x8f, 0xff,
  0xff, 0x8c, 0x8f, 0xff, 0xff, 0x8b, 0x8f, 0xff, 0xff, 0x89, 0x90, 0xff, 0xff, 0x88, 0x90, 0xff,
  0xff, 0x87, 0x90, 0xff, 0xff, 0x86, 0x90, 0xfe, 0xff, 0x84, 0x90, 0xfe, 0xff, 0x82, 0x91, 0xfe,
  0xff, 0x81, 0x92, 0xff, 0xff, 0x81, 0x92, 0xff, 0xff, 0x80, 0x93, 0xff, 0xff, 0x81, 0x95, 0xfb,
  0xff, 0x85, 0x99, 0xfe, 0xff, 0x9e, 0xb5, 0xff, 0xff, 0x92, 0xa6, 0xd3, 0xff, 0x92, 0xaa, 0x21,
  0x00, 0x00, 0x00, 0x00, 0xff, 0xaa, 0xaa, 0x03, 0xff, 0xaa, 0xaa, 0x03, 0x00, 0x00, 0x00, 0x00,
  0x00, 0x00, 0x00, 0x00, 0x00, 0x00, 0x00, 0x00, 0x00, 0x00, 0x00, 0x00, 0x00, 0x00, 0x00, 0x00,
  0x00, 0x00, 0x00, 0x00, 0x00, 0x00, 0x00, 0x00, 0x00, 0x00, 0x00, 0x00, 0x00, 0x00, 0x00, 0x00,
  0x00, 0x00, 0x00, 0x00, 0x00, 0x00, 0x00, 0x00, 0x00, 0x00, 0x00, 0x00, 0x00, 0x00, 0x00, 0x00,
  0x00, 0x00, 0x00, 0x00, 0x00, 0x00, 0x00, 0x00, 0x00, 0x00, 0x00, 0x00, 0x00, 0x00, 0x00, 0x00,
  0x00, 0x00, 0x00, 0x00, 0x00, 0x00, 0x00, 0x00, 0x00, 0x00, 0x00, 0x00, 0x00, 0x00, 0x00, 0x00,
  0x00, 0x00, 0x00, 0x00, 0x00, 0x00, 0x00, 0x00, 0x00, 0x00, 0x00, 0x00, 0x00, 0x00, 0x00, 0x00,
  0x00, 0x00, 0x00, 0x00, 0x00, 0x00, 0x00, 0x00, 0x00, 0x00, 0x00, 0x00, 0x00, 0x00, 0x00, 0x00,
  0x00, 0x00, 0x00, 0x00, 0x00, 0x00, 0x00, 0x00, 0x00, 0x00, 0x00, 0x00, 0x00, 0x00, 0x00, 0x00,
  0x00, 0x00, 0x00, 0x00, 0x00, 0x00, 0x00, 0x00, 0x00, 0x00, 0x00, 0x00, 0x00, 0x00, 0x00, 0x00,
  0x00, 0x00, 0x00, 0x00, 0x00, 0x00, 0x00, 0x00, 0x00, 0x00, 0x00, 0x00, 0x00, 0x00, 0x00, 0x00,
  0x00, 0x00, 0x00, 0x00, 0x00, 0x00, 0x00, 0x00, 0x00, 0x00, 0x00, 0x00, 0x00, 0x00, 0x00, 0x00,
  0x00, 0x00, 0x00, 0x00, 0x00, 0x00, 0x00, 0x00, 0x00, 0x00, 0x00, 0x00, 0x00, 0x00, 0x00, 0x00,
  0x00, 0x00, 0x00, 0x00, 0x00, 0x00, 0x00, 0x00, 0x00, 0x00, 0x00, 0x00, 0x00, 0x00, 0x00, 0x00,
  0x00, 0x00, 0x00, 0x00, 0x00, 0x00, 0x00, 0x00, 0x00, 0x00, 0x00, 0x00, 0x00, 0x00, 0x00, 0x00,
  0xff, 0x91, 0x91, 0x07, 0x00, 0x00, 0x00, 0x00, 0x00, 0x00, 0x00, 0x00, 0xff, 0xad, 0xa5, 0x5b,
  0xff, 0xaa, 0xa0, 0xfe, 0xff, 0xb2, 0xa8, 0xff, 0xff, 0x99, 0x92, 0xf7, 0xff, 0x95, 0x8e, 0xfe,
  0xff, 0x93, 0x8e, 0xff, 0xff, 0x91, 0x8e, 0xff, 0xff, 0x8f, 0x8e, 0xfe, 0xff, 0x8e, 0x8e, 0xfe,
  0xff, 0x8e, 0x8f, 0xff, 0xff, 0x8c, 0x90, 0xff, 0xff, 0x8a, 0x90, 0xff, 0xff, 0x88, 0x90, 0xff,
  0xff, 0x87, 0x90, 0xff, 0xff, 0x86, 0x90, 0xff, 0xff, 0x85, 0x90, 0xfe, 0xff, 0x83, 0x90, 0xfe,
  0xff, 0x82, 0x92, 0xfe, 0xff, 0x81, 0x92, 0xff, 0xff, 0x80, 0x92, 0xff, 0xff, 0x7f, 0x93, 0xff,
  0xff, 0x80, 0x94, 0xfa, 0xff, 0x85, 0x99, 0xfd, 0xff, 0x9d, 0xb5, 0xff, 0xff, 0x91, 0xa6, 0xd3,
  0xff, 0x92, 0xaa, 0x21, 0x00, 0x00, 0x00, 0x00, 0xff, 0xaa, 0xaa, 0x03, 0xff, 0xaa, 0xaa, 0x03,
  0x00, 0x00, 0x00, 0x00, 0x00, 0x00, 0x00, 0x00, 0x00, 0x00, 0x00, 0x00, 0x00, 0x00, 0x00, 0x00,
  0x00, 0x00, 0x00, 0x00, 0x00, 0x00, 0x00, 0x00, 0x00, 0x00, 0x00, 0x00, 0x00, 0x00, 0x00, 0x00,
  0x00, 0x00, 0x00, 0x00, 0x00, 0x00, 0x00, 0x00, 0x00, 0x00, 0x00, 0x00, 0x00, 0x00, 0x00, 0x00,
  0x00, 0x00, 0x00, 0x00, 0x00, 0x00, 0x00, 0x00, 0x00, 0x00, 0x00, 0x00, 0x00, 0x00, 0x00, 0x00,
  0x00, 0x00, 0x00, 0x00, 0x00, 0x00, 0x00, 0x00, 0x00, 0x00, 0x00, 0x00, 0x00, 0x00, 0x00, 0x00,
  0x00, 0x00, 0x00, 0x00, 0x00, 0x00, 0x00, 0x00, 0x00, 0x00, 0x00, 0x00, 0x00, 0x00, 0x00, 0x00,
  0x00, 0x00, 0x00, 0x00, 0x00, 0x00, 0x00, 0x00, 0x00, 0x00, 0x00, 0x00, 0x00, 0x00, 0x00, 0x00,
  0x00, 0x00, 0x00, 0x00, 0x00, 0x00, 0x00, 0x00, 0x00, 0x00, 0x00, 0x00, 0x00, 0x00, 0x00, 0x00,
  0x00, 0x00, 0x00, 0x00, 0x00, 0x00, 0x00, 0x00, 0x00, 0x00, 0x00, 0x00, 0x00, 0x00, 0x00, 0x00,
  0x00, 0x00, 0x00, 0x00, 0x00, 0x00, 0x00, 0x00, 0x00, 0x00, 0x00, 0x00, 0x00, 0x00, 0x00, 0x00,
  0x00, 0x00, 0x00, 0x00, 0x00, 0x00, 0x00, 0x00, 0x00, 0x00, 0x00, 0x00, 0x00, 0x00, 0x00, 0x00,
  0x00, 0x00, 0x00, 0x00, 0x00, 0x00, 0x00, 0x00, 0x00, 0x00, 0x00, 0x00, 0x00, 0x00, 0x00, 0x00,
  0x00, 0x00, 0x00, 0x00, 0x00, 0x00, 0x00, 0x00, 0x00, 0x00, 0x00, 0x00, 0x00, 0x00, 0x00, 0x00,
  0x00, 0x00, 0x00, 0x00, 0x00, 0x00, 0x00, 0x00, 0x00, 0x00, 0x00, 0x00, 0x00, 0x00, 0x00, 0x00,
  0x00, 0x00, 0x00, 0x00, 0xff, 0x91, 0x91, 0x07, 0x00, 0x00, 0x00, 0x00, 0x00, 0x00, 0x00, 0x00,
  0xff, 0xaa, 0xa5, 0x5b, 0xff, 0xa9, 0xa1, 0xfe, 0xff, 0xb2, 0xa9, 0xff, 0xff, 0x99, 0x92, 0xf8,
  0xff, 0x94, 0x8f, 0xfe, 0xff, 0x91, 0x8e, 0xff, 0xff, 0x8f, 0x8d, 0xfe, 0xff, 0x8d, 0x8e, 0xfe,
  0xff, 0x8d, 0x8e, 0xfe, 0xff, 0x8d, 0x8f, 0xfe, 0xff, 0x8c, 0x90, 0xff, 0xff, 0x89, 0x90, 0xff,
  0xff, 0x87, 0x90, 0xfe, 0xff, 0x86, 0x90, 0xfe, 0xff, 0x85, 0x90, 0xfe, 0xff, 0x84, 0x90, 0xfe,
  0xff, 0x82, 0x90, 0xfe, 0xff, 0x81, 0x92, 0xfe, 0xff, 0x80, 0x92, 0xff, 0xff, 0x7f, 0x92, 0xff,
  0xff, 0x7d, 0x92, 0xfe, 0xff, 0x7d, 0x93, 0xfa, 0xff, 0x82, 0x99, 0xfd, 0xff, 0x9b, 0xb5, 0xff,
  0xff, 0x90, 0xa7, 0xd2, 0xff, 0x92, 0xaa, 0x21, 0x00, 0x00, 0x00, 0x00, 0xff, 0xaa, 0xaa, 0x03,
  0xff, 0xaa, 0xaa, 0x03, 0x00, 0x00, 0x00, 0x00, 0x00, 0x00, 0x00, 0x00, 0x00, 0x00, 0x00, 0x00,
  0x00, 0x00, 0x00, 0x00, 0x00, 0x00, 0x00, 0x00, 0x00, 0x00, 0x00, 0x00, 0x00, 0x00, 0x00, 0x00,
  0x00, 0x00, 0x00, 0x00, 0x00, 0x00, 0x00, 0x00, 0x00, 0x00, 0x00, 0x00, 0x00, 0x00, 0x00, 0x00,
  0x00, 0x00, 0x00, 0x00, 0x00, 0x00, 0x00, 0x00, 0x00, 0x00, 0x00, 0x00, 0x00, 0x00, 0x00, 0x00,
  0x00, 0x00, 0x00, 0x00, 0x00, 0x00, 0x00, 0x00, 0x00, 0x00, 0x00, 0x00, 0x00, 0x00, 0x00, 0x00,
  0x00, 0x00, 0x00, 0x00, 0x00, 0x00, 0x00, 0x00, 0x00, 0x00, 0x00, 0x00, 0x00, 0x00, 0x00, 0x00,
  0x00, 0x00, 0x00, 0x00, 0x00, 0x00, 0x00, 0x00, 0x00, 0x00, 0x00, 0x00, 0x00, 0x00, 0x00, 0x00,
  0x00, 0x00, 0x00, 0x00, 0x00, 0x00, 0x00, 0x00, 0x00, 0x00, 0x00, 0x00, 0x00, 0x00, 0x00, 0x00,
  0x00, 0x00, 0x00, 0x00, 0x00, 0x00, 0x00, 0x00, 0x00, 0x00, 0x00, 0x00, 0x00, 0x00, 0x00, 0x00,
  0x00, 0x00, 0x00, 0x00, 0x00, 0x00, 0x00, 0x00, 0x00, 0x00, 0x00, 0x00, 0x00, 0x00, 0x00, 0x00,
  0x00, 0x00, 0x00, 0x00, 0x00, 0x00, 0x00, 0x00, 0x00, 0x00, 0x00, 0x00, 0x00, 0x00, 0x00, 0x00,
  0x00, 0x00, 0x00, 0x00, 0x00, 0x00, 0x00, 0x00, 0x00, 0x00, 0x00, 0x00, 0x00, 0x00, 0x00, 0x00,
  0x00, 0x00, 0x00, 0x00, 0x00, 0x00, 0x00, 0x00, 0x00, 0x00, 0x00, 0x00, 0x00, 0x00, 0x00, 0x00,
  0x00, 0x00, 0x00, 0x00, 0x00, 0x00, 0x00, 0x00, 0x00, 0x00, 0x00, 0x00, 0x00, 0x00, 0x00, 0x00,
  0x00, 0x00, 0x00, 0x00, 0x00, 0x00, 0x00, 0x00, 0xff, 0x91, 0x91, 0x07, 0x00, 0x00, 0x00, 0x00,
  0x00, 0x00, 0x00, 0x00, 0xff, 0xa8, 0xa2, 0x5b, 0xff, 0xa7, 0xa0, 0xfe, 0xff, 0xaf, 0xa8, 0xff,
  0xff, 0x97, 0x92, 0xf7, 0xff, 0x93, 0x8f, 0xfd, 0xff, 0x8f, 0x8d, 0xfe, 0xff, 0x8e, 0x8e, 0xfe,
  0xff, 0x8e, 0x8f, 0xfe, 0xff, 0x8c, 0x8f, 0xfe, 0xff, 0x8a, 0x8f, 0xfe, 0xff, 0x89, 0x90, 0xfe,
  0xff, 0x88, 0x90, 0xfe, 0xff, 0x86, 0x90, 0xfe, 0xff, 0x85, 0x90, 0xfe, 0xff, 0x84, 0x91, 0xfe,
  0xff, 0x83, 0x91, 0xff, 0xff, 0x81, 0x91, 0xff, 0xff, 0x80, 0x92, 0xff, 0xff, 0x7e, 0x92, 0xfe,
  0xff, 0x7c, 0x92, 0xfe, 0xff, 0x7b, 0x92, 0xfe, 0xff, 0x7a, 0x93, 0xfb, 0xff, 0x7f, 0x99, 0xfe,
  0xff, 0x9a, 0xb6, 0xff, 0xff, 0x90, 0xa7, 0xd2, 0xff, 0x92, 0xaa, 0x21, 0x00, 0x00, 0x00, 0x00,
  0xff, 0xaa, 0xaa, 0x03, 0xff, 0xaa, 0xaa, 0x03, 0x00, 0x00, 0x00, 0x00, 0x00, 0x00, 0x00, 0x00,
  0x00, 0x00, 0x00, 0x00, 0x00, 0x00, 0x00, 0x00, 0x00, 0x00, 0x00, 0x00, 0x00, 0x00, 0x00, 0x00,
  0x00, 0x00, 0x00, 0x00, 0x00, 0x00, 0x00, 0x00, 0x00, 0x00, 0x00, 0x00, 0x00, 0x00, 0x00, 0x00,
  0x00, 0x00, 0x00, 0x00, 0x00, 0x00, 0x00, 0x00, 0x00, 0x00, 0x00, 0x00, 0x00, 0x00, 0x00, 0x00,
  0x00, 0x00, 0x00, 0x00, 0x00, 0x00, 0x00, 0x00, 0x00, 0x00, 0x00, 0x00, 0x00, 0x00, 0x00, 0x00,
  0x00, 0x00, 0x00, 0x00, 0x00, 0x00, 0x00, 0x00, 0x00, 0x00, 0x00, 0x00, 0x00, 0x00, 0x00, 0x00,
  0x00, 0x00, 0x00, 0x00, 0x00, 0x00, 0x00, 0x00, 0x00, 0x00, 0x00, 0x00, 0x00, 0x00, 0x00, 0x00,
  0x00, 0x00, 0x00, 0x00, 0x00, 0x00, 0x00, 0x00, 0x00, 0x00, 0x00, 0x00, 0x00, 0x00, 0x00, 0x00,
  0x00, 0x00, 0x00, 0x00, 0x00, 0x00, 0x00, 0x00, 0x00, 0x00, 0x00, 0x00, 0x00, 0x00, 0x00, 0x00,
  0x00, 0x00, 0x00, 0x00, 0x00, 0x00, 0x00, 0x00, 0x00, 0x00, 0x00, 0x00, 0x00, 0x00, 0x00, 0x00,
  0x00, 0x00, 0x00, 0x00, 0x00, 0x00, 0x00, 0x00, 0x00, 0x00, 0x00, 0x00, 0x00, 0x00, 0x00, 0x00,
  0x00, 0x00, 0x00, 0x00, 0x00, 0x00, 0x00, 0x00, 0x00, 0x00, 0x00, 0x00, 0x00, 0x00, 0x00, 0x00,
  0x00, 0x00, 0x00, 0x00, 0x00, 0x00, 0x00, 0x00, 0x00, 0x00, 0x00, 0x00, 0x00, 0x00, 0x00, 0x00,
  0x00, 0x00, 0x00, 0x00, 0x00, 0x00, 0x00, 0x00, 0x00, 0x00, 0x00, 0x00, 0x00, 0x00, 0x00, 0x00,
  0x00, 0x00, 0x00, 0x00, 0x00, 0x00, 0x00, 0x00, 0x00, 0x00, 0x00, 0x00, 0xff, 0x91, 0x91, 0x07,
  0x00, 0x00, 0x00, 0x00, 0x00, 0x00, 0x00, 0x00, 0xff, 0xa8, 0xa2, 0x5b, 0xff, 0xa6, 0xa0, 0xfe,
  0xff, 0xad, 0xa8, 0xff, 0xff, 0x96, 0x93, 0xf6, 0xff, 0x92, 0x8f, 0xfd, 0xff, 0x8f, 0x8d, 0xfe,
  0xff, 0x8e, 0x8e, 0xfe, 0xff, 0x8e, 0x8f, 0xfe, 0xff, 0x8c, 0x8f, 0xfe, 0xff, 0x89, 0x8f, 0xfe,
  0xff, 0x87, 0x90, 0xfe, 0xff, 0x86, 0x90, 0xfe, 0xff, 0x84, 0x90, 0xfe, 0xff, 0x83, 0x90, 0xfe,
  0xff, 0x82, 0x91, 0xfe, 0xff, 0x81, 0x91, 0xff, 0xff, 0x81, 0x91, 0xff, 0xff, 0x7e, 0x92, 0xff,
  0xff, 0x7c, 0x92, 0xfe, 0xff, 0x7a, 0x92, 0xfe, 0xff, 0x7b, 0x92, 0xfe, 0xff, 0x7a, 0x94, 0xfb,
  0xff, 0x7f, 0x99, 0xfe, 0xff, 0x9a, 0xb6, 0xff, 0xff, 0x90, 0xa7, 0xd2, 0xff, 0x92, 0xaa, 0x21,
  0x00, 0x00, 0x00, 0x00, 0xff, 0xaa, 0xaa, 0x03, 0xff, 0xaa, 0xaa, 0x03, 0x00, 0x00, 0x00, 0x00,
  0x00, 0x00, 0x00, 0x00, 0x00, 0x00, 0x00, 0x00, 0x00, 0x00, 0x00, 0x00, 0x00, 0x00, 0x00, 0x00,
  0x00, 0x00, 0x00, 0x00, 0x00, 0x00, 0x00, 0x00, 0x00, 0x00, 0x00, 0x00, 0x00, 0x00, 0x00, 0x00,
  0x00, 0x00, 0x00, 0x00, 0x00, 0x00, 0x00, 0x00, 0x00, 0x00, 0x00, 0x00, 0x00, 0x00, 0x00, 0x00,
  0x00, 0x00, 0x00, 0x00, 0x00, 0x00, 0x00, 0x00, 0x00, 0x00, 0x00, 0x00, 0x00, 0x00, 0x00, 0x00,
  0x00, 0x00, 0x00, 0x00, 0x00, 0x00, 0x00, 0x00, 0x00, 0x00, 0x00, 0x00, 0x00, 0x00, 0x00, 0x00,
  0x00, 0x00, 0x00, 0x00, 0x00, 0x00, 0x00, 0x00, 0x00, 0x00, 0x00, 0x00, 0x00, 0x00, 0x00, 0x00,
  0x00, 0x00, 0x00, 0x00, 0x00, 0x00, 0x00, 0x00, 0x00, 0x00, 0x00, 0x00, 0x00, 0x00, 0x00, 0x00,
  0x00, 0x00, 0x00, 0x00, 0x00, 0x00, 0x00, 0x00, 0x00, 0x00, 0x00, 0x00, 0x00, 0x00, 0x00, 0x00,
  0x00, 0x00, 0x00, 0x00, 0x00, 0x00, 0x00, 0x00, 0x00, 0x00, 0x00, 0x00, 0x00, 0x00, 0x00, 0x00,
  0x00, 0x00, 0x00, 0x00, 0x00, 0x00, 0x00, 0x00, 0x00, 0x00, 0x00, 0x00, 0x00, 0x00, 0x00, 0x00,
  0x00, 0x00, 0x00, 0x00, 0x00, 0x00, 0x00, 0x00, 0x00, 0x00, 0x00, 0x00, 0x00, 0x00, 0x00, 0x00,
  0x00, 0x00, 0x00, 0x00, 0x00, 0x00, 0x00, 0x00, 0x00, 0x00, 0x00, 0x00, 0x00, 0x00, 0x00, 0x00,
  0x00, 0x00, 0x00, 0x00, 0x00, 0x00, 0x00, 0x00, 0x00, 0x00, 0x00, 0x00, 0x00, 0x00, 0x00, 0x00,
  0x00, 0x00, 0x00, 0x00, 0x00, 0x00, 0x00, 0x00, 0x00, 0x00, 0x00, 0x00, 0x00, 0x00, 0x00, 0x00,
  0xff, 0x91, 0x91, 0x07, 0x00, 0x00, 0x00, 0x00, 0x00, 0x00, 0x00, 0x00, 0xff, 0xaa, 0xa5, 0x5b,
  0xff, 0xa6, 0xa1, 0xfe, 0xff, 0xac, 0xa9, 0xff, 0xff, 0x93, 0x92, 0xf7, 0xff, 0x91, 0x90, 0xfd,
  0xff, 0x8e, 0x8e, 0xfe, 0xff, 0x8c, 0x8e, 0xfe, 0xff, 0x8b, 0x8f, 0xff, 0xff, 0x8b, 0x90, 0xff,
  0xff, 0x89, 0x90, 0xff, 0xff, 0x87, 0x90, 0xff, 0xff, 0x85, 0x90, 0xff, 0xff, 0x83, 0x91, 0xff,
  0xff, 0x82, 0x91, 0xff, 0xff, 0x81, 0x90, 0xfe, 0xff, 0x80, 0x91, 0xfe, 0xff, 0x7f, 0x92, 0xfe,
  0xff, 0x7d, 0x92, 0xff, 0xff, 0x7b, 0x92, 0xff, 0xff, 0x7a, 0x92, 0xfe, 0xff, 0x79, 0x93, 0xfe,
  0xff, 0x79, 0x95, 0xfb, 0xff, 0x7e, 0x9a, 0xfe, 0xff, 0x98, 0xb6, 0xff, 0xff, 0x8e, 0xa7, 0xd2,
  0xff, 0x92, 0xaa, 0x21, 0x00, 0x00, 0x00, 0x00, 0xff, 0xaa, 0xaa, 0x03, 0xff, 0xaa, 0xaa, 0x03,
  0x00, 0x00, 0x00, 0x00, 0x00, 0x00, 0x00, 0x00, 0x00, 0x00, 0x00, 0x00, 0x00, 0x00, 0x00, 0x00,
  0x00, 0x00, 0x00, 0x00, 0x00, 0x00, 0x00, 0x00, 0x00, 0x00, 0x00, 0x00, 0x00, 0x00, 0x00, 0x00,
  0x00, 0x00, 0x00, 0x00, 0x00, 0x00, 0x00, 0x00, 0x00, 0x00, 0x00, 0x00, 0x00, 0x00, 0x00, 0x00,
  0x00, 0x00, 0x00, 0x00, 0x00, 0x00, 0x00, 0x00, 0x00, 0x00, 0x00, 0x00, 0x00, 0x00, 0x00, 0x00,
  0x00, 0x00, 0x00, 0x00, 0x00, 0x00, 0x00, 0x00, 0x00, 0x00, 0x00, 0x00, 0x00, 0x00, 0x00, 0x00,
  0x00, 0x00, 0x00, 0x00, 0x00, 0x00, 0x00, 0x00, 0x00, 0x00, 0x00, 0x00, 0x00, 0x00, 0x00, 0x00,
  0x00, 0x00, 0x00, 0x00, 0x00, 0x00, 0x00, 0x00, 0x00, 0x00, 0x00, 0x00, 0x00, 0x00, 0x00, 0x00,
  0x00, 0x00, 0x00, 0x00, 0x00, 0x00, 0x00, 0x00, 0x00, 0x00, 0x00, 0x00, 0x00, 0x00, 0x00, 0x00,
  0x00, 0x00, 0x00, 0x00, 0x00, 0x00, 0x00, 0x00, 0x00, 0x00, 0x00, 0x00, 0x00, 0x00, 0x00, 0x00,
  0x00, 0x00, 0x00, 0x00, 0x00, 0x00, 0x00, 0x00, 0x00, 0x00, 0x00, 0x00, 0x00, 0x00, 0x00, 0x00,
  0x00, 0x00, 0x00, 0x00, 0x00, 0x00, 0x00, 0x00, 0x00, 0x00, 0x00, 0x00, 0x00, 0x00, 0x00, 0x00,
  0x00, 0x00, 0x00, 0x00, 0x00, 0x00, 0x00, 0x00, 0x00, 0x00, 0x00, 0x00, 0x00, 0x00, 0x00, 0x00,
  0x00, 0x00, 0x00, 0x00, 0x00, 0x00, 0x00, 0x00, 0x00, 0x00, 0x00, 0x00, 0x00, 0x00, 0x00, 0x00,
  0x00, 0x00, 0x00, 0x00, 0x00, 0x00, 0x00, 0x00, 0x00, 0x00, 0x00, 0x00, 0x00, 0x00, 0x00, 0x00,
  0x00, 0x00, 0x00, 0x00, 0xff, 0x91, 0x91, 0x07, 0x00, 0x00, 0x00, 0x00, 0x00, 0x00, 0x00, 0x00,
  0xff, 0xaa, 0xa5, 0x5b, 0xff, 0xa5, 0xa1, 0xfe, 0xff, 0xab, 0xa9, 0xff, 0xff, 0x93, 0x93, 0xf6,
  0xff, 0x8f, 0x90, 0xfd, 0xff, 0x8d, 0x8f, 0xfe, 0xff, 0x8b, 0x8e, 0xfe, 0xff, 0x8a, 0x8f, 0xfe,
  0xff, 0x89, 0x8f, 0xfe, 0xff, 0x87, 0x90, 0xff, 0xff, 0x86, 0x90, 0xff, 0xff, 0x84, 0x90, 0xff,
  0xff, 0x82, 0x91, 0xff, 0xff, 0x81, 0x91, 0xff, 0xff, 0x80, 0x90, 0xfe, 0xff, 0x7f, 0x92, 0xff,
  0xff, 0x7d, 0x92, 0xff, 0xff, 0x7c, 0x93, 0xff, 0xff, 0x7b, 0x93, 0xff, 0xff, 0x79, 0x93, 0xff,
  0xff, 0x77, 0x94, 0xfe, 0xff, 0x77, 0x95, 0xfb, 0xff, 0x7e, 0x9a, 0xfe, 0xff, 0x97, 0xb7, 0xff,
  0xff, 0x8c, 0xa8, 0xd2, 0xff, 0x92, 0xaa, 0x21, 0x00, 0x00, 0x00, 0x00, 0xff, 0xaa, 0xaa, 0x03,
  0xff, 0xaa, 0xaa, 0x03, 0x00, 0x00, 0x00, 0x00, 0x00, 0x00, 0x00, 0x00, 0x00, 0x00, 0x00, 0x00,
  0x00, 0x00, 0x00, 0x00, 0x00, 0x00, 0x00, 0x00, 0x00, 0x00, 0x00, 0x00, 0x00, 0x00, 0x00, 0x00,
  0x00, 0x00, 0x00, 0x00, 0x00, 0x00, 0x00, 0x00, 0x00, 0x00, 0x00, 0x00, 0x00, 0x00, 0x00, 0x00,
  0x00, 0x00, 0x00, 0x00, 0x00, 0x00, 0x00, 0x00, 0x00, 0x00, 0x00, 0x00, 0x00, 0x00, 0x00, 0x00,
  0x00, 0x00, 0x00, 0x00, 0x00, 0x00, 0x00, 0x00, 0x00, 0x00, 0x00, 0x00, 0x00, 0x00, 0x00, 0x00,
  0x00, 0x00, 0x00, 0x00, 0x00, 0x00, 0x00, 0x00, 0x00, 0x00, 0x00, 0x00, 0x00, 0x00, 0x00, 0x00,
  0x00, 0x00, 0x00, 0x00, 0x00, 0x00, 0x00, 0x00, 0x00, 0x00, 0x00, 0x00, 0x00, 0x00, 0x00, 0x00,
  0x00, 0x00, 0x00, 0x00, 0x00, 0x00, 0x00, 0x00, 0x00, 0x00, 0x00, 0x00, 0x00, 0x00, 0x00, 0x00,
  0x00, 0x00, 0x00, 0x00, 0x00, 0x00, 0x00, 0x00, 0x00, 0x00, 0x00, 0x00, 0x00, 0x00, 0x00, 0x00,
  0x00, 0x00, 0x00, 0x00, 0x00, 0x00, 0x00, 0x00, 0x00, 0x00, 0x00, 0x00, 0x00, 0x00, 0x00, 0x00,
  0x00, 0x00, 0x00, 0x00, 0x00, 0x00, 0x00, 0x00, 0x00, 0x00, 0x00, 0x00, 0x00, 0x00, 0x00, 0x00,
  0x00, 0x00, 0x00, 0x00, 0x00, 0x00, 0x00, 0x00, 0x00, 0x00, 0x00, 0x00, 0x00, 0x00, 0x00, 0x00,
  0x00, 0x00, 0x00, 0x00, 0x00, 0x00, 0x00, 0x00, 0x00, 0x00, 0x00, 0x00, 0x00, 0x00, 0x00, 0x00,
  0x00, 0x00, 0x00, 0x00, 0x00, 0x00, 0x00, 0x00, 0x00, 0x00, 0x00, 0x00, 0x00, 0x00, 0x00, 0x00,
  0x00, 0x00, 0x00, 0x00, 0x00, 0x00, 0x00, 0x00, 0xff, 0x91, 0x91, 0x07, 0x00, 0x00, 0x00, 0x00,
  0x00, 0x00, 0x00, 0x00, 0xff, 0xa8, 0xa5, 0x5b, 0xff, 0xa4, 0xa1, 0xfe, 0xff, 0xab, 0xa9, 0xff,
  0xff, 0x93, 0x93, 0xf6, 0xff, 0x8e, 0x90, 0xfd, 0xff, 0x8c, 0x8f, 0xfe, 0xff, 0x8b, 0x8f, 0xfe,
  0xff, 0x8a, 0x8f, 0xfe, 0xff, 0x88, 0x8f, 0xfe, 0xff, 0x84, 0x90, 0xfe, 0xff, 0x83, 0x90, 0xfe,
  0xff, 0x83, 0x90, 0xfe, 0xff, 0x81, 0x91, 0xff, 0xff, 0x80, 0x91, 0xff, 0xff, 0x7f, 0x91, 0xfe,
  0xff, 0x7e, 0x92, 0xff, 0xff, 0x7c, 0x92, 0xff, 0xff, 0x7b, 0x93, 0xff, 0xff, 0x7a, 0x94, 0xff,
  0xff, 0x78, 0x94, 0xff, 0xff, 0x76, 0x94, 0xfe, 0xff, 0x76, 0x95, 0xfb, 0xff, 0x7d, 0x9a, 0xfe,
  0xff, 0x97, 0xb7, 0xff, 0xff, 0x8c, 0xa8, 0xd2, 0xff, 0x92, 0xaa, 0x21, 0x00, 0x00, 0x00, 0x00,
  0xff, 0xaa, 0xaa, 0x03, 0xff, 0xaa, 0xaa, 0x03, 0x00, 0x00, 0x00, 0x00, 0x00, 0x00, 0x00, 0x00,
  0x00, 0x00, 0x00, 0x00, 0x00, 0x00, 0x00, 0x00, 0x00, 0x00, 0x00, 0x00, 0x00, 0x00, 0x00, 0x00,
  0x00, 0x00, 0x00, 0x00, 0x00, 0x00, 0x00, 0x00, 0x00, 0x00, 0x00, 0x00, 0x00, 0x00, 0x00, 0x00,
  0x00, 0x00, 0x00, 0x00, 0x00, 0x00, 0x00, 0x00, 0x00, 0x00, 0x00, 0x00, 0x00, 0x00, 0x00, 0x00,
  0x00, 0x00, 0x00, 0x00, 0x00, 0x00, 0x00, 0x00, 0x00, 0x00, 0x00, 0x00, 0x00, 0x00, 0x00, 0x00,
  0x00, 0x00, 0x00, 0x00, 0x00, 0x00, 0x00, 0x00, 0x00, 0x00, 0x00, 0x00, 0x00, 0x00, 0x00, 0x00,
  0x00, 0x00, 0x00, 0x00, 0x00, 0x00, 0x00, 0x00, 0x00, 0x00, 0x00, 0x00, 0x00, 0x00, 0x00, 0x00,
  0x00, 0x00, 0x00, 0x00, 0x00, 0x00, 0x00, 0x00, 0x00, 0x00, 0x00, 0x00, 0x00, 0x00, 0x00, 0x00,
  0x00, 0x00, 0x00, 0x00, 0x00, 0x00, 0x00, 0x00, 0x00, 0x00, 0x00, 0x00, 0x00, 0x00, 0x00, 0x00,
  0x00, 0x00, 0x00, 0x00, 0x00, 0x00, 0x00, 0x00, 0x00, 0x00, 0x00, 0x00, 0x00, 0x00, 0x00, 0x00,
  0x00, 0x00, 0x00, 0x00, 0x00, 0x00, 0x00, 0x00, 0x00, 0x00, 0x00, 0x00, 0x00, 0x00, 0x00, 0x00,
  0x00, 0x00, 0x00, 0x00, 0x00, 0x00, 0x00, 0x00, 0x00, 0x00, 0x00, 0x00, 0x00, 0x00, 0x00, 0x00,
  0x00, 0x00, 0x00, 0x00, 0x00, 0x00, 0x00, 0x00, 0x00, 0x00, 0x00, 0x00, 0x00, 0x00, 0x00, 0x00,
  0x00, 0x00, 0x00, 0x00, 0x00, 0x00, 0x00, 0x00, 0x00, 0x00, 0x00, 0x00, 0x00, 0x00, 0x00, 0x00,
  0x00, 0x00, 0x00, 0x00, 0x00, 0x00, 0x00, 0x00, 0x00, 0x00, 0x00, 0x00, 0xff, 0x91, 0x91, 0x07,
  0x00, 0x00, 0x00, 0x00, 0x00, 0x00, 0x00, 0x00, 0xff, 0xa5, 0xa5, 0x5b, 0xff, 0xa3, 0xa2, 0xff,
  0xff, 0xaa, 0xa9, 0xff, 0xff, 0x92, 0x92, 0xf7, 0xff, 0x8c, 0x90, 0xfe, 0xff, 0x8a, 0x90, 0xff,
  0xff, 0x89, 0x90, 0xff, 0xff, 0x88, 0x90, 0xff, 0xff, 0x86, 0x90, 0xff, 0xff, 0x83, 0x90, 0xfe,
  0xff, 0x81, 0x90, 0xfe, 0xff, 0x81, 0x90, 0xfe, 0xff, 0x81, 0x92, 0xff, 0xff, 0x80, 0x92, 0xff,
  0xff, 0x7d, 0x91, 0xfe, 0xff, 0x7b, 0x91, 0xfe, 0xff, 0x7b, 0x92, 0xfe, 0xff, 0x79, 0x93, 0xfe,
  0xff, 0x78, 0x93, 0xfe, 0xff, 0x76, 0x93, 0xfe, 0xff, 0x76, 0x94, 0xfe, 0xff, 0x76, 0x96, 0xfb,
  0xff, 0x7b, 0x9a, 0xfe, 0xff, 0x95, 0xb6, 0xff, 0xff, 0x8a, 0xa7, 0xd2, 0xff, 0x8b, 0xaa, 0x21,
  0x00, 0x00, 0x00, 0x00, 0xff, 0xaa, 0xaa, 0x03, 0xff, 0xaa, 0xaa, 0x03, 0x00, 0x00, 0x00, 0x00,
  0x00, 0x00, 0x00, 0x00, 0x00, 0x00, 0x00, 0x00, 0x00, 0x00, 0x00, 0x00, 0x00, 0x00, 0x00, 0x00,
  0x00, 0x00, 0x00, 0x00, 0x00, 0x00, 0x00, 0x00, 0x00, 0x00, 0x00, 0x00, 0x00, 0x00, 0x00, 0x00,
  0x00, 0x00, 0x00, 0x00, 0x00, 0x00, 0x00, 0x00, 0x00, 0x00, 0x00, 0x00, 0x00, 0x00, 0x00, 0x00,
  0x00, 0x00, 0x00, 0x00, 0x00, 0x00, 0x00, 0x00, 0x00, 0x00, 0x00, 0x00, 0x00, 0x00, 0x00, 0x00,
  0x00, 0x00, 0x00, 0x00, 0x00, 0x00, 0x00, 0x00, 0x00, 0x00, 0x00, 0x00, 0x00, 0x00, 0x00, 0x00,
  0x00, 0x00, 0x00, 0x00, 0x00, 0x00, 0x00, 0x00, 0x00, 0x00, 0x00, 0x00, 0x00, 0x00, 0x00, 0x00,
  0x00, 0x00, 0x00, 0x00, 0x00, 0x00, 0x00, 0x00, 0x00, 0x00, 0x00, 0x00, 0x00, 0x00, 0x00, 0x00,
  0x00, 0x00, 0x00, 0x00, 0x00, 0x00, 0x00, 0x00, 0x00, 0x00, 0x00, 0x00, 0x00, 0x00, 0x00, 0x00,
  0x00, 0x00, 0x00, 0x00, 0x00, 0x00, 0x00, 0x00, 0x00, 0x00, 0x00, 0x00, 0x00, 0x00, 0x00, 0x00,
  0x00, 0x00, 0x00, 0x00, 0x00, 0x00, 0x00, 0x00, 0x00, 0x00, 0x00, 0x00, 0x00, 0x00, 0x00, 0x00,
  0x00, 0x00, 0x00, 0x00, 0x00, 0x00, 0x00, 0x00, 0x00, 0x00, 0x00, 0x00, 0x00, 0x00, 0x00, 0x00,
  0x00, 0x00, 0x00, 0x00, 0x00, 0x00, 0x00, 0x00, 0x00, 0x00, 0x00, 0x00, 0x00, 0x00, 0x00, 0x00,
  0x00, 0x00, 0x00, 0x00, 0x00, 0x00, 0x00, 0x00, 0x00, 0x00, 0x00, 0x00, 0x00, 0x00, 0x00, 0x00,
  0x00, 0x00, 0x00, 0x00, 0x00, 0x00, 0x00, 0x00, 0x00, 0x00, 0x00, 0x00, 0x00, 0x00, 0x00, 0x00,
  0xff, 0x91, 0x91, 0x07, 0x00, 0x00, 0x00, 0x00, 0x00, 0x00, 0x00, 0x00, 0xff, 0xa5, 0xa5, 0x5b,
  0xff, 0xa3, 0xa3, 0xff, 0xff, 0xa9, 0xa9, 0xff, 0xff, 0x8f, 0x92, 0xf7, 0xff, 0x8b, 0x90, 0xfe,
  0xff, 0x89, 0x90, 0xff, 0xff, 0x88, 0x90, 0xff, 0xff, 0x87, 0x90, 0xff, 0xff, 0x85, 0x91, 0xff,
  0xff, 0x83, 0x90, 0xfe, 0xff, 0x81, 0x90, 0xfe, 0xff, 0x81, 0x90, 0xfe, 0xff, 0x80, 0x92, 0xff,
  0xff, 0x7f, 0x92, 0xff, 0xff, 0x7c, 0x91, 0xfe, 0xff, 0x7a, 0x91, 0xfe, 0xff, 0x7a, 0x92, 0xfe,
  0xff, 0x78, 0x93, 0xfe, 0xff, 0x76, 0x93, 0xfe, 0xff, 0x75, 0x93, 0xfe, 0xff, 0x76, 0x94, 0xfe,
  0xff, 0x76, 0x96, 0xfb, 0xff, 0x7a, 0x9a, 0xfe, 0xff, 0x94, 0xb6, 0xff, 0xff, 0x8a, 0xa8, 0xd2,
  0xff, 0x8b, 0xaa, 0x21, 0x00, 0x00, 0x00, 0x00, 0xff, 0xaa, 0xaa, 0x03, 0xff, 0xaa, 0xaa, 0x03,
  0x00, 0x00, 0x00, 0x00, 0x00, 0x00, 0x00, 0x00, 0x00, 0x00, 0x00, 0x00, 0x00, 0x00, 0x00, 0x00,
  0x00, 0x00, 0x00, 0x00, 0x00, 0x00, 0x00, 0x00, 0x00, 0x00, 0x00, 0x00, 0x00, 0x00, 0x00, 0x00,
  0x00, 0x00, 0x00, 0x00, 0x00, 0x00, 0x00, 0x00, 0x00, 0x00, 0x00, 0x00, 0x00, 0x00, 0x00, 0x00,
  0x00, 0x00, 0x00, 0x00, 0x00, 0x00, 0x00, 0x00, 0x00, 0x00, 0x00, 0x00, 0x00, 0x00, 0x00, 0x00,
  0x00, 0x00, 0x00, 0x00, 0x00, 0x00, 0x00, 0x00, 0x00, 0x00, 0x00, 0x00, 0x00, 0x00, 0x00, 0x00,
  0x00, 0x00, 0x00, 0x00, 0x00, 0x00, 0x00, 0x00, 0x00, 0x00, 0x00, 0x00, 0x00, 0x00, 0x00, 0x00,
  0x00, 0x00, 0x00, 0x00, 0x00, 0x00, 0x00, 0x00, 0x00, 0x00, 0x00, 0x00, 0x00, 0x00, 0x00, 0x00,
  0x00, 0x00, 0x00, 0x00, 0x00, 0x00, 0x00, 0x00, 0x00, 0x00, 0x00, 0x00, 0x00, 0x00, 0x00, 0x00,
  0x00, 0x00, 0x00, 0x00, 0x00, 0x00, 0x00, 0x00, 0x00, 0x00, 0x00, 0x00, 0x00, 0x00, 0x00, 0x00,
  0x00, 0x00, 0x00, 0x00, 0x00, 0x00, 0x00, 0x00, 0x00, 0x00, 0x00, 0x00, 0x00, 0x00, 0x00, 0x00,
  0x00, 0x00, 0x00, 0x00, 0x00, 0x00, 0x00, 0x00, 0x00, 0x00, 0x00, 0x00, 0x00, 0x00, 0x00, 0x00,
  0x00, 0x00, 0x00, 0x00, 0x00, 0x00, 0x00, 0x00, 0x00, 0x00, 0x00, 0x00, 0x00, 0x00, 0x00, 0x00,
  0x00, 0x00, 0x00, 0x00, 0x00, 0x00, 0x00, 0x00, 0x00, 0x00, 0x00, 0x00, 0x00, 0x00, 0x00, 0x00,
  0x00, 0x00, 0x00, 0x00, 0x00, 0x00, 0x00, 0x00, 0x00, 0x00, 0x00, 0x00, 0x00, 0x00, 0x00, 0x00,
  0x00, 0x00, 0x00, 0x00, 0xff, 0x91, 0x91, 0x07, 0x00, 0x00, 0x00, 0x00, 0x00, 0x00, 0x00, 0x00,
  0xff, 0xa5, 0xa8, 0x5b, 0xff, 0xa2, 0xa3, 0xfe, 0xff, 0xa7, 0xaa, 0xff, 0xff, 0x8d, 0x92, 0xf7,
  0xff, 0x89, 0x90, 0xfe, 0xff, 0x88, 0x8f, 0xff, 0xff, 0x87, 0x8f, 0xfe, 0xff, 0x86, 0x91, 0xff,
  0xff, 0x84, 0x92, 0xff, 0xff, 0x82, 0x90, 0xfe, 0xff, 0x81, 0x90, 0xfe, 0xff, 0x80, 0x91, 0xfe,
  0xff, 0x7e, 0x92, 0xfe, 0xff, 0x7c, 0x92, 0xfe, 0xff, 0x7b, 0x92, 0xff, 0xff, 0x7a, 0x92, 0xfe,
  0xff, 0x79, 0x92, 0xfe, 0xff, 0x77, 0x93, 0xfe, 0xff, 0x76, 0x94, 0xfe, 0xff, 0x75, 0x94, 0xfe,
  0xff, 0x75, 0x95, 0xff, 0xff, 0x75, 0x96, 0xfb, 0xff, 0x79, 0x9b, 0xfd, 0xff, 0x93, 0xb7, 0xff,
  0xff, 0x8a, 0xaa, 0xd2, 0xff, 0x8b, 0xaa, 0x21, 0x00, 0x00, 0x00, 0x00, 0xff, 0xaa, 0xaa, 0x03,
  0xff, 0xaa, 0xaa, 0x03, 0x00, 0x00, 0x00, 0x00, 0x00, 0x00, 0x00, 0x00, 0x00, 0x00, 0x00, 0x00,
  0x00, 0x00, 0x00, 0x00, 0x00, 0x00, 0x00, 0x00, 0x00, 0x00, 0x00, 0x00, 0x00, 0x00, 0x00, 0x00,
  0x00, 0x00, 0x00, 0x00, 0x00, 0x00, 0x00, 0x00, 0x00, 0x00, 0x00, 0x00, 0x00, 0x00, 0x00, 0x00,
  0x00, 0x00, 0x00, 0x00, 0x00, 0x00, 0x00, 0x00, 0x00, 0x00, 0x00, 0x00, 0x00, 0x00, 0x00, 0x00,
  0x00, 0x00, 0x00, 0x00, 0x00, 0x00, 0x00, 0x00, 0x00, 0x00, 0x00, 0x00, 0x00, 0x00, 0x00, 0x00,
  0x00, 0x00, 0x00, 0x00, 0x00, 0x00, 0x00, 0x00, 0x00, 0x00, 0x00, 0x00, 0x00, 0x00, 0x00, 0x00,
  0x00, 0x00, 0x00, 0x00, 0x00, 0x00, 0x00, 0x00, 0x00, 0x00, 0x00, 0x00, 0x00, 0x00, 0x00, 0x00,
  0x00, 0x00, 0x00, 0x00, 0x00, 0x00, 0x00, 0x00, 0x00, 0x00, 0x00, 0x00, 0x00, 0x00, 0x00, 0x00,
  0x00, 0x00, 0x00, 0x00, 0x00, 0x00, 0x00, 0x00, 0x00, 0x00, 0x00, 0x00, 0x00, 0x00, 0x00, 0x00,
  0x00, 0x00, 0x00, 0x00, 0x00, 0x00, 0x00, 0x00, 0x00, 0x00, 0x00, 0x00, 0x00, 0x00, 0x00, 0x00,
  0x00, 0x00, 0x00, 0x00, 0x00, 0x00, 0x00, 0x00, 0x00, 0x00, 0x00, 0x00, 0x00, 0x00, 0x00, 0x00,
  0x00, 0x00, 0x00, 0x00, 0x00, 0x00, 0x00, 0x00, 0x00, 0x00, 0x00, 0x00, 0x00, 0x00, 0x00, 0x00,
  0x00, 0x00, 0x00, 0x00, 0x00, 0x00, 0x00, 0x00, 0x00, 0x00, 0x00, 0x00, 0x00, 0x00, 0x00, 0x00,
  0x00, 0x00, 0x00, 0x00, 0x00, 0x00, 0x00, 0x00, 0x00, 0x00, 0x00, 0x00, 0x00, 0x00, 0x00, 0x00,
  0x00, 0x00, 0x00, 0x00, 0x00, 0x00, 0x00, 0x00, 0xff, 0x91, 0x91, 0x07, 0x00, 0x00, 0x00, 0x00,
  0x00, 0x00, 0x00, 0x00, 0xff, 0xa2, 0xa5, 0x5b, 0xff, 0xa1, 0xa2, 0xfe, 0xff, 0xa6, 0xaa, 0xff,
  0xff, 0x8d, 0x94, 0xf7, 0xff, 0x89, 0x91, 0xfe, 0xff, 0x87, 0x8f, 0xff, 0xff, 0x86, 0x8f, 0xfe,
  0xff, 0x84, 0x91, 0xff, 0xff, 0x83, 0x91, 0xff, 0xff, 0x81, 0x91, 0xfe, 0xff, 0x81, 0x92, 0xff,
  0xff, 0x7e, 0x92, 0xff, 0xff, 0x7c, 0x92, 0xfe, 0xff, 0x7b, 0x92, 0xfe, 0xff, 0x7a, 0x93, 0xff,
  0xff, 0x79, 0x94, 0xfe, 0xff, 0x77, 0x93, 0xfe, 0xff, 0x76, 0x94, 0xff, 0xff, 0x76, 0x94, 0xfe,
  0xff, 0x75, 0x94, 0xfe, 0xff, 0x74, 0x95, 0xff, 0xff, 0x73, 0x97, 0xfb, 0xff, 0x77, 0x9c, 0xfd,
  0xff, 0x92, 0xb8, 0xff, 0xff, 0x8a, 0xaa, 0xd2, 0xff, 0x8b, 0xaa, 0x21, 0x00, 0x00, 0x00, 0x00,
  0xff, 0xaa, 0xaa, 0x03, 0xff, 0xaa, 0xaa, 0x03, 0x00, 0x00, 0x00, 0x00, 0x00, 0x00, 0x00, 0x00,
  0x00, 0x00, 0x00, 0x00, 0x00, 0x00, 0x00, 0x00, 0x00, 0x00, 0x00, 0x00, 0x00, 0x00, 0x00, 0x00,
  0x00, 0x00, 0x00, 0x00, 0x00, 0x00, 0x00, 0x00, 0x00, 0x00, 0x00, 0x00, 0x00, 0x00, 0x00, 0x00,
  0x00, 0x00, 0x00, 0x00, 0x00, 0x00, 0x00, 0x00, 0x00, 0x00, 0x00, 0x00, 0x00, 0x00, 0x00, 0x00,
  0x00, 0x00, 0x00, 0x00, 0x00, 0x00, 0x00, 0x00, 0x00, 0x00, 0x00, 0x00, 0x00, 0x00, 0x00, 0x00,
  0x00, 0x00, 0x00, 0x00, 0x00, 0x00, 0x00, 0x00, 0x00, 0x00, 0x00, 0x00, 0x00, 0x00, 0x00, 0x00,
  0x00, 0x00, 0x00, 0x00, 0x00, 0x00, 0x00, 0x00, 0x00, 0x00, 0x00, 0x00, 0x00, 0x00, 0x00, 0x00,
  0x00, 0x00, 0x00, 0x00, 0x00, 0x00, 0x00, 0x00, 0x00, 0x00, 0x00, 0x00, 0x00, 0x00, 0x00, 0x00,
  0x00, 0x00, 0x00, 0x00, 0x00, 0x00, 0x00, 0x00, 0x00, 0x00, 0x00, 0x00, 0x00, 0x00, 0x00, 0x00,
  0x00, 0x00, 0x00, 0x00, 0x00, 0x00, 0x00, 0x00, 0x00, 0x00, 0x00, 0x00, 0x00, 0x00, 0x00, 0x00,
  0x00, 0x00, 0x00, 0x00, 0x00, 0x00, 0x00, 0x00, 0x00, 0x00, 0x00, 0x00, 0x00, 0x00, 0x00, 0x00,
  0x00, 0x00, 0x00, 0x00, 0x00, 0x00, 0x00, 0x00, 0x00, 0x00, 0x00, 0x00, 0x00, 0x00, 0x00, 0x00,
  0x00, 0x00, 0x00, 0x00, 0x00, 0x00, 0x00, 0x00, 0x00, 0x00, 0x00, 0x00, 0x00, 0x00, 0x00, 0x00,
  0x00, 0x00, 0x00, 0x00, 0x00, 0x00, 0x00, 0x00, 0x00, 0x00, 0x00, 0x00, 0x00, 0x00, 0x00, 0x00,
  0x00, 0x00, 0x00, 0x00, 0x00, 0x00, 0x00, 0x00, 0x00, 0x00, 0x00, 0x00, 0xff, 0x91, 0x91, 0x07,
  0x00, 0x00, 0x00, 0x00, 0x00, 0x00, 0x00, 0x00, 0xff, 0xa2, 0xa5, 0x5b, 0xff, 0x9f, 0xa2, 0xfe,
  0xff, 0xa5, 0xaa, 0xff, 0xff, 0x8c, 0x94, 0xf7, 0xff, 0x88, 0x91, 0xfe, 0xff, 0x86, 0x90, 0xff,
  0xff, 0x85, 0x90, 0xfe, 0xff, 0x83, 0x91, 0xff, 0xff, 0x82, 0x91, 0xff, 0xff, 0x81, 0x92, 0xfe,
  0xff, 0x7f, 0x92, 0xff, 0xff, 0x7c, 0x92, 0xff, 0xff, 0x7b, 0x92, 0xfe, 0xff, 0x7b, 0x92, 0xfe,
  0xff, 0x79, 0x93, 0xff, 0xff, 0x77, 0x94, 0xfe, 0xff, 0x76, 0x94, 0xfe, 0xff, 0x75, 0x94, 0xff,
  0xff, 0x74, 0x94, 0xfe, 0xff, 0x73, 0x94, 0xfe, 0xff, 0x72, 0x95, 0xff, 0xff, 0x72, 0x97, 0xfb,
  0xff, 0x77, 0x9c, 0xfd, 0xff, 0x92, 0xb8, 0xff, 0xff, 0x8a, 0xaa, 0xd2, 0xff, 0x8b, 0xaa, 0x21,
  0x00, 0x00, 0x00, 0x00, 0xff, 0xaa, 0xaa, 0x03, 0xff, 0xaa, 0xaa, 0x03, 0x00, 0x00, 0x00, 0x00,
  0x00, 0x00, 0x00, 0x00, 0x00, 0x00, 0x00, 0x00, 0x00, 0x00, 0x00, 0x00, 0x00, 0x00, 0x00, 0x00,
  0x00, 0x00, 0x00, 0x00, 0x00, 0x00, 0x00, 0x00, 0x00, 0x00, 0x00, 0x00, 0x00, 0x00, 0x00, 0x00,
  0x00, 0x00, 0x00, 0x00, 0x00, 0x00, 0x00, 0x00, 0x00, 0x00, 0x00, 0x00, 0x00, 0x00, 0x00, 0x00,
  0x00, 0x00, 0x00, 0x00, 0x00, 0x00, 0x00, 0x00, 0x00, 0x00, 0x00, 0x00, 0x00, 0x00, 0x00, 0x00,
  0x00, 0x00, 0x00, 0x00, 0x00, 0x00, 0x00, 0x00, 0x00, 0x00, 0x00, 0x00, 0x00, 0x00, 0x00, 0x00,
  0x00, 0x00, 0x00, 0x00, 0x00, 0x00, 0x00, 0x00, 0x00, 0x00, 0x00, 0x00, 0x00, 0x00, 0x00, 0x00,
  0x00, 0x00, 0x00, 0x00, 0x00, 0x00, 0x00, 0x00, 0x00, 0x00, 0x00, 0x00, 0x00, 0x00, 0x00, 0x00,
  0x00, 0x00, 0x00, 0x00, 0x00, 0x00, 0x00, 0x00, 0x00, 0x00, 0x00, 0x00, 0x00, 0x00, 0x00, 0x00,
  0x00, 0x00, 0x00, 0x00, 0x00, 0x00, 0x00, 0x00, 0x00, 0x00, 0x00, 0x00, 0x00, 0x00, 0x00, 0x00,
  0x00, 0x00, 0x00, 0x00, 0x00, 0x00, 0x00, 0x00, 0x00, 0x00, 0x00, 0x00, 0x00, 0x00, 0x00, 0x00,
  0x00, 0x00, 0x00, 0x00, 0x00, 0x00, 0x00, 0x00, 0x00, 0x00, 0x00, 0x00, 0x00, 0x00, 0x00, 0x00,
  0x00, 0x00, 0x00, 0x00, 0x00, 0x00, 0x00, 0x00, 0x00, 0x00, 0x00, 0x00, 0x00, 0x00, 0x00, 0x00,
  0x00, 0x00, 0x00, 0x00, 0x00, 0x00, 0x00, 0x00, 0x00, 0x00, 0x00, 0x00, 0x00, 0x00, 0x00, 0x00,
  0x00, 0x00, 0x00, 0x00, 0x00, 0x00, 0x00, 0x00, 0x00, 0x00, 0x00, 0x00, 0x00, 0x00, 0x00, 0x00,
  0xff, 0x91, 0x91, 0x07, 0x00, 0x00, 0x00, 0x00, 0x00, 0x00, 0x00, 0x00, 0xff, 0xa2, 0xa8, 0x5b,
  0xff, 0x9e, 0xa3, 0xff, 0xff, 0xa3, 0xa9, 0xff, 0xff, 0x8a, 0x93, 0xf6, 0xff, 0x86, 0x92, 0xfd,
  0xff, 0x84, 0x91, 0xff, 0xff, 0x83, 0x91, 0xff, 0xff, 0x82, 0x91, 0xfe, 0xff, 0x81, 0x91, 0xfe,
  0xff, 0x7f, 0x91, 0xfe, 0xff, 0x7c, 0x91, 0xfe, 0xff, 0x7b, 0x92, 0xfe, 0xff, 0x7b, 0x93, 0xfe,
  0xff, 0x7a, 0x93, 0xfe, 0xff, 0x77, 0x93, 0xfe, 0xff, 0x76, 0x93, 0xfe, 0xff, 0x75, 0x93, 0xfe,
  0xff, 0x73, 0x94, 0xfe, 0xff, 0x72, 0x94, 0xfe, 0xff, 0x71, 0x94, 0xfe, 0xff, 0x71, 0x95, 0xfe,
  0xff, 0x73, 0x97, 0xfb, 0xff, 0x79, 0x9c, 0xfe, 0xff, 0x93, 0xb8, 0xff, 0xff, 0x8a, 0xaa, 0xd2,
  0xff, 0x8b, 0xaa, 0x21, 0x00, 0x00, 0x00, 0x00, 0xff, 0xaa, 0xaa, 0x03, 0xff, 0xaa, 0xaa, 0x03,
  0x00, 0x00, 0x00, 0x00, 0x00, 0x00, 0x00, 0x00, 0x00, 0x00, 0x00, 0x00, 0x00, 0x00, 0x00, 0x00,
  0x00, 0x00, 0x00, 0x00, 0x00, 0x00, 0x00, 0x00, 0x00, 0x00, 0x00, 0x00, 0x00, 0x00, 0x00, 0x00,
  0x00, 0x00, 0x00, 0x00, 0x00, 0x00, 0x00, 0x00, 0x00, 0x00, 0x00, 0x00, 0x00, 0x00, 0x00, 0x00,
  0x00, 0x00, 0x00, 0x00, 0x00, 0x00, 0x00, 0x00, 0x00, 0x00, 0x00, 0x00, 0x00, 0x00, 0x00, 0x00,
  0x00, 0x00, 0x00, 0x00, 0x00, 0x00, 0x00, 0x00, 0x00, 0x00, 0x00, 0x00, 0x00, 0x00, 0x00, 0x00,
  0x00, 0x00, 0x00, 0x00, 0x00, 0x00, 0x00, 0x00, 0x00, 0x00, 0x00, 0x00, 0x00, 0x00, 0x00, 0x00,
  0x00, 0x00, 0x00, 0x00, 0x00, 0x00, 0x00, 0x00, 0x00, 0x00, 0x00, 0x00, 0x00, 0x00, 0x00, 0x00,
  0x00, 0x00, 0x00, 0x00, 0x00, 0x00, 0x00, 0x00, 0x00, 0x00, 0x00, 0x00, 0x00, 0x00, 0x00, 0x00,
  0x00, 0x00, 0x00, 0x00, 0x00, 0x00, 0x00, 0x00, 0x00, 0x00, 0x00, 0x00, 0x00, 0x00, 0x00, 0x00,
  0x00, 0x00, 0x00, 0x00, 0x00, 0x00, 0x00, 0x00, 0x00, 0x00, 0x00, 0x00, 0x00, 0x00, 0x00, 0x00,
  0x00, 0x00, 0x00, 0x00, 0x00, 0x00, 0x00, 0x00, 0x00, 0x00, 0x00, 0x00, 0x00, 0x00, 0x00, 0x00,
  0x00, 0x00, 0x00, 0x00, 0x00, 0x00, 0x00, 0x00, 0x00, 0x00, 0x00, 0x00, 0x00, 0x00, 0x00, 0x00,
  0x00, 0x00, 0x00, 0x00, 0x00, 0x00, 0x00, 0x00, 0x00, 0x00, 0x00, 0x00, 0x00, 0x00, 0x00, 0x00,
  0x00, 0x00, 0x00, 0x00, 0x00, 0x00, 0x00, 0x00, 0x00, 0x00, 0x00, 0x00, 0x00, 0x00, 0x00, 0x00,
  0x00, 0x00, 0x00, 0x00, 0xff, 0x91, 0x91, 0x07, 0x00, 0x00, 0x00, 0x00, 0x00, 0x00, 0x00, 0x00,
  0xff, 0xa2, 0xa8, 0x5b, 0xff, 0x9d, 0xa4, 0xff, 0xff, 0xa3, 0xab, 0xff, 0xff, 0x8a, 0x94, 0xf6,
  0xff, 0x85, 0x92, 0xfd, 0xff, 0x82, 0x91, 0xff, 0xff, 0x82, 0x91, 0xff, 0xff, 0x81, 0x91, 0xfe,
  0xff, 0x80, 0x91, 0xfe, 0xff, 0x7d, 0x91, 0xfe, 0xff, 0x7b, 0x92, 0xfe, 0xff, 0x7b, 0x92, 0xfe,
  0xff, 0x7a, 0x93, 0xfe, 0xff, 0x78, 0x93, 0xfe, 0xff, 0x76, 0x93, 0xff, 0xff, 0x75, 0x93, 0xff,
  0xff, 0x74, 0x93, 0xff, 0xff, 0x72, 0x94, 0xfe, 0xff, 0x71, 0x95, 0xfe, 0xff, 0x70, 0x95, 0xff,
  0xff, 0x71, 0x96, 0xfe, 0xff, 0x73, 0x98, 0xfb, 0xff, 0x79, 0x9c, 0xfe, 0xff, 0x94, 0xb9, 0xff,
  0xff, 0x8a, 0xaa, 0xd3, 0xff, 0x8b, 0xaa, 0x21, 0x00, 0x00, 0x00, 0x00, 0xff, 0xaa, 0xaa, 0x03,
  0xff, 0xaa, 0xaa, 0x03, 0x00, 0x00, 0x00, 0x00, 0x00, 0x00, 0x00, 0x00, 0x00, 0x00, 0x00, 0x00,
  0x00, 0x00, 0x00, 0x00, 0x00, 0x00, 0x00, 0x00, 0x00, 0x00, 0x00, 0x00, 0x00, 0x00, 0x00, 0x00,
  0x00, 0x00, 0x00, 0x00, 0x00, 0x00, 0x00, 0x00, 0x00, 0x00, 0x00, 0x00, 0x00, 0x00, 0x00, 0x00,
  0x00, 0x00, 0x00, 0x00, 0x00, 0x00, 0x00, 0x00, 0x00, 0x00, 0x00, 0x00, 0x00, 0x00, 0x00, 0x00,
  0x00, 0x00, 0x00, 0x00, 0x00, 0x00, 0x00, 0x00, 0x00, 0x00, 0x00, 0x00, 0x00, 0x00, 0x00, 0x00,
  0x00, 0x00, 0x00, 0x00, 0x00, 0x00, 0x00, 0x00, 0x00, 0x00, 0x00, 0x00, 0x00, 0x00, 0x00, 0x00,
  0x00, 0x00, 0x00, 0x00, 0x00, 0x00, 0x00, 0x00, 0x00, 0x00, 0x00, 0x00, 0x00, 0x00, 0x00, 0x00,
  0x00, 0x00, 0x00, 0x00, 0x00, 0x00, 0x00, 0x00, 0x00, 0x00, 0x00, 0x00, 0x00, 0x00, 0x00, 0x00,
  0x00, 0x00, 0x00, 0x00, 0x00, 0x00, 0x00, 0x00, 0x00, 0x00, 0x00, 0x00, 0x00, 0x00, 0x00, 0x00,
  0x00, 0x00, 0x00, 0x00, 0x00, 0x00, 0x00, 0x00, 0x00, 0x00, 0x00, 0x00, 0x00, 0x00, 0x00, 0x00,
  0x00, 0x00, 0x00, 0x00, 0x00, 0x00, 0x00, 0x00, 0x00, 0x00, 0x00, 0x00, 0x00, 0x00, 0x00, 0x00,
  0x00, 0x00, 0x00, 0x00, 0x00, 0x00, 0x00, 0x00, 0x00, 0x00, 0x00, 0x00, 0x00, 0x00, 0x00, 0x00,
  0x00, 0x00, 0x00, 0x00, 0x00, 0x00, 0x00, 0x00, 0x00, 0x00, 0x00, 0x00, 0x00, 0x00, 0x00, 0x00,
  0x00, 0x00, 0x00, 0x00, 0x00, 0x00, 0x00, 0x00, 0x00, 0x00, 0x00, 0x00, 0x00, 0x00, 0x00, 0x00,
  0x00, 0x00, 0x00, 0x00, 0x00, 0x00, 0x00, 0x00, 0xff, 0x91, 0x91, 0x07, 0x00, 0x00, 0x00, 0x00,
  0x00, 0x00, 0x00, 0x00, 0xff, 0x9f, 0xa5, 0x5b, 0xff, 0x9c, 0xa3, 0xfe, 0xff, 0xa3, 0xac, 0xff,
  0xff, 0x8a, 0x96, 0xf6, 0xff, 0x84, 0x92, 0xfd, 0xff, 0x81, 0x91, 0xff, 0xff, 0x81, 0x91, 0xff,
  0xff, 0x80, 0x91, 0xfe, 0xff, 0x7e, 0x91, 0xfe, 0xff, 0x7c, 0x92, 0xfe, 0xff, 0x7b, 0x93, 0xff,
  0xff, 0x7b, 0x93, 0xff, 0xff, 0x79, 0x93, 0xfe, 0xff, 0x77, 0x93, 0xfe, 0xff, 0x75, 0x94, 0xff,
  0xff, 0x74, 0x94, 0xff, 0xff, 0x73, 0x94, 0xff, 0xff, 0x71, 0x94, 0xfe, 0xff, 0x70, 0x95, 0xfe,
  0xff, 0x70, 0x96, 0xff, 0xff, 0x71, 0x97, 0xff, 0xff, 0x72, 0x98, 0xfb, 0xff, 0x78, 0x9d, 0xfd,
  0xff, 0x94, 0xb9, 0xff, 0xff, 0x8a, 0xaa, 0xd3, 0xff, 0x8b, 0xaa, 0x21, 0x00, 0x00, 0x00, 0x00,
  0xff, 0xaa, 0xaa, 0x03, 0xff, 0xaa, 0xaa, 0x03, 0x00, 0x00, 0x00, 0x00, 0x00, 0x00, 0x00, 0x00,
  0x00, 0x00, 0x00, 0x00, 0x00, 0x00, 0x00, 0x00, 0x00, 0x00, 0x00, 0x00, 0x00, 0x00, 0x00, 0x00,
  0x00, 0x00, 0x00, 0x00, 0x00, 0x00, 0x00, 0x00, 0x00, 0x00, 0x00, 0x00, 0x00, 0x00, 0x00, 0x00,
  0x00, 0x00, 0x00, 0x00, 0x00, 0x00, 0x00, 0x00, 0x00, 0x00, 0x00, 0x00, 0x00, 0x00, 0x00, 0x00,
  0x00, 0x00, 0x00, 0x00, 0x00, 0x00, 0x00, 0x00, 0x00, 0x00, 0x00, 0x00, 0x00, 0x00, 0x00, 0x00,
  0x00, 0x00, 0x00, 0x00, 0x00, 0x00, 0x00, 0x00, 0x00, 0x00, 0x00, 0x00, 0x00, 0x00, 0x00, 0x00,
  0x00, 0x00, 0x00, 0x00, 0x00, 0x00, 0x00, 0x00, 0x00, 0x00, 0x00, 0x00, 0x00, 0x00, 0x00, 0x00,
  0x00, 0x00, 0x00, 0x00, 0x00, 0x00, 0x00, 0x00, 0x00, 0x00, 0x00, 0x00, 0x00, 0x00, 0x00, 0x00,
  0x00, 0x00, 0x00, 0x00, 0x00, 0x00, 0x00, 0x00, 0x00, 0x00, 0x00, 0x00, 0x00, 0x00, 0x00, 0x00,
  0x00, 0x00, 0x00, 0x00, 0x00, 0x00, 0x00, 0x00, 0x00, 0x00, 0x00, 0x00, 0x00, 0x00, 0x00, 0x00,
  0x00, 0x00, 0x00, 0x00, 0x00, 0x00, 0x00, 0x00, 0x00, 0x00, 0x00, 0x00, 0x00, 0x00, 0x00, 0x00,
  0x00, 0x00, 0x00, 0x00, 0x00, 0x00, 0x00, 0x00, 0x00, 0x00, 0x00, 0x00, 0x00, 0x00, 0x00, 0x00,
  0x00, 0x00, 0x00, 0x00, 0x00, 0x00, 0x00, 0x00, 0x00, 0x00, 0x00, 0x00, 0x00, 0x00, 0x00, 0x00,
  0x00, 0x00, 0x00, 0x00, 0x00, 0x00, 0x00, 0x00, 0x00, 0x00, 0x00, 0x00, 0x00, 0x00, 0x00, 0x00,
  0x00, 0x00, 0x00, 0x00, 0x00, 0x00, 0x00, 0x00, 0x00, 0x00, 0x00, 0x00, 0xff, 0xaa, 0xaa, 0x06,
  0x00, 0x00, 0x00, 0x00, 0x00, 0x00, 0x00, 0x00, 0xff, 0xa0, 0xa6, 0x56, 0xff, 0x9b, 0xa3, 0xf3,
  0xff, 0x9d, 0xa8, 0xfe, 0xff, 0x87, 0x95, 0xf8, 0xff, 0x82, 0x91, 0xfe, 0xff, 0x81, 0x92, 0xfd,
  0xff, 0x80, 0x92, 0xfe, 0xff, 0x7f, 0x92, 0xff, 0xff, 0x7c, 0x92, 0xff, 0xff, 0x7b, 0x93, 0xff,
  0xff, 0x7a, 0x94, 0xff, 0xff, 0x7a, 0x94, 0xff, 0xff, 0x77, 0x93, 0xfe, 0xff, 0x76, 0x93, 0xfe,
  0xff, 0x75, 0x94, 0xfe, 0xff, 0x73, 0x95, 0xff, 0xff, 0x71, 0x95, 0xff, 0xff, 0x6f, 0x95, 0xfe,
  0xff, 0x6f, 0x95, 0xfe, 0xff, 0x6f, 0x95, 0xfe, 0xff, 0x6f, 0x96, 0xfe, 0xff, 0x72, 0x98, 0xfb,
  0xff, 0x79, 0x9d, 0xfd, 0xff, 0x90, 0xb3, 0xff, 0xff, 0x89, 0xaa, 0xc8, 0xff, 0x94, 0xac, 0x1f,
  0x00, 0x00, 0x00, 0x00, 0xff, 0xaa, 0xaa, 0x03, 0xff, 0x55, 0xaa, 0x03, 0x00, 0x00, 0x00, 0x00,
  0x00, 0x00, 0x00, 0x00, 0x00, 0x00, 0x00, 0x00, 0x00, 0x00, 0x00, 0x00, 0x00, 0x00, 0x00, 0x00,
  0x00, 0x00, 0x00, 0x00, 0x00, 0x00, 0x00, 0x00, 0x00, 0x00, 0x00, 0x00, 0x00, 0x00, 0x00, 0x00,
  0x00, 0x00, 0x00, 0x00, 0x00, 0x00, 0x00, 0x00, 0x00, 0x00, 0x00, 0x00, 0x00, 0x00, 0x00, 0x00,
  0x00, 0x00, 0x00, 0x00, 0x00, 0x00, 0x00, 0x00, 0x00, 0x00, 0x00, 0x00, 0x00, 0x00, 0x00, 0x00,
  0x00, 0x00, 0x00, 0x00, 0x00, 0x00, 0x00, 0x00, 0x00, 0x00, 0x00, 0x00, 0x00, 0x00, 0x00, 0x00,
  0x00, 0x00, 0x00, 0x00, 0x00, 0x00, 0x00, 0x00, 0x00, 0x00, 0x00, 0x00, 0x00, 0x00, 0x00, 0x00,
  0x00, 0x00, 0x00, 0x00, 0x00, 0x00, 0x00, 0x00, 0x00, 0x00, 0x00, 0x00, 0x00, 0x00, 0x00, 0x00,
  0x00, 0x00, 0x00, 0x00, 0x00, 0x00, 0x00, 0x00, 0x00, 0x00, 0x00, 0x00, 0x00, 0x00, 0x00, 0x00,
  0x00, 0x00, 0x00, 0x00, 0x00, 0x00, 0x00, 0x00, 0x00, 0x00, 0x00, 0x00, 0x00, 0x00, 0x00, 0x00,
  0x00, 0x00, 0x00, 0x00, 0x00, 0x00, 0x00, 0x00, 0x00, 0x00, 0x00, 0x00, 0x00, 0x00, 0x00, 0x00,
  0x00, 0x00, 0x00, 0x00, 0x00, 0x00, 0x00, 0x00, 0x00, 0x00, 0x00, 0x00, 0x00, 0x00, 0x00, 0x00,
  0x00, 0x00, 0x00, 0x00, 0x00, 0x00, 0x00, 0x00, 0x00, 0x00, 0x00, 0x00, 0x00, 0x00, 0x00, 0x00,
  0x00, 0x00, 0x00, 0x00, 0x00, 0x00, 0x00, 0x00, 0x00, 0x00, 0x00, 0x00, 0x00, 0x00, 0x00, 0x00,
  0x00, 0x00, 0x00, 0x00, 0x00, 0x00, 0x00, 0x00, 0x00, 0x00, 0x00, 0x00, 0x00, 0x00, 0x00, 0x00,
  0xff, 0xaa, 0xaa, 0x06, 0x00, 0x00, 0x00, 0x00, 0x00, 0x00, 0x00, 0x00, 0xff, 0x9c, 0xa2, 0x50,
  0xff, 0x99, 0xa4, 0xe3, 0xff, 0x97, 0xa2, 0xff, 0xff, 0x86, 0x93, 0xfb, 0xff, 0x82, 0x92, 0xfe,
  0xff, 0x81, 0x92, 0xfd, 0xff, 0x7f, 0x92, 0xfe, 0xff, 0x7d, 0x92, 0xff, 0xff, 0x7b, 0x92, 0xff,
  0xff, 0x7b, 0x93, 0xff, 0xff, 0x79, 0x94, 0xff, 0xff, 0x78, 0x94, 0xff, 0xff, 0x76, 0x93, 0xfe,
  0xff, 0x75, 0x93, 0xfe, 0xff, 0x74, 0x94, 0xfe, 0xff, 0x71, 0x95, 0xff, 0xff, 0x70, 0x95, 0xff,
  0xff, 0x6f, 0x95, 0xfe, 0xff, 0x6f, 0x95, 0xfe, 0xff, 0x6f, 0x95, 0xfe, 0xff, 0x6f, 0x96, 0xfd,
  0xff, 0x72, 0x98, 0xfd, 0xff, 0x79, 0x9d, 0xfd, 0xff, 0x88, 0xab, 0xfe, 0xff, 0x89, 0xa9, 0xb9,
  0xff, 0x91, 0xad, 0x1c, 0x00, 0x00, 0x00, 0x00, 0xff, 0xaa, 0xaa, 0x03, 0xff, 0x55, 0xaa, 0x03,
  0x00, 0x00, 0x00, 0x00, 0x00, 0x00, 0x00, 0x00, 0x00, 0x00, 0x00, 0x00, 0x00, 0x00, 0x00, 0x00,
  0x00, 0x00, 0x00, 0x00, 0x00, 0x00, 0x00, 0x00, 0x00, 0x00, 0x00, 0x00, 0x00, 0x00, 0x00, 0x00,
  0x00, 0x00, 0x00, 0x00, 0x00, 0x00, 0x00, 0x00, 0x00, 0x00, 0x00, 0x00, 0x00, 0x00, 0x00, 0x00,
  0x00, 0x00, 0x00, 0x00, 0x00, 0x00, 0x00, 0x00, 0x00, 0x00, 0x00, 0x00, 0x00, 0x00, 0x00, 0x00,
  0x00, 0x00, 0x00, 0x00, 0x00, 0x00, 0x00, 0x00, 0x00, 0x00, 0x00, 0x00, 0x00, 0x00, 0x00, 0x00,
  0x00, 0x00, 0x00, 0x00, 0x00, 0x00, 0x00, 0x00, 0x00, 0x00, 0x00, 0x00, 0x00, 0x00, 0x00, 0x00,
  0x00, 0x00, 0x00, 0x00, 0x00, 0x00, 0x00, 0x00, 0x00, 0x00, 0x00, 0x00, 0x00, 0x00, 0x00, 0x00,
  0x00, 0x00, 0x00, 0x00, 0x00, 0x00, 0x00, 0x00, 0x00, 0x00, 0x00, 0x00, 0x00, 0x00, 0x00, 0x00,
  0x00, 0x00, 0x00, 0x00, 0x00, 0x00, 0x00, 0x00, 0x00, 0x00, 0x00, 0x00, 0x00, 0x00, 0x00, 0x00,
  0x00, 0x00, 0x00, 0x00, 0x00, 0x00, 0x00, 0x00, 0x00, 0x00, 0x00, 0x00, 0x00, 0x00, 0x00, 0x00,
  0x00, 0x00, 0x00, 0x00, 0x00, 0x00, 0x00, 0x00, 0x00, 0x00, 0x00, 0x00, 0x00, 0x00, 0x00, 0x00,
  0x00, 0x00, 0x00, 0x00, 0x00, 0x00, 0x00, 0x00, 0x00, 0x00, 0x00, 0x00, 0x00, 0x00, 0x00, 0x00,
  0x00, 0x00, 0x00, 0x00, 0x00, 0x00, 0x00, 0x00, 0x00, 0x00, 0x00, 0x00, 0x00, 0x00, 0x00, 0x00,
  0x00, 0x00, 0x00, 0x00, 0x00, 0x00, 0x00, 0x00, 0x00, 0x00, 0x00, 0x00, 0x00, 0x00, 0x00, 0x00,
  0x00, 0x00, 0x00, 0x00, 0xff, 0x99, 0x99, 0x05, 0x00, 0x00, 0x00, 0x00, 0x00, 0x00, 0x00, 0x00,
  0xff, 0x9b, 0xa3, 0x40, 0xff, 0x9a, 0xa4, 0xc0, 0xff, 0x91, 0x9c, 0xf9, 0xff, 0x88, 0x96, 0xff,
  0xff, 0x83, 0x94, 0xff, 0xff, 0x7f, 0x92, 0xfc, 0xff, 0x7d, 0x91, 0xfe, 0xff, 0x7b, 0x92, 0xfe,
  0xff, 0x7a, 0x92, 0xfe, 0xff, 0x79, 0x93, 0xfe, 0xff, 0x78, 0x94, 0xff, 0xff, 0x77, 0x94, 0xff,
  0xff, 0x75, 0x93, 0xfe, 0xff, 0x73, 0x93, 0xfe, 0xff, 0x71, 0x94, 0xfe, 0xff, 0x70, 0x95, 0xff,
  0xff, 0x70, 0x95, 0xff, 0xff, 0x6f, 0x95, 0xfe, 0xff, 0x6f, 0x95, 0xfe, 0xff, 0x6f, 0x95, 0xfe,
  0xff, 0x71, 0x95, 0xfc, 0xff, 0x75, 0x9a, 0xff, 0xff, 0x7a, 0x9e, 0xff, 0xff, 0x82, 0xa4, 0xef,
  0xff, 0x8a, 0xaa, 0x99, 0xff, 0x8b, 0xad, 0x16, 0x00, 0x00, 0x00, 0x00, 0xff, 0x7f, 0xff, 0x02,
  0xff, 0x7f, 0x7f, 0x02, 0x00, 0x00, 0x00, 0x00, 0x00, 0x00, 0x00, 0x00, 0x00, 0x00, 0x00, 0x00,
  0x00, 0x00, 0x00, 0x00, 0x00, 0x00, 0x00, 0x00, 0x00, 0x00, 0x00, 0x00, 0x00, 0x00, 0x00, 0x00,
  0x00, 0x00, 0x00, 0x00, 0x00, 0x00, 0x00, 0x00, 0x00, 0x00, 0x00, 0x00, 0x00, 0x00, 0x00, 0x00,
  0x00, 0x00, 0x00, 0x00, 0x00, 0x00, 0x00, 0x00, 0x00, 0x00, 0x00, 0x00, 0x00, 0x00, 0x00, 0x00,
  0x00, 0x00, 0x00, 0x00, 0x00, 0x00, 0x00, 0x00, 0x00, 0x00, 0x00, 0x00, 0x00, 0x00, 0x00, 0x00,
  0x00, 0x00, 0x00, 0x00, 0x00, 0x00, 0x00, 0x00, 0x00, 0x00, 0x00, 0x00, 0x00, 0x00, 0x00, 0x00,
  0x00, 0x00, 0x00, 0x00, 0x00, 0x00, 0x00, 0x00, 0x00, 0x00, 0x00, 0x00, 0x00, 0x00, 0x00, 0x00,
  0x00, 0x00, 0x00, 0x00, 0x00, 0x00, 0x00, 0x00, 0x00, 0x00, 0x00, 0x00, 0x00, 0x00, 0x00, 0x00,
  0x00, 0x00, 0x00, 0x00, 0x00, 0x00, 0x00, 0x00, 0x00, 0x00, 0x00, 0x00, 0x00, 0x00, 0x00, 0x00,
  0x00, 0x00, 0x00, 0x00, 0x00, 0x00, 0x00, 0x00, 0x00, 0x00, 0x00, 0x00, 0x00, 0x00, 0x00, 0x00,
  0x00, 0x00, 0x00, 0x00, 0x00, 0x00, 0x00, 0x00, 0x00, 0x00, 0x00, 0x00, 0x00, 0x00, 0x00, 0x00,
  0x00, 0x00, 0x00, 0x00, 0x00, 0x00, 0x00, 0x00, 0x00, 0x00, 0x00, 0x00, 0x00, 0x00, 0x00, 0x00,
  0x00, 0x00, 0x00, 0x00, 0x00, 0x00, 0x00, 0x00, 0x00, 0x00, 0x00, 0x00, 0x00, 0x00, 0x00, 0x00,
  0x00, 0x00, 0x00, 0x00, 0x00, 0x00, 0x00, 0x00, 0x00, 0x00, 0x00, 0x00, 0x00, 0x00, 0x00, 0x00,
  0x00, 0x00, 0x00, 0x00, 0x00, 0x00, 0x00, 0x00, 0xff, 0xff, 0xff, 0x03, 0x00, 0x00, 0x00, 0x00,
  0x00, 0x00, 0x00, 0x00, 0xff, 0xa2, 0xaa, 0x24, 0xff, 0x9b, 0xa4, 0x8a, 0xff, 0x8f, 0x9d, 0xe3,
  0xff, 0x8e, 0x9e, 0xfd, 0xff, 0x84, 0x97, 0xfd, 0xff, 0x7e, 0x93, 0xfa, 0xff, 0x7d, 0x92, 0xff,
  0xff, 0x7b, 0x93, 0xff, 0xff, 0x79, 0x92, 0xff, 0xff, 0x77, 0x92, 0xfe, 0xff, 0x76, 0x93, 0xfe,
  0xff, 0x76, 0x94, 0xfe, 0xff, 0x75, 0x94, 0xfe, 0xff, 0x72, 0x94, 0xfe, 0xff, 0x70, 0x95, 0xff,
  0xff, 0x6f, 0x95, 0xfe, 0xff, 0x6f, 0x95, 0xfe, 0xff, 0x6f, 0x95, 0xfe, 0xff, 0x6f, 0x95, 0xfe,
  0xff, 0x70, 0x95, 0xfe, 0xff, 0x71, 0x95, 0xfa, 0xff, 0x79, 0x9d, 0xfc, 0xff, 0x7b, 0x9f, 0xfd,
  0xff, 0x82, 0xa4, 0xc7, 0xff, 0x8a, 0xa9, 0x65, 0xff, 0x94, 0xaa, 0x0c, 0x00, 0x00, 0x00, 0x00,
  0xff, 0xff, 0xff, 0x01, 0xff, 0xff, 0xff, 0x01, 0x00, 0x00, 0x00, 0x00, 0x00, 0x00, 0x00, 0x00,
  0x00, 0x00, 0x00, 0x00, 0x00, 0x00, 0x00, 0x00, 0x00, 0x00, 0x00, 0x00, 0x00, 0x00, 0x00, 0x00,
  0x00, 0x00, 0x00, 0x00, 0x00, 0x00, 0x00, 0x00, 0x00, 0x00, 0x00, 0x00, 0x00, 0x00, 0x00, 0x00,
  0x00, 0x00, 0x00, 0x00, 0x00, 0x00, 0x00, 0x00, 0x00, 0x00, 0x00, 0x00, 0x00, 0x00, 0x00, 0x00,
  0x00, 0x00, 0x00, 0x00, 0x00, 0x00, 0x00, 0x00, 0x00, 0x00, 0x00, 0x00, 0x00, 0x00, 0x00, 0x00,
  0x00, 0x00, 0x00, 0x00, 0x00, 0x00, 0x00, 0x00, 0x00, 0x00, 0x00, 0x00, 0x00, 0x00, 0x00, 0x00,
  0x00, 0x00, 0x00, 0x00, 0x00, 0x00, 0x00, 0x00, 0x00, 0x00, 0x00, 0x00, 0x00, 0x00, 0x00, 0x00,
  0x00, 0x00, 0x00, 0x00, 0x00, 0x00, 0x00, 0x00, 0x00, 0x00, 0x00, 0x00, 0x00, 0x00, 0x00, 0x00,
  0x00, 0x00, 0x00, 0x00, 0x00, 0x00, 0x00, 0x00, 0x00, 0x00, 0x00, 0x00, 0x00, 0x00, 0x00, 0x00,
  0x00, 0x00, 0x00, 0x00, 0x00, 0x00, 0x00, 0x00, 0x00, 0x00, 0x00, 0x00, 0x00, 0x00, 0x00, 0x00,
  0x00, 0x00, 0x00, 0x00, 0x00, 0x00, 0x00, 0x00, 0x00, 0x00, 0x00, 0x00, 0x00, 0x00, 0x00, 0x00,
  0x00, 0x00, 0x00, 0x00, 0x00, 0x00, 0x00, 0x00, 0x00, 0x00, 0x00, 0x00, 0x00, 0x00, 0x00, 0x00,
  0x00, 0x00, 0x00, 0x00, 0x00, 0x00, 0x00, 0x00, 0x00, 0x00, 0x00, 0x00, 0x00, 0x00, 0x00, 0x00,
  0x00, 0x00, 0x00, 0x00, 0x00, 0x00, 0x00, 0x00, 0x00, 0x00, 0x00, 0x00, 0x00, 0x00, 0x00, 0x00,
  0x00, 0x00, 0x00, 0x00, 0x00, 0x00, 0x00, 0x00, 0x00, 0x00, 0x00, 0x00, 0xff, 0xff, 0xff, 0x01,
  0x00, 0x00, 0x00, 0x00, 0xff, 0xff, 0xff, 0x01, 0xff, 0xaa, 0xaa, 0x0c, 0xff, 0x9c, 0xa3, 0x46,
  0xff, 0x91, 0xa1, 0xc2, 0xff, 0x94, 0xa7, 0xff, 0xff, 0x87, 0x9b, 0xff, 0xff, 0x7e, 0x93, 0xfa,
  0xff, 0x7c, 0x93, 0xff, 0xff, 0x79, 0x93, 0xff, 0xff, 0x78, 0x93, 0xff, 0xff, 0x76, 0x92, 0xfe,
  0xff, 0x75, 0x93, 0xfe, 0xff, 0x75, 0x94, 0xfe, 0xff, 0x73, 0x94, 0xfe, 0xff, 0x72, 0x94, 0xfe,
  0xff, 0x70, 0x95, 0xff, 0xff, 0x6f, 0x95, 0xfe, 0xff, 0x6f, 0x95, 0xfe, 0xff, 0x6f, 0x95, 0xfe,
  0xff, 0x6f, 0x95, 0xfe, 0xff, 0x70, 0x95, 0xfe, 0xff, 0x72, 0x97, 0xf8, 0xff, 0x81, 0xa5, 0xff,
  0xff, 0x83, 0xa4, 0xff, 0xff, 0x84, 0xa4, 0x96, 0xff, 0x8d, 0xaa, 0x2d, 0xff, 0xbf, 0x7f, 0x04,
  0xff, 0xff, 0xff, 0x01, 0xff, 0xff, 0xff, 0x01, 0xff, 0xff, 0xff, 0x01, 0x00, 0x00, 0x00, 0x00,
  0x00, 0x00, 0x00, 0x00, 0x00, 0x00, 0x00, 0x00, 0x00, 0x00, 0x00, 0x00, 0x00, 0x00, 0x00, 0x00,
  0x00, 0x00, 0x00, 0x00, 0x00, 0x00, 0x00, 0x00, 0x00, 0x00, 0x00, 0x00, 0x00, 0x00, 0x00, 0x00,
  0x00, 0x00, 0x00, 0x00, 0x00, 0x00, 0x00, 0x00, 0x00, 0x00, 0x00, 0x00, 0x00, 0x00, 0x00, 0x00,
  0x00, 0x00, 0x00, 0x00, 0x00, 0x00, 0x00, 0x00, 0x00, 0x00, 0x00, 0x00, 0x00, 0x00, 0x00, 0x00,
  0x00, 0x00, 0x00, 0x00, 0x00, 0x00, 0x00, 0x00, 0x00, 0x00, 0x00, 0x00, 0x00, 0x00, 0x00, 0x00,
  0x00, 0x00, 0x00, 0x00, 0x00, 0x00, 0x00, 0x00, 0x00, 0x00, 0x00, 0x00, 0x00, 0x00, 0x00, 0x00,
  0x00, 0x00, 0x00, 0x00, 0x00, 0x00, 0x00, 0x00, 0x00, 0x00, 0x00, 0x00, 0x00, 0x00, 0x00, 0x00,
  0x00, 0x00, 0x00, 0x00, 0x00, 0x00, 0x00, 0x00, 0x00, 0x00, 0x00, 0x00, 0x00, 0x00, 0x00, 0x00,
  0x00, 0x00, 0x00, 0x00, 0x00, 0x00, 0x00, 0x00, 0x00, 0x00, 0x00, 0x00, 0x00, 0x00, 0x00, 0x00,
  0x00, 0x00, 0x00, 0x00, 0x00, 0x00, 0x00, 0x00, 0x00, 0x00, 0x00, 0x00, 0x00, 0x00, 0x00, 0x00,
  0x00, 0x00, 0x00, 0x00, 0x00, 0x00, 0x00, 0x00, 0x00, 0x00, 0x00, 0x00, 0x00, 0x00, 0x00, 0x00,
  0x00, 0x00, 0x00, 0x00, 0x00, 0x00, 0x00, 0x00, 0x00, 0x00, 0x00, 0x00, 0x00, 0x00, 0x00, 0x00,
  0x00, 0x00, 0x00, 0x00, 0x00, 0x00, 0x00, 0x00, 0x00, 0x00, 0x00, 0x00, 0x00, 0x00, 0x00, 0x00,
  0x00, 0x00, 0x00, 0x00, 0x00, 0x00, 0x00, 0x00, 0x00, 0x00, 0x00, 0x00, 0x00, 0x00, 0x00, 0x00,
  0x00, 0x00, 0x00, 0x00, 0xff, 0x00, 0x00, 0x01, 0xff, 0x7f, 0xaa, 0x06, 0xff, 0xff, 0xff, 0x01,
  0xff, 0x9f, 0x9f, 0x08, 0xff, 0x91, 0xa2, 0x90, 0xff, 0x8e, 0xa1, 0xf9, 0xff, 0x87, 0x9b, 0xff,
  0xff, 0x7e, 0x96, 0xfb, 0xff, 0x7a, 0x95, 0xfd, 0xff, 0x77, 0x95, 0xfd, 0xff, 0x76, 0x94, 0xfe,
  0xff, 0x75, 0x94, 0xfe, 0xff, 0x74, 0x94, 0xff, 0xff, 0x73, 0x94, 0xff, 0xff, 0x71, 0x95, 0xff,
  0xff, 0x70, 0x95, 0xfe, 0xff, 0x6f, 0x95, 0xfe, 0xff, 0x6f, 0x96, 0xff, 0xff, 0x70, 0x96, 0xff,
  0xff, 0x71, 0x96, 0xfe, 0xff, 0x70, 0x96, 0xfd, 0xff, 0x71, 0x97, 0xfd, 0xff, 0x74, 0x9a, 0xf7,
  0xff, 0x84, 0xa8, 0xff, 0xff, 0x83, 0xa3, 0xf3, 0xff, 0x83, 0xa2, 0x61, 0xff, 0x7f, 0xbf, 0x04,
  0x00, 0x00, 0x00, 0x00, 0xff, 0x7f, 0xaa, 0x06, 0x00, 0x00, 0x00, 0x00, 0x00, 0x00, 0x00, 0x00,
  0x00, 0x00, 0x00, 0x00, 0x00, 0x00, 0x00, 0x00, 0x00, 0x00, 0x00, 0x00, 0x00, 0x00, 0x00, 0x00,
  0x00, 0x00, 0x00, 0x00, 0x00, 0x00, 0x00, 0x00, 0x00, 0x00, 0x00, 0x00, 0x00, 0x00, 0x00, 0x00,
  0x00, 0x00, 0x00, 0x00, 0x00, 0x00, 0x00, 0x00, 0x00, 0x00, 0x00, 0x00, 0x00, 0x00, 0x00, 0x00,
  0x00, 0x00, 0x00, 0x00, 0x00, 0x00, 0x00, 0x00, 0x00, 0x00, 0x00, 0x00, 0x00, 0x00, 0x00, 0x00,
  0x00, 0x00, 0x00, 0x00, 0x00, 0x00, 0x00, 0x00, 0x00, 0x00, 0x00, 0x00, 0x00, 0x00, 0x00, 0x00,
  0x00, 0x00, 0x00, 0x00, 0x00, 0x00, 0x00, 0x00, 0x00, 0x00, 0x00, 0x00, 0x00, 0x00, 0x00, 0x00,
  0x00, 0x00, 0x00, 0x00, 0x00, 0x00, 0x00, 0x00, 0x00, 0x00, 0x00, 0x00, 0x00, 0x00, 0x00, 0x00,
  0x00, 0x00, 0x00, 0x00, 0x00, 0x00, 0x00, 0x00, 0x00, 0x00, 0x00, 0x00, 0x00, 0x00, 0x00, 0x00,
  0x00, 0x00, 0x00, 0x00, 0x00, 0x00, 0x00, 0x00, 0x00, 0x00, 0x00, 0x00, 0x00, 0x00, 0x00, 0x00,
  0x00, 0x00, 0x00, 0x00, 0x00, 0x00, 0x00, 0x00, 0x00, 0x00, 0x00, 0x00, 0x00, 0x00, 0x00, 0x00,
  0x00, 0x00, 0x00, 0x00, 0x00, 0x00, 0x00, 0x00, 0x00, 0x00, 0x00, 0x00, 0x00, 0x00, 0x00, 0x00,
  0x00, 0x00, 0x00, 0x00, 0x00, 0x00, 0x00, 0x00, 0x00, 0x00, 0x00, 0x00, 0x00, 0x00, 0x00, 0x00,
  0x00, 0x00, 0x00, 0x00, 0x00, 0x00, 0x00, 0x00, 0x00, 0x00, 0x00, 0x00, 0x00, 0x00, 0x00, 0x00,
  0x00, 0x00, 0x00, 0x00, 0x00, 0x00, 0x00, 0x00, 0x00, 0x00, 0x00, 0x00, 0x00, 0x00, 0x00, 0x00,
  0x00, 0x00, 0x00, 0x00, 0x00, 0x00, 0x00, 0x00, 0xff, 0x00, 0x00, 0x01, 0xff, 0x99, 0x99, 0x05,
  0x00, 0x00, 0x00, 0x00, 0x00, 0x00, 0x00, 0x00, 0xff, 0x90, 0xa5, 0x3c, 0xff, 0x8b, 0x9f, 0xa6,
  0xff, 0x89, 0x9d, 0xf9, 0xff, 0x89, 0xa2, 0xff, 0xff, 0x7a, 0x95, 0xfa, 0xff, 0x76, 0x94, 0xf9,
  0xff, 0x75, 0x94, 0xfb, 0xff, 0x74, 0x95, 0xfd, 0xff, 0x73, 0x94, 0xff, 0xff, 0x72, 0x94, 0xff,
  0xff, 0x70, 0x95, 0xff, 0xff, 0x70, 0x95, 0xfe, 0xff, 0x6f, 0x95, 0xfe, 0xff, 0x6f, 0x96, 0xfe,
  0xff, 0x6f, 0x96, 0xfd, 0xff, 0x71, 0x96, 0xfa, 0xff, 0x71, 0x96, 0xf9, 0xff, 0x76, 0x9b, 0xff,
  0xff, 0x80, 0xa5, 0xff, 0xff, 0x82, 0xa5, 0xe3, 0xff, 0x85, 0xa6, 0x8a, 0xff, 0x82, 0xa5, 0x25,
  0x00, 0x00, 0x00, 0x00, 0x00, 0x00, 0x00, 0x00, 0xff, 0x66, 0x99, 0x05, 0x00, 0x00, 0x00, 0x00,
  0x00, 0x00, 0x00, 0x00, 0x00, 0x00, 0x00, 0x00, 0x00, 0x00, 0x00, 0x00, 0x00, 0x00, 0x00, 0x00,
  0x00, 0x00, 0x00, 0x00, 0x00, 0x00, 0x00, 0x00, 0x00, 0x00, 0x00, 0x00, 0x00, 0x00, 0x00, 0x00,
  0x00, 0x00, 0x00, 0x00, 0x00, 0x00, 0x00, 0x00, 0x00, 0x00, 0x00, 0x00, 0x00, 0x00, 0x00, 0x00,
  0x00, 0x00, 0x00, 0x00, 0x00, 0x00, 0x00, 0x00, 0x00, 0x00, 0x00, 0x00, 0x00, 0x00, 0x00, 0x00,
  0x00, 0x00, 0x00, 0x00, 0x00, 0x00, 0x00, 0x00, 0x00, 0x00, 0x00, 0x00, 0x00, 0x00, 0x00, 0x00,
  0x00, 0x00, 0x00, 0x00, 0x00, 0x00, 0x00, 0x00, 0x00, 0x00, 0x00, 0x00, 0x00, 0x00, 0x00, 0x00,
  0x00, 0x00, 0x00, 0x00, 0x00, 0x00, 0x00, 0x00, 0x00, 0x00, 0x00, 0x00, 0x00, 0x00, 0x00, 0x00,
  0x00, 0x00, 0x00, 0x00, 0x00, 0x00, 0x00, 0x00, 0x00, 0x00, 0x00, 0x00, 0x00, 0x00, 0x00, 0x00,
  0x00, 0x00, 0x00, 0x00, 0x00, 0x00, 0x00, 0x00, 0x00, 0x00, 0x00, 0x00, 0x00, 0x00, 0x00, 0x00,
  0x00, 0x00, 0x00, 0x00, 0x00, 0x00, 0x00, 0x00, 0x00, 0x00, 0x00, 0x00, 0x00, 0x00, 0x00, 0x00,
  0x00, 0x00, 0x00, 0x00, 0x00, 0x00, 0x00, 0x00, 0x00, 0x00, 0x00, 0x00, 0x00, 0x00, 0x00, 0x00,
  0x00, 0x00, 0x00, 0x00, 0x00, 0x00, 0x00, 0x00, 0x00, 0x00, 0x00, 0x00, 0x00, 0x00, 0x00, 0x00,
  0x00, 0x00, 0x00, 0x00, 0x00, 0x00, 0x00, 0x00, 0x00, 0x00, 0x00, 0x00, 0x00, 0x00, 0x00, 0x00,
  0x00, 0x00, 0x00, 0x00, 0x00, 0x00, 0x00, 0x00, 0x00, 0x00, 0x00, 0x00, 0x00, 0x00, 0x00, 0x00,
  0x00, 0x00, 0x00, 0x00, 0x00, 0x00, 0x00, 0x00, 0x00, 0x00, 0x00, 0x00, 0x00, 0x00, 0x00, 0x00,
  0xff, 0xff, 0xff, 0x01, 0x00, 0x00, 0x00, 0x00, 0xff, 0xff, 0xff, 0x01, 0x00, 0x00, 0x00, 0x00,
  0xff, 0x8e, 0x9f, 0x3b, 0xff, 0x8b, 0xa0, 0xba, 0xff, 0x86, 0x9e, 0xf9, 0xff, 0x7d, 0x9a, 0xff,
  0xff, 0x7b, 0x99, 0xff, 0xff, 0x77, 0x95, 0xff, 0xff, 0x74, 0x96, 0xff, 0xff, 0x72, 0x95, 0xff,
  0xff, 0x71, 0x95, 0xff, 0xff, 0x70, 0x95, 0xfe, 0xff, 0x70, 0x95, 0xfe, 0xff, 0x70, 0x96, 0xfe,
  0xff, 0x70, 0x96, 0xfe, 0xff, 0x71, 0x97, 0xff, 0xff, 0x73, 0x98, 0xff, 0xff, 0x75, 0x9a, 0xff,
  0xff, 0x78, 0x9c, 0xff, 0xff, 0x7d, 0x9d, 0xef, 0xff, 0x81, 0xa1, 0x90, 0xff, 0x85, 0xb1, 0x17,
  0x00, 0x00, 0x00, 0x00, 0xff, 0x7f, 0x7f, 0x04, 0x00, 0x00, 0x00, 0x00, 0xff, 0x00, 0xff, 0x01,
  0x00, 0x00, 0x00, 0x00, 0x00, 0x00, 0x00, 0x00, 0x00, 0x00, 0x00, 0x00, 0x00, 0x00, 0x00, 0x00,
  0x00, 0x00, 0x00, 0x00, 0x00, 0x00, 0x00, 0x00, 0x00, 0x00, 0x00, 0x00, 0x00, 0x00, 0x00, 0x00,
  0x00, 0x00, 0x00, 0x00, 0x00, 0x00, 0x00, 0x00, 0x00, 0x00, 0x00, 0x00, 0x00, 0x00, 0x00, 0x00,
  0x00, 0x00, 0x00, 0x00, 0x00, 0x00, 0x00, 0x00, 0x00, 0x00, 0x00, 0x00, 0x00, 0x00, 0x00, 0x00,
  0x00, 0x00, 0x00, 0x00, 0x00, 0x00, 0x00, 0x00, 0x00, 0x00, 0x00, 0x00, 0x00, 0x00, 0x00, 0x00,
  0x00, 0x00, 0x00, 0x00, 0x00, 0x00, 0x00, 0x00, 0x00, 0x00, 0x00, 0x00, 0x00, 0x00, 0x00, 0x00,
  0x00, 0x00, 0x00, 0x00, 0x00, 0x00, 0x00, 0x00, 0x00, 0x00, 0x00, 0x00, 0x00, 0x00, 0x00, 0x00,
  0x00, 0x00, 0x00, 0x00, 0x00, 0x00, 0x00, 0x00, 0x00, 0x00, 0x00, 0x00, 0x00, 0x00, 0x00, 0x00,
  0x00, 0x00, 0x00, 0x00, 0x00, 0x00, 0x00, 0x00, 0x00, 0x00, 0x00, 0x00, 0x00, 0x00, 0x00, 0x00,
  0x00, 0x00, 0x00, 0x00, 0x00, 0x00, 0x00, 0x00, 0x00, 0x00, 0x00, 0x00, 0x00, 0x00, 0x00, 0x00,
  0x00, 0x00, 0x00, 0x00, 0x00, 0x00, 0x00, 0x00, 0x00, 0x00, 0x00, 0x00, 0x00, 0x00, 0x00, 0x00,
  0x00, 0x00, 0x00, 0x00, 0x00, 0x00, 0x00, 0x00, 0x00, 0x00, 0x00, 0x00, 0x00, 0x00, 0x00, 0x00,
  0x00, 0x00, 0x00, 0x00, 0x00, 0x00, 0x00, 0x00, 0x00, 0x00, 0x00, 0x00, 0x00, 0x00, 0x00, 0x00,
  0x00, 0x00, 0x00, 0x00, 0x00, 0x00, 0x00, 0x00, 0x00, 0x00, 0x00, 0x00, 0x00, 0x00, 0x00, 0x00,
  0x00, 0x00, 0x00, 0x00, 0x00, 0x00, 0x00, 0x00, 0x00, 0x00, 0x00, 0x00, 0x00, 0x00, 0x00, 0x00,
  0x00, 0x00, 0x00, 0x00, 0x00, 0x00, 0x00, 0x00, 0xff, 0x00, 0x00, 0x01, 0xff, 0xff, 0xff, 0x01,
  0x00, 0x00, 0x00, 0x00, 0xff, 0xaa, 0xaa, 0x06, 0xff, 0x90, 0x9d, 0x3c, 0xff, 0x87, 0xa1, 0xa9,
  0xff, 0x88, 0xa3, 0xff, 0xff, 0x8a, 0xa9, 0xff, 0xff, 0x7b, 0x9b, 0xff, 0xff, 0x75, 0x98, 0xff,
  0xff, 0x71, 0x96, 0xfa, 0xff, 0x70, 0x96, 0xf8, 0xff, 0x6f, 0x96, 0xf6, 0xff, 0x6f, 0x96, 0xf6,
  0xff, 0x70, 0x96, 0xf8, 0xff, 0x70, 0x96, 0xfb, 0xff, 0x75, 0x9b, 0xff, 0xff, 0x7b, 0xa1, 0xff,
  0xff, 0x82, 0xa8, 0xff, 0xff, 0x7c, 0x9e, 0xe4, 0xff, 0x80, 0xa1, 0x7b, 0xff, 0x87, 0x9d, 0x22,
  0x00, 0x00, 0x00, 0x00, 0x00, 0x00, 0x00, 0x00, 0xff, 0x7f, 0xff, 0x02, 0x00, 0x00, 0x00, 0x00,
  0x00, 0x00, 0x00, 0x00, 0x00, 0x00, 0x00, 0x00, 0x00, 0x00, 0x00, 0x00, 0x00, 0x00, 0x00, 0x00,
  0x00, 0x00, 0x00, 0x00, 0x00, 0x00, 0x00, 0x00, 0x00, 0x00, 0x00, 0x00, 0x00, 0x00, 0x00, 0x00,
  0x00, 0x00, 0x00, 0x00, 0x00, 0x00, 0x00, 0x00, 0x00, 0x00, 0x00, 0x00, 0x00, 0x00, 0x00, 0x00,
  0x00, 0x00, 0x00, 0x00, 0x00, 0x00, 0x00, 0x00, 0x00, 0x00, 0x00, 0x00, 0x00, 0x00, 0x00, 0x00,
  0x00, 0x00, 0x00, 0x00, 0x00, 0x00, 0x00, 0x00, 0x00, 0x00, 0x00, 0x00, 0x00, 0x00, 0x00, 0x00,
  0x00, 0x00, 0x00, 0x00, 0x00, 0x00, 0x00, 0x00, 0x00, 0x00, 0x00, 0x00, 0x00, 0x00, 0x00, 0x00,
  0x00, 0x00, 0x00, 0x00, 0x00, 0x00, 0x00, 0x00, 0x00, 0x00, 0x00, 0x00, 0x00, 0x00, 0x00, 0x00,
  0x00, 0x00, 0x00, 0x00, 0x00, 0x00, 0x00, 0x00, 0x00, 0x00, 0x00, 0x00, 0x00, 0x00, 0x00, 0x00,
  0x00, 0x00, 0x00, 0x00, 0x00, 0x00, 0x00, 0x00, 0x00, 0x00, 0x00, 0x00, 0x00, 0x00, 0x00, 0x00,
  0x00, 0x00, 0x00, 0x00, 0x00, 0x00, 0x00, 0x00, 0x00, 0x00, 0x00, 0x00, 0x00, 0x00, 0x00, 0x00,
  0x00, 0x00, 0x00, 0x00, 0x00, 0x00, 0x00, 0x00, 0x00, 0x00, 0x00, 0x00, 0x00, 0x00, 0x00, 0x00,
  0x00, 0x00, 0x00, 0x00, 0x00, 0x00, 0x00, 0x00, 0x00, 0x00, 0x00, 0x00, 0x00, 0x00, 0x00, 0x00,
  0x00, 0x00, 0x00, 0x00, 0x00, 0x00, 0x00, 0x00, 0x00, 0x00, 0x00, 0x00, 0x00, 0x00, 0x00, 0x00,
  0x00, 0x00, 0x00, 0x00, 0x00, 0x00, 0x00, 0x00, 0x00, 0x00, 0x00, 0x00, 0x00, 0x00, 0x00, 0x00,
  0x00, 0x00, 0x00, 0x00, 0x00, 0x00, 0x00, 0x00, 0x00, 0x00, 0x00, 0x00, 0x00, 0x00, 0x00, 0x00,
  0x00, 0x00, 0x00, 0x00, 0x00, 0x00, 0x00, 0x00, 0x00, 0x00, 0x00, 0x00, 0xff, 0x00, 0x00, 0x01,
  0x00, 0x00, 0x00, 0x00, 0xff, 0x7f, 0x7f, 0x06, 0x00, 0x00, 0x00, 0x00, 0x00, 0x00, 0x00, 0x00,
  0xff, 0x88, 0xa1, 0x47, 0xff, 0x87, 0xa1, 0xa6, 0xff, 0x83, 0x9f, 0xce, 0xff, 0x7b, 0x9a, 0xe5,
  0xff, 0x79, 0x9a, 0xfc, 0xff, 0x7b, 0xa1, 0xff, 0xff, 0x7d, 0xa5, 0xff, 0xff, 0x7f, 0xa7, 0xff,
  0xff, 0x7f, 0xa7, 0xff, 0xff, 0x7c, 0xa3, 0xff, 0xff, 0x78, 0x9e, 0xff, 0xff, 0x77, 0x9b, 0xf7,
  0xff, 0x7a, 0x9e, 0xdd, 0xff, 0x7c, 0x9e, 0xc1, 0xff, 0x7f, 0xa1, 0x80, 0xff, 0x8c, 0xa7, 0x1d,
  0x00, 0x00, 0x00, 0x00, 0xff, 0x7f, 0x7f, 0x02, 0xff, 0x55, 0xaa, 0x03, 0x00, 0x00, 0x01, 0x00,
  0x00, 0x00, 0x00, 0x00, 0x00, 0x00, 0x00, 0x00, 0x00, 0x00, 0x00, 0x00, 0x00, 0x00, 0x00, 0x00,
  0x00, 0x00, 0x00, 0x00, 0x00, 0x00, 0x00, 0x00, 0x00, 0x00, 0x00, 0x00, 0x00, 0x00, 0x00, 0x00,
  0x00, 0x00, 0x00, 0x00, 0x00, 0x00, 0x00, 0x00, 0x00, 0x00, 0x00, 0x00, 0x00, 0x00, 0x00, 0x00,
  0x00, 0x00, 0x00, 0x00, 0x00, 0x00, 0x00, 0x00, 0x00, 0x00, 0x00, 0x00, 0x00, 0x00, 0x00, 0x00,
  0x00, 0x00, 0x00, 0x00, 0x00, 0x00, 0x00, 0x00, 0x00, 0x00, 0x00, 0x00, 0x00, 0x00, 0x00, 0x00,
  0x00, 0x00, 0x00, 0x00, 0x00, 0x00, 0x00, 0x00, 0x00, 0x00, 0x00, 0x00, 0x00, 0x00, 0x00, 0x00,
  0x00, 0x00, 0x00, 0x00, 0x00, 0x00, 0x00, 0x00, 0x00, 0x00, 0x00, 0x00, 0x00, 0x00, 0x00, 0x00,
  0x00, 0x00, 0x00, 0x00, 0x00, 0x00, 0x00, 0x00, 0x00, 0x00, 0x00, 0x00, 0x00, 0x00, 0x00, 0x00,
  0x00, 0x00, 0x00, 0x00, 0x00, 0x00, 0x00, 0x00, 0x00, 0x00, 0x00, 0x00, 0x00, 0x00, 0x00, 0x00,
  0x00, 0x00, 0x00, 0x00, 0x00, 0x00, 0x00, 0x00, 0x00, 0x00, 0x00, 0x00, 0x00, 0x00, 0x00, 0x00,
  0x00, 0x00, 0x00, 0x00, 0x00, 0x00, 0x00, 0x00, 0x00, 0x00, 0x00, 0x00, 0x00, 0x00, 0x00, 0x00,
  0x00, 0x00, 0x00, 0x00, 0x00, 0x00, 0x00, 0x00, 0x00, 0x00, 0x00, 0x00, 0x00, 0x00, 0x00, 0x00,
  0x00, 0x00, 0x00, 0x00, 0x00, 0x00, 0x00, 0x00, 0x00, 0x00, 0x00, 0x00, 0x00, 0x00, 0x00, 0x00,
  0x00, 0x00, 0x00, 0x00, 0x00, 0x00, 0x00, 0x00, 0x00, 0x00, 0x00, 0x00, 0x00, 0x00, 0x00, 0x00,
  0x00, 0x00, 0x00, 0x00, 0x00, 0x00, 0x00, 0x00, 0x00, 0x00, 0x00, 0x00, 0x00, 0x00, 0x00, 0x00,
  0x00, 0x00, 0x00, 0x00, 0x00, 0x00, 0x00, 0x00, 0x00, 0x00, 0x00, 0x00, 0x00, 0x00, 0x00, 0x00,
  0x00, 0x00, 0x00, 0x00, 0x00, 0x00, 0x00, 0x00, 0x00, 0x00, 0x00, 0x00, 0x00, 0x00, 0x00, 0x00,
  0x00, 0x00, 0x00, 0x00, 0xff, 0x55, 0xaa, 0x03, 0xff, 0x7f, 0xaa, 0x0c, 0xff, 0x81, 0xa1, 0x47,
  0xff, 0x82, 0xa1, 0x8b, 0xff, 0x7e, 0x9f, 0xc5, 0xff, 0x7c, 0x9e, 0xea, 0xff, 0x7a, 0x9d, 0xfd,
  0xff, 0x7f, 0xa2, 0xff, 0xff, 0x7e, 0xa1, 0xff, 0xff, 0x7b, 0x9e, 0xf8, 0xff, 0x7c, 0x9f, 0xde,
  0xff, 0x7e, 0xa0, 0xb4, 0xff, 0x7f, 0xa2, 0x74, 0xff, 0x7c, 0xa2, 0x2f, 0xff, 0x7f, 0xaa, 0x06,
  0x00, 0x00, 0x00, 0x00, 0xff, 0x00, 0xff, 0x01, 0x00, 0x00, 0x00, 0x00, 0x00, 0x00, 0x00, 0x00,
  0x00, 0x00, 0x00, 0x00, 0x00, 0x00, 0x00, 0x00, 0x00, 0x00, 0x00, 0x00, 0x00, 0x00, 0x00, 0x00,
  0x00, 0x00, 0x00, 0x00, 0x00, 0x00, 0x00, 0x00, 0x00, 0x00, 0x00, 0x00, 0x00, 0x00, 0x00, 0x00,
  0x00, 0x00, 0x00, 0x00, 0x00, 0x00, 0x00, 0x00, 0x00, 0x00, 0x00, 0x00, 0x00, 0x00, 0x00, 0x00,
  0x00, 0x00, 0x00, 0x00, 0x00, 0x00, 0x00, 0x00, 0x00, 0x00, 0x00, 0x00, 0x00, 0x00, 0x00, 0x00,
  0x00, 0x00, 0x00, 0x00, 0x00, 0x00, 0x00, 0x00, 0x00, 0x00, 0x00, 0x00, 0x00, 0x00, 0x00, 0x00,
  0x00, 0x00, 0x00, 0x00, 0x00, 0x00, 0x00, 0x00, 0x00, 0x00, 0x00, 0x00, 0x00, 0x00, 0x00, 0x00,
  0x00, 0x00, 0x00, 0x00, 0x00, 0x00, 0x00, 0x00, 0x00, 0x00, 0x00, 0x00, 0x00, 0x00, 0x00, 0x00,
  0x00, 0x00, 0x00, 0x00, 0x00, 0x00, 0x00, 0x00, 0x00, 0x00, 0x00, 0x00, 0x00, 0x00, 0x00, 0x00,
  0x00, 0x00, 0x00, 0x00, 0x00, 0x00, 0x00, 0x00, 0x00, 0x00, 0x00, 0x00, 0x00, 0x00, 0x00, 0x00,
  0x00, 0x00, 0x00, 0x00, 0x00, 0x00, 0x00, 0x00, 0x00, 0x00, 0x00, 0x00, 0x00, 0x00, 0x00, 0x00,
  0x00, 0x00, 0x00, 0x00, 0x00, 0x00, 0x00, 0x00, 0x00, 0x00, 0x00, 0x00, 0x00, 0x00, 0x00, 0x00,
  0x00, 0x00, 0x00, 0x00, 0x00, 0x00, 0x00, 0x00, 0x00, 0x00, 0x00, 0x00, 0x00, 0x00, 0x00, 0x00,
  0x00, 0x00, 0x00, 0x00, 0x00, 0x00, 0x00, 0x00, 0x00, 0x00, 0x00, 0x00, 0x00, 0x00, 0x00, 0x00,
  0x00, 0x00, 0x00, 0x00, 0x00, 0x00, 0x00, 0x00, 0x00, 0x00, 0x00, 0x00, 0x00, 0x00, 0x00, 0x00,
  0x00, 0x00, 0x00, 0x00, 0x00, 0x00, 0x00, 0x00, 0x00, 0x00, 0x00, 0x00, 0x00, 0x00, 0x00, 0x00,
  0x00, 0x00, 0x00, 0x00, 0x00, 0x00, 0x00, 0x00, 0x00, 0x00, 0x00, 0x00, 0x00, 0x00, 0x00, 0x00,
  0x00, 0x00, 0x00, 0x00, 0x00, 0x00, 0x00, 0x00, 0x00, 0x00, 0x00, 0x00, 0x00, 0x00, 0x00, 0x00,
  0xff, 0x7f, 0x7f, 0x02, 0xff, 0x55, 0xaa, 0x03, 0x00, 0x00, 0x00, 0x00, 0x00, 0x00, 0x00, 0x00,
  0xff, 0x55, 0xaa, 0x06, 0xff, 0x89, 0xa5, 0x25, 0xff, 0x7f, 0x9f, 0x40, 0xff, 0x7d, 0xa0, 0x51,
  0xff, 0x7c, 0x9e, 0x5a, 0xff, 0x7b, 0x9e, 0x5f, 0xff, 0x7c, 0x9d, 0x5e, 0xff, 0x7e, 0xa1, 0x57,
  0xff, 0x81, 0xa3, 0x4b, 0xff, 0x7f, 0xa3, 0x38, 0xff, 0x84, 0xa0, 0x1b, 0x00, 0x00, 0x00, 0x00,
  0x00, 0x00, 0x00, 0x00, 0x00, 0x00, 0x00, 0x00, 0xff, 0x7f, 0xbf, 0x04, 0xff, 0x00, 0x00, 0x01,
  0x00, 0x00, 0x00, 0x00, 0x00, 0x00, 0x00, 0x00, 0x00, 0x00, 0x00, 0x00, 0x00, 0x00, 0x00, 0x00,
  0x00, 0x00, 0x00, 0x00, 0x00, 0x00, 0x00, 0x00, 0x00, 0x00, 0x00, 0x00, 0x00, 0x00, 0x00, 0x00,
  0x00, 0x00, 0x00, 0x00, 0x00, 0x00, 0x00, 0x00, 0x00, 0x00, 0x00, 0x00, 0x00, 0x00, 0x00, 0x00,
  0x00, 0x00, 0x00, 0x00, 0x00, 0x00, 0x00, 0x00, 0x00, 0x00, 0x00, 0x00, 0x00, 0x00, 0x00, 0x00,
  0x00, 0x00, 0x00, 0x00, 0x00, 0x00, 0x00, 0x00, 0x00, 0x00, 0x00, 0x00, 0x00, 0x00, 0x00, 0x00,
  0x00, 0x00, 0x00, 0x00, 0x00, 0x00, 0x00, 0x00, 0x00, 0x00, 0x00, 0x00, 0x00, 0x00, 0x00, 0x00,
  0x00, 0x00, 0x00, 0x00, 0x00, 0x00, 0x00, 0x00, 0x00, 0x00, 0x00, 0x00, 0x00, 0x00, 0x00, 0x00,
  0x00, 0x00, 0x00, 0x00, 0x00, 0x00, 0x00, 0x00, 0x00, 0x00, 0x00, 0x00, 0x00, 0x00, 0x00, 0x00,
  0x00, 0x00, 0x00, 0x00, 0x00, 0x00, 0x00, 0x00, 0x00, 0x00, 0x00, 0x00, 0x00, 0x00, 0x00, 0x00,
  0x00, 0x00, 0x00, 0x00, 0x00, 0x00, 0x00, 0x00, 0x00, 0x00, 0x00, 0x00, 0x00, 0x00, 0x00, 0x00,
  0x00, 0x00, 0x00, 0x00, 0x00, 0x00, 0x00, 0x00, 0x00, 0x00, 0x00, 0x00, 0x00, 0x00, 0x00, 0x00,
  0x00, 0x00, 0x00, 0x00, 0x00, 0x00, 0x00, 0x00, 0x00, 0x00, 0x00, 0x00, 0x00, 0x00, 0x00, 0x00,
  0x00, 0x00, 0x00, 0x00, 0x00, 0x00, 0x00, 0x00, 0x00, 0x00, 0x00, 0x00, 0x00, 0x00, 0x00, 0x00,
  0x00, 0x00, 0x00, 0x00, 0x00, 0x00, 0x00, 0x00, 0x00, 0x00, 0x00, 0x00, 0x00, 0x00, 0x00, 0x00,
  0x00, 0x00, 0x00, 0x00, 0x00, 0x00, 0x00, 0x00, 0x00, 0x00, 0x00, 0x00, 0x00, 0x00, 0x00, 0x00,
  0x00, 0x00, 0x00, 0x00, 0x00, 0x00, 0x00, 0x00, 0x00, 0x00, 0x00, 0x00, 0x00, 0x00, 0x00, 0x00,
  0x00, 0x00, 0x00, 0x00, 0x00, 0x00, 0x00, 0x00, 0x00, 0x00, 0x00, 0x00, 0x00, 0x00, 0x00, 0x00,
  0x00, 0x00, 0x00, 0x00, 0x00, 0x00, 0x00, 0x00, 0x00, 0x00, 0x00, 0x00, 0xff, 0x7f, 0x7f, 0x04,
  0xff, 0x91, 0x91, 0x07, 0x00, 0x00, 0x00, 0x00, 0x00, 0x00, 0x00, 0x00, 0x00, 0x00, 0x00, 0x00,
  0x00, 0x00, 0x00, 0x00, 0x00, 0x00, 0x00, 0x00, 0x00, 0x00, 0x00, 0x00, 0x00, 0x00, 0x00, 0x00,
  0x00, 0x00, 0x00, 0x00, 0x00, 0x00, 0x00, 0x00, 0x00, 0x00, 0x00, 0x00, 0x00, 0x00, 0x00, 0x00,
  0xff, 0x55, 0xaa, 0x03, 0xff, 0x7f, 0xaa, 0x06, 0xff, 0x7f, 0x7f, 0x02, 0x00, 0x00, 0x00, 0x00,
  0x00, 0x00, 0x00, 0x00, 0x00, 0x00, 0x00, 0x00, 0x00, 0x00, 0x00, 0x00, 0x00, 0x00, 0x00, 0x00,
  0x00, 0x00, 0x00, 0x00, 0x00, 0x00, 0x00, 0x00, 0x00, 0x00, 0x00, 0x00, 0x00, 0x00, 0x00, 0x00,
  0x00, 0x00, 0x00, 0x00, 0x00, 0x00, 0x00, 0x00, 0x00, 0x00, 0x00, 0x00, 0x00, 0x00, 0x00, 0x00,
  0x00, 0x00, 0x00, 0x00, 0x00, 0x00, 0x00, 0x00, 0x00, 0x00, 0x00, 0x00, 0x00, 0x00, 0x00, 0x00,
  0x00, 0x00, 0x00, 0x00, 0x00, 0x00, 0x00, 0x00, 0x00, 0x00, 0x00, 0x00, 0x00, 0x00, 0x00, 0x00,
  0x00, 0x00, 0x00, 0x00, 0x00, 0x00, 0x00, 0x00, 0x00, 0x00, 0x00, 0x00, 0x00, 0x00, 0x00, 0x00
};

const lv_image_dsc_t velaguard_img_icon_rainbow_rain_blue_1 =
{
  .header.magic = LV_IMAGE_HEADER_MAGIC,
  .header.cf = LV_COLOR_FORMAT_ARGB8888,
  .header.flags = 0,
  .header.w = 89,
  .header.h = 116,
  .header.stride = 356,
  .data_size = sizeof(velaguard_img_icon_rainbow_rain_blue_1_data),
  .data = velaguard_img_icon_rainbow_rain_blue_1_data,
};
