#include <lvgl.h>

static const uint8_t velaguard_img_icon_rainbow_rain_blue_0_data[] =
{
  0x00, 0x00, 0x00, 0x00, 0x00, 0x00, 0x00, 0x00, 0x00, 0x00, 0x00, 0x00, 0x00, 0x00, 0x00, 0x00,
  0x00, 0x00, 0x00, 0x00, 0x00, 0x00, 0x00, 0x00, 0x00, 0x00, 0x00, 0x00, 0x00, 0x00, 0x00, 0x00,
  0x00, 0x00, 0x00, 0x00, 0x00, 0x00, 0x00, 0x00, 0x00, 0x00, 0x00, 0x00, 0x00, 0x00, 0x00, 0x00,
  0x00, 0x00, 0x00, 0x00, 0x00, 0x00, 0x00, 0x00, 0x00, 0x00, 0x00, 0x00, 0x00, 0x00, 0x00, 0x00,
  0x00, 0x00, 0x00, 0x00, 0x00, 0x00, 0x00, 0x00, 0x00, 0x00, 0x00, 0x00, 0x00, 0x00, 0x00, 0x00,
  0x00, 0x00, 0x00, 0x00, 0x00, 0x00, 0x00, 0x00, 0x00, 0x00, 0x00, 0x00, 0x00, 0x00, 0x00, 0x00,
  0x00, 0x00, 0x00, 0x00, 0x00, 0x00, 0x00, 0x00, 0x00, 0x00, 0x00, 0x00, 0xff, 0xff, 0x00, 0x01,
  0xff, 0xff, 0x7f, 0x02, 0xff, 0xff, 0x66, 0x05, 0xff, 0xda, 0x6d, 0x07, 0xff, 0xd4, 0x7f, 0x06,
  0xff, 0xff, 0x7f, 0x02, 0x00, 0x00, 0x00, 0x00, 0x00, 0x00, 0x00, 0x00, 0x00, 0x00, 0x00, 0x00,
  0x00, 0x00, 0x00, 0x00, 0x00, 0x00, 0x00, 0x00, 0x00, 0x00, 0x00, 0x00, 0x00, 0x00, 0x00, 0x00,
  0x00, 0x00, 0x00, 0x00, 0x00, 0x00, 0x00, 0x00, 0x00, 0x00, 0x00, 0x00, 0x00, 0x00, 0x00, 0x00,
  0x00, 0x00, 0x00, 0x00, 0x00, 0x00, 0x00, 0x00, 0x00, 0x00, 0x00, 0x00, 0x00, 0x00, 0x00, 0x00,
  0x00, 0x00, 0x00, 0x00, 0x00, 0x00, 0x00, 0x00, 0x00, 0x00, 0x00, 0x00, 0x00, 0x00, 0x00, 0x00,
  0x00, 0x00, 0x00, 0x00, 0x00, 0x00, 0x00, 0x00, 0x00, 0x00, 0x00, 0x00, 0x00, 0x00, 0x00, 0x00,
  0xff, 0xff, 0x7f, 0x04, 0xff, 0xdf, 0x7f, 0x08, 0xff, 0xff, 0x7f, 0x06, 0xff, 0xcc, 0x66, 0x05,
  0xff, 0xff, 0xaa, 0x03, 0xff, 0xff, 0xff, 0x01, 0x00, 0x00, 0x00, 0x00, 0x00, 0x00, 0x00, 0x00,
  0x00, 0x00, 0x00, 0x00, 0x00, 0x00, 0x00, 0x00, 0x00, 0x00, 0x00, 0x00, 0x00, 0x00, 0x00, 0x00,
  0x00, 0x00, 0x00, 0x00, 0x00, 0x00, 0x00, 0x00, 0x00, 0x00, 0x00, 0x00, 0x00, 0x00, 0x00, 0x00,
  0x00, 0x00, 0x00, 0x00, 0x00, 0x00, 0x00, 0x00, 0x00, 0x00, 0x00, 0x00, 0x00, 0x00, 0x00, 0x00,
  0x00, 0x00, 0x00, 0x00, 0x00, 0x00, 0x00, 0x00, 0x00, 0x00, 0x00, 0x00, 0x00, 0x00, 0x00, 0x00,
  0x00, 0x00, 0x00, 0x00, 0x00, 0x00, 0x00, 0x00, 0x00, 0x00, 0x00, 0x00, 0x00, 0x00, 0x00, 0x00,
  0x00, 0x00, 0x00, 0x00, 0x00, 0x00, 0x00, 0x00, 0x00, 0x00, 0x00, 0x00, 0x00, 0x00, 0x00, 0x00,
  0x00, 0x00, 0x00, 0x00, 0x00, 0x00, 0x00, 0x00, 0x00, 0x00, 0x00, 0x00, 0x00, 0x00, 0x00, 0x00,
  0x00, 0x00, 0x00, 0x00, 0x00, 0x00, 0x00, 0x00, 0x00, 0x00, 0x00, 0x00, 0x00, 0x00, 0x00, 0x00,
  0x00, 0x00, 0x00, 0x00, 0x00, 0x00, 0x00, 0x00, 0x00, 0x00, 0x00, 0x00, 0x00, 0x00, 0x00, 0x00,
  0x00, 0x00, 0x00, 0x00, 0x00, 0x00, 0x00, 0x00, 0x00, 0x00, 0x00, 0x00, 0x00, 0x00, 0x00, 0x00,
  0x00, 0x00, 0x00, 0x00, 0x00, 0x00, 0x00, 0x00, 0x00, 0x00, 0x00, 0x00, 0x00, 0x00, 0x00, 0x00,
  0x00, 0x00, 0x00, 0x00, 0x00, 0x00, 0x00, 0x00, 0x00, 0x00, 0x00, 0x00, 0x00, 0x00, 0x00, 0x00,
  0x00, 0x00, 0x00, 0x00, 0xff, 0xff, 0xff, 0x01, 0xff, 0xff, 0x55, 0x03, 0xff, 0xff, 0x7f, 0x04,
  0xff, 0xaa, 0x55, 0x03, 0x00, 0x00, 0x00, 0x00, 0x00, 0x00, 0x00, 0x00, 0x00, 0x00, 0x00, 0x00,
  0x00, 0x00, 0x00, 0x00, 0x00, 0x00, 0x00, 0x00, 0xff, 0xe7, 0x73, 0x0b, 0xff, 0xea, 0x70, 0x19,
  0xff, 0xea, 0x78, 0x26, 0xff, 0xe6, 0x7a, 0x34, 0xff, 0xeb, 0x79, 0x43, 0xff, 0xe7, 0x78, 0x4c,
  0xff, 0xeb, 0x7a, 0x4f, 0xff, 0xea, 0x79, 0x58, 0xff, 0xec, 0x7b, 0x5f, 0xff, 0xec, 0x7b, 0x5f,
  0xff, 0xe9, 0x78, 0x5f, 0xff, 0xe9, 0x78, 0x5f, 0xff, 0xe9, 0x7a, 0x5e, 0xff, 0xec, 0x7b, 0x5f,
  0xff, 0xec, 0x7b, 0x5f, 0xff, 0xe8, 0x7b, 0x59, 0xff, 0xe8, 0x7a, 0x4f, 0xff, 0xe7, 0x7a, 0x4b,
  0xff, 0xe9, 0x78, 0x46, 0xff, 0xe9, 0x79, 0x3b, 0xff, 0xe8, 0x79, 0x2e, 0xff, 0xee, 0x7b, 0x1f,
  0xff, 0xeb, 0x89, 0x0d, 0x00, 0x00, 0x00, 0x00, 0x00, 0x00, 0x00, 0x00, 0x00, 0x00, 0x00, 0x00,
  0x00, 0x00, 0x00, 0x00, 0x00, 0x00, 0x00, 0x00, 0x00, 0x00, 0x00, 0x00, 0xff, 0xbf, 0x7f, 0x04,
  0xff, 0xff, 0x7f, 0x02, 0xff, 0x00, 0x00, 0x01, 0x00, 0x00, 0x00, 0x00, 0x00, 0x00, 0x00, 0x00,
  0x00, 0x00, 0x00, 0x00, 0x00, 0x00, 0x00, 0x00, 0x00, 0x00, 0x00, 0x00, 0x00, 0x00, 0x00, 0x00,
  0x00, 0x00, 0x00, 0x00, 0x00, 0x00, 0x00, 0x00, 0x00, 0x00, 0x00, 0x00, 0x00, 0x00, 0x00, 0x00,
  0x00, 0x00, 0x00, 0x00, 0x00, 0x00, 0x00, 0x00, 0x00, 0x00, 0x00, 0x00, 0x00, 0x00, 0x00, 0x00,
  0x00, 0x00, 0x00, 0x00, 0x00, 0x00, 0x00, 0x00, 0x00, 0x00, 0x00, 0x00, 0x00, 0x00, 0x00, 0x00,
  0x00, 0x00, 0x00, 0x00, 0x00, 0x00, 0x00, 0x00, 0x00, 0x00, 0x00, 0x00, 0x00, 0x00, 0x00, 0x00,
  0x00, 0x00, 0x00, 0x00, 0x00, 0x00, 0x00, 0x00, 0x00, 0x00, 0x00, 0x00, 0x00, 0x00, 0x00, 0x00,
  0x00, 0x00, 0x00, 0x00, 0x00, 0x00, 0x00, 0x00, 0x00, 0x00, 0x00, 0x00, 0x00, 0x00, 0x00, 0x00,
  0x00, 0x00, 0x00, 0x00, 0x00, 0x00, 0x00, 0x00, 0x00, 0x00, 0x00, 0x00, 0x00, 0x00, 0x00, 0x00,
  0x00, 0x00, 0x00, 0x00, 0x00, 0x00, 0x00, 0x00, 0x00, 0x00, 0x00, 0x00, 0x00, 0x00, 0x00, 0x00,
  0x00, 0x00, 0x00, 0x00, 0x00, 0x00, 0x00, 0x00, 0x00, 0x00, 0x00, 0x00, 0x00, 0x00, 0x00, 0x00,
  0x00, 0x00, 0x00, 0x00, 0x00, 0x00, 0x00, 0x00, 0x00, 0x00, 0x00, 0x00, 0x00, 0x00, 0x00, 0x00,
  0x00, 0x00, 0x00, 0x00, 0x00, 0x00, 0x00, 0x00, 0x00, 0x00, 0x00, 0x00, 0x00, 0x00, 0x00, 0x00,
  0x00, 0x00, 0x00, 0x00, 0x00, 0x00, 0x00, 0x00, 0xff, 0xff, 0x00, 0x01, 0xff, 0xcc, 0x66, 0x05,
  0xff, 0xe2, 0x71, 0x09, 0xff, 0xdd, 0x79, 0x17, 0xff, 0xe6, 0x78, 0x33, 0xff, 0xec, 0x76, 0x52,
  0xff, 0xec, 0x78, 0x70, 0xff, 0xe9, 0x79, 0x8d, 0xff, 0xe7, 0x79, 0xac, 0xff, 0xe9, 0x79, 0xcd,
  0xff, 0xe9, 0x7a, 0xdf, 0xff, 0xeb, 0x7a, 0xe7, 0xff, 0xe9, 0x7a, 0xfa, 0xff, 0xf4, 0x80, 0xff,
  0xff, 0xf4, 0x81, 0xff, 0xff, 0xf2, 0x7f, 0xff, 0xff, 0xf2, 0x7f, 0xff, 0xff, 0xf1, 0x7e, 0xff,
  0xff, 0xf4, 0x80, 0xff, 0xff, 0xf5, 0x81, 0xff, 0xff, 0xe9, 0x7a, 0xfb, 0xff, 0xe8, 0x7a, 0xe7,
  0xff, 0xe9, 0x7a, 0xdd, 0xff, 0xe9, 0x7a, 0xd2, 0xff, 0xe9, 0x7a, 0xbb, 0xff, 0xe8, 0x7a, 0xa0,
  0xff, 0xe8, 0x7c, 0x7f, 0xff, 0xea, 0x7c, 0x56, 0xff, 0xec, 0x82, 0x29, 0xff, 0xe2, 0x71, 0x09,
  0xff, 0xda, 0x6d, 0x07, 0xff, 0xff, 0x7f, 0x06, 0xff, 0xff, 0x7f, 0x02, 0x00, 0x00, 0x00, 0x00,
  0x00, 0x00, 0x00, 0x00, 0x00, 0x00, 0x00, 0x00, 0x00, 0x00, 0x00, 0x00, 0x00, 0x00, 0x00, 0x00,
  0x00, 0x00, 0x00, 0x00, 0x00, 0x00, 0x00, 0x00, 0x00, 0x00, 0x00, 0x00, 0x00, 0x00, 0x00, 0x00,
  0x00, 0x00, 0x00, 0x00, 0x00, 0x00, 0x00, 0x00, 0x00, 0x00, 0x00, 0x00, 0x00, 0x00, 0x00, 0x00,
  0x00, 0x00, 0x00, 0x00, 0x00, 0x00, 0x00, 0x00, 0x00, 0x00, 0x00, 0x00, 0x00, 0x00, 0x00, 0x00,
  0x00, 0x00, 0x00, 0x00, 0x00, 0x00, 0x00, 0x00, 0x00, 0x00, 0x00, 0x00, 0x00, 0x00, 0x00, 0x00,
  0x00, 0x00, 0x00, 0x00, 0x00, 0x00, 0x00, 0x00, 0x00, 0x00, 0x00, 0x00, 0x00, 0x00, 0x00, 0x00,
  0x00, 0x00, 0x00, 0x00, 0x00, 0x00, 0x00, 0x00, 0x00, 0x00, 0x00, 0x00, 0x00, 0x00, 0x00, 0x00,
  0x00, 0x00, 0x00, 0x00, 0x00, 0x00, 0x00, 0x00, 0x00, 0x00, 0x00, 0x00, 0x00, 0x00, 0x00, 0x00,
  0x00, 0x00, 0x00, 0x00, 0x00, 0x00, 0x00, 0x00, 0x00, 0x00, 0x00, 0x00, 0x00, 0x00, 0x00, 0x00,
  0x00, 0x00, 0x00, 0x00, 0x00, 0x00, 0x00, 0x00, 0x00, 0x00, 0x00, 0x00, 0x00, 0x00, 0x00, 0x00,
  0x00, 0x00, 0x00, 0x00, 0x00, 0x00, 0x00, 0x00, 0x00, 0x00, 0x00, 0x00, 0x00, 0x00, 0x00, 0x00,
  0x00, 0x00, 0x00, 0x00, 0x00, 0x00, 0x00, 0x00, 0x00, 0x00, 0x00, 0x00, 0x00, 0x00, 0x00, 0x00,
  0xff, 0xff, 0x7f, 0x02, 0xff, 0xff, 0x99, 0x05, 0xff, 0xff, 0x66, 0x05, 0x00, 0x00, 0x00, 0x00,
  0x00, 0x00, 0x00, 0x00, 0x00, 0x00, 0x00, 0x00, 0x00, 0x00, 0x00, 0x00, 0xff, 0xe8, 0x78, 0x22,
  0xff, 0xeb, 0x7a, 0x68, 0xff, 0xe7, 0x7a, 0x98, 0xff, 0xe9, 0x7b, 0xae, 0xff, 0xe9, 0x7b, 0xc2,
  0xff, 0xeb, 0x7b, 0xd1, 0xff, 0xeb, 0x79, 0xdc, 0xff, 0xe8, 0x7a, 0xe7, 0xff, 0xe8, 0x79, 0xf3,
  0xff, 0xeb, 0x7b, 0xff, 0xff, 0xf1, 0x7f, 0xff, 0xff, 0xf4, 0x7f, 0xff, 0xff, 0xfa, 0x83, 0xff,
  0xff, 0xff, 0x87, 0xff, 0xff, 0xff, 0x86, 0xff, 0xff, 0xff, 0x85, 0xff, 0xff, 0xfe, 0x85, 0xff,
  0xff, 0xff, 0x86, 0xff, 0xff, 0xff, 0x86, 0xff, 0xff, 0xff, 0x86, 0xff, 0xff, 0xfa, 0x83, 0xff,
  0xff, 0xf3, 0x7f, 0xff, 0xff, 0xf0, 0x7e, 0xff, 0xff, 0xec, 0x7c, 0xff, 0xff, 0xe9, 0x7a, 0xf9,
  0xff, 0xe8, 0x7a, 0xef, 0xff, 0xe7, 0x7b, 0xe3, 0xff, 0xe6, 0x7a, 0xd2, 0xff, 0xed, 0x7e, 0xc2,
  0xff, 0xe8, 0x79, 0xb4, 0xff, 0xe7, 0x7a, 0x8e, 0xff, 0xe7, 0x79, 0x63, 0xff, 0xe4, 0x76, 0x3a,
  0xff, 0xff, 0x7f, 0x04, 0x00, 0x00, 0x00, 0x00, 0x00, 0x00, 0x00, 0x00, 0xff, 0xff, 0x55, 0x03,
  0xff, 0xda, 0x6d, 0x07, 0xff, 0xcc, 0x66, 0x05, 0xff, 0xff, 0x7f, 0x02, 0x00, 0x00, 0x00, 0x00,
  0x00, 0x00, 0x00, 0x00, 0x00, 0x00, 0x00, 0x00, 0x00, 0x00, 0x00, 0x00, 0x00, 0x00, 0x00, 0x00,
  0x00, 0x00, 0x00, 0x00, 0x00, 0x00, 0x00, 0x00, 0x00, 0x00, 0x00, 0x00, 0x00, 0x00, 0x00, 0x00,
  0x00, 0x00, 0x00, 0x00, 0x00, 0x00, 0x00, 0x00, 0x00, 0x00, 0x00, 0x00, 0x00, 0x00, 0x00, 0x00,
  0x00, 0x00, 0x00, 0x00, 0x00, 0x00, 0x00, 0x00, 0x00, 0x00, 0x00, 0x00, 0x00, 0x00, 0x00, 0x00,
  0x00, 0x00, 0x00, 0x00, 0x00, 0x00, 0x00, 0x00, 0x00, 0x00, 0x00, 0x00, 0x00, 0x00, 0x00, 0x00,
  0x00, 0x00, 0x00, 0x00, 0x00, 0x00, 0x00, 0x00, 0x00, 0x00, 0x00, 0x00, 0x00, 0x00, 0x00, 0x00,
  0x00, 0x00, 0x00, 0x00, 0x00, 0x00, 0x00, 0x00, 0x00, 0x00, 0x00, 0x00, 0x00, 0x00, 0x00, 0x00,
  0x00, 0x00, 0x00, 0x00, 0x00, 0x00, 0x00, 0x00, 0x00, 0x00, 0x00, 0x00, 0x00, 0x00, 0x00, 0x00,
  0x00, 0x00, 0x00, 0x00, 0x00, 0x00, 0x00, 0x00, 0x00, 0x00, 0x00, 0x00, 0x00, 0x00, 0x00, 0x00,
  0x00, 0x00, 0x00, 0x00, 0x00, 0x00, 0x00, 0x00, 0x00, 0x00, 0x00, 0x00, 0xff, 0xff, 0xff, 0x01,
  0xff, 0xff, 0xff, 0x01, 0x00, 0x00, 0x00, 0x00, 0x00, 0x00, 0x00, 0x00, 0x00, 0x00, 0x00, 0x00,
  0xff, 0xe2, 0x71, 0x09, 0xff, 0xe9, 0x7b, 0x23, 0xff, 0xe9, 0x7b, 0x3a, 0xff, 0xec, 0x77, 0x51,
  0xff, 0xe9, 0x79, 0x82, 0xff, 0xea, 0x79, 0xcb, 0xff, 0xe9, 0x7a, 0xfb, 0xff, 0xf4, 0x81, 0xff,
  0xff, 0xfb, 0x84, 0xff, 0xff, 0xfa, 0x83, 0xff, 0xff, 0xf6, 0x81, 0xff, 0xff, 0xf1, 0x7f, 0xff,
  0xff, 0xee, 0x7d, 0xff, 0xff, 0xea, 0x7b, 0xfe, 0xff, 0xea, 0x7b, 0xfc, 0xff, 0xe9, 0x7a, 0xfb,
  0xff, 0xeb, 0x7b, 0xf8, 0xff, 0xea, 0x7b, 0xf6, 0xff, 0xea, 0x7a, 0xf6, 0xff, 0xea, 0x7a, 0xf6,
  0xff, 0xea, 0x7b, 0xf6, 0xff, 0xea, 0x7a, 0xf7, 0xff, 0xe9, 0x7a, 0xf7, 0xff, 0xe9, 0x7a, 0xf6,
  0xff, 0xe9, 0x7a, 0xf8, 0xff, 0xe9, 0x79, 0xfb, 0xff, 0xe9, 0x7b, 0xfc, 0xff, 0xe8, 0x7b, 0xfe,
  0xff, 0xeb, 0x7c, 0xff, 0xff, 0xee, 0x7e, 0xff, 0xff, 0xf1, 0x80, 0xff, 0xff, 0xf4, 0x82, 0xff,
  0xff, 0xff, 0x89, 0xff, 0xff, 0xff, 0x87, 0xff, 0xff, 0xe6, 0x7a, 0xf1, 0xff, 0xe5, 0x7a, 0xc5,
  0xff, 0xe3, 0x7b, 0x9b, 0xff, 0xe4, 0x7a, 0x62, 0xff, 0xe6, 0x7d, 0x33, 0xff, 0xe0, 0x7a, 0x19,
  0xff, 0xff, 0x00, 0x01, 0x00, 0x00, 0x00, 0x00, 0x00, 0x00, 0x00, 0x00, 0x00, 0x00, 0x00, 0x00,
  0xff, 0x7f, 0x7f, 0x02, 0xff, 0xff, 0xff, 0x01, 0x00, 0x00, 0x00, 0x00, 0x00, 0x00, 0x00, 0x00,
  0x00, 0x00, 0x00, 0x00, 0x00, 0x00, 0x00, 0x00, 0x00, 0x00, 0x00, 0x00, 0x00, 0x00, 0x00, 0x00,
  0x00, 0x00, 0x00, 0x00, 0x00, 0x00, 0x00, 0x00, 0x00, 0x00, 0x00, 0x00, 0x00, 0x00, 0x00, 0x00,
  0x00, 0x00, 0x00, 0x00, 0x00, 0x00, 0x00, 0x00, 0x00, 0x00, 0x00, 0x00, 0x00, 0x00, 0x00, 0x00,
  0x00, 0x00, 0x00, 0x00, 0x00, 0x00, 0x00, 0x00, 0x00, 0x00, 0x00, 0x00, 0x00, 0x00, 0x00, 0x00,
  0x00, 0x00, 0x00, 0x00, 0x00, 0x00, 0x00, 0x00, 0x00, 0x00, 0x00, 0x00, 0x00, 0x00, 0x00, 0x00,
  0x00, 0x00, 0x00, 0x00, 0x00, 0x00, 0x00, 0x00, 0x00, 0x00, 0x00, 0x00, 0x00, 0x00, 0x00, 0x00,
  0x00, 0x00, 0x00, 0x00, 0x00, 0x00, 0x00, 0x00, 0x00, 0x00, 0x00, 0x00, 0x00, 0x00, 0x00, 0x00,
  0x00, 0x00, 0x00, 0x00, 0x00, 0x00, 0x00, 0x00, 0x00, 0x00, 0x00, 0x00, 0x00, 0x00, 0x00, 0x00,
  0x00, 0x00, 0x00, 0x00, 0x00, 0x00, 0x00, 0x00, 0x00, 0x00, 0x00, 0x00, 0x00, 0x00, 0x00, 0x00,
  0xff, 0xff, 0x7f, 0x02, 0xff, 0xaa, 0x55, 0x03, 0xff, 0xff, 0xff, 0x01, 0x00, 0x00, 0x00, 0x00,
  0xff, 0xd4, 0x7f, 0x06, 0xff, 0xe7, 0x7b, 0x42, 0xff, 0xe8, 0x7a, 0x94, 0xff, 0xea, 0x7a, 0xd8,
  0xff, 0xea, 0x7a, 0xf1, 0xff, 0xea, 0x7a, 0xf4, 0xff, 0xea, 0x7b, 0xfc, 0xff, 0xec, 0x7c, 0xff,
  0xff, 0xed, 0x7d, 0xff, 0xff, 0xec, 0x7c, 0xff, 0xff, 0xec, 0x7c, 0xff, 0xff, 0xec, 0x7b, 0xff,
  0xff, 0xeb, 0x7b, 0xff, 0xff, 0xeb, 0x7b, 0xff, 0xff, 0xea, 0x7b, 0xff, 0xff, 0xea, 0x7a, 0xff,
  0xff, 0xea, 0x7b, 0xfe, 0xff, 0xea, 0x7b, 0xfe, 0xff, 0xe9, 0x7a, 0xfe, 0xff, 0xe9, 0x7a, 0xfe,
  0xff, 0xe9, 0x7a, 0xfe, 0xff, 0xea, 0x7b, 0xff, 0xff, 0xe9, 0x7b, 0xff, 0xff, 0xe9, 0x7b, 0xff,
  0xff, 0xe9, 0x7a, 0xfe, 0xff, 0xe8, 0x7a, 0xfe, 0xff, 0xe7, 0x7a, 0xfe, 0xff, 0xe8, 0x7a, 0xff,
  0xff, 0xe8, 0x7a, 0xff, 0xff, 0xe8, 0x7b, 0xff, 0xff, 0xe9, 0x7b, 0xff, 0xff, 0xe8, 0x7b, 0xff,
  0xff, 0xe8, 0x7d, 0xff, 0xff, 0xea, 0x7e, 0xff, 0xff, 0xea, 0x7e, 0xff, 0xff, 0xe4, 0x7c, 0xff,
  0xff, 0xe3, 0x7b, 0xfc, 0xff, 0xe3, 0x7c, 0xf7, 0xff, 0xe3, 0x7b, 0xef, 0xff, 0xe5, 0x7c, 0xc5,
  0xff, 0xe4, 0x7c, 0x75, 0xff, 0xd6, 0x7f, 0x26, 0x00, 0x00, 0x00, 0x00, 0x00, 0x00, 0x00, 0x00,
  0xff, 0xaa, 0x55, 0x03, 0xff, 0xaa, 0x55, 0x03, 0xff, 0xff, 0x7f, 0x02, 0x00, 0x00, 0x00, 0x00,
  0x00, 0x00, 0x00, 0x00, 0x00, 0x00, 0x00, 0x00, 0x00, 0x00, 0x00, 0x00, 0x00, 0x00, 0x00, 0x00,
  0x00, 0x00, 0x00, 0x00, 0x00, 0x00, 0x00, 0x00, 0x00, 0x00, 0x00, 0x00, 0x00, 0x00, 0x00, 0x00,
  0x00, 0x00, 0x00, 0x00, 0x00, 0x00, 0x00, 0x00, 0x00, 0x00, 0x00, 0x00, 0x00, 0x00, 0x00, 0x00,
  0x00, 0x00, 0x00, 0x00, 0x00, 0x00, 0x00, 0x00, 0x00, 0x00, 0x00, 0x00, 0x00, 0x00, 0x00, 0x00,
  0x00, 0x00, 0x00, 0x00, 0x00, 0x00, 0x00, 0x00, 0x00, 0x00, 0x00, 0x00, 0x00, 0x00, 0x00, 0x00,
  0x00, 0x00, 0x00, 0x00, 0x00, 0x00, 0x00, 0x00, 0x00, 0x00, 0x00, 0x00, 0x00, 0x00, 0x00, 0x00,
  0x00, 0x00, 0x00, 0x00, 0x00, 0x00, 0x00, 0x00, 0x00, 0x00, 0x00, 0x00, 0x00, 0x00, 0x00, 0x00,
  0x00, 0x00, 0x00, 0x00, 0x00, 0x00, 0x00, 0x00, 0x00, 0x00, 0x00, 0x00, 0x00, 0x00, 0x00, 0x00,
  0x00, 0x00, 0x00, 0x00, 0x00, 0x00, 0x00, 0x00, 0xff, 0xff, 0x00, 0x01, 0xff, 0xff, 0x7f, 0x04,
  0xff, 0xff, 0xaa, 0x03, 0x00, 0x00, 0x00, 0x00, 0x00, 0x00, 0x00, 0x00, 0xff, 0xea, 0x70, 0x19,
  0xff, 0xe6, 0x79, 0x54, 0xff, 0xea, 0x7b, 0x8a, 0xff, 0xec, 0x7c, 0xb7, 0xff, 0xe8, 0x7a, 0xe5,
  0xff, 0xf7, 0x81, 0xff, 0xff, 0xff, 0x87, 0xff, 0xff, 0xf8, 0x82, 0xff, 0xff, 0xef, 0x7e, 0xff,
  0xff, 0xe9, 0x7a, 0xfe, 0xff, 0xe9, 0x7a, 0xfc, 0xff, 0xea, 0x7b, 0xfa, 0xff, 0xea, 0x7b, 0xfa,
  0xff, 0xe9, 0x7a, 0xfb, 0xff, 0xea, 0x7a, 0xfb, 0xff, 0xe9, 0x7a, 0xfc, 0xff, 0xe9, 0x7a, 0xfd,
  0xff, 0xea, 0x7a, 0xfd, 0xff, 0xea, 0x7b, 0xfe, 0xff, 0xea, 0x7b, 0xfe, 0xff, 0xea, 0x7a, 0xff,
  0xff, 0xe9, 0x7b, 0xff, 0xff, 0xe8, 0x7b, 0xff, 0xff, 0xe9, 0x7a, 0xfe, 0xff, 0xe8, 0x7b, 0xff,
  0xff, 0xe8, 0x7b, 0xff, 0xff, 0xe8, 0x7b, 0xff, 0xff, 0xe7, 0x7a, 0xfe, 0xff, 0xe7, 0x7b, 0xfe,
  0xff, 0xe7, 0x7a, 0xfd, 0xff, 0xe6, 0x7a, 0xfd, 0xff, 0xe5, 0x7a, 0xfd, 0xff, 0xe5, 0x7b, 0xfc,
  0xff, 0xe5, 0x7b, 0xfb, 0xff, 0xe3, 0x7a, 0xfb, 0xff, 0xe3, 0x7b, 0xf9, 0xff, 0xe3, 0x7c, 0xfa,
  0xff, 0xe3, 0x7c, 0xff, 0xff, 0xea, 0x80, 0xff, 0xff, 0xee, 0x82, 0xff, 0xff, 0xf3, 0x85, 0xff,
  0xff, 0xe6, 0x7e, 0xff, 0xff, 0xe2, 0x7d, 0xd4, 0xff, 0xe0, 0x7c, 0xa6, 0xff, 0xe1, 0x7c, 0x77,
  0xff, 0xde, 0x7d, 0x47, 0xff, 0xe1, 0x78, 0x11, 0x00, 0x00, 0x00, 0x00, 0x00, 0x00, 0x00, 0x00,
  0xff, 0xff, 0xaa, 0x03, 0xff, 0xff, 0x7f, 0x04, 0xff, 0xff, 0x00, 0x01, 0x00, 0x00, 0x00, 0x00,
  0x00, 0x00, 0x00, 0x00, 0x00, 0x00, 0x00, 0x00, 0x00, 0x00, 0x00, 0x00, 0x00, 0x00, 0x00, 0x00,
  0x00, 0x00, 0x00, 0x00, 0x00, 0x00, 0x00, 0x00, 0x00, 0x00, 0x00, 0x00, 0x00, 0x00, 0x00, 0x00,
  0x00, 0x00, 0x00, 0x00, 0x00, 0x00, 0x00, 0x00, 0x00, 0x00, 0x00, 0x00, 0x00, 0x00, 0x00, 0x00,
  0x00, 0x00, 0x00, 0x00, 0x00, 0x00, 0x00, 0x00, 0x00, 0x00, 0x00, 0x00, 0x00, 0x00, 0x00, 0x00,
  0x00, 0x00, 0x00, 0x00, 0x00, 0x00, 0x00, 0x00, 0x00, 0x00, 0x00, 0x00, 0x00, 0x00, 0x00, 0x00,
  0x00, 0x00, 0x00, 0x00, 0x00, 0x00, 0x00, 0x00, 0x00, 0x00, 0x00, 0x00, 0x00, 0x00, 0x00, 0x00,
  0x00, 0x00, 0x00, 0x00, 0x00, 0x00, 0x00, 0x00, 0x00, 0x00, 0x00, 0x00, 0x00, 0x00, 0x00, 0x00,
  0x00, 0x00, 0x00, 0x00, 0x00, 0x00, 0x00, 0x00, 0x00, 0x00, 0x00, 0x00, 0x00, 0x00, 0x00, 0x00,
  0x00, 0x00, 0x00, 0x00, 0x00, 0x00, 0x00, 0x00, 0xff, 0xe2, 0x71, 0x09, 0xff, 0xe7, 0x77, 0x20,
  0xff, 0xe9, 0x78, 0x6a, 0xff, 0xe8, 0x79, 0xc3, 0xff, 0xee, 0x7d, 0xff, 0xff, 0xf8, 0x82, 0xff,
  0xff, 0xeb, 0x7c, 0xff, 0xff, 0xe9, 0x7a, 0xfa, 0xff, 0xea, 0x7a, 0xf8, 0xff, 0xe9, 0x7a, 0xfa,
  0xff, 0xe9, 0x7a, 0xfc, 0xff, 0xe9, 0x7a, 0xfd, 0xff, 0xea, 0x7b, 0xff, 0xff, 0xea, 0x7b, 0xfe,
  0xff, 0xea, 0x7b, 0xfe, 0xff, 0xea, 0x7b, 0xfe, 0xff, 0xe9, 0x7a, 0xfe, 0xff, 0xe9, 0x7a, 0xfe,
  0xff, 0xea, 0x7b, 0xfe, 0xff, 0xea, 0x7b, 0xfe, 0xff, 0xea, 0x7b, 0xff, 0xff, 0xea, 0x7b, 0xff,
  0xff, 0xea, 0x7b, 0xff, 0xff, 0xe8, 0x7b, 0xff, 0xff, 0xe7, 0x7b, 0xff, 0xff, 0xe7, 0x7a, 0xfe,
  0xff, 0xe7, 0x7b, 0xff, 0xff, 0xe7, 0x7b, 0xff, 0xff, 0xe7, 0x7b, 0xff, 0xff, 0xe7, 0x7b, 0xff,
  0xff, 0xe7, 0x7c, 0xff, 0xff, 0xe6, 0x7c, 0xfe, 0xff, 0xe6, 0x7c, 0xfe, 0xff, 0xe5, 0x7c, 0xff,
  0xff, 0xe4, 0x7c, 0xff, 0xff, 0xe4, 0x7c, 0xff, 0xff, 0xe3, 0x7b, 0xfe, 0xff, 0xe3, 0x7b, 0xfe,
  0xff, 0xe3, 0x7c, 0xff, 0xff, 0xe1, 0x7b, 0xfe, 0xff, 0xe2, 0x7c, 0xfc, 0xff, 0xe1, 0x7a, 0xfb,
  0xff, 0xe1, 0x7c, 0xf8, 0xff, 0xe1, 0x7c, 0xfd, 0xff, 0xe6, 0x80, 0xff, 0xff, 0xec, 0x83, 0xff,
  0xff, 0xde, 0x7c, 0xf6, 0xff, 0xdf, 0x7e, 0xb0, 0xff, 0xe0, 0x7e, 0x5d, 0xff, 0xdd, 0x7f, 0x1e,
  0xff, 0xe2, 0x71, 0x09, 0x00, 0x00, 0x00, 0x00, 0x00, 0x00, 0x00, 0x00, 0x00, 0x00, 0x00, 0x00,
  0x00, 0x00, 0x00, 0x00, 0x00, 0x00, 0x00, 0x00, 0x00, 0x00, 0x00, 0x00, 0x00, 0x00, 0x00, 0x00,
  0x00, 0x00, 0x00, 0x00, 0x00, 0x00, 0x00, 0x00, 0x00, 0x00, 0x00, 0x00, 0x00, 0x00, 0x00, 0x00,
  0x00, 0x00, 0x00, 0x00, 0x00, 0x00, 0x00, 0x00, 0x00, 0x00, 0x00, 0x00, 0x00, 0x00, 0x00, 0x00,
  0x00, 0x00, 0x00, 0x00, 0x00, 0x00, 0x00, 0x00, 0x00, 0x00, 0x00, 0x00, 0x00, 0x00, 0x00, 0x00,
  0x00, 0x00, 0x00, 0x00, 0x00, 0x00, 0x00, 0x00, 0x00, 0x00, 0x00, 0x00, 0x00, 0x00, 0x00, 0x00,
  0x00, 0x00, 0x00, 0x00, 0x00, 0x00, 0x00, 0x00, 0x00, 0x00, 0x00, 0x00, 0x00, 0x00, 0x00, 0x00,
  0x00, 0x00, 0x00, 0x00, 0x00, 0x00, 0x00, 0x00, 0x00, 0x00, 0x00, 0x00, 0x00, 0x00, 0x00, 0x00,
  0x00, 0x00, 0x00, 0x00, 0x00, 0x00, 0x00, 0x00, 0xff, 0xff, 0x7f, 0x02, 0xff, 0xff, 0x7f, 0x04,
  0xff, 0xff, 0x7f, 0x04, 0x00, 0x00, 0x00, 0x00, 0xff, 0xff, 0xff, 0x01, 0xff, 0xe6, 0x76, 0x52,
  0xff, 0xeb, 0x7b, 0xaa, 0xff, 0xea, 0x7a, 0xdf, 0xff, 0xeb, 0x7a, 0xf9, 0xff, 0xf2, 0x7f, 0xff,
  0xff, 0xf2, 0x7f, 0xff, 0xff, 0xec, 0x7c, 0xff, 0xff, 0xe9, 0x7a, 0xfe, 0xff, 0xe9, 0x79, 0xfd,
  0xff, 0xe9, 0x7a, 0xfe, 0xff, 0xe9, 0x7a, 0xfe, 0xff, 0xe9, 0x7b, 0xff, 0xff, 0xea, 0x7b, 0xff,
  0xff, 0xe9, 0x7a, 0xfe, 0xff, 0xe9, 0x7a, 0xfe, 0xff, 0xe9, 0x7b, 0xff, 0xff, 0xe9, 0x7b, 0xff,
  0xff, 0xe9, 0x7b, 0xfe, 0xff, 0xe9, 0x7b, 0xfe, 0xff, 0xe9, 0x7b, 0xfe, 0xff, 0xe8, 0x7b, 0xff,
  0xff, 0xe8, 0x7b, 0xff, 0xff, 0xe8, 0x7b, 0xff, 0xff, 0xe7, 0x7b, 0xfe, 0xff, 0xe7, 0x7b, 0xfe,
  0xff, 0xe6, 0x7b, 0xff, 0xff, 0xe5, 0x7a, 0xfe, 0xff, 0xe5, 0x7a, 0xfe, 0xff, 0xe5, 0x7b, 0xfe,
  0xff, 0xe5, 0x7c, 0xfe, 0xff, 0xe4, 0x7c, 0xff, 0xff, 0xe4, 0x7c, 0xff, 0xff, 0xe4, 0x7c, 0xff,
  0xff, 0xe3, 0x7b, 0xfe, 0xff, 0xe2, 0x7b, 0xfe, 0xff, 0xe2, 0x7c, 0xff, 0xff, 0xe2, 0x7c, 0xff,
  0xff, 0xe2, 0x7c, 0xff, 0xff, 0xe1, 0x7c, 0xfe, 0xff, 0xe0, 0x7c, 0xfe, 0xff, 0xe0, 0x7c, 0xfe,
  0xff, 0xdf, 0x7c, 0xfe, 0xff, 0xde, 0x7b, 0xfe, 0xff, 0xe1, 0x7d, 0xff, 0xff, 0xe4, 0x80, 0xff,
  0xff, 0xe7, 0x82, 0xff, 0xff, 0xe3, 0x80, 0xff, 0xff, 0xdf, 0x7d, 0xf4, 0xff, 0xde, 0x7d, 0xdc,
  0xff, 0xde, 0x7f, 0xaa, 0xff, 0xdc, 0x7f, 0x52, 0xff, 0xff, 0x7f, 0x02, 0x00, 0x00, 0x00, 0x00,
  0xff, 0xaa, 0xaa, 0x03, 0xff, 0xbf, 0x7f, 0x04, 0xff, 0xff, 0x7f, 0x02, 0x00, 0x00, 0x00, 0x00,
  0x00, 0x00, 0x00, 0x00, 0x00, 0x00, 0x00, 0x00, 0x00, 0x00, 0x00, 0x00, 0x00, 0x00, 0x00, 0x00,
  0x00, 0x00, 0x00, 0x00, 0x00, 0x00, 0x00, 0x00, 0x00, 0x00, 0x00, 0x00, 0x00, 0x00, 0x00, 0x00,
  0x00, 0x00, 0x00, 0x00, 0x00, 0x00, 0x00, 0x00, 0x00, 0x00, 0x00, 0x00, 0x00, 0x00, 0x00, 0x00,
  0x00, 0x00, 0x00, 0x00, 0x00, 0x00, 0x00, 0x00, 0x00, 0x00, 0x00, 0x00, 0x00, 0x00, 0x00, 0x00,
  0x00, 0x00, 0x00, 0x00, 0x00, 0x00, 0x00, 0x00, 0x00, 0x00, 0x00, 0x00, 0x00, 0x00, 0x00, 0x00,
  0x00, 0x00, 0x00, 0x00, 0x00, 0x00, 0x00, 0x00, 0x00, 0x00, 0x00, 0x00, 0x00, 0x00, 0x00, 0x00,
  0x00, 0x00, 0x00, 0x00, 0x00, 0x00, 0x00, 0x00, 0xff, 0xaa, 0x55, 0x03, 0x00, 0x00, 0x00, 0x00,
  0x00, 0x00, 0x00, 0x00, 0x00, 0x00, 0x00, 0x00, 0xff, 0xe6, 0x73, 0x1f, 0xff, 0xeb, 0x79, 0x67,
  0xff, 0xef, 0x7d, 0xb7, 0xff, 0xe9, 0x7a, 0xfa, 0xff, 0xf7, 0x82, 0xff, 0xff, 0xef, 0x7d, 0xff,
  0xff, 0xea, 0x7a, 0xf9, 0xff, 0xe9, 0x7a, 0xf8, 0xff, 0xea, 0x7a, 0xfb, 0xff, 0xe9, 0x7a, 0xfd,
  0xff, 0xe9, 0x7a, 0xfe, 0xff, 0xea, 0x7b, 0xff, 0xff, 0xea, 0x7b, 0xff, 0xff, 0xea, 0x7b, 0xff,
  0xff, 0xea, 0x7b, 0xff, 0xff, 0xe9, 0x7a, 0xfe, 0xff, 0xe8, 0x7a, 0xfe, 0xff, 0xe8, 0x7b, 0xff,
  0xff, 0xe8, 0x7b, 0xff, 0xff, 0xe8, 0x7b, 0xfe, 0xff, 0xe8, 0x7a, 0xfe, 0xff, 0xe8, 0x7a, 0xfe,
  0xff, 0xe7, 0x7a, 0xff, 0xff, 0xe6, 0x7b, 0xff, 0xff, 0xe6, 0x7b, 0xff, 0xff, 0xe6, 0x7b, 0xfe,
  0xff, 0xe6, 0x7b, 0xfe, 0xff, 0xe5, 0x7b, 0xff, 0xff, 0xe5, 0x7b, 0xfe, 0xff, 0xe5, 0x7b, 0xfe,
  0xff, 0xe4, 0x7b, 0xfe, 0xff, 0xe3, 0x7c, 0xfe, 0xff, 0xe3, 0x7c, 0xff, 0xff, 0xe2, 0x7b, 0xff,
  0xff, 0xe2, 0x7b, 0xff, 0xff, 0xe2, 0x7b, 0xfe, 0xff, 0xe2, 0x7b, 0xfe, 0xff, 0xe1, 0x7c, 0xfe,
  0xff, 0xe1, 0x7c, 0xff, 0xff, 0xe1, 0x7d, 0xff, 0xff, 0xe0, 0x7c, 0xfe, 0xff, 0xdf, 0x7c, 0xfe,
  0xff, 0xdf, 0x7c, 0xfe, 0xff, 0xde, 0x7d, 0xff, 0xff, 0xde, 0x7c, 0xff, 0xff, 0xde, 0x7b, 0xfd,
  0xff, 0xdd, 0x7c, 0xfb, 0xff, 0xde, 0x7d, 0xf8, 0xff, 0xdc, 0x7d, 0xfc, 0xff, 0xe4, 0x81, 0xff,
  0xff, 0xec, 0x86, 0xff, 0xff, 0xdd, 0x7e, 0xfb, 0xff, 0xdb, 0x7e, 0xb6, 0xff, 0xdc, 0x7e, 0x5f,
  0xff, 0xd3, 0x74, 0x23, 0x00, 0x00, 0x00, 0x00, 0x00, 0x00, 0x00, 0x00, 0x00, 0x00, 0x00, 0x00,
  0xff, 0xaa, 0x55, 0x03, 0x00, 0x00, 0x00, 0x00, 0x00, 0x00, 0x00, 0x00, 0x00, 0x00, 0x00, 0x00,
  0x00, 0x00, 0x00, 0x00, 0x00, 0x00, 0x00, 0x00, 0x00, 0x00, 0x00, 0x00, 0x00, 0x00, 0x00, 0x00,
  0x00, 0x00, 0x00, 0x00, 0x00, 0x00, 0x00, 0x00, 0x00, 0x00, 0x00, 0x00, 0x00, 0x00, 0x00, 0x00,
  0x00, 0x00, 0x00, 0x00, 0x00, 0x00, 0x00, 0x00, 0x00, 0x00, 0x00, 0x00, 0x00, 0x00, 0x00, 0x00,
  0x00, 0x00, 0x00, 0x00, 0x00, 0x00, 0x00, 0x00, 0x00, 0x00, 0x00, 0x00, 0x00, 0x00, 0x00, 0x00,
  0x00, 0x00, 0x00, 0x00, 0x00, 0x00, 0x00, 0x00, 0x00, 0x00, 0x00, 0x00, 0x00, 0x00, 0x00, 0x00,
  0x00, 0x00, 0x00, 0x00, 0x00, 0x00, 0x00, 0x00, 0x00, 0x00, 0x00, 0x00, 0xff, 0x7f, 0x7f, 0x02,
  0x00, 0x00, 0x00, 0x00, 0xff, 0xff, 0xff, 0x01, 0xff, 0xed, 0x7b, 0x1d, 0xff, 0xec, 0x7a, 0x79,
  0xff, 0xeb, 0x7a, 0xe9, 0xff, 0xf5, 0x80, 0xff, 0xff, 0xe9, 0x7a, 0xfc, 0xff, 0xea, 0x7a, 0xfd,
  0xff, 0xea, 0x7a, 0xfd, 0xff, 0xea, 0x7b, 0xfe, 0xff, 0xe9, 0x7a, 0xfe, 0xff, 0xe9, 0x7a, 0xfe,
  0xff, 0xe9, 0x7a, 0xfe, 0xff, 0xe9, 0x7a, 0xfe, 0xff, 0xe9, 0x7a, 0xfe, 0xff, 0xea, 0x7b, 0xff,
  0xff, 0xea, 0x7b, 0xff, 0xff, 0xea, 0x7b, 0xff, 0xff, 0xe8, 0x7a, 0xfe, 0xff, 0xe7, 0x7a, 0xfe,
  0xff, 0xe7, 0x7a, 0xfe, 0xff, 0xe7, 0x7a, 0xfe, 0xff, 0xe7, 0x7a, 0xfe, 0xff, 0xe7, 0x7a, 0xfe,
  0xff, 0xe7, 0x7a, 0xfe, 0xff, 0xe6, 0x7a, 0xfe, 0xff, 0xe5, 0x7b, 0xfe, 0xff, 0xe5, 0x7b, 0xfe,
  0xff, 0xe5, 0x7b, 0xfe, 0xff, 0xe4, 0x7b, 0xfe, 0xff, 0xe3, 0x7b, 0xfe, 0xff, 0xe4, 0x7c, 0xff,
  0xff, 0xe4, 0x7c, 0xff, 0xff, 0xe3, 0x7b, 0xfe, 0xff, 0xe3, 0x7b, 0xfe, 0xff, 0xe3, 0x7c, 0xff,
  0xff, 0xe1, 0x7b, 0xfe, 0xff, 0xe1, 0x7b, 0xfe, 0xff, 0xe1, 0x7c, 0xfe, 0xff, 0xe1, 0x7c, 0xfe,
  0xff, 0xe0, 0x7c, 0xfe, 0xff, 0xdf, 0x7d, 0xff, 0xff, 0xdf, 0x7d, 0xff, 0xff, 0xdf, 0x7d, 0xff,
  0xff, 0xde, 0x7c, 0xfe, 0xff, 0xdd, 0x7c, 0xfe, 0xff, 0xdd, 0x7c, 0xfe, 0xff, 0xdd, 0x7c, 0xfe,
  0xff, 0xdd, 0x7c, 0xfe, 0xff, 0xdd, 0x7d, 0xff, 0xff, 0xdd, 0x7d, 0xff, 0xff, 0xdc, 0x7e, 0xfe,
  0xff, 0xda, 0x7e, 0xfe, 0xff, 0xdb, 0x7e, 0xfe, 0xff, 0xda, 0x7e, 0xfe, 0xff, 0xdb, 0x7e, 0xff,
  0xff, 0xda, 0x7e, 0xda, 0xff, 0xd9, 0x7c, 0x81, 0xff, 0xdd, 0x7c, 0x2d, 0xff, 0xff, 0xaa, 0x03,
  0x00, 0x00, 0x00, 0x00, 0xff, 0xff, 0x7f, 0x02, 0x00, 0x00, 0x00, 0x00, 0x00, 0x00, 0x00, 0x00,
  0x00, 0x00, 0x00, 0x00, 0x00, 0x00, 0x00, 0x00, 0x00, 0x00, 0x00, 0x00, 0x00, 0x00, 0x00, 0x00,
  0x00, 0x00, 0x00, 0x00, 0x00, 0x00, 0x00, 0x00, 0x00, 0x00, 0x00, 0x00, 0x00, 0x00, 0x00, 0x00,
  0x00, 0x00, 0x00, 0x00, 0x00, 0x00, 0x00, 0x00, 0x00, 0x00, 0x00, 0x00, 0x00, 0x00, 0x00, 0x00,
  0x00, 0x00, 0x00, 0x00, 0x00, 0x00, 0x00, 0x00, 0x00, 0x00, 0x00, 0x00, 0x00, 0x00, 0x00, 0x00,
  0x00, 0x00, 0x00, 0x00, 0x00, 0x00, 0x00, 0x00, 0x00, 0x00, 0x00, 0x00, 0x00, 0x00, 0x00, 0x00,
  0x00, 0x00, 0x00, 0x00, 0x00, 0x00, 0x00, 0x00, 0xff, 0xcc, 0x99, 0x05, 0xff, 0xaa, 0x55, 0x03,
  0x00, 0x00, 0x00, 0x00, 0xff, 0xeb, 0x75, 0x0d, 0xff, 0xe5, 0x79, 0x50, 0xff, 0xe8, 0x79, 0xa1,
  0xff, 0xf3, 0x7f, 0xdc, 0xff, 0xf4, 0x80, 0xff, 0xff, 0xf5, 0x80, 0xff, 0xff, 0xe9, 0x7a, 0xfe,
  0xff, 0xe9, 0x79, 0xfd, 0xff, 0xe9, 0x7a, 0xfd, 0xff, 0xe9, 0x7a, 0xfe, 0xff, 0xe9, 0x7b, 0xfe,
  0xff, 0xe9, 0x7b, 0xfe, 0xff, 0xe9, 0x7a, 0xfe, 0xff, 0xe9, 0x7a, 0xfe, 0xff, 0xe8, 0x7a, 0xfe,
  0xff, 0xe8, 0x7b, 0xfe, 0xff, 0xe8, 0x7b, 0xfe, 0xff, 0xe8, 0x7a, 0xfe, 0xff, 0xe7, 0x7a, 0xfe,
  0xff, 0xe7, 0x7b, 0xfe, 0xff, 0xe6, 0x7a, 0xff, 0xff, 0xe6, 0x7b, 0xff, 0xff, 0xe6, 0x7b, 0xff,
  0xff, 0xe6, 0x7b, 0xff, 0xff, 0xe6, 0x7b, 0xff, 0xff, 0xe4, 0x7b, 0xfe, 0xff, 0xe4, 0x7b, 0xfe,
  0xff, 0xe4, 0x7b, 0xfe, 0xff, 0xe4, 0x7b, 0xfe, 0xff, 0xe3, 0x7b, 0xfe, 0xff, 0xe2, 0x7b, 0xfe,
  0xff, 0xe2, 0x7c, 0xfe, 0xff, 0xe2, 0x7c, 0xfe, 0xff, 0xe1, 0x7b, 0xfe, 0xff, 0xe2, 0x7b, 0xff,
  0xff, 0xe2, 0x7d, 0xff, 0xff, 0xe0, 0x7c, 0xfe, 0xff, 0xe0, 0x7c, 0xfe, 0xff, 0xe1, 0x7d, 0xff,
  0xff, 0xe1, 0x7d, 0xff, 0xff, 0xe0, 0x7d, 0xff, 0xff, 0xde, 0x7d, 0xff, 0xff, 0xde, 0x7d, 0xff,
  0xff, 0xde, 0x7d, 0xff, 0xff, 0xdd, 0x7d, 0xfe, 0xff, 0xdc, 0x7d, 0xfe, 0xff, 0xdc, 0x7c, 0xff,
  0xff, 0xdc, 0x7d, 0xff, 0xff, 0xdc, 0x7d, 0xfe, 0xff, 0xdb, 0x7d, 0xfe, 0xff, 0xdb, 0x7d, 0xfe,
  0xff, 0xda, 0x7d, 0xfd, 0xff, 0xda, 0x7e, 0xfc, 0xff, 0xda, 0x7d, 0xfc, 0xff, 0xda, 0x7e, 0xff,
  0xff, 0xe0, 0x82, 0xff, 0xff, 0xdc, 0x81, 0xff, 0xff, 0xe0, 0x82, 0xdf, 0xff, 0xd6, 0x7c, 0xa8,
  0xff, 0xd8, 0x7c, 0x50, 0xff, 0xc8, 0x7f, 0x0e, 0x00, 0x00, 0x00, 0x00, 0xff, 0xaa, 0x55, 0x03,
  0xff, 0xcc, 0x99, 0x05, 0x00, 0x00, 0x00, 0x00, 0x00, 0x00, 0x00, 0x00, 0x00, 0x00, 0x00, 0x00,
  0x00, 0x00, 0x00, 0x00, 0x00, 0x00, 0x00, 0x00, 0x00, 0x00, 0x00, 0x00, 0x00, 0x00, 0x00, 0x00,
  0x00, 0x00, 0x00, 0x00, 0x00, 0x00, 0x00, 0x00, 0x00, 0x00, 0x00, 0x00, 0x00, 0x00, 0x00, 0x00,
  0x00, 0x00, 0x00, 0x00, 0x00, 0x00, 0x00, 0x00, 0x00, 0x00, 0x00, 0x00, 0x00, 0x00, 0x00, 0x00,
  0x00, 0x00, 0x00, 0x00, 0x00, 0x00, 0x00, 0x00, 0x00, 0x00, 0x00, 0x00, 0x00, 0x00, 0x00, 0x00,
  0x00, 0x00, 0x00, 0x00, 0xff, 0xff, 0x00, 0x01, 0xff, 0xff, 0x00, 0x01, 0x00, 0x00, 0x00, 0x00,
  0x00, 0x00, 0x00, 0x00, 0xff, 0xeb, 0x75, 0x0d, 0xff, 0xe5, 0x7a, 0x4f, 0xff, 0xe9, 0x7b, 0xb4,
  0xff, 0xed, 0x7c, 0xff, 0xff, 0xfa, 0x84, 0xff, 0xff, 0xea, 0x7a, 0xfb, 0xff, 0xe8, 0x78, 0xf7,
  0xff, 0xe9, 0x7a, 0xfd, 0xff, 0xea, 0x7b, 0xff, 0xff, 0xea, 0x7b, 0xff, 0xff, 0xe9, 0x7a, 0xfe,
  0xff, 0xe9, 0x7b, 0xfe, 0xff, 0xe9, 0x7b, 0xfe, 0xff, 0xe9, 0x7a, 0xfe, 0xff, 0xe9, 0x7a, 0xfe,
  0xff, 0xe8, 0x7a, 0xfe, 0xff, 0xe7, 0x7b, 0xfe, 0xff, 0xe7, 0x7b, 0xfe, 0xff, 0xe6, 0x7a, 0xfe,
  0xff, 0xe7, 0x7a, 0xfe, 0xff, 0xe7, 0x7b, 0xfe, 0xff, 0xe6, 0x7c, 0xff, 0xff, 0xe5, 0x7b, 0xff,
  0xff, 0xe4, 0x7b, 0xff, 0xff, 0xe5, 0x7c, 0xff, 0xff, 0xe5, 0x7c, 0xff, 0xff, 0xe3, 0x7c, 0xfe,
  0xff, 0xe3, 0x7b, 0xfe, 0xff, 0xe3, 0x7b, 0xfe, 0xff, 0xe2, 0x7b, 0xfe, 0xff, 0xe2, 0x7b, 0xfe,
  0xff, 0xe2, 0x7c, 0xfe, 0xff, 0xe1, 0x7c, 0xfe, 0xff, 0xe0, 0x7c, 0xfe, 0xff, 0xe0, 0x7b, 0xfe,
  0xff, 0xe1, 0x7c, 0xff, 0xff, 0xe0, 0x7d, 0xff, 0xff, 0xdf, 0x7d, 0xfe, 0xff, 0xde, 0x7d, 0xfe,
  0xff, 0xdf, 0x7d, 0xff, 0xff, 0xdf, 0x7d, 0xff, 0xff, 0xde, 0x7d, 0xff, 0xff, 0xdd, 0x7d, 0xff,
  0xff, 0xdd, 0x7d, 0xff, 0xff, 0xdd, 0x7d, 0xff, 0xff, 0xdc, 0x7d, 0xfe, 0xff, 0xdc, 0x7d, 0xfe,
  0xff, 0xdc, 0x7d, 0xff, 0xff, 0xdc, 0x7d, 0xff, 0xff, 0xdb, 0x7d, 0xfe, 0xff, 0xda, 0x7d, 0xfe,
  0xff, 0xda, 0x7d, 0xfe, 0xff, 0xd9, 0x7d, 0xfe, 0xff, 0xd9, 0x7d, 0xfe, 0xff, 0xd8, 0x7d, 0xfe,
  0xff, 0xd8, 0x7d, 0xfe, 0xff, 0xd7, 0x7e, 0xf8, 0xff, 0xd7, 0x7e, 0xfd, 0xff, 0xe6, 0x87, 0xff,
  0xff, 0xd8, 0x7f, 0xfe, 0xff, 0xd7, 0x7e, 0xb4, 0xff, 0xd2, 0x7c, 0x50, 0xff, 0xd7, 0x89, 0x0d,
  0x00, 0x00, 0x00, 0x00, 0x00, 0x00, 0x00, 0x00, 0x00, 0x00, 0x00, 0x00, 0xff, 0xff, 0x00, 0x01,
  0x00, 0x00, 0x00, 0x00, 0x00, 0x00, 0x00, 0x00, 0x00, 0x00, 0x00, 0x00, 0x00, 0x00, 0x00, 0x00,
  0x00, 0x00, 0x00, 0x00, 0x00, 0x00, 0x00, 0x00, 0x00, 0x00, 0x00, 0x00, 0x00, 0x00, 0x00, 0x00,
  0x00, 0x00, 0x00, 0x00, 0x00, 0x00, 0x00, 0x00, 0x00, 0x00, 0x00, 0x00, 0x00, 0x00, 0x00, 0x00,
  0x00, 0x00, 0x00, 0x00, 0x00, 0x00, 0x00, 0x00, 0x00, 0x00, 0x00, 0x00, 0x00, 0x00, 0x00, 0x00,
  0x00, 0x00, 0x00, 0x00, 0x00, 0x00, 0x00, 0x00, 0xff, 0xff, 0x7f, 0x02, 0xff, 0x7f, 0x7f, 0x02,
  0x00, 0x00, 0x00, 0x00, 0xff, 0xdf, 0x7f, 0x08, 0xff, 0xe9, 0x7c, 0x54, 0xff, 0xe7, 0x7a, 0xb7,
  0xff, 0xeb, 0x7b, 0xf9, 0xff, 0xf3, 0x80, 0xff, 0xff, 0xe9, 0x7a, 0xfe, 0xff, 0xea, 0x7a, 0xfe,
  0xff, 0xe9, 0x79, 0xfd, 0xff, 0xe9, 0x7a, 0xfe, 0xff, 0xe9, 0x7b, 0xfe, 0xff, 0xe9, 0x7b, 0xfe,
  0xff, 0xe8, 0x7b, 0xff, 0xff, 0xe7, 0x7a, 0xfe, 0xff, 0xe7, 0x7a, 0xfe, 0xff, 0xe7, 0x7a, 0xfe,
  0xff, 0xe7, 0x7b, 0xff, 0xff, 0xe7, 0x7b, 0xff, 0xff, 0xe6, 0x7a, 0xfe, 0xff, 0xe6, 0x7a, 0xfe,
  0xff, 0xe5, 0x7a, 0xfe, 0xff, 0xe5, 0x7b, 0xff, 0xff, 0xe5, 0x7c, 0xff, 0xff, 0xe5, 0x7c, 0xff,
  0xff, 0xe4, 0x7b, 0xfe, 0xff, 0xe3, 0x7b, 0xfe, 0xff, 0xe3, 0x7c, 0xff, 0xff, 0xe3, 0x7c, 0xff,
  0xff, 0xe2, 0x7b, 0xfe, 0xff, 0xe1, 0x7c, 0xfe, 0xff, 0xe1, 0x7c, 0xfe, 0xff, 0xe0, 0x7b, 0xfe,
  0xff, 0xe0, 0x7c, 0xfe, 0xff, 0xe1, 0x7d, 0xff, 0xff, 0xe0, 0x7d, 0xfe, 0xff, 0xdf, 0x7c, 0xfe,
  0xff, 0xdf, 0x7c, 0xfe, 0xff, 0xdf, 0x7d, 0xff, 0xff, 0xdf, 0x7d, 0xff, 0xff, 0xde, 0x7c, 0xfe,
  0xff, 0xdc, 0x7c, 0xfe, 0xff, 0xdc, 0x7c, 0xfe, 0xff, 0xdc, 0x7d, 0xfe, 0xff, 0xdc, 0x7d, 0xfe,
  0xff, 0xdb, 0x7d, 0xfe, 0xff, 0xdb, 0x7d, 0xff, 0xff, 0xdb, 0x7e, 0xff, 0xff, 0xdb, 0x7d, 0xfe,
  0xff, 0xdb, 0x7d, 0xfe, 0xff, 0xdb, 0x7e, 0xff, 0xff, 0xda, 0x7e, 0xff, 0xff, 0xd9, 0x7d, 0xfe,
  0xff, 0xd9, 0x7d, 0xfe, 0xff, 0xd9, 0x7d, 0xfe, 0xff, 0xd9, 0x7e, 0xff, 0xff, 0xd8, 0x7e, 0xfe,
  0xff, 0xd7, 0x7e, 0xfe, 0xff, 0xd7, 0x7e, 0xff, 0xff, 0xd6, 0x7e, 0xfe, 0xff, 0xd6, 0x7f, 0xff,
  0xff, 0xd6, 0x7f, 0xfe, 0xff, 0xe0, 0x84, 0xff, 0xff, 0xd8, 0x81, 0xf9, 0xff, 0xd3, 0x7e, 0xb7,
  0xff, 0xd1, 0x7f, 0x54, 0xff, 0xdf, 0x7f, 0x08, 0x00, 0x00, 0x00, 0x00, 0xff, 0xff, 0xff, 0x01,
  0xff, 0xff, 0x7f, 0x02, 0x00, 0x00, 0x00, 0x00, 0x00, 0x00, 0x00, 0x00, 0x00, 0x00, 0x00, 0x00,
  0x00, 0x00, 0x00, 0x00, 0x00, 0x00, 0x00, 0x00, 0x00, 0x00, 0x00, 0x00, 0x00, 0x00, 0x00, 0x00,
  0x00, 0x00, 0x00, 0x00, 0x00, 0x00, 0x00, 0x00, 0x00, 0x00, 0x00, 0x00, 0x00, 0x00, 0x00, 0x00,
  0x00, 0x00, 0x00, 0x00, 0x00, 0x00, 0x00, 0x00, 0x00, 0x00, 0x00, 0x00, 0x00, 0x00, 0x00, 0x00,
  0x00, 0x00, 0x00, 0x00, 0x00, 0x00, 0x00, 0x00, 0xff, 0xaa, 0x55, 0x03, 0xff, 0xff, 0x7f, 0x02,
  0x00, 0x00, 0x00, 0x00, 0xff, 0xe4, 0x78, 0x13, 0xff, 0xdf, 0x76, 0x52, 0xff, 0xe8, 0x7a, 0xb7,
  0xff, 0xf0, 0x7e, 0xf4, 0xff, 0xf3, 0x80, 0xff, 0xff, 0xed, 0x7c, 0xfc, 0xff, 0xe8, 0x79, 0xf8,
  0xff, 0xe8, 0x7a, 0xfe, 0xff, 0xe9, 0x7b, 0xff, 0xff, 0xe8, 0x7a, 0xfe, 0xff, 0xe8, 0x7b, 0xfe,
  0xff, 0xe8, 0x7b, 0xfe, 0xff, 0xe8, 0x7b, 0xff, 0xff, 0xe6, 0x7a, 0xfe, 0xff, 0xe6, 0x7a, 0xfe,
  0xff, 0xe6, 0x7b, 0xfe, 0xff, 0xe6, 0x7b, 0xff, 0xff, 0xe6, 0x7b, 0xff, 0xff, 0xe5, 0x7a, 0xfe,
  0xff, 0xe5, 0x7a, 0xfe, 0xff, 0xe4, 0x7b, 0xff, 0xff, 0xe4, 0x7c, 0xff, 0xff, 0xe4, 0x7c, 0xff,
  0xff, 0xe3, 0x7b, 0xfe, 0xff, 0xe2, 0x7b, 0xfe, 0xff, 0xe3, 0x7b, 0xfe, 0xff, 0xe2, 0x7c, 0xfe,
  0xff, 0xe2, 0x7c, 0xfe, 0xff, 0xe1, 0x7b, 0xfe, 0xff, 0xe0, 0x7d, 0xff, 0xff, 0xe0, 0x7d, 0xff,
  0xff, 0xdf, 0x7c, 0xfe, 0xff, 0xdf, 0x7c, 0xfe, 0xff, 0xe0, 0x7d, 0xfe, 0xff, 0xe0, 0x7d, 0xfe,
  0xff, 0xde, 0x7c, 0xfe, 0xff, 0xde, 0x7c, 0xfe, 0xff, 0xdd, 0x7c, 0xfe, 0xff, 0xde, 0x7d, 0xff,
  0xff, 0xdd, 0x7d, 0xfe, 0xff, 0xdb, 0x7d, 0xfe, 0xff, 0xdb, 0x7c, 0xfe, 0xff, 0xdb, 0x7e, 0xfe,
  0xff, 0xdb, 0x7e, 0xfe, 0xff, 0xda, 0x7d, 0xfe, 0xff, 0xda, 0x7d, 0xff, 0xff, 0xda, 0x7e, 0xff,
  0xff, 0xda, 0x7d, 0xfe, 0xff, 0xda, 0x7d, 0xfe, 0xff, 0xd9, 0x7e, 0xff, 0xff, 0xd8, 0x7e, 0xff,
  0xff, 0xd8, 0x7d, 0xff, 0xff, 0xd8, 0x7e, 0xfe, 0xff, 0xd8, 0x7e, 0xfe, 0xff, 0xd8, 0x7f, 0xff,
  0xff, 0xd7, 0x7e, 0xfe, 0xff, 0xd6, 0x7e, 0xfe, 0xff, 0xd6, 0x7f, 0xff, 0xff, 0xd6, 0x7f, 0xff,
  0xff, 0xd5, 0x7d, 0xfd, 0xff, 0xd2, 0x7e, 0xfa, 0xff, 0xd9, 0x81, 0xfc, 0xff, 0xdd, 0x84, 0xff,
  0xff, 0xd9, 0x82, 0xf4, 0xff, 0xd1, 0x80, 0xb7, 0xff, 0xca, 0x79, 0x52, 0xff, 0xcc, 0x7f, 0x14,
  0x00, 0x00, 0x00, 0x00, 0xff, 0xff, 0xaa, 0x03, 0xff, 0xaa, 0x55, 0x03, 0x00, 0x00, 0x00, 0x00,
  0x00, 0x00, 0x00, 0x00, 0x00, 0x00, 0x00, 0x00, 0x00, 0x00, 0x00, 0x00, 0x00, 0x00, 0x00, 0x00,
  0x00, 0x00, 0x00, 0x00, 0x00, 0x00, 0x00, 0x00, 0x00, 0x00, 0x00, 0x00, 0x00, 0x00, 0x00, 0x00,
  0x00, 0x00, 0x00, 0x00, 0x00, 0x00, 0x00, 0x00, 0x00, 0x00, 0x00, 0x00, 0x00, 0x00, 0x00, 0x00,
  0x00, 0x00, 0x00, 0x00, 0x00, 0x00, 0x00, 0x00, 0x00, 0x00, 0x00, 0x00, 0xff, 0xbf, 0x7f, 0x04,
  0x00, 0x00, 0x00, 0x00, 0xff, 0xff, 0x55, 0x03, 0xff, 0xe8, 0x7a, 0x4f, 0xff, 0xeb, 0x7b, 0xb4,
  0xff, 0xea, 0x7a, 0xfb, 0xff, 0xf4, 0x80, 0xff, 0xff, 0xe9, 0x7a, 0xfb, 0xff, 0xe9, 0x7a, 0xfc,
  0xff, 0xe9, 0x7a, 0xfe, 0xff, 0xe8, 0x7b, 0xff, 0xff, 0xe7, 0x7b, 0xff, 0xff, 0xe7, 0x7a, 0xfe,
  0xff, 0xe7, 0x7a, 0xfe, 0xff, 0xe7, 0x7a, 0xfe, 0xff, 0xe7, 0x7a, 0xfe, 0xff, 0xe6, 0x7a, 0xfe,
  0xff, 0xe5, 0x7a, 0xfe, 0xff, 0xe5, 0x7b, 0xfe, 0xff, 0xe5, 0x7b, 0xfe, 0xff, 0xe5, 0x7b, 0xfe,
  0xff, 0xe3, 0x7b, 0xfe, 0xff, 0xe3, 0x7b, 0xfe, 0xff, 0xe3, 0x7c, 0xff, 0xff, 0xe3, 0x7c, 0xff,
  0xff, 0xe3, 0x7c, 0xff, 0xff, 0xe1, 0x7a, 0xfe, 0xff, 0xe1, 0x7b, 0xfe, 0xff, 0xe2, 0x7c, 0xff,
  0xff, 0xe1, 0x7c, 0xfe, 0xff, 0xe1, 0x7c, 0xfe, 0xff, 0xe0, 0x7c, 0xfe, 0xff, 0xdf, 0x7d, 0xff,
  0xff, 0xdf, 0x7d, 0xff, 0xff, 0xdf, 0x7c, 0xfe, 0xff, 0xdf, 0x7c, 0xfe, 0xff, 0xdf, 0x7c, 0xfe,
  0xff, 0xdf, 0x7c, 0xfe, 0xff, 0xdd, 0x7c, 0xfe, 0xff, 0xdc, 0x7c, 0xfe, 0xff, 0xdc, 0x7c, 0xfe,
  0xff, 0xdd, 0x7d, 0xff, 0xff, 0xdc, 0x7e, 0xff, 0xff, 0xdb, 0x7e, 0xff, 0xff, 0xdb, 0x7d, 0xfe,
  0xff, 0xdb, 0x7e, 0xff, 0xff, 0xdb, 0x7e, 0xff, 0xff, 0xd9, 0x7d, 0xfe, 0xff, 0xd9, 0x7d, 0xfe,
  0xff, 0xd9, 0x7e, 0xff, 0xff, 0xd9, 0x7d, 0xfe, 0xff, 0xd9, 0x7d, 0xfe, 0xff, 0xd7, 0x7e, 0xff,
  0xff, 0xd7, 0x7e, 0xff, 0xff, 0xd7, 0x7e, 0xff, 0xff, 0xd6, 0x7e, 0xfe, 0xff, 0xd6, 0x7e, 0xfe,
  0xff, 0xd6, 0x7f, 0xff, 0xff, 0xd5, 0x7e, 0xfe, 0xff, 0xd5, 0x7e, 0xfe, 0xff, 0xd5, 0x7f, 0xff,
  0xff, 0xd5, 0x7f, 0xff, 0xff, 0xd4, 0x7e, 0xfe, 0xff, 0xd3, 0x7f, 0xff, 0xff, 0xd3, 0x7f, 0xfc,
  0xff, 0xd4, 0x7f, 0xfa, 0xff, 0xdb, 0x85, 0xff, 0xff, 0xd2, 0x80, 0xfc, 0xff, 0xd3, 0x80, 0xb4,
  0xff, 0xd1, 0x7c, 0x4e, 0xff, 0xff, 0x00, 0x01, 0x00, 0x00, 0x00, 0x00, 0xff, 0xbf, 0x7f, 0x04,
  0x00, 0x00, 0x00, 0x00, 0x00, 0x00, 0x00, 0x00, 0x00, 0x00, 0x00, 0x00, 0x00, 0x00, 0x00, 0x00,
  0x00, 0x00, 0x00, 0x00, 0x00, 0x00, 0x00, 0x00, 0x00, 0x00, 0x00, 0x00, 0x00, 0x00, 0x00, 0x00,
  0x00, 0x00, 0x00, 0x00, 0x00, 0x00, 0x00, 0x00, 0x00, 0x00, 0x00, 0x00, 0x00, 0x00, 0x00, 0x00,
  0x00, 0x00, 0x00, 0x00, 0x00, 0x00, 0x00, 0x00, 0xff, 0xff, 0x7f, 0x02, 0xff, 0x00, 0x00, 0x01,
  0xff, 0xcc, 0x66, 0x05, 0xff, 0xff, 0x7f, 0x04, 0xff, 0xee, 0x7f, 0x2e, 0xff, 0xe9, 0x7c, 0xa6,
  0xff, 0xf5, 0x81, 0xf4, 0xff, 0xf3, 0x80, 0xff, 0xff, 0xeb, 0x7b, 0xfd, 0xff, 0xe8, 0x7a, 0xfd,
  0xff, 0xe8, 0x7a, 0xfd, 0xff, 0xe8, 0x7a, 0xfe, 0xff, 0xe7, 0x7b, 0xfe, 0xff, 0xe7, 0x7b, 0xfe,
  0xff, 0xe6, 0x7b, 0xfe, 0xff, 0xe5, 0x7a, 0xfe, 0xff, 0xe5, 0x7a, 0xfe, 0xff, 0xe6, 0x7b, 0xfe,
  0xff, 0xe5, 0x7b, 0xfe, 0xff, 0xe3, 0x7b, 0xfe, 0xff, 0xe4, 0x7b, 0xfe, 0xff, 0xe3, 0x7b, 0xfe,
  0xff, 0xe3, 0x7b, 0xfe, 0xff, 0xe2, 0x7b, 0xfe, 0xff, 0xe2, 0x7b, 0xfe, 0xff, 0xe1, 0x7b, 0xfe,
  0xff, 0xe1, 0x7b, 0xfe, 0xff, 0xe1, 0x7c, 0xfe, 0xff, 0xe1, 0x7c, 0xfe, 0xff, 0xe1, 0x7d, 0xff,
  0xff, 0xe1, 0x7d, 0xff, 0xff, 0xdf, 0x7c, 0xfe, 0xff, 0xdf, 0x7c, 0xfe, 0xff, 0xdf, 0x7c, 0xfe,
  0xff, 0xde, 0x7c, 0xfe, 0xff, 0xde, 0x7c, 0xfe, 0xff, 0xde, 0x7c, 0xfe, 0xff, 0xde, 0x7c, 0xfe,
  0xff, 0xdd, 0x7d, 0xff, 0xff, 0xdc, 0x7d, 0xfe, 0xff, 0xdb, 0x7d, 0xfe, 0xff, 0xdb, 0x7e, 0xff,
  0xff, 0xdb, 0x7e, 0xff, 0xff, 0xdc, 0x7e, 0xff, 0xff, 0xda, 0x7e, 0xff, 0xff, 0xda, 0x7e, 0xff,
  0xff, 0xda, 0x7d, 0xfe, 0xff, 0xda, 0x7d, 0xfe, 0xff, 0xda, 0x7d, 0xfe, 0xff, 0xd9, 0x7e, 0xfe,
  0xff, 0xd8, 0x7e, 0xfe, 0xff, 0xd7, 0x7e, 0xfe, 0xff, 0xd7, 0x7e, 0xfe, 0xff, 0xd7, 0x7e, 0xfe,
  0xff, 0xd6, 0x7f, 0xfe, 0xff, 0xd5, 0x7f, 0xfe, 0xff, 0xd6, 0x7e, 0xfe, 0xff, 0xd5, 0x7e, 0xfe,
  0xff, 0xd5, 0x7e, 0xfe, 0xff, 0xd5, 0x7e, 0xfe, 0xff, 0xd3, 0x7e, 0xfe, 0xff, 0xd3, 0x7e, 0xfe,
  0xff, 0xd3, 0x7f, 0xfe, 0xff, 0xd4, 0x80, 0xfe, 0xff, 0xd3, 0x80, 0xfe, 0xff, 0xd3, 0x80, 0xff,
  0xff, 0xd2, 0x80, 0xfd, 0xff, 0xd1, 0x80, 0xfd, 0xff, 0xd3, 0x82, 0xfd, 0xff, 0xda, 0x86, 0xff,
  0xff, 0xdc, 0x87, 0xf4, 0xff, 0xcd, 0x7d, 0x9f, 0xff, 0xd4, 0x77, 0x1e, 0x00, 0x00, 0x00, 0x00,
  0xff, 0xcc, 0x99, 0x05, 0xff, 0x00, 0x00, 0x01, 0xff, 0x7f, 0x7f, 0x02, 0x00, 0x00, 0x00, 0x00,
  0x00, 0x00, 0x00, 0x00, 0x00, 0x00, 0x00, 0x00, 0x00, 0x00, 0x00, 0x00, 0x00, 0x00, 0x00, 0x00,
  0x00, 0x00, 0x00, 0x00, 0x00, 0x00, 0x00, 0x00, 0x00, 0x00, 0x00, 0x00, 0x00, 0x00, 0x00, 0x00,
  0x00, 0x00, 0x00, 0x00, 0x00, 0x00, 0x00, 0x00, 0x00, 0x00, 0x00, 0x00, 0xff, 0xff, 0x7f, 0x02,
  0x00, 0x00, 0x00, 0x00, 0x00, 0x00, 0x00, 0x00, 0xff, 0xe6, 0x7b, 0x1f, 0xff, 0xe9, 0x7b, 0x84,
  0xff, 0xec, 0x7d, 0xe6, 0xff, 0xf7, 0x83, 0xff, 0xff, 0xec, 0x7c, 0xfc, 0xff, 0xe6, 0x79, 0xf9,
  0xff, 0xe8, 0x7b, 0xff, 0xff, 0xe7, 0x7a, 0xff, 0xff, 0xe6, 0x7a, 0xfe, 0xff, 0xe6, 0x7b, 0xfe,
  0xff, 0xe7, 0x7b, 0xfe, 0xff, 0xe6, 0x7c, 0xfe, 0xff, 0xe4, 0x7a, 0xfe, 0xff, 0xe4, 0x7a, 0xfe,
  0xff, 0xe4, 0x7b, 0xfe, 0xff, 0xe3, 0x7b, 0xfe, 0xff, 0xe3, 0x7b, 0xfe, 0xff, 0xe2, 0x7b, 0xfe,
  0xff, 0xe2, 0x7b, 0xfe, 0xff, 0xe2, 0x7b, 0xfe, 0xff, 0xe1, 0x7b, 0xfe, 0xff, 0xe1, 0x7b, 0xfe,
  0xff, 0xe1, 0x7b, 0xfe, 0xff, 0xe1, 0x7c, 0xfe, 0xff, 0xe1, 0x7c, 0xfe, 0xff, 0xe1, 0x7d, 0xfe,
  0xff, 0xe1, 0x7d, 0xff, 0xff, 0xdf, 0x7d, 0xff, 0xff, 0xde, 0x7c, 0xfe, 0xff, 0xde, 0x7c, 0xfe,
  0xff, 0xdd, 0x7c, 0xfe, 0xff, 0xdd, 0x7c, 0xfe, 0xff, 0xdd, 0x7c, 0xfe, 0xff, 0xdc, 0x7d, 0xfe,
  0xff, 0xdc, 0x7d, 0xfe, 0xff, 0xdc, 0x7d, 0xff, 0xff, 0xda, 0x7d, 0xfe, 0xff, 0xdb, 0x7d, 0xfe,
  0xff, 0xda, 0x7e, 0xff, 0xff, 0xda, 0x7e, 0xff, 0xff, 0xd9, 0x7e, 0xff, 0xff, 0xd9, 0x7e, 0xff,
  0xff, 0xd9, 0x7e, 0xff, 0xff, 0xd8, 0x7d, 0xfe, 0xff, 0xd8, 0x7e, 0xfe, 0xff, 0xd8, 0x7e, 0xfe,
  0xff, 0xd8, 0x7f, 0xfe, 0xff, 0xd7, 0x7f, 0xfe, 0xff, 0xd6, 0x7e, 0xfe, 0xff, 0xd6, 0x7e, 0xfe,
  0xff, 0xd6, 0x7e, 0xfe, 0xff, 0xd6, 0x7f, 0xfe, 0xff, 0xd4, 0x7f, 0xfe, 0xff, 0xd4, 0x7e, 0xfe,
  0xff, 0xd4, 0x7f, 0xfe, 0xff, 0xd5, 0x7f, 0xfe, 0xff, 0xd3, 0x7e, 0xfe, 0xff, 0xd2, 0x7f, 0xfe,
  0xff, 0xd2, 0x7f, 0xfe, 0xff, 0xd2, 0x7f, 0xfe, 0xff, 0xd2, 0x80, 0xfe, 0xff, 0xd1, 0x80, 0xfe,
  0xff, 0xd1, 0x80, 0xfe, 0xff, 0xd1, 0x80, 0xfe, 0xff, 0xd1, 0x80, 0xff, 0xff, 0xce, 0x80, 0xf9,
  0xff, 0xd3, 0x82, 0xfc, 0xff, 0xdd, 0x89, 0xff, 0xff, 0xd3, 0x81, 0xe0, 0xff, 0xd0, 0x80, 0x7d,
  0xff, 0xd1, 0x7f, 0x1c, 0x00, 0x00, 0x00, 0x00, 0x00, 0x00, 0x00, 0x00, 0xff, 0xaa, 0xaa, 0x03,
  0x00, 0x00, 0x00, 0x00, 0x00, 0x00, 0x00, 0x00, 0x00, 0x00, 0x00, 0x00, 0x00, 0x00, 0x00, 0x00,
  0x00, 0x00, 0x00, 0x00, 0x00, 0x00, 0x00, 0x00, 0x00, 0x00, 0x00, 0x00, 0x00, 0x00, 0x00, 0x00,
  0x00, 0x00, 0x00, 0x00, 0x00, 0x00, 0x00, 0x00, 0x00, 0x00, 0x00, 0x00, 0xff, 0xff, 0x00, 0x01,
  0xff, 0xff, 0xff, 0x01, 0x00, 0x00, 0x00, 0x00, 0xff, 0xd4, 0x55, 0x06, 0xff, 0xe7, 0x78, 0x61,
  0xff, 0xe7, 0x79, 0xdd, 0xff, 0xed, 0x7d, 0xff, 0xff, 0xe8, 0x7a, 0xfb, 0xff, 0xe7, 0x7a, 0xfe,
  0xff, 0xe5, 0x7a, 0xfe, 0xff, 0xe6, 0x7b, 0xff, 0xff, 0xe5, 0x7b, 0xff, 0xff, 0xe5, 0x7b, 0xff,
  0xff, 0xe5, 0x7b, 0xfe, 0xff, 0xe5, 0x7c, 0xff, 0xff, 0xe5, 0x7c, 0xff, 0xff, 0xe3, 0x7b, 0xfe,
  0xff, 0xe3, 0x7b, 0xfe, 0xff, 0xe3, 0x7c, 0xff, 0xff, 0xe2, 0x7c, 0xff, 0xff, 0xe2, 0x7c, 0xff,
  0xff, 0xe1, 0x7b, 0xfe, 0xff, 0xe1, 0x7b, 0xfe, 0xff, 0xe1, 0x7c, 0xfe, 0xff, 0xe0, 0x7c, 0xfe,
  0xff, 0xe0, 0x7c, 0xfe, 0xff, 0xe0, 0x7c, 0xfe, 0xff, 0xe0, 0x7d, 0xff, 0xff, 0xe0, 0x7d, 0xff,
  0xff, 0xdf, 0x7d, 0xfe, 0xff, 0xdf, 0x7d, 0xfe, 0xff, 0xde, 0x7c, 0xff, 0xff, 0xdd, 0x7c, 0xfe,
  0xff, 0xdd, 0x7c, 0xfe, 0xff, 0xdc, 0x7d, 0xfe, 0xff, 0xdb, 0x7d, 0xfe, 0xff, 0xdb, 0x7d, 0xfe,
  0xff, 0xdb, 0x7e, 0xff, 0xff, 0xdb, 0x7e, 0xff, 0xff, 0xdb, 0x7d, 0xfe, 0xff, 0xda, 0x7d, 0xfe,
  0xff, 0xda, 0x7d, 0xfe, 0xff, 0xd9, 0x7d, 0xfe, 0xff, 0xd8, 0x7d, 0xfe, 0xff, 0xd7, 0x7d, 0xfe,
  0xff, 0xd8, 0x7e, 0xfe, 0xff, 0xd8, 0x7e, 0xfe, 0xff, 0xd7, 0x7e, 0xff, 0xff, 0xd7, 0x7f, 0xfe,
  0xff, 0xd7, 0x7f, 0xfe, 0xff, 0xd6, 0x7f, 0xff, 0xff, 0xd5, 0x7f, 0xff, 0xff, 0xd5, 0x7f, 0xff,
  0xff, 0xd5, 0x7f, 0xff, 0xff, 0xd5, 0x7f, 0xff, 0xff, 0xd5, 0x7f, 0xfe, 0xff, 0xd3, 0x7e, 0xfe,
  0xff, 0xd2, 0x7e, 0xfe, 0xff, 0xd3, 0x80, 0xfe, 0xff, 0xd3, 0x80, 0xfe, 0xff, 0xd1, 0x7f, 0xfe,
  0xff, 0xd1, 0x80, 0xfe, 0xff, 0xd1, 0x80, 0xfe, 0xff, 0xd1, 0x7f, 0xfe, 0xff, 0xd1, 0x7f, 0xfe,
  0xff, 0xd0, 0x7f, 0xfe, 0xff, 0xcf, 0x7f, 0xfe, 0xff, 0xcf, 0x7f, 0xfe, 0xff, 0xcf, 0x80, 0xff,
  0xff, 0xcf, 0x80, 0xff, 0xff, 0xcf, 0x80, 0xff, 0xff, 0xd0, 0x80, 0xfa, 0xff, 0xd8, 0x87, 0xff,
  0xff, 0xcf, 0x80, 0xea, 0xff, 0xcb, 0x80, 0x67, 0xff, 0xaa, 0x55, 0x03, 0x00, 0x00, 0x00, 0x00,
  0xff, 0x7f, 0x7f, 0x02, 0xff, 0x00, 0x00, 0x01, 0x00, 0x00, 0x00, 0x00, 0x00, 0x00, 0x00, 0x00,
  0x00, 0x00, 0x00, 0x00, 0x00, 0x00, 0x00, 0x00, 0x00, 0x00, 0x00, 0x00, 0x00, 0x00, 0x00, 0x00,
  0x00, 0x00, 0x00, 0x00, 0x00, 0x00, 0x00, 0x00, 0x00, 0x00, 0x00, 0x00, 0xff, 0xff, 0xff, 0x01,
  0xff, 0xff, 0x55, 0x03, 0x00, 0x00, 0x00, 0x00, 0xff, 0xff, 0x55, 0x03, 0xff, 0xe9, 0x7c, 0x54,
  0xff, 0xe5, 0x79, 0xbd, 0xff, 0xe6, 0x7a, 0xff, 0xff, 0xed, 0x7e, 0xff, 0xff, 0xe5, 0x7a, 0xf9,
  0xff, 0xe5, 0x7b, 0xfe, 0xff, 0xe6, 0x7c, 0xff, 0xff, 0xe5, 0x7b, 0xfe, 0xff, 0xe4, 0x7b, 0xfe,
  0xff, 0xe4, 0x7b, 0xfe, 0xff, 0xe3, 0x7c, 0xff, 0xff, 0xe2, 0x7b, 0xff, 0xff, 0xe2, 0x7b, 0xfe,
  0xff, 0xe2, 0x7c, 0xfe, 0xff, 0xe2, 0x7c, 0xfe, 0xff, 0xe2, 0x7c, 0xfe, 0xff, 0xe1, 0x7c, 0xfe,
  0xff, 0xe1, 0x7c, 0xfe, 0xff, 0xe0, 0x7c, 0xff, 0xff, 0xe0, 0x7c, 0xff, 0xff, 0xe0, 0x7d, 0xfe,
  0xff, 0xdf, 0x7d, 0xfe, 0xff, 0xdf, 0x7d, 0xfe, 0xff, 0xdf, 0x7d, 0xff, 0xff, 0xde, 0x7d, 0xff,
  0xff, 0xde, 0x7d, 0xfe, 0xff, 0xdd, 0x7d, 0xfe, 0xff, 0xdc, 0x7d, 0xfe, 0xff, 0xdc, 0x7c, 0xff,
  0xff, 0xdc, 0x7d, 0xfe, 0xff, 0xdc, 0x7d, 0xfe, 0xff, 0xdb, 0x7d, 0xfe, 0xff, 0xda, 0x7d, 0xfe,
  0xff, 0xda, 0x7d, 0xfe, 0xff, 0xdb, 0x7e, 0xff, 0xff, 0xdb, 0x7e, 0xff, 0xff, 0xda, 0x7d, 0xfe,
  0xff, 0xd9, 0x7d, 0xfe, 0xff, 0xd8, 0x7d, 0xfe, 0xff, 0xd8, 0x7d, 0xff, 0xff, 0xd7, 0x7d, 0xff,
  0xff, 0xd7, 0x7d, 0xfe, 0xff, 0xd7, 0x7e, 0xfe, 0xff, 0xd7, 0x7e, 0xfe, 0xff, 0xd7, 0x7f, 0xfe,
  0xff, 0xd6, 0x7f, 0xfe, 0xff, 0xd5, 0x7e, 0xfe, 0xff, 0xd5, 0x7e, 0xfe, 0xff, 0xd4, 0x7e, 0xfe,
  0xff, 0xd4, 0x7e, 0xff, 0xff, 0xd4, 0x7f, 0xfe, 0xff, 0xd4, 0x7f, 0xfe, 0xff, 0xd4, 0x80, 0xff,
  0xff, 0xd3, 0x7f, 0xff, 0xff, 0xd2, 0x7f, 0xfe, 0xff, 0xd2, 0x7f, 0xfe, 0xff, 0xd1, 0x7f, 0xfe,
  0xff, 0xd0, 0x7f, 0xfe, 0xff, 0xd0, 0x80, 0xff, 0xff, 0xd0, 0x80, 0xff, 0xff, 0xd0, 0x80, 0xff,
  0xff, 0xd0, 0x7f, 0xff, 0xff, 0xcf, 0x7f, 0xff, 0xff, 0xce, 0x80, 0xfe, 0xff, 0xcf, 0x7f, 0xfe,
  0xff, 0xce, 0x81, 0xfe, 0xff, 0xcf, 0x81, 0xff, 0xff, 0xcd, 0x80, 0xff, 0xff, 0xcc, 0x80, 0xf9,
  0xff, 0xd7, 0x86, 0xff, 0xff, 0xd3, 0x84, 0xff, 0xff, 0xc7, 0x7e, 0xc2, 0xff, 0xc7, 0x81, 0x53,
  0xff, 0xff, 0xff, 0x01, 0x00, 0x00, 0x00, 0x00, 0xff, 0xaa, 0xaa, 0x03, 0xff, 0xff, 0xff, 0x01,
  0x00, 0x00, 0x00, 0x00, 0x00, 0x00, 0x00, 0x00, 0x00, 0x00, 0x00, 0x00, 0x00, 0x00, 0x00, 0x00,
  0x00, 0x00, 0x00, 0x00, 0x00, 0x00, 0x00, 0x00, 0x00, 0x00, 0x00, 0x00, 0x00, 0x00, 0x00, 0x00,
  0xff, 0xff, 0x7f, 0x02, 0xff, 0xff, 0xaa, 0x03, 0xff, 0xff, 0x7f, 0x02, 0xff, 0xee, 0x7f, 0x1e,
  0xff, 0xe7, 0x7b, 0xab, 0xff, 0xea, 0x7c, 0xf9, 0xff, 0xe5, 0x7a, 0xfd, 0xff, 0xe5, 0x7b, 0xfc,
  0xff, 0xe4, 0x7a, 0xfd, 0xff, 0xe4, 0x7c, 0xff, 0xff, 0xe4, 0x7c, 0xff, 0xff, 0xe4, 0x7b, 0xfe,
  0xff, 0xe3, 0x7b, 0xfe, 0xff, 0xe3, 0x7b, 0xfe, 0xff, 0xe2, 0x7c, 0xff, 0xff, 0xe1, 0x7b, 0xff,
  0xff, 0xe1, 0x7b, 0xfe, 0xff, 0xe1, 0x7c, 0xfe, 0xff, 0xe1, 0x7c, 0xfe, 0xff, 0xe1, 0x7c, 0xfe,
  0xff, 0xe1, 0x7c, 0xfe, 0xff, 0xe1, 0x7c, 0xfe, 0xff, 0xe0, 0x7d, 0xff, 0xff, 0xdf, 0x7d, 0xff,
  0xff, 0xdf, 0x7d, 0xfe, 0xff, 0xdf, 0x7d, 0xfe, 0xff, 0xdf, 0x7d, 0xfe, 0xff, 0xdd, 0x7d, 0xff,
  0xff, 0xdc, 0x7d, 0xff, 0xff, 0xdc, 0x7d, 0xfe, 0xff, 0xdc, 0x7d, 0xfe, 0xff, 0xdb, 0x7d, 0xff,
  0xff, 0xdb, 0x7d, 0xff, 0xff, 0xdb, 0x7e, 0xfe, 0xff, 0xdb, 0x7e, 0xfe, 0xff, 0xdb, 0x7d, 0xfe,
  0xff, 0xda, 0x7d, 0xfe, 0xff, 0xd9, 0x7d, 0xfe, 0xff, 0xd9, 0x7e, 0xff, 0xff, 0xd9, 0x7e, 0xff,
  0xff, 0xd9, 0x7d, 0xfe, 0xff, 0xd8, 0x7d, 0xfe, 0xff, 0xd7, 0x7d, 0xfe, 0xff, 0xd7, 0x7e, 0xff,
  0xff, 0xd7, 0x7e, 0xff, 0xff, 0xd7, 0x7e, 0xfe, 0xff, 0xd6, 0x7e, 0xfe, 0xff, 0xd6, 0x7e, 0xfe,
  0xff, 0xd5, 0x7f, 0xfe, 0xff, 0xd5, 0x7f, 0xfe, 0xff, 0xd4, 0x7e, 0xfe, 0xff, 0xd3, 0x7e, 0xfe,
  0xff, 0xd3, 0x7e, 0xfe, 0xff, 0xd3, 0x7e, 0xfe, 0xff, 0xd3, 0x7f, 0xfe, 0xff, 0xd3, 0x7f, 0xfe,
  0xff, 0xd2, 0x80, 0xff, 0xff, 0xd2, 0x80, 0xff, 0xff, 0xd2, 0x7f, 0xfe, 0xff, 0xd1, 0x7f, 0xfe,
  0xff, 0xd0, 0x7f, 0xfe, 0xff, 0xcf, 0x7f, 0xfe, 0xff, 0xcf, 0x80, 0xff, 0xff, 0xcf, 0x80, 0xff,
  0xff, 0xce, 0x80, 0xff, 0xff, 0xce, 0x80, 0xff, 0xff, 0xcf, 0x80, 0xff, 0xff, 0xce, 0x80, 0xfe,
  0xff, 0xcd, 0x80, 0xfe, 0xff, 0xcc, 0x81, 0xfe, 0xff, 0xcc, 0x81, 0xff, 0xff, 0xcc, 0x81, 0xff,
  0xff, 0xcc, 0x81, 0xfd, 0xff, 0xcb, 0x80, 0xfd, 0xff, 0xca, 0x7f, 0xfc, 0xff, 0xcc, 0x81, 0xfa,
  0xff, 0xc8, 0x80, 0xad, 0xff, 0xd0, 0x83, 0x21, 0xff, 0xff, 0xaa, 0x03, 0xff, 0xff, 0xaa, 0x03,
  0xff, 0x7f, 0x7f, 0x02, 0x00, 0x00, 0x00, 0x00, 0x00, 0x00, 0x00, 0x00, 0x00, 0x00, 0x00, 0x00,
  0x00, 0x00, 0x00, 0x00, 0x00, 0x00, 0x00, 0x00, 0x00, 0x00, 0x00, 0x00, 0x00, 0x00, 0x00, 0x00,
  0xff, 0xff, 0x7f, 0x02, 0xff, 0xff, 0x00, 0x01, 0xff, 0xff, 0x7f, 0x02, 0xff, 0xf3, 0x79, 0x17,
  0xff, 0xe7, 0x7b, 0x61, 0xff, 0xe6, 0x7a, 0xdc, 0xff, 0xf5, 0x84, 0xff, 0xff, 0xe4, 0x7b, 0xff,
  0xff, 0xe3, 0x7b, 0xfb, 0xff, 0xe2, 0x7b, 0xfe, 0xff, 0xe2, 0x7c, 0xfe, 0xff, 0xe2, 0x7c, 0xfe,
  0xff, 0xe2, 0x7c, 0xfe, 0xff, 0xe1, 0x7c, 0xfe, 0xff, 0xe1, 0x7c, 0xfe, 0xff, 0xe1, 0x7c, 0xfe,
  0xff, 0xe1, 0x7d, 0xff, 0xff, 0xe1, 0x7d, 0xff, 0xff, 0xe0, 0x7d, 0xff, 0xff, 0xdf, 0x7c, 0xfe,
  0xff, 0xdf, 0x7c, 0xfe, 0xff, 0xdf, 0x7d, 0xff, 0xff, 0xdf, 0x7d, 0xff, 0xff, 0xde, 0x7d, 0xfe,
  0xff, 0xde, 0x7c, 0xfe, 0xff, 0xdd, 0x7c, 0xfe, 0xff, 0xdc, 0x7d, 0xfe, 0xff, 0xdc, 0x7e, 0xfe,
  0xff, 0xdc, 0x7e, 0xff, 0xff, 0xdb, 0x7d, 0xfe, 0xff, 0xdb, 0x7d, 0xfe, 0xff, 0xdb, 0x7e, 0xff,
  0xff, 0xdb, 0x7e, 0xff, 0xff, 0xda, 0x7e, 0xfe, 0xff, 0xd9, 0x7d, 0xfe, 0xff, 0xd9, 0x7d, 0xfe,
  0xff, 0xda, 0x7f, 0xff, 0xff, 0xd9, 0x7f, 0xfe, 0xff, 0xd8, 0x7e, 0xfe, 0xff, 0xd7, 0x7e, 0xff,
  0xff, 0xd7, 0x7e, 0xff, 0xff, 0xd7, 0x7e, 0xfe, 0xff, 0xd7, 0x7f, 0xff, 0xff, 0xd7, 0x7f, 0xff,
  0xff, 0xd5, 0x7e, 0xfe, 0xff, 0xd5, 0x7e, 0xfe, 0xff, 0xd5, 0x7f, 0xfe, 0xff, 0xd5, 0x7e, 0xfe,
  0xff, 0xd4, 0x7e, 0xfe, 0xff, 0xd3, 0x7e, 0xfe, 0xff, 0xd3, 0x7f, 0xfe, 0xff, 0xd3, 0x7f, 0xfe,
  0xff, 0xd1, 0x7f, 0xfe, 0xff, 0xd1, 0x7f, 0xfe, 0xff, 0xd1, 0x80, 0xfe, 0xff, 0xd1, 0x7f, 0xfe,
  0xff, 0xd1, 0x7f, 0xfe, 0xff, 0xd0, 0x7f, 0xfe, 0xff, 0xcf, 0x7f, 0xfe, 0xff, 0xcf, 0x7f, 0xfe,
  0xff, 0xcf, 0x80, 0xfe, 0xff, 0xcf, 0x80, 0xfe, 0xff, 0xce, 0x7f, 0xfe, 0xff, 0xce, 0x80, 0xfe,
  0xff, 0xce, 0x80, 0xfe, 0xff, 0xcc, 0x80, 0xfe, 0xff, 0xcc, 0x81, 0xff, 0xff, 0xcd, 0x81, 0xff,
  0xff, 0xcc, 0x80, 0xfe, 0xff, 0xca, 0x80, 0xfe, 0xff, 0xca, 0x80, 0xfe, 0xff, 0xca, 0x80, 0xfe,
  0xff, 0xca, 0x80, 0xfe, 0xff, 0xca, 0x81, 0xff, 0xff, 0xc9, 0x81, 0xfd, 0xff, 0xca, 0x81, 0xff,
  0xff, 0xd6, 0x89, 0xff, 0xff, 0xc9, 0x80, 0xe0, 0xff, 0xcc, 0x81, 0x6e, 0xff, 0xcd, 0x83, 0x1f,
  0xff, 0xaa, 0xaa, 0x03, 0xff, 0xff, 0x00, 0x01, 0xff, 0xff, 0xff, 0x02, 0x00, 0x00, 0x00, 0x00,
  0x00, 0x00, 0x00, 0x00, 0x00, 0x00, 0x00, 0x00, 0x00, 0x00, 0x00, 0x00, 0x00, 0x00, 0x00, 0x00,
  0x00, 0x00, 0x00, 0x00, 0xff, 0xd4, 0x55, 0x06, 0x00, 0x00, 0x00, 0x00, 0x00, 0x00, 0x00, 0x00,
  0xff, 0xeb, 0x79, 0x41, 0xff, 0xe4, 0x7a, 0xb7, 0xff, 0xe6, 0x7c, 0xf6, 0xff, 0xec, 0x80, 0xfc,
  0xff, 0xe3, 0x7a, 0xfd, 0xff, 0xe3, 0x7b, 0xfb, 0xff, 0xe2, 0x7c, 0xfe, 0xff, 0xe1, 0x7c, 0xfe,
  0xff, 0xe1, 0x7c, 0xfe, 0xff, 0xe2, 0x7c, 0xfe, 0xff, 0xe1, 0x7d, 0xff, 0xff, 0xe1, 0x7d, 0xff,
  0xff, 0xe0, 0x7c, 0xfe, 0xff, 0xe0, 0x7d, 0xff, 0xff, 0xe0, 0x7d, 0xff, 0xff, 0xdf, 0x7d, 0xff,
  0xff, 0xdf, 0x7c, 0xfe, 0xff, 0xde, 0x7c, 0xfe, 0xff, 0xdd, 0x7c, 0xff, 0xff, 0xdd, 0x7c, 0xff,
  0xff, 0xdc, 0x7d, 0xfe, 0xff, 0xdd, 0x7c, 0xfe, 0xff, 0xdc, 0x7c, 0xfe, 0xff, 0xdb, 0x7d, 0xfe,
  0xff, 0xdb, 0x7e, 0xfe, 0xff, 0xdc, 0x7e, 0xff, 0xff, 0xdb, 0x7d, 0xfe, 0xff, 0xda, 0x7d, 0xfe,
  0xff, 0xda, 0x7e, 0xff, 0xff, 0xda, 0x7e, 0xff, 0xff, 0xd9, 0x7e, 0xfe, 0xff, 0xd8, 0x7d, 0xfd,
  0xff, 0xd8, 0x7d, 0xfc, 0xff, 0xd8, 0x7e, 0xfc, 0xff, 0xd8, 0x7f, 0xfa, 0xff, 0xd8, 0x7e, 0xf9,
  0xff, 0xd6, 0x7e, 0xfa, 0xff, 0xd6, 0x7e, 0xfa, 0xff, 0xd6, 0x7e, 0xf9, 0xff, 0xd6, 0x7e, 0xfa,
  0xff, 0xd6, 0x7f, 0xfa, 0xff, 0xd5, 0x7d, 0xf9, 0xff, 0xd5, 0x7e, 0xfa, 0xff, 0xd4, 0x7e, 0xfb,
  0xff, 0xd5, 0x7f, 0xfc, 0xff, 0xd3, 0x7f, 0xfe, 0xff, 0xd2, 0x7f, 0xff, 0xff, 0xd2, 0x80, 0xfe,
  0xff, 0xd2, 0x80, 0xfe, 0xff, 0xd1, 0x80, 0xff, 0xff, 0xd0, 0x80, 0xff, 0xff, 0xd0, 0x80, 0xfe,
  0xff, 0xd1, 0x7f, 0xff, 0xff, 0xd1, 0x7f, 0xff, 0xff, 0xcf, 0x7f, 0xfe, 0xff, 0xce, 0x7f, 0xfe,
  0xff, 0xce, 0x7f, 0xfe, 0xff, 0xce, 0x81, 0xfe, 0xff, 0xce, 0x81, 0xfe, 0xff, 0xce, 0x7f, 0xfe,
  0xff, 0xcd, 0x80, 0xfe, 0xff, 0xcd, 0x81, 0xfe, 0xff, 0xcb, 0x80, 0xfe, 0xff, 0xcb, 0x81, 0xfe,
  0xff, 0xcb, 0x80, 0xfe, 0xff, 0xcb, 0x80, 0xfe, 0xff, 0xca, 0x80, 0xfe, 0xff, 0xc9, 0x80, 0xfe,
  0xff, 0xc9, 0x80, 0xfe, 0xff, 0xc9, 0x80, 0xfe, 0xff, 0xc9, 0x82, 0xff, 0xff, 0xc8, 0x82, 0xfd,
  0xff, 0xc8, 0x81, 0xfe, 0xff, 0xcf, 0x85, 0xfc, 0xff, 0xcc, 0x83, 0xf8, 0xff, 0xc8, 0x81, 0xc9,
  0xff, 0xc8, 0x82, 0x50, 0x00, 0x00, 0x00, 0x00, 0x00, 0x00, 0x00, 0x00, 0xff, 0xcc, 0x99, 0x05,
  0x00, 0x00, 0x00, 0x00, 0x00, 0x00, 0x00, 0x00, 0x00, 0x00, 0x00, 0x00, 0x00, 0x00, 0x00, 0x00,
  0x00, 0x00, 0x00, 0x00, 0x00, 0x00, 0x00, 0x00, 0xff, 0xda, 0x6d, 0x07, 0x00, 0x00, 0x00, 0x00,
  0xff, 0xaa, 0x55, 0x03, 0xff, 0xe5, 0x7a, 0x77, 0xff, 0xe4, 0x7b, 0xf5, 0xff, 0xe8, 0x7f, 0xff,
  0xff, 0xe1, 0x7b, 0xfa, 0xff, 0xe2, 0x7b, 0xfe, 0xff, 0xe2, 0x7b, 0xfd, 0xff, 0xe1, 0x7c, 0xfe,
  0xff, 0xe1, 0x7c, 0xff, 0xff, 0xe1, 0x7c, 0xff, 0xff, 0xe1, 0x7c, 0xfe, 0xff, 0xe0, 0x7d, 0xff,
  0xff, 0xe0, 0x7d, 0xff, 0xff, 0xdf, 0x7c, 0xfe, 0xff, 0xdf, 0x7c, 0xfe, 0xff, 0xdf, 0x7c, 0xfe,
  0xff, 0xde, 0x7d, 0xff, 0xff, 0xde, 0x7d, 0xff, 0xff, 0xdd, 0x7d, 0xff, 0xff, 0xdc, 0x7c, 0xfe,
  0xff, 0xdc, 0x7c, 0xfe, 0xff, 0xdb, 0x7d, 0xfe, 0xff, 0xdb, 0x7d, 0xfe, 0xff, 0xdb, 0x7d, 0xfe,
  0xff, 0xda, 0x7d, 0xfe, 0xff, 0xda, 0x7d, 0xfe, 0xff, 0xdb, 0x7e, 0xff, 0xff, 0xda, 0x7e, 0xfe,
  0xff, 0xd9, 0x7d, 0xfe, 0xff, 0xd9, 0x7d, 0xfe, 0xff, 0xd8, 0x7d, 0xfe, 0xff, 0xd7, 0x7e, 0xfe,
  0xff, 0xd7, 0x7e, 0xff, 0xff, 0xd8, 0x7f, 0xff, 0xff, 0xd9, 0x7f, 0xff, 0xff, 0xd9, 0x80, 0xff,
  0xff, 0xd9, 0x80, 0xff, 0xff, 0xda, 0x81, 0xff, 0xff, 0xda, 0x81, 0xff, 0xff, 0xd9, 0x81, 0xff,
  0xff, 0xd9, 0x81, 0xff, 0xff, 0xd9, 0x81, 0xff, 0xff, 0xd6, 0x80, 0xff, 0xff, 0xd6, 0x80, 0xff,
  0xff, 0xd5, 0x80, 0xff, 0xff, 0xd4, 0x81, 0xff, 0xff, 0xd3, 0x80, 0xff, 0xff, 0xd2, 0x80, 0xff,
  0xff, 0xd1, 0x80, 0xfe, 0xff, 0xd1, 0x80, 0xfe, 0xff, 0xd1, 0x80, 0xff, 0xff, 0xd0, 0x80, 0xff,
  0xff, 0xcf, 0x80, 0xff, 0xff, 0xd0, 0x80, 0xff, 0xff, 0xd0, 0x80, 0xff, 0xff, 0xce, 0x80, 0xfe,
  0xff, 0xce, 0x80, 0xfe, 0xff, 0xce, 0x80, 0xfe, 0xff, 0xcd, 0x81, 0xfe, 0xff, 0xcd, 0x81, 0xfe,
  0xff, 0xcd, 0x80, 0xfe, 0xff, 0xcc, 0x80, 0xff, 0xff, 0xcb, 0x81, 0xff, 0xff, 0xcb, 0x81, 0xfe,
  0xff, 0xcb, 0x81, 0xfe, 0xff, 0xca, 0x80, 0xfe, 0xff, 0xca, 0x80, 0xfe, 0xff, 0xca, 0x80, 0xfe,
  0xff, 0xc9, 0x80, 0xfe, 0xff, 0xc9, 0x80, 0xfe, 0xff, 0xc9, 0x81, 0xfe, 0xff, 0xc8, 0x82, 0xff,
  0xff, 0xc7, 0x81, 0xfe, 0xff, 0xc7, 0x81, 0xfe, 0xff, 0xc6, 0x81, 0xf9, 0xff, 0xcf, 0x87, 0xff,
  0xff, 0xca, 0x84, 0xff, 0xff, 0xc4, 0x82, 0x8b, 0xff, 0xbf, 0x5f, 0x08, 0xff, 0xff, 0x00, 0x01,
  0xff, 0xcc, 0x99, 0x05, 0x00, 0x00, 0x00, 0x00, 0x00, 0x00, 0x00, 0x00, 0x00, 0x00, 0x00, 0x00,
  0x00, 0x00, 0x00, 0x00, 0xff, 0x00, 0xff, 0x01, 0x00, 0x00, 0x00, 0x00, 0xff, 0xbf, 0x7f, 0x04,
  0xff, 0xff, 0x91, 0x07, 0xff, 0xde, 0x7c, 0x2f, 0xff, 0xe1, 0x7b, 0xa7, 0xff, 0xed, 0x81, 0xff,
  0xff, 0xeb, 0x81, 0xff, 0xff, 0xe1, 0x7b, 0xf9, 0xff, 0xe1, 0x7d, 0xfe, 0xff, 0xe1, 0x7c, 0xfe,
  0xff, 0xe0, 0x7c, 0xfe, 0xff, 0xe0, 0x7d, 0xfe, 0xff, 0xe0, 0x7d, 0xfe, 0xff, 0xe0, 0x7d, 0xfe,
  0xff, 0xdf, 0x7c, 0xfe, 0xff, 0xde, 0x7c, 0xfe, 0xff, 0xde, 0x7c, 0xfe, 0xff, 0xde, 0x7d, 0xfe,
  0xff, 0xdd, 0x7d, 0xfe, 0xff, 0xdc, 0x7d, 0xff, 0xff, 0xdc, 0x7d, 0xff, 0xff, 0xdc, 0x7e, 0xff,
  0xff, 0xdb, 0x7d, 0xff, 0xff, 0xdb, 0x7d, 0xff, 0xff, 0xda, 0x7d, 0xfe, 0xff, 0xd9, 0x7d, 0xfe,
  0xff, 0xda, 0x7d, 0xfe, 0xff, 0xd9, 0x7e, 0xff, 0xff, 0xd8, 0x7e, 0xff, 0xff, 0xd8, 0x7d, 0xfe,
  0xff, 0xd8, 0x7e, 0xff, 0xff, 0xd8, 0x7f, 0xff, 0xff, 0xd8, 0x7d, 0xfd, 0xff, 0xd6, 0x7d, 0xfa,
  0xff, 0xd6, 0x7e, 0xf7, 0xff, 0xd6, 0x7f, 0xfc, 0xff, 0xda, 0x81, 0xff, 0xff, 0xdf, 0x84, 0xff,
  0xff, 0xe4, 0x87, 0xff, 0xff, 0xe9, 0x8a, 0xff, 0xff, 0xe9, 0x8b, 0xff, 0xff, 0xea, 0x8b, 0xff,
  0xff, 0xeb, 0x8d, 0xff, 0xff, 0xeb, 0x8d, 0xff, 0xff, 0xea, 0x8c, 0xff, 0xff, 0xe5, 0x8b, 0xff,
  0xff, 0xe2, 0x89, 0xff, 0xff, 0xdd, 0x86, 0xff, 0xff, 0xd5, 0x83, 0xff, 0xff, 0xd1, 0x80, 0xfc,
  0xff, 0xd1, 0x81, 0xf7, 0xff, 0xd0, 0x80, 0xf9, 0xff, 0xd0, 0x80, 0xfc, 0xff, 0xcf, 0x7f, 0xfe,
  0xff, 0xcf, 0x7f, 0xfe, 0xff, 0xce, 0x80, 0xff, 0xff, 0xce, 0x80, 0xfe, 0xff, 0xce, 0x80, 0xfe,
  0xff, 0xcc, 0x80, 0xfe, 0xff, 0xcc, 0x80, 0xfe, 0xff, 0xcc, 0x80, 0xfe, 0xff, 0xcc, 0x81, 0xff,
  0xff, 0xcc, 0x81, 0xff, 0xff, 0xcc, 0x81, 0xff, 0xff, 0xcb, 0x80, 0xfe, 0xff, 0xca, 0x80, 0xfe,
  0xff, 0xca, 0x81, 0xfe, 0xff, 0xcb, 0x82, 0xff, 0xff, 0xca, 0x82, 0xff, 0xff, 0xca, 0x81, 0xfe,
  0xff, 0xc9, 0x81, 0xfe, 0xff, 0xc7, 0x81, 0xfe, 0xff, 0xc8, 0x81, 0xfe, 0xff, 0xc8, 0x81, 0xfe,
  0xff, 0xc7, 0x81, 0xfe, 0xff, 0xc6, 0x81, 0xfe, 0xff, 0xc5, 0x82, 0xfe, 0xff, 0xc4, 0x82, 0xf9,
  0xff, 0xcc, 0x87, 0xff, 0xff, 0xcf, 0x89, 0xff, 0xff, 0xc2, 0x81, 0xbd, 0xff, 0xc0, 0x84, 0x49,
  0xff, 0xc8, 0x91, 0x0e, 0xff, 0xff, 0x7f, 0x02, 0x00, 0x00, 0x00, 0x00, 0xff, 0xff, 0xff, 0x01,
  0x00, 0x00, 0x00, 0x00, 0x00, 0x00, 0x00, 0x00, 0xff, 0xaa, 0xaa, 0x03, 0x00, 0x00, 0x00, 0x00,
  0x00, 0x00, 0x00, 0x00, 0xff, 0xe4, 0x78, 0x13, 0xff, 0xdf, 0x7c, 0x7b, 0xff, 0xe3, 0x7e, 0xd6,
  0xff, 0xe7, 0x7f, 0xfc, 0xff, 0xe6, 0x7e, 0xfe, 0xff, 0xe1, 0x7b, 0xfb, 0xff, 0xe0, 0x7d, 0xfe,
  0xff, 0xdf, 0x7c, 0xfe, 0xff, 0xde, 0x7c, 0xfe, 0xff, 0xde, 0x7d, 0xfe, 0xff, 0xde, 0x7d, 0xfe,
  0xff, 0xde, 0x7d, 0xfe, 0xff, 0xdd, 0x7c, 0xfe, 0xff, 0xdc, 0x7c, 0xfe, 0xff, 0xdc, 0x7c, 0xfe,
  0xff, 0xdc, 0x7d, 0xfe, 0xff, 0xdc, 0x7d, 0xfe, 0xff, 0xda, 0x7d, 0xff, 0xff, 0xda, 0x7d, 0xff,
  0xff, 0xda, 0x7e, 0xff, 0xff, 0xdb, 0x7e, 0xff, 0xff, 0xdb, 0x7e, 0xff, 0xff, 0xda, 0x7d, 0xfe,
  0xff, 0xd8, 0x7d, 0xfe, 0xff, 0xd8, 0x7d, 0xfe, 0xff, 0xd8, 0x7e, 0xff, 0xff, 0xd8, 0x7e, 0xff,
  0xff, 0xd6, 0x7e, 0xfe, 0xff, 0xd5, 0x7d, 0xfe, 0xff, 0xd7, 0x7e, 0xfd, 0xff, 0xd7, 0x7e, 0xfe,
  0xff, 0xdf, 0x84, 0xff, 0xff, 0xe4, 0x86, 0xff, 0xff, 0xda, 0x82, 0xff, 0xff, 0xd6, 0x7e, 0xf3,
  0xff, 0xd5, 0x80, 0xdf, 0xff, 0xd4, 0x7d, 0xcb, 0xff, 0xd5, 0x7e, 0xbd, 0xff, 0xd4, 0x7e, 0xb9,
  0xff, 0xd3, 0x7e, 0xb7, 0xff, 0xd4, 0x80, 0xb3, 0xff, 0xd4, 0x80, 0xb3, 0xff, 0xd3, 0x7f, 0xb6,
  0xff, 0xd1, 0x7f, 0xc4, 0xff, 0xd0, 0x80, 0xcd, 0xff, 0xd1, 0x7e, 0xd9, 0xff, 0xd0, 0x80, 0xf0,
  0xff, 0xd5, 0x83, 0xff, 0xff, 0xdd, 0x88, 0xff, 0xff, 0xda, 0x87, 0xff, 0xff, 0xd1, 0x82, 0xff,
  0xff, 0xce, 0x7e, 0xfd, 0xff, 0xcd, 0x7e, 0xfd, 0xff, 0xce, 0x80, 0xff, 0xff, 0xcd, 0x80, 0xfe,
  0xff, 0xcc, 0x80, 0xfe, 0xff, 0xcc, 0x80, 0xfe, 0xff, 0xcb, 0x80, 0xfe, 0xff, 0xcb, 0x80, 0xfe,
  0xff, 0xcb, 0x81, 0xff, 0xff, 0xcb, 0x81, 0xff, 0xff, 0xca, 0x81, 0xff, 0xff, 0xc9, 0x80, 0xfe,
  0xff, 0xca, 0x80, 0xfe, 0xff, 0xc9, 0x81, 0xfe, 0xff, 0xc9, 0x82, 0xff, 0xff, 0xc9, 0x82, 0xff,
  0xff, 0xc9, 0x81, 0xfe, 0xff, 0xc8, 0x81, 0xfe, 0xff, 0xc7, 0x83, 0xfe, 0xff, 0xc6, 0x83, 0xfe,
  0xff, 0xc6, 0x81, 0xfe, 0xff, 0xc6, 0x81, 0xfe, 0xff, 0xc5, 0x81, 0xfe, 0xff, 0xc5, 0x83, 0xfe,
  0xff, 0xc4, 0x82, 0xfc, 0xff, 0xc6, 0x85, 0xfe, 0xff, 0xc7, 0x85, 0xfa, 0xff, 0xc7, 0x86, 0xe4,
  0xff, 0xc0, 0x83, 0x9b, 0xff, 0xbf, 0x87, 0x20, 0x00, 0x00, 0x00, 0x00, 0x00, 0x00, 0x00, 0x00,
  0xff, 0xff, 0xaa, 0x03, 0x00, 0x00, 0x00, 0x00, 0x00, 0x00, 0x00, 0x00, 0xff, 0xbf, 0x7f, 0x04,
  0x00, 0x00, 0x00, 0x00, 0x00, 0x00, 0x00, 0x00, 0xff, 0xdf, 0x77, 0x31, 0xff, 0xe1, 0x7d, 0xc7,
  0xff, 0xe6, 0x80, 0xfe, 0xff, 0xe2, 0x7d, 0xfb, 0xff, 0xe0, 0x7c, 0xfe, 0xff, 0xdf, 0x7b, 0xfd,
  0xff, 0xde, 0x7c, 0xfe, 0xff, 0xdd, 0x7d, 0xff, 0xff, 0xdd, 0x7d, 0xff, 0xff, 0xdd, 0x7d, 0xff,
  0xff, 0xdd, 0x7d, 0xff, 0xff, 0xdc, 0x7d, 0xff, 0xff, 0xdb, 0x7d, 0xfe, 0xff, 0xdb, 0x7d, 0xfe,
  0xff, 0xdb, 0x7d, 0xfe, 0xff, 0xdb, 0x7e, 0xfe, 0xff, 0xdb, 0x7e, 0xfe, 0xff, 0xda, 0x7d, 0xfe,
  0xff, 0xd9, 0x7d, 0xfe, 0xff, 0xd9, 0x7e, 0xff, 0xff, 0xd9, 0x7e, 0xff, 0xff, 0xd9, 0x7e, 0xff,
  0xff, 0xd8, 0x7d, 0xfe, 0xff, 0xd7, 0x7d, 0xfe, 0xff, 0xd7, 0x7e, 0xfe, 0xff, 0xd7, 0x7e, 0xfe,
  0xff, 0xd7, 0x7e, 0xfe, 0xff, 0xd6, 0x7f, 0xff, 0xff, 0xd5, 0x7e, 0xfd, 0xff, 0xd6, 0x7e, 0xfc,
  0xff, 0xd7, 0x7e, 0xfb, 0xff, 0xdb, 0x81, 0xff, 0xff, 0xd9, 0x80, 0xff, 0xff, 0xd4, 0x7e, 0xe0,
  0xff, 0xd5, 0x7e, 0xb1, 0xff, 0xd4, 0x7f, 0x7e, 0xff, 0xd3, 0x7d, 0x47, 0xff, 0xcd, 0x78, 0x24,
  0xff, 0xcd, 0x75, 0x1a, 0xff, 0xc2, 0x79, 0x15, 0xff, 0xc6, 0x71, 0x09, 0xff, 0xc6, 0x71, 0x09,
  0xff, 0xc3, 0x78, 0x11, 0xff, 0xcd, 0x7d, 0x33, 0xff, 0xd2, 0x7f, 0x4a, 0xff, 0xd0, 0x7e, 0x6d,
  0xff, 0xd0, 0x7f, 0xaa, 0xff, 0xcd, 0x80, 0xe3, 0xff, 0xd1, 0x82, 0xff, 0xff, 0xd4, 0x85, 0xff,
  0xff, 0xce, 0x81, 0xfc, 0xff, 0xcd, 0x80, 0xfd, 0xff, 0xcc, 0x7f, 0xfe, 0xff, 0xcd, 0x81, 0xff,
  0xff, 0xcc, 0x80, 0xfe, 0xff, 0xcb, 0x80, 0xfe, 0xff, 0xcb, 0x81, 0xff, 0xff, 0xcb, 0x81, 0xff,
  0xff, 0xca, 0x81, 0xff, 0xff, 0xc9, 0x81, 0xfe, 0xff, 0xc9, 0x81, 0xfe, 0xff, 0xc9, 0x82, 0xfe,
  0xff, 0xc8, 0x81, 0xfe, 0xff, 0xc8, 0x81, 0xfe, 0xff, 0xc8, 0x82, 0xfe, 0xff, 0xc7, 0x82, 0xfe,
  0xff, 0xc6, 0x81, 0xfe, 0xff, 0xc6, 0x81, 0xff, 0xff, 0xc7, 0x82, 0xff, 0xff, 0xc7, 0x83, 0xff,
  0xff, 0xc5, 0x83, 0xfe, 0xff, 0xc4, 0x82, 0xfe, 0xff, 0xc4, 0x82, 0xfe, 0xff, 0xc4, 0x82, 0xfe,
  0xff, 0xc4, 0x83, 0xff, 0xff, 0xc3, 0x83, 0xff, 0xff, 0xc2, 0x83, 0xfe, 0xff, 0xc3, 0x83, 0xfb,
  0xff, 0xcf, 0x8c, 0xfe, 0xff, 0xc1, 0x83, 0xda, 0xff, 0xc2, 0x81, 0x37, 0x00, 0x00, 0x00, 0x00,
  0x00, 0x00, 0x00, 0x00, 0xff, 0xbf, 0x7f, 0x04, 0x00, 0x00, 0x00, 0x00, 0xff, 0xff, 0x00, 0x01,
  0xff, 0x7f, 0x7f, 0x02, 0x00, 0x00, 0x01, 0x00, 0xff, 0xe7, 0x7f, 0x16, 0xff, 0xe3, 0x7f, 0x66,
  0xff, 0xdf, 0x7c, 0xee, 0xff, 0xf0, 0x86, 0xff, 0xff, 0xde, 0x7c, 0xfb, 0xff, 0xdd, 0x7c, 0xfe,
  0xff, 0xde, 0x7c, 0xff, 0xff, 0xdd, 0x7c, 0xfe, 0xff, 0xdc, 0x7d, 0xfe, 0xff, 0xdc, 0x7d, 0xff,
  0xff, 0xdc, 0x7d, 0xfe, 0xff, 0xdc, 0x7e, 0xfe, 0xff, 0xdb, 0x7e, 0xff, 0xff, 0xda, 0x7d, 0xfe,
  0xff, 0xda, 0x7d, 0xfe, 0xff, 0xda, 0x7d, 0xfe, 0xff, 0xda, 0x7e, 0xff, 0xff, 0xda, 0x7e, 0xff,
  0xff, 0xda, 0x7e, 0xff, 0xff, 0xd8, 0x7e, 0xff, 0xff, 0xd8, 0x7e, 0xfe, 0xff, 0xd8, 0x7e, 0xfe,
  0xff, 0xd8, 0x7e, 0xfe, 0xff, 0xd7, 0x7e, 0xff, 0xff, 0xd6, 0x7d, 0xfe, 0xff, 0xd7, 0x7e, 0xfe,
  0xff, 0xd7, 0x7f, 0xff, 0xff, 0xd4, 0x7d, 0xfc, 0xff, 0xd5, 0x7d, 0xf9, 0xff, 0xd9, 0x81, 0xff,
  0xff, 0xe1, 0x86, 0xff, 0xff, 0xd4, 0x7e, 0xfc, 0xff, 0xd6, 0x80, 0xbd, 0xff, 0xd3, 0x7e, 0x7b,
  0xff, 0xd2, 0x7c, 0x56, 0xff, 0xd2, 0x7d, 0x3f, 0xff, 0xd3, 0x83, 0x23, 0xff, 0xbf, 0x5f, 0x08,
  0x00, 0x00, 0x00, 0x00, 0x00, 0x00, 0x00, 0x00, 0x00, 0x00, 0x00, 0x00, 0x00, 0x00, 0x00, 0x00,
  0x00, 0x00, 0x00, 0x00, 0x00, 0x00, 0x00, 0x00, 0x00, 0x00, 0x00, 0x00, 0xff, 0xc6, 0x71, 0x09,
  0xff, 0xc6, 0x7a, 0x1b, 0xff, 0xce, 0x7f, 0x3a, 0xff, 0xd0, 0x80, 0x57, 0xff, 0xce, 0x7e, 0x7d,
  0xff, 0xd0, 0x80, 0xae, 0xff, 0xcd, 0x80, 0xe7, 0xff, 0xd5, 0x86, 0xff, 0xff, 0xd3, 0x85, 0xff,
  0xff, 0xca, 0x81, 0xf9, 0xff, 0xca, 0x80, 0xfb, 0xff, 0xcb, 0x81, 0xff, 0xff, 0xca, 0x81, 0xff,
  0xff, 0xc9, 0x81, 0xfe, 0xff, 0xc8, 0x81, 0xff, 0xff, 0xc8, 0x81, 0xfe, 0xff, 0xc8, 0x81, 0xfe,
  0xff, 0xc8, 0x82, 0xfe, 0xff, 0xc7, 0x81, 0xfe, 0xff, 0xc7, 0x81, 0xfe, 0xff, 0xc8, 0x83, 0xff,
  0xff, 0xc6, 0x83, 0xfe, 0xff, 0xc4, 0x81, 0xfe, 0xff, 0xc5, 0x82, 0xff, 0xff, 0xc6, 0x83, 0xff,
  0xff, 0xc5, 0x83, 0xff, 0xff, 0xc4, 0x83, 0xff, 0xff, 0xc3, 0x83, 0xff, 0xff, 0xc4, 0x83, 0xff,
  0xff, 0xc4, 0x83, 0xff, 0xff, 0xc3, 0x82, 0xff, 0xff, 0xc2, 0x82, 0xff, 0xff, 0xc1, 0x83, 0xfd,
  0xff, 0xc1, 0x83, 0xfa, 0xff, 0xd5, 0x91, 0xff, 0xff, 0xc0, 0x83, 0xf1, 0xff, 0xc3, 0x82, 0x52,
  0xff, 0xff, 0x7f, 0x02, 0x00, 0x00, 0x00, 0x00, 0xff, 0x7f, 0x7f, 0x02, 0xff, 0xff, 0x00, 0x01,
  0xff, 0xbf, 0x3f, 0x04, 0x00, 0x00, 0x00, 0x00, 0xff, 0xff, 0x7f, 0x02, 0xff, 0xe0, 0x81, 0x3b,
  0xff, 0xdb, 0x7c, 0xa0, 0xff, 0xdd, 0x7c, 0xf6, 0xff, 0xe8, 0x83, 0xfe, 0xff, 0xdd, 0x7c, 0xfc,
  0xff, 0xdc, 0x7d, 0xfe, 0xff, 0xdd, 0x7d, 0xff, 0xff, 0xdc, 0x7d, 0xfe, 0xff, 0xdb, 0x7d, 0xfe,
  0xff, 0xdb, 0x7d, 0xfe, 0xff, 0xdb, 0x7d, 0xfe, 0xff, 0xdb, 0x7e, 0xfe, 0xff, 0xdb, 0x7e, 0xfe,
  0xff, 0xda, 0x7d, 0xfe, 0xff, 0xda, 0x7d, 0xfe, 0xff, 0xd9, 0x7d, 0xfe, 0xff, 0xd9, 0x7e, 0xff,
  0xff, 0xd9, 0x7e, 0xff, 0xff, 0xd9, 0x7e, 0xff, 0xff, 0xd8, 0x7e, 0xff, 0xff, 0xd7, 0x7e, 0xfe,
  0xff, 0xd7, 0x7e, 0xfe, 0xff, 0xd7, 0x7e, 0xfe, 0xff, 0xd6, 0x7f, 0xff, 0xff, 0xd6, 0x7e, 0xfe,
  0xff, 0xd5, 0x7e, 0xfe, 0xff, 0xd3, 0x7e, 0xfe, 0xff, 0xd7, 0x80, 0xff, 0xff, 0xdb, 0x83, 0xff,
  0xff, 0xd5, 0x80, 0xfc, 0xff, 0xd3, 0x7e, 0xe5, 0xff, 0xd4, 0x7e, 0xb2, 0xff, 0xd3, 0x7f, 0x58,
  0xff, 0xff, 0xff, 0x01, 0x00, 0x00, 0x00, 0x00, 0x00, 0x00, 0x00, 0x00, 0x00, 0x00, 0x00, 0x00,
  0xff, 0xff, 0x00, 0x01, 0xff, 0xbf, 0x7f, 0x04, 0xff, 0xcc, 0x66, 0x05, 0xff, 0xff, 0x99, 0x05,
  0xff, 0xda, 0x6d, 0x07, 0xff, 0xda, 0x6d, 0x07, 0xff, 0xd4, 0x7f, 0x06, 0xff, 0xff, 0x7f, 0x02,
  0x00, 0x00, 0x00, 0x00, 0x00, 0x00, 0x00, 0x00, 0x00, 0x00, 0x00, 0x00, 0x00, 0x00, 0x00, 0x00,
  0xff, 0xff, 0x7f, 0x04, 0xff, 0xcb, 0x79, 0x45, 0xff, 0xcd, 0x7f, 0x96, 0xff, 0xca, 0x81, 0xdf,
  0xff, 0xd0, 0x85, 0xfc, 0xff, 0xd0, 0x86, 0xff, 0xff, 0xcb, 0x82, 0xff, 0xff, 0xc8, 0x81, 0xfd,
  0xff, 0xc8, 0x81, 0xfe, 0xff, 0xc8, 0x81, 0xfe, 0xff, 0xc7, 0x81, 0xfe, 0xff, 0xc7, 0x81, 0xfe,
  0xff, 0xc6, 0x81, 0xfe, 0xff, 0xc6, 0x82, 0xfe, 0xff, 0xc5, 0x81, 0xfe, 0xff, 0xc5, 0x81, 0xfe,
  0xff, 0xc6, 0x83, 0xff, 0xff, 0xc6, 0x83, 0xff, 0xff, 0xc4, 0x82, 0xfe, 0xff, 0xc5, 0x83, 0xff,
  0xff, 0xc5, 0x83, 0xff, 0xff, 0xc3, 0x83, 0xff, 0xff, 0xc3, 0x83, 0xff, 0xff, 0xc3, 0x83, 0xff,
  0xff, 0xc2, 0x83, 0xff, 0xff, 0xc2, 0x83, 0xff, 0xff, 0xc2, 0x82, 0xfe, 0xff, 0xc1, 0x82, 0xfe,
  0xff, 0xc1, 0x83, 0xfd, 0xff, 0xc1, 0x84, 0xfb, 0xff, 0xcc, 0x8c, 0xfe, 0xff, 0xc0, 0x83, 0xf3,
  0xff, 0xbf, 0x83, 0x88, 0xff, 0xc2, 0x86, 0x26, 0x00, 0x00, 0x00, 0x00, 0x00, 0x00, 0x00, 0x00,
  0xff, 0xaa, 0x55, 0x03, 0xff, 0xcc, 0x99, 0x05, 0x00, 0x00, 0x00, 0x00, 0xff, 0xff, 0x99, 0x05,
  0xff, 0xdb, 0x7e, 0x65, 0xff, 0xd8, 0x7b, 0xcc, 0xff, 0xdb, 0x7b, 0xfd, 0xff, 0xe2, 0x80, 0xff,
  0xff, 0xdc, 0x7d, 0xfc, 0xff, 0xdc, 0x7d, 0xfd, 0xff, 0xdb, 0x7d, 0xfe, 0xff, 0xdb, 0x7e, 0xfe,
  0xff, 0xda, 0x7e, 0xfe, 0xff, 0xda, 0x7e, 0xfe, 0xff, 0xda, 0x7e, 0xff, 0xff, 0xd9, 0x7d, 0xff,
  0xff, 0xd8, 0x7d, 0xfe, 0xff, 0xd9, 0x7e, 0xff, 0xff, 0xd9, 0x7e, 0xff, 0xff, 0xd7, 0x7e, 0xfe,
  0xff, 0xd7, 0x7e, 0xfe, 0xff, 0xd7, 0x7e, 0xfe, 0xff, 0xd7, 0x7e, 0xfe, 0xff, 0xd6, 0x7e, 0xfe,
  0xff, 0xd6, 0x7f, 0xff, 0xff, 0xd5, 0x7e, 0xfe, 0xff, 0xd5, 0x7e, 0xfe, 0xff, 0xd5, 0x7f, 0xff,
  0xff, 0xd5, 0x7f, 0xff, 0xff, 0xd3, 0x7d, 0xfe, 0xff, 0xd1, 0x7d, 0xf8, 0xff, 0xdd, 0x85, 0xff,
  0xff, 0xe3, 0x89, 0xff, 0xff, 0xd4, 0x80, 0xd0, 0xff, 0xd1, 0x7e, 0x71, 0xff, 0xd6, 0x86, 0x26,
  0xff, 0xd0, 0x8b, 0x0b, 0x00, 0x00, 0x00, 0x00, 0x00, 0x00, 0x00, 0x00, 0x00, 0x00, 0x00, 0x00,
  0x00, 0x00, 0x00, 0x00, 0x00, 0x00, 0x00, 0x00, 0x00, 0x00, 0x00, 0x00, 0x00, 0x00, 0x00, 0x00,
  0x00, 0x00, 0x00, 0x00, 0xff, 0xff, 0xff, 0x01, 0xff, 0xff, 0xff, 0x01, 0xff, 0xff, 0x00, 0x01,
  0x00, 0x00, 0x00, 0x00, 0x00, 0x00, 0x00, 0x00, 0x00, 0x00, 0x00, 0x00, 0x00, 0x00, 0x00, 0x00,
  0x00, 0x00, 0x00, 0x00, 0x00, 0x00, 0x00, 0x00, 0xff, 0xda, 0x6d, 0x07, 0xff, 0xd0, 0x83, 0x21,
  0xff, 0xcc, 0x82, 0x6f, 0xff, 0xcc, 0x83, 0xd0, 0xff, 0xd7, 0x8b, 0xff, 0xff, 0xd1, 0x87, 0xff,
  0xff, 0xc6, 0x80, 0xf8, 0xff, 0xc7, 0x80, 0xfe, 0xff, 0xc7, 0x81, 0xff, 0xff, 0xc6, 0x81, 0xfe,
  0xff, 0xc5, 0x82, 0xfe, 0xff, 0xc4, 0x82, 0xfe, 0xff, 0xc3, 0x81, 0xfe, 0xff, 0xc3, 0x82, 0xfe,
  0xff, 0xc3, 0x82, 0xfe, 0xff, 0xc4, 0x82, 0xfe, 0xff, 0xc4, 0x83, 0xff, 0xff, 0xc3, 0x83, 0xff,
  0xff, 0xc4, 0x82, 0xfe, 0xff, 0xc3, 0x82, 0xfe, 0xff, 0xc2, 0x82, 0xfe, 0xff, 0xc3, 0x83, 0xff,
  0xff, 0xc2, 0x83, 0xff, 0xff, 0xc0, 0x83, 0xfe, 0xff, 0xc0, 0x83, 0xfe, 0xff, 0xc0, 0x83, 0xfe,
  0xff, 0xbf, 0x84, 0xff, 0xff, 0xbf, 0x84, 0xff, 0xff, 0xbf, 0x84, 0xfd, 0xff, 0xc2, 0x87, 0xff,
  0xff, 0xbd, 0x83, 0xfe, 0xff, 0xbd, 0x84, 0xd2, 0xff, 0xbd, 0x85, 0x6d, 0xff, 0xbf, 0x7f, 0x04,
  0x00, 0x00, 0x00, 0x00, 0xff, 0xcc, 0x99, 0x05, 0xff, 0xdf, 0x7f, 0x08, 0x00, 0x00, 0x00, 0x00,
  0xff, 0xff, 0x00, 0x01, 0xff, 0xda, 0x7c, 0x92, 0xff, 0xe6, 0x83, 0xed, 0xff, 0xdc, 0x7e, 0xfe,
  0xff, 0xdc, 0x7e, 0xfc, 0xff, 0xdb, 0x7d, 0xfd, 0xff, 0xdb, 0x7d, 0xfd, 0xff, 0xda, 0x7d, 0xfe,
  0xff, 0xda, 0x7e, 0xfe, 0xff, 0xda, 0x7e, 0xfe, 0xff, 0xda, 0x7e, 0xfe, 0xff, 0xd9, 0x7e, 0xff,
  0xff, 0xd8, 0x7e, 0xff, 0xff, 0xd8, 0x7e, 0xff, 0xff, 0xd8, 0x7e, 0xff, 0xff, 0xd8, 0x7e, 0xff,
  0xff, 0xd6, 0x7e, 0xfe, 0xff, 0xd6, 0x7f, 0xfe, 0xff, 0xd6, 0x7e, 0xfe, 0xff, 0xd5, 0x7e, 0xfe,
  0xff, 0xd5, 0x7e, 0xfe, 0xff, 0xd5, 0x7e, 0xff, 0xff, 0xd4, 0x7e, 0xfe, 0xff, 0xd4, 0x7e, 0xfe,
  0xff, 0xd5, 0x80, 0xff, 0xff, 0xd2, 0x7e, 0xfc, 0xff, 0xd5, 0x80, 0xfd, 0xff, 0xde, 0x86, 0xff,
  0xff, 0xd8, 0x84, 0xf1, 0xff, 0xd4, 0x82, 0xb0, 0xff, 0xd2, 0x80, 0x61, 0xff, 0xcf, 0x84, 0x1b,
  0x00, 0x00, 0x00, 0x00, 0x00, 0x00, 0x00, 0x00, 0xff, 0xff, 0x7f, 0x04, 0xff, 0xda, 0x91, 0x07,
  0xff, 0xff, 0x7f, 0x04, 0xff, 0xff, 0xaa, 0x03, 0xff, 0x7f, 0x7f, 0x02, 0xff, 0xff, 0x00, 0x01,
  0x00, 0x00, 0x00, 0x00, 0x00, 0x00, 0x00, 0x00, 0x00, 0x00, 0x00, 0x00, 0x00, 0x00, 0x00, 0x00,
  0x00, 0x00, 0x00, 0x00, 0xff, 0xff, 0xff, 0x01, 0xff, 0x7f, 0x7f, 0x02, 0xff, 0xaa, 0x55, 0x03,
  0xff, 0xcc, 0x66, 0x05, 0xff, 0xda, 0x91, 0x07, 0xff, 0xbf, 0x7f, 0x04, 0x00, 0x00, 0x00, 0x00,
  0x00, 0x00, 0x00, 0x00, 0xff, 0xd1, 0x88, 0x1c, 0xff, 0xc7, 0x83, 0x61, 0xff, 0xc9, 0x83, 0xb0,
  0xff, 0xcd, 0x86, 0xf1, 0xff, 0xd2, 0x8a, 0xff, 0xff, 0xc8, 0x83, 0xfe, 0xff, 0xc5, 0x81, 0xfb,
  0xff, 0xc6, 0x82, 0xfe, 0xff, 0xc4, 0x82, 0xfe, 0xff, 0xc3, 0x82, 0xfe, 0xff, 0xc3, 0x82, 0xfe,
  0xff, 0xc3, 0x83, 0xfe, 0xff, 0xc3, 0x82, 0xfe, 0xff, 0xc2, 0x82, 0xfe, 0xff, 0xc2, 0x82, 0xfe,
  0xff, 0xc2, 0x83, 0xff, 0xff, 0xc2, 0x82, 0xfe, 0xff, 0xc2, 0x82, 0xfe, 0xff, 0xc0, 0x82, 0xfe,
  0xff, 0xbf, 0x83, 0xfe, 0xff, 0xbf, 0x83, 0xfe, 0xff, 0xbd, 0x83, 0xfe, 0xff, 0xbd, 0x83, 0xfe,
  0xff, 0xbf, 0x83, 0xfe, 0xff, 0xbe, 0x84, 0xff, 0xff, 0xbe, 0x84, 0xff, 0xff, 0xbe, 0x83, 0xff,
  0xff, 0xbd, 0x84, 0xfd, 0xff, 0xbf, 0x85, 0xff, 0xff, 0xbf, 0x86, 0xfa, 0xff, 0xbb, 0x85, 0x9b,
  0xff, 0xc6, 0x8d, 0x09, 0x00, 0x00, 0x00, 0x00, 0xff, 0xb6, 0x91, 0x07, 0xff, 0xdf, 0x7f, 0x08,
  0x00, 0x00, 0x00, 0x00, 0xff, 0xcc, 0x7f, 0x0a, 0xff, 0xdb, 0x7d, 0xb5, 0xff, 0xf4, 0x8c, 0xff,
  0xff, 0xe0, 0x80, 0xff, 0xff, 0xdb, 0x7e, 0xf8, 0xff, 0xda, 0x7e, 0xfe, 0xff, 0xd9, 0x7d, 0xfe,
  0xff, 0xd9, 0x7d, 0xfe, 0xff, 0xd9, 0x7d, 0xfe, 0xff, 0xd9, 0x7e, 0xfe, 0xff, 0xd9, 0x7e, 0xfe,
  0xff, 0xd7, 0x7e, 0xfe, 0xff, 0xd7, 0x7f, 0xff, 0xff, 0xd7, 0x7f, 0xff, 0xff, 0xd6, 0x7e, 0xfe,
  0xff, 0xd6, 0x7e, 0xfe, 0xff, 0xd5, 0x7e, 0xfe, 0xff, 0xd5, 0x7f, 0xff, 0xff, 0xd5, 0x7f, 0xff,
  0xff, 0xd4, 0x7e, 0xfe, 0xff, 0xd4, 0x7e, 0xfe, 0xff, 0xd4, 0x7e, 0xfe, 0xff, 0xd3, 0x7e, 0xfe,
  0xff, 0xd3, 0x7e, 0xfe, 0xff, 0xd3, 0x80, 0xff, 0xff, 0xd4, 0x81, 0xfa, 0xff, 0xd7, 0x82, 0xff,
  0xff, 0xe1, 0x89, 0xfd, 0xff, 0xd1, 0x7f, 0xba, 0xff, 0xd0, 0x85, 0x2c, 0x00, 0x00, 0x00, 0x00,
  0x00, 0x01, 0x01, 0x00, 0xff, 0x7f, 0x7f, 0x02, 0xff, 0xff, 0xff, 0x02, 0x00, 0x00, 0x00, 0x00,
  0x00, 0x00, 0x00, 0x00, 0x00, 0x00, 0x00, 0x00, 0x00, 0x00, 0x00, 0x00, 0x00, 0x00, 0x00, 0x00,
  0x00, 0x00, 0x00, 0x00, 0x00, 0x00, 0x00, 0x00, 0x00, 0x00, 0x00, 0x00, 0x00, 0x00, 0x00, 0x00,
  0x00, 0x00, 0x00, 0x00, 0x00, 0x00, 0x00, 0x00, 0x00, 0x00, 0x00, 0x00, 0x00, 0x00, 0x00, 0x00,
  0x00, 0x00, 0x00, 0x00, 0x00, 0x00, 0x00, 0x00, 0x00, 0x00, 0x00, 0x00, 0x00, 0x00, 0x00, 0x00,
  0xff, 0xff, 0x7f, 0x02, 0xff, 0xff, 0xff, 0x01, 0x00, 0x00, 0x01, 0x00, 0x00, 0x00, 0x00, 0x00,
  0xff, 0xca, 0x85, 0x2c, 0xff, 0xc5, 0x82, 0xba, 0xff, 0xd4, 0x8d, 0xfd, 0xff, 0xc9, 0x85, 0xff,
  0xff, 0xc5, 0x83, 0xf9, 0xff, 0xc5, 0x83, 0xfe, 0xff, 0xc3, 0x82, 0xfe, 0xff, 0xc3, 0x82, 0xfe,
  0xff, 0xc3, 0x83, 0xfe, 0xff, 0xc3, 0x83, 0xfe, 0xff, 0xc2, 0x82, 0xfe, 0xff, 0xc1, 0x82, 0xfe,
  0xff, 0xc1, 0x82, 0xfe, 0xff, 0xc1, 0x83, 0xfe, 0xff, 0xc1, 0x83, 0xfe, 0xff, 0xc1, 0x83, 0xfe,
  0xff, 0xbf, 0x83, 0xfe, 0xff, 0xbe, 0x82, 0xfe, 0xff, 0xbe, 0x82, 0xfe, 0xff, 0xbe, 0x83, 0xfe,
  0xff, 0xbe, 0x83, 0xfe, 0xff, 0xbe, 0x83, 0xfe, 0xff, 0xbd, 0x83, 0xfe, 0xff, 0xbc, 0x83, 0xfe,
  0xff, 0xbd, 0x84, 0xfe, 0xff, 0xbc, 0x84, 0xfb, 0xff, 0xbf, 0x86, 0xff, 0xff, 0xc4, 0x8b, 0xff,
  0xff, 0xbb, 0x85, 0xae, 0xff, 0xad, 0x84, 0x19, 0x00, 0x00, 0x00, 0x00, 0xff, 0xcc, 0x99, 0x05,
  0xff, 0xff, 0x7f, 0x02, 0xff, 0x7f, 0x7f, 0x02, 0xff, 0xd9, 0x82, 0x2f, 0xff, 0xdc, 0x7c, 0xc6,
  0xff, 0xf2, 0x8a, 0xff, 0xff, 0xdf, 0x80, 0xff, 0xff, 0xd9, 0x7d, 0xf9, 0xff, 0xd9, 0x7d, 0xfe,
  0xff, 0xd8, 0x7e, 0xfe, 0xff, 0xd8, 0x7e, 0xfe, 0xff, 0xd7, 0x7e, 0xfe, 0xff, 0xd7, 0x7e, 0xfe,
  0xff, 0xd7, 0x7e, 0xfe, 0xff, 0xd5, 0x7e, 0xfe, 0xff, 0xd5, 0x7e, 0xfe, 0xff, 0xd5, 0x7e, 0xfe,
  0xff, 0xd5, 0x7f, 0xff, 0xff, 0xd5, 0x7f, 0xff, 0xff, 0xd3, 0x7e, 0xfe, 0xff, 0xd3, 0x7e, 0xff,
  0xff, 0xd3, 0x7f, 0xff, 0xff, 0xd3, 0x7f, 0xfe, 0xff, 0xd3, 0x7f, 0xfe, 0xff, 0xd3, 0x7f, 0xff,
  0xff, 0xd3, 0x7f, 0xff, 0xff, 0xd1, 0x7f, 0xfe, 0xff, 0xd1, 0x80, 0xfd, 0xff, 0xd9, 0x86, 0xfe,
  0xff, 0xd4, 0x82, 0xff, 0xff, 0xd9, 0x85, 0xc7, 0xff, 0xce, 0x7f, 0x64, 0x00, 0x00, 0x01, 0x00,
  0x00, 0x00, 0x00, 0x00, 0x00, 0x00, 0x00, 0x00, 0xff, 0x7f, 0x7f, 0x02, 0xff, 0xff, 0x7f, 0x02,
  0x00, 0x00, 0x00, 0x00, 0x00, 0x00, 0x00, 0x00, 0x00, 0x00, 0x00, 0x00, 0x00, 0x00, 0x00, 0x00,
  0x00, 0x00, 0x00, 0x00, 0x00, 0x00, 0x00, 0x00, 0x00, 0x00, 0x00, 0x00, 0x00, 0x00, 0x00, 0x00,
  0x00, 0x00, 0x00, 0x00, 0x00, 0x00, 0x00, 0x00, 0x00, 0x00, 0x00, 0x00, 0x00, 0x00, 0x00, 0x00,
  0x00, 0x00, 0x00, 0x00, 0x00, 0x00, 0x00, 0x00, 0x00, 0x00, 0x00, 0x00, 0x00, 0x00, 0x00, 0x00,
  0x00, 0x00, 0x00, 0x00, 0xff, 0x7f, 0x7f, 0x02, 0xff, 0xff, 0xff, 0x01, 0x00, 0x00, 0x00, 0x00,
  0x00, 0x00, 0x00, 0x00, 0x00, 0x00, 0x00, 0x00, 0xff, 0xc4, 0x82, 0x64, 0xff, 0xcb, 0x88, 0xc6,
  0xff, 0xc5, 0x83, 0xfc, 0xff, 0xcb, 0x88, 0xfb, 0xff, 0xc5, 0x84, 0xfb, 0xff, 0xc3, 0x82, 0xfd,
  0xff, 0xc3, 0x82, 0xfe, 0xff, 0xc2, 0x82, 0xfe, 0xff, 0xc1, 0x82, 0xfe, 0xff, 0xc0, 0x82, 0xfe,
  0xff, 0xc0, 0x84, 0xff, 0xff, 0xc1, 0x83, 0xff, 0xff, 0xc2, 0x83, 0xff, 0xff, 0xc2, 0x82, 0xfe,
  0xff, 0xc3, 0x82, 0xfe, 0xff, 0xc4, 0x82, 0xff, 0xff, 0xc4, 0x82, 0xff, 0xff, 0xc4, 0x82, 0xff,
  0xff, 0xc3, 0x82, 0xff, 0xff, 0xc3, 0x82, 0xff, 0xff, 0xc1, 0x82, 0xff, 0xff, 0xbe, 0x83, 0xfe,
  0xff, 0xbc, 0x83, 0xfe, 0xff, 0xbb, 0x84, 0xfe, 0xff, 0xba, 0x84, 0xfa, 0xff, 0xbe, 0x87, 0xff,
  0xff, 0xc9, 0x8e, 0xff, 0xff, 0xbb, 0x85, 0xc3, 0xff, 0xb8, 0x84, 0x36, 0xff, 0x7f, 0x7f, 0x02,
  0xff, 0xff, 0xff, 0x01, 0x00, 0x00, 0x00, 0x00, 0xff, 0xd7, 0x75, 0x0d, 0xff, 0xda, 0x80, 0x5b,
  0xff, 0xdb, 0x7d, 0xd1, 0xff, 0xe5, 0x84, 0xfe, 0xff, 0xdb, 0x7f, 0xff, 0xff, 0xd8, 0x7d, 0xfb,
  0xff, 0xd7, 0x7d, 0xfe, 0xff, 0xd6, 0x7e, 0xfe, 0xff, 0xd6, 0x7e, 0xfe, 0xff, 0xd6, 0x7e, 0xfe,
  0xff, 0xd6, 0x7e, 0xfe, 0xff, 0xd6, 0x7e, 0xfe, 0xff, 0xd5, 0x7e, 0xfe, 0xff, 0xd4, 0x7e, 0xfe,
  0xff, 0xd4, 0x7e, 0xfe, 0xff, 0xd5, 0x7f, 0xff, 0xff, 0xd5, 0x7f, 0xff, 0xff, 0xd3, 0x7e, 0xfe,
  0xff, 0xd3, 0x7e, 0xff, 0xff, 0xd3, 0x7f, 0xff, 0xff, 0xd2, 0x7f, 0xfe, 0xff, 0xd1, 0x7f, 0xfe,
  0xff, 0xd1, 0x80, 0xff, 0xff, 0xd1, 0x80, 0xff, 0xff, 0xd1, 0x7f, 0xfe, 0xff, 0xd0, 0x80, 0xfc,
  0xff, 0xd8, 0x86, 0xfd, 0xff, 0xce, 0x80, 0xe3, 0xff, 0xcc, 0x7e, 0x73, 0xff, 0xcd, 0x83, 0x1f,
  0xff, 0xff, 0xff, 0x01, 0xff, 0xb6, 0x6d, 0x07, 0xff, 0xcc, 0x99, 0x05, 0x00, 0x00, 0x00, 0x00,
  0x00, 0x00, 0x00, 0x00, 0x00, 0x00, 0x00, 0x00, 0x00, 0x00, 0x00, 0x00, 0x00, 0x00, 0x00, 0x00,
  0x00, 0x00, 0x00, 0x00, 0x00, 0x00, 0x00, 0x00, 0x00, 0x00, 0x00, 0x00, 0x00, 0x00, 0x00, 0x00,
  0x00, 0x00, 0x00, 0x00, 0x00, 0x00, 0x00, 0x00, 0x00, 0x00, 0x00, 0x00, 0x00, 0x00, 0x00, 0x00,
  0x00, 0x00, 0x00, 0x00, 0x00, 0x00, 0x00, 0x00, 0x00, 0x00, 0x00, 0x00, 0x00, 0x00, 0x00, 0x00,
  0x00, 0x00, 0x00, 0x00, 0x00, 0x00, 0x00, 0x00, 0x00, 0x00, 0x00, 0x00, 0x00, 0x00, 0x00, 0x00,
  0xff, 0xcc, 0x99, 0x05, 0xff, 0xb6, 0x91, 0x07, 0xff, 0xff, 0xff, 0x01, 0xff, 0xcd, 0x8b, 0x1f,
  0xff, 0xbe, 0x81, 0x76, 0xff, 0xc2, 0x82, 0xec, 0xff, 0xcd, 0x8a, 0xff, 0xff, 0xc2, 0x83, 0xfb,
  0xff, 0xc1, 0x82, 0xfd, 0xff, 0xc1, 0x82, 0xfe, 0xff, 0xc1, 0x82, 0xfe, 0xff, 0xbf, 0x82, 0xfe,
  0xff, 0xbe, 0x82, 0xfe, 0xff, 0xc0, 0x84, 0xff, 0xff, 0xc1, 0x84, 0xff, 0xff, 0xc2, 0x83, 0xff,
  0xff, 0xc3, 0x82, 0xfe, 0xff, 0xc4, 0x82, 0xfe, 0xff, 0xc6, 0x82, 0xff, 0xff, 0xc6, 0x82, 0xff,
  0xff, 0xc6, 0x82, 0xff, 0xff, 0xc5, 0x82, 0xff, 0xff, 0xc4, 0x82, 0xff, 0xff, 0xc2, 0x82, 0xff,
  0xff, 0xc0, 0x83, 0xfe, 0xff, 0xbe, 0x83, 0xfe, 0xff, 0xbc, 0x84, 0xfe, 0xff, 0xbb, 0x84, 0xfa,
  0xff, 0xbc, 0x87, 0xff, 0xff, 0xc6, 0x8d, 0xfe, 0xff, 0xb9, 0x84, 0xd1, 0xff, 0xbd, 0x84, 0x55,
  0xff, 0xb9, 0x73, 0x0b, 0x00, 0x00, 0x00, 0x00, 0x00, 0x00, 0x00, 0x00, 0xff, 0xd8, 0x7b, 0x21,
  0xff, 0xd8, 0x7c, 0x83, 0xff, 0xd8, 0x7d, 0xe3, 0xff, 0xe0, 0x83, 0xff, 0xff, 0xd8, 0x7f, 0xff,
  0xff, 0xd6, 0x7e, 0xfc, 0xff, 0xd6, 0x7f, 0xff, 0xff, 0xd5, 0x7e, 0xfe, 0xff, 0xd5, 0x7e, 0xfe,
  0xff, 0xd5, 0x7f, 0xff, 0xff, 0xd5, 0x7f, 0xfe, 0xff, 0xd5, 0x7e, 0xfe, 0xff, 0xd4, 0x7e, 0xfe,
  0xff, 0xd3, 0x7e, 0xfe, 0xff, 0xd3, 0x7f, 0xfe, 0xff, 0xd3, 0x80, 0xfe, 0xff, 0xd3, 0x80, 0xfe,
  0xff, 0xd2, 0x7f, 0xfe, 0xff, 0xd2, 0x80, 0xff, 0xff, 0xd2, 0x80, 0xff, 0xff, 0xd1, 0x7f, 0xfe,
  0xff, 0xd0, 0x7f, 0xfe, 0xff, 0xcf, 0x80, 0xff, 0xff, 0xce, 0x80, 0xfd, 0xff, 0xd2, 0x81, 0xff,
  0xff, 0xd0, 0x80, 0xfe, 0xff, 0xd0, 0x80, 0xe6, 0xff, 0xd0, 0x81, 0x98, 0xff, 0xc9, 0x78, 0x26,
  0xff, 0xff, 0x00, 0x01, 0x00, 0x00, 0x00, 0x00, 0xff, 0xaa, 0x55, 0x03, 0x00, 0x00, 0x00, 0x00,
  0x00, 0x00, 0x00, 0x00, 0x00, 0x00, 0x00, 0x00, 0x00, 0x00, 0x00, 0x00, 0x00, 0x00, 0x00, 0x00,
  0x00, 0x00, 0x00, 0x00, 0x00, 0x00, 0x00, 0x00, 0x00, 0x00, 0x00, 0x00, 0x00, 0x00, 0x00, 0x00,
  0x00, 0x00, 0x00, 0x00, 0x00, 0x00, 0x00, 0x00, 0x00, 0x00, 0x00, 0x00, 0x00, 0x00, 0x00, 0x00,
  0x00, 0x00, 0x00, 0x00, 0x00, 0x00, 0x00, 0x00, 0x00, 0x00, 0x00, 0x00, 0x00, 0x00, 0x00, 0x00,
  0x00, 0x00, 0x00, 0x00, 0x00, 0x00, 0x00, 0x00, 0x00, 0x00, 0x00, 0x00, 0x00, 0x00, 0x00, 0x00,
  0x00, 0x00, 0x00, 0x00, 0x00, 0x00, 0x00, 0x00, 0xff, 0xbf, 0x7f, 0x04, 0x00, 0x00, 0x00, 0x00,
  0xff, 0xff, 0xff, 0x01, 0xff, 0xbd, 0x7c, 0x2f, 0xff, 0xc0, 0x82, 0xb7, 0xff, 0xc1, 0x84, 0xf9,
  0xff, 0xc0, 0x83, 0xfe, 0xff, 0xc0, 0x83, 0xff, 0xff, 0xc1, 0x83, 0xfc, 0xff, 0xc1, 0x84, 0xfe,
  0xff, 0xbf, 0x83, 0xfe, 0xff, 0xbe, 0x83, 0xfe, 0xff, 0xc0, 0x83, 0xfe, 0xff, 0xc1, 0x83, 0xfe,
  0xff, 0xc1, 0x83, 0xff, 0xff, 0xc1, 0x83, 0xff, 0xff, 0xc1, 0x83, 0xff, 0xff, 0xc2, 0x83, 0xff,
  0xff, 0xc2, 0x83, 0xff, 0xff, 0xc2, 0x83, 0xff, 0xff, 0xc1, 0x83, 0xff, 0xff, 0xc1, 0x83, 0xff,
  0xff, 0xc0, 0x83, 0xff, 0xff, 0xc0, 0x83, 0xff, 0xff, 0xc0, 0x83, 0xff, 0xff, 0xbf, 0x83, 0xff,
  0xfd, 0xbc, 0x83, 0xfc, 0xff, 0xbb, 0x86, 0xff, 0xff, 0xc1, 0x8b, 0xff, 0xff, 0xb6, 0x84, 0xde,
  0xff, 0xbc, 0x82, 0x73, 0xff, 0xc4, 0x7f, 0x1a, 0x00, 0x00, 0x00, 0x00, 0x00, 0x00, 0x00, 0x00,
  0xff, 0xd9, 0x7f, 0x30, 0xff, 0xd6, 0x7c, 0xa4, 0xff, 0xd5, 0x7d, 0xf1, 0xff, 0xdb, 0x82, 0xff,
  0xff, 0xd7, 0x80, 0xff, 0xff, 0xd5, 0x7e, 0xfc, 0xff, 0xd4, 0x7e, 0xfe, 0xff, 0xd5, 0x7e, 0xff,
  0xff, 0xd5, 0x7e, 0xff, 0xff, 0xd5, 0x80, 0xff, 0xff, 0xd4, 0x80, 0xfe, 0xff, 0xd4, 0x7f, 0xfe,
  0xff, 0xd3, 0x7f, 0xfe, 0xff, 0xd3, 0x7f, 0xfe, 0xff, 0xd2, 0x7f, 0xfe, 0xff, 0xd1, 0x80, 0xfe,
  0xff, 0xd1, 0x80, 0xfe, 0xff, 0xd0, 0x7f, 0xfe, 0xff, 0xd1, 0x80, 0xfe, 0xff, 0xd0, 0x80, 0xfe,
  0xff, 0xd0, 0x7f, 0xfe, 0xff, 0xcf, 0x7f, 0xfe, 0xff, 0xce, 0x80, 0xfe, 0xff, 0xcd, 0x80, 0xf8,
  0xff, 0xd8, 0x86, 0xff, 0xff, 0xda, 0x88, 0xff, 0xff, 0xcc, 0x7f, 0xba, 0xff, 0xce, 0x81, 0x3f,
  0xff, 0xff, 0x55, 0x03, 0x00, 0x00, 0x00, 0x00, 0xff, 0xff, 0x00, 0x01, 0xff, 0x7f, 0x7f, 0x02,
  0x00, 0x00, 0x00, 0x00, 0x00, 0x00, 0x00, 0x00, 0x00, 0x00, 0x00, 0x00, 0x00, 0x00, 0x00, 0x00,
  0x00, 0x00, 0x00, 0x00, 0x00, 0x00, 0x00, 0x00, 0x00, 0x00, 0x00, 0x00, 0x00, 0x00, 0x00, 0x00,
  0x00, 0x00, 0x00, 0x00, 0x00, 0x00, 0x00, 0x00, 0x00, 0x00, 0x00, 0x00, 0x00, 0x00, 0x00, 0x00,
  0x00, 0x00, 0x00, 0x00, 0x00, 0x00, 0x00, 0x00, 0x00, 0x00, 0x00, 0x00, 0x00, 0x00, 0x00, 0x00,
  0x00, 0x00, 0x00, 0x00, 0x00, 0x00, 0x00, 0x00, 0x00, 0x00, 0x00, 0x00, 0x00, 0x00, 0x00, 0x00,
  0x00, 0x00, 0x00, 0x00, 0x00, 0x00, 0x00, 0x00, 0x00, 0x00, 0x00, 0x00, 0xff, 0xaa, 0x55, 0x03,
  0xff, 0xff, 0x00, 0x01, 0x00, 0x00, 0x00, 0x00, 0xff, 0xbf, 0x7f, 0x08, 0xff, 0xbd, 0x82, 0x52,
  0xff, 0xbe, 0x82, 0xc5, 0xff, 0xc9, 0x8b, 0xff, 0xff, 0xc6, 0x88, 0xff, 0xfd, 0xbe, 0x83, 0xf9,
  0xfd, 0xbf, 0x84, 0xfe, 0xfd, 0xbf, 0x84, 0xff, 0xfe, 0xbf, 0x84, 0xff, 0xff, 0xbf, 0x83, 0xfe,
  0xff, 0xbf, 0x83, 0xfe, 0xff, 0xc0, 0x84, 0xff, 0xff, 0xbf, 0x84, 0xff, 0xff, 0xbf, 0x84, 0xff,
  0xff, 0xbe, 0x84, 0xff, 0xff, 0xbe, 0x84, 0xff, 0xff, 0xbe, 0x84, 0xff, 0xff, 0xbd, 0x84, 0xff,
  0xff, 0xbd, 0x84, 0xff, 0xff, 0xbd, 0x84, 0xff, 0xff, 0xbe, 0x83, 0xff, 0xff, 0xbe, 0x83, 0xff,
  0xff, 0xbd, 0x83, 0xff, 0xfc, 0xbb, 0x83, 0xfd, 0xff, 0xbb, 0x86, 0xff, 0xff, 0xbd, 0x89, 0xff,
  0xff, 0xb5, 0x85, 0xe9, 0xff, 0xb8, 0x84, 0x90, 0xff, 0xb8, 0x85, 0x28, 0x00, 0x00, 0x00, 0x00,
  0x00, 0x00, 0x00, 0x00, 0xff, 0xd4, 0x7b, 0x3c, 0xff, 0xd3, 0x7e, 0xbd, 0xff, 0xd6, 0x7e, 0xfa,
  0xff, 0xd8, 0x81, 0xff, 0xff, 0xd7, 0x80, 0xff, 0xff, 0xd4, 0x7e, 0xfc, 0xff, 0xd3, 0x7e, 0xfe,
  0xff, 0xd5, 0x7f, 0xff, 0xff, 0xd5, 0x7f, 0xff, 0xff, 0xd4, 0x80, 0xff, 0xff, 0xd3, 0x80, 0xfe,
  0xff, 0xd3, 0x80, 0xfe, 0xff, 0xd2, 0x7f, 0xfe, 0xff, 0xd2, 0x7f, 0xfe, 0xff, 0xd1, 0x7f, 0xfe,
  0xff, 0xd0, 0x7f, 0xfe, 0xff, 0xd0, 0x7f, 0xfe, 0xff, 0xcf, 0x7f, 0xfe, 0xff, 0xcf, 0x80, 0xfe,
  0xff, 0xcf, 0x80, 0xfe, 0xff, 0xcf, 0x80, 0xfe, 0xff, 0xce, 0x80, 0xfe, 0xff, 0xcd, 0x80, 0xfe,
  0xff, 0xcc, 0x80, 0xf8, 0xff, 0xd7, 0x86, 0xff, 0xff, 0xd7, 0x86, 0xfa, 0xff, 0xcf, 0x84, 0x87,
  0xff, 0xd4, 0xaa, 0x06, 0xff, 0xff, 0x00, 0x01, 0xff, 0xff, 0x99, 0x05, 0x00, 0x00, 0x00, 0x00,
  0xff, 0x00, 0x00, 0x01, 0x00, 0x00, 0x00, 0x00, 0x00, 0x00, 0x00, 0x00, 0x00, 0x00, 0x00, 0x00,
  0x00, 0x00, 0x00, 0x00, 0x00, 0x00, 0x00, 0x00, 0x00, 0x00, 0x00, 0x00, 0x00, 0x00, 0x00, 0x00,
  0x00, 0x00, 0x00, 0x00, 0x00, 0x00, 0x00, 0x00, 0x00, 0x00, 0x00, 0x00, 0x00, 0x00, 0x00, 0x00,
  0x00, 0x00, 0x00, 0x00, 0x00, 0x00, 0x00, 0x00, 0x00, 0x00, 0x00, 0x00, 0x00, 0x00, 0x00, 0x00,
  0x00, 0x00, 0x00, 0x00, 0x00, 0x00, 0x00, 0x00, 0x00, 0x00, 0x00, 0x00, 0x00, 0x00, 0x00, 0x00,
  0x00, 0x00, 0x00, 0x00, 0x00, 0x00, 0x00, 0x00, 0x00, 0x00, 0x00, 0x00, 0x00, 0x00, 0x00, 0x00,
  0xff, 0x00, 0x00, 0x01, 0x00, 0x00, 0x00, 0x00, 0xff, 0xcc, 0x99, 0x05, 0x00, 0x00, 0x00, 0x00,
  0xff, 0xbf, 0x7f, 0x04, 0xff, 0xc1, 0x85, 0x88, 0xff, 0xc8, 0x8a, 0xfc, 0xff, 0xc8, 0x8a, 0xff,
  0xfc, 0xbc, 0x82, 0xf9, 0xfd, 0xbc, 0x83, 0xfe, 0xfd, 0xbd, 0x84, 0xff, 0xfe, 0xbd, 0x84, 0xff,
  0xff, 0xbc, 0x84, 0xff, 0xff, 0xbc, 0x84, 0xff, 0xff, 0xbd, 0x84, 0xff, 0xff, 0xbc, 0x84, 0xff,
  0xff, 0xbc, 0x84, 0xff, 0xff, 0xbb, 0x84, 0xff, 0xff, 0xbb, 0x84, 0xff, 0xff, 0xbb, 0x84, 0xff,
  0xff, 0xba, 0x84, 0xff, 0xff, 0xba, 0x84, 0xff, 0xff, 0xba, 0x84, 0xff, 0xff, 0xba, 0x84, 0xff,
  0xff, 0xba, 0x84, 0xff, 0xff, 0xb9, 0x84, 0xff, 0xfd, 0xb9, 0x84, 0xfd, 0xff, 0xba, 0x86, 0xff,
  0xff, 0xba, 0x87, 0xff, 0xff, 0xb5, 0x86, 0xf4, 0xff, 0xb6, 0x86, 0xaf, 0xfa, 0xb3, 0x88, 0x36,
  0x00, 0x00, 0x00, 0x00, 0x00, 0x00, 0x00, 0x00, 0xff, 0xd3, 0x7f, 0x46, 0xff, 0xd3, 0x7e, 0xd3,
  0xff, 0xd8, 0x81, 0xff, 0xff, 0xd5, 0x7e, 0xfd, 0xff, 0xd5, 0x7f, 0xff, 0xff, 0xd3, 0x80, 0xfd,
  0xff, 0xd3, 0x80, 0xff, 0xff, 0xd3, 0x80, 0xff, 0xff, 0xd3, 0x80, 0xff, 0xff, 0xd2, 0x80, 0xff,
  0xff, 0xd0, 0x80, 0xfe, 0xff, 0xd0, 0x80, 0xfe, 0xff, 0xcf, 0x7f, 0xfe, 0xff, 0xd0, 0x7f, 0xfe,
  0xff, 0xcf, 0x7f, 0xfe, 0xff, 0xce, 0x7f, 0xfe, 0xff, 0xce, 0x7f, 0xfe, 0xff, 0xce, 0x80, 0xfe,
  0xff, 0xcd, 0x80, 0xfe, 0xff, 0xcd, 0x80, 0xfe, 0xff, 0xce, 0x81, 0xff, 0xff, 0xce, 0x81, 0xfd,
  0xff, 0xcc, 0x80, 0xfe, 0xff, 0xcd, 0x81, 0xfd, 0xff, 0xcf, 0x82, 0xfa, 0xff, 0xd0, 0x83, 0xd2,
  0xff, 0xcf, 0x83, 0x5b, 0x00, 0x00, 0x00, 0x00, 0x00, 0x00, 0x00, 0x00, 0xff, 0xcc, 0x99, 0x05,
  0x00, 0x00, 0x00, 0x00, 0x00, 0x00, 0x00, 0x00, 0x00, 0x00, 0x00, 0x00, 0x00, 0x00, 0x00, 0x00,
  0x00, 0x00, 0x00, 0x00, 0x00, 0x00, 0x00, 0x00, 0x00, 0x00, 0x00, 0x00, 0x00, 0x00, 0x00, 0x00,
  0x00, 0x00, 0x00, 0x00, 0x00, 0x00, 0x00, 0x00, 0x00, 0x00, 0x00, 0x00, 0x00, 0x00, 0x00, 0x00,
  0x00, 0x00, 0x00, 0x00, 0x00, 0x00, 0x00, 0x00, 0x00, 0x00, 0x00, 0x00, 0x00, 0x00, 0x00, 0x00,
  0x00, 0x00, 0x00, 0x00, 0x00, 0x00, 0x00, 0x00, 0x00, 0x00, 0x00, 0x00, 0x00, 0x00, 0x00, 0x00,
  0x00, 0x00, 0x00, 0x00, 0x00, 0x00, 0x00, 0x00, 0x00, 0x00, 0x00, 0x00, 0x00, 0x00, 0x00, 0x00,
  0x00, 0x00, 0x00, 0x00, 0x00, 0x00, 0x00, 0x00, 0x00, 0x00, 0x00, 0x00, 0xff, 0xaa, 0x7f, 0x06,
  0x00, 0x00, 0x00, 0x00, 0x00, 0x00, 0x00, 0x00, 0xff, 0xbc, 0x83, 0x63, 0xff, 0xbe, 0x84, 0xdf,
  0xfc, 0xbf, 0x85, 0xfe, 0xfc, 0xbb, 0x82, 0xfe, 0xff, 0xba, 0x84, 0xfe, 0xff, 0xba, 0x85, 0xfd,
  0xff, 0xb9, 0x84, 0xff, 0xff, 0xb9, 0x84, 0xff, 0xff, 0xb9, 0x84, 0xff, 0xff, 0xb9, 0x84, 0xff,
  0xff, 0xb8, 0x85, 0xff, 0xff, 0xb8, 0x85, 0xff, 0xff, 0xb8, 0x85, 0xff, 0xff, 0xb8, 0x85, 0xff,
  0xff, 0xb8, 0x85, 0xff, 0xff, 0xb7, 0x84, 0xff, 0xff, 0xb7, 0x84, 0xff, 0xff, 0xb7, 0x84, 0xff,
  0xff, 0xb7, 0x85, 0xff, 0xff, 0xb7, 0x85, 0xff, 0xff, 0xb7, 0x85, 0xff, 0xff, 0xb6, 0x84, 0xfe,
  0xff, 0xb6, 0x85, 0xff, 0xfd, 0xb5, 0x85, 0xfe, 0xff, 0xb7, 0x88, 0xfd, 0xfd, 0xb4, 0x86, 0xd0,
  0xf7, 0xb2, 0x83, 0x46, 0x00, 0x00, 0x00, 0x00, 0x00, 0x00, 0x00, 0x00, 0xff, 0xd5, 0x7f, 0x4a,
  0xff, 0xd3, 0x7e, 0xde, 0xff, 0xda, 0x83, 0xff, 0xff, 0xd3, 0x7f, 0xfc, 0xff, 0xd3, 0x7f, 0xff,
  0xff, 0xd1, 0x80, 0xfe, 0xff, 0xd2, 0x80, 0xff, 0xff, 0xd1, 0x80, 0xff, 0xff, 0xd1, 0x80, 0xff,
  0xff, 0xd0, 0x80, 0xff, 0xff, 0xcf, 0x80, 0xfe, 0xff, 0xcf, 0x80, 0xfe, 0xff, 0xce, 0x7f, 0xfe,
  0xff, 0xce, 0x7f, 0xfe, 0xff, 0xce, 0x7f, 0xfe, 0xff, 0xce, 0x7f, 0xfe, 0xff, 0xce, 0x7f, 0xfe,
  0xff, 0xce, 0x80, 0xfe, 0xff, 0xcd, 0x80, 0xfe, 0xff, 0xcc, 0x80, 0xfe, 0xff, 0xcc, 0x81, 0xff,
  0xff, 0xcc, 0x80, 0xfc, 0xff, 0xcc, 0x80, 0xfe, 0xff, 0xd2, 0x85, 0xff, 0xff, 0xc9, 0x80, 0xef,
  0xff, 0xc8, 0x81, 0xa0, 0xff, 0xce, 0x83, 0x3a, 0xff, 0xff, 0x7f, 0x02, 0xff, 0xff, 0x00, 0x01,
  0xff, 0x99, 0x66, 0x05, 0x00, 0x00, 0x00, 0x00, 0x00, 0x00, 0x00, 0x00, 0x00, 0x00, 0x00, 0x00,
  0x00, 0x00, 0x00, 0x00, 0x00, 0x00, 0x00, 0x00, 0x00, 0x00, 0x00, 0x00, 0x00, 0x00, 0x00, 0x00,
  0x00, 0x00, 0x00, 0x00, 0x00, 0x00, 0x00, 0x00, 0x00, 0x00, 0x00, 0x00, 0x00, 0x00, 0x00, 0x00,
  0x00, 0x00, 0x00, 0x00, 0x00, 0x00, 0x00, 0x00, 0x00, 0x00, 0x00, 0x00, 0x00, 0x00, 0x00, 0x00,
  0x00, 0x00, 0x00, 0x00, 0x00, 0x00, 0x00, 0x00, 0x00, 0x00, 0x00, 0x00, 0x00, 0x00, 0x00, 0x00,
  0x00, 0x00, 0x00, 0x00, 0x00, 0x00, 0x00, 0x00, 0x00, 0x00, 0x00, 0x00, 0x00, 0x00, 0x00, 0x00,
  0x00, 0x00, 0x00, 0x00, 0x00, 0x00, 0x00, 0x00, 0x00, 0x00, 0x00, 0x00, 0x00, 0x00, 0x00, 0x00,
  0xff, 0xcc, 0x99, 0x05, 0xff, 0xff, 0xff, 0x01, 0xff, 0xaa, 0x55, 0x03, 0xff, 0xba, 0x81, 0x47,
  0xff, 0xb8, 0x81, 0xb5, 0xfc, 0xba, 0x83, 0xf5, 0xff, 0xbe, 0x87, 0xff, 0xff, 0xb7, 0x85, 0xfe,
  0xff, 0xb7, 0x85, 0xfc, 0xff, 0xb6, 0x84, 0xff, 0xff, 0xb6, 0x84, 0xff, 0xff, 0xb6, 0x84, 0xff,
  0xff, 0xb6, 0x84, 0xff, 0xff, 0xb5, 0x85, 0xff, 0xff, 0xb5, 0x85, 0xff, 0xff, 0xb5, 0x85, 0xff,
  0xff, 0xb5, 0x85, 0xff, 0xff, 0xb5, 0x85, 0xff, 0xff, 0xb5, 0x85, 0xff, 0xff, 0xb5, 0x85, 0xff,
  0xff, 0xb4, 0x85, 0xff, 0xff, 0xb4, 0x85, 0xff, 0xff, 0xb4, 0x85, 0xff, 0xff, 0xb4, 0x85, 0xff,
  0xff, 0xb3, 0x85, 0xfe, 0xff, 0xb3, 0x85, 0xff, 0xfd, 0xb1, 0x84, 0xfe, 0xff, 0xb9, 0x8a, 0xff,
  0xfc, 0xb1, 0x86, 0xe0, 0xf8, 0xb1, 0x86, 0x4c, 0x00, 0x00, 0x00, 0x00, 0x00, 0x00, 0x00, 0x00,
  0xff, 0xd5, 0x7d, 0x4f, 0xff, 0xd3, 0x7e, 0xe8, 0xff, 0xdb, 0x85, 0xff, 0xff, 0xd1, 0x80, 0xfb,
  0xff, 0xd2, 0x80, 0xff, 0xff, 0xd0, 0x80, 0xfe, 0xff, 0xd0, 0x80, 0xfe, 0xff, 0xd0, 0x80, 0xff,
  0xff, 0xd0, 0x80, 0xff, 0xff, 0xcf, 0x7f, 0xfe, 0xff, 0xcf, 0x80, 0xfe, 0xff, 0xcf, 0x80, 0xfe,
  0xff, 0xce, 0x80, 0xfe, 0xff, 0xcd, 0x80, 0xfe, 0xff, 0xcd, 0x80, 0xfe, 0xff, 0xcd, 0x80, 0xfe,
  0xff, 0xcd, 0x80, 0xfe, 0xff, 0xcd, 0x81, 0xff, 0xff, 0xcc, 0x81, 0xff, 0xff, 0xcb, 0x80, 0xfe,
  0xff, 0xca, 0x80, 0xfe, 0xff, 0xcb, 0x80, 0xfb, 0xff, 0xcb, 0x80, 0xff, 0xff, 0xd7, 0x89, 0xff,
  0xff, 0xc9, 0x81, 0xe2, 0xff, 0xc7, 0x82, 0x73, 0xff, 0xd3, 0x83, 0x1d, 0x00, 0x00, 0x00, 0x00,
  0x00, 0x00, 0x00, 0x00, 0xff, 0xaa, 0x55, 0x03, 0x00, 0x00, 0x00, 0x00, 0x00, 0x00, 0x00, 0x00,
  0x00, 0x00, 0x00, 0x00, 0x00, 0x00, 0x00, 0x00, 0x00, 0x00, 0x00, 0x00, 0x00, 0x00, 0x00, 0x00,
  0x00, 0x00, 0x00, 0x00, 0x00, 0x00, 0x00, 0x00, 0x00, 0x00, 0x00, 0x00, 0x00, 0x00, 0x00, 0x00,
  0x00, 0x00, 0x00, 0x00, 0x00, 0x00, 0x00, 0x00, 0x00, 0x00, 0x00, 0x00, 0x00, 0x00, 0x00, 0x00,
  0x00, 0x00, 0x00, 0x00, 0x00, 0x00, 0x00, 0x00, 0x00, 0x00, 0x00, 0x00, 0x00, 0x00, 0x00, 0x00,
  0x00, 0x00, 0x00, 0x00, 0x00, 0x00, 0x00, 0x00, 0x00, 0x00, 0x00, 0x00, 0x00, 0x00, 0x00, 0x00,
  0x00, 0x00, 0x00, 0x00, 0x00, 0x00, 0x00, 0x00, 0x00, 0x00, 0x00, 0x00, 0x00, 0x00, 0x00, 0x00,
  0x00, 0x00, 0x00, 0x00, 0xff, 0xff, 0xaa, 0x03, 0x00, 0x00, 0x00, 0x00, 0x00, 0x00, 0x00, 0x00,
  0xff, 0xbd, 0x89, 0x27, 0xff, 0xb8, 0x83, 0x82, 0xfc, 0xb6, 0x83, 0xe6, 0xff, 0xbf, 0x8c, 0xff,
  0xff, 0xb4, 0x86, 0xff, 0xff, 0xb4, 0x85, 0xfc, 0xff, 0xb4, 0x85, 0xff, 0xff, 0xb3, 0x85, 0xff,
  0xff, 0xb3, 0x85, 0xff, 0xff, 0xb3, 0x85, 0xff, 0xff, 0xb2, 0x85, 0xff, 0xff, 0xb2, 0x85, 0xff,
  0xff, 0xb2, 0x86, 0xff, 0xff, 0xb2, 0x85, 0xff, 0xff, 0xb2, 0x85, 0xff, 0xff, 0xb2, 0x86, 0xff,
  0xff, 0xb2, 0x86, 0xff, 0xff, 0xb1, 0x86, 0xff, 0xff, 0xb1, 0x86, 0xff, 0xff, 0xb1, 0x86, 0xff,
  0xff, 0xb1, 0x86, 0xff, 0xff, 0xb0, 0x86, 0xfe, 0xff, 0xb0, 0x86, 0xff, 0xff, 0xb0, 0x85, 0xfc,
  0xff, 0xb8, 0x8c, 0xff, 0xfc, 0xae, 0x86, 0xe8, 0xf8, 0xac, 0x85, 0x50, 0x00, 0x00, 0x00, 0x00,
  0x00, 0x00, 0x00, 0x00, 0xff, 0xd4, 0x7e, 0x59, 0xff, 0xd5, 0x82, 0xf8, 0xff, 0xe1, 0x89, 0xff,
  0xff, 0xcf, 0x7f, 0xf8, 0xff, 0xd0, 0x80, 0xfe, 0xff, 0xcf, 0x80, 0xfe, 0xff, 0xcf, 0x80, 0xfe,
  0xff, 0xcf, 0x80, 0xff, 0xff, 0xcf, 0x80, 0xff, 0xff, 0xce, 0x7f, 0xfe, 0xff, 0xce, 0x81, 0xff,
  0xff, 0xce, 0x81, 0xff, 0xff, 0xcd, 0x80, 0xfe, 0xff, 0xcc, 0x80, 0xfe, 0xff, 0xcc, 0x81, 0xff,
  0xff, 0xcc, 0x80, 0xfe, 0xff, 0xcc, 0x80, 0xfe, 0xff, 0xcc, 0x82, 0xff, 0xff, 0xcb, 0x82, 0xff,
  0xff, 0xca, 0x81, 0xfe, 0xff, 0xc9, 0x81, 0xfe, 0xff, 0xca, 0x81, 0xfa, 0xff, 0xca, 0x82, 0xff,
  0xff, 0xda, 0x8d, 0xff, 0xff, 0xcb, 0x83, 0xd8, 0xff, 0xc8, 0x85, 0x54, 0xff, 0x9f, 0x7f, 0x08,
  0x00, 0x00, 0x01, 0x00, 0x00, 0x00, 0x00, 0x00, 0xff, 0x7f, 0x7f, 0x02, 0x00, 0x00, 0x00, 0x00,
  0x00, 0x00, 0x00, 0x00, 0x00, 0x00, 0x00, 0x00, 0x00, 0x00, 0x00, 0x00, 0x00, 0x00, 0x00, 0x00,
  0x00, 0x00, 0x00, 0x00, 0x00, 0x00, 0x00, 0x00, 0x00, 0x00, 0x00, 0x00, 0x00, 0x00, 0x00, 0x00,
  0x00, 0x00, 0x00, 0x00, 0x00, 0x00, 0x00, 0x00, 0x00, 0x00, 0x00, 0x00, 0x00, 0x00, 0x00, 0x00,
  0x00, 0x00, 0x00, 0x00, 0x00, 0x00, 0x00, 0x00, 0x00, 0x00, 0x00, 0x00, 0x00, 0x00, 0x00, 0x00,
  0x00, 0x00, 0x00, 0x00, 0x00, 0x00, 0x00, 0x00, 0x00, 0x00, 0x00, 0x00, 0x00, 0x00, 0x00, 0x00,
  0x00, 0x00, 0x00, 0x00, 0x00, 0x00, 0x00, 0x00, 0x00, 0x00, 0x00, 0x00, 0x00, 0x00, 0x00, 0x00,
  0x00, 0x00, 0x00, 0x00, 0x00, 0x00, 0x00, 0x00, 0xff, 0xff, 0xff, 0x01, 0x00, 0x00, 0x00, 0x00,
  0xff, 0xff, 0xff, 0x01, 0xff, 0xcc, 0x7f, 0x0a, 0xf8, 0xb1, 0x82, 0x4c, 0xfc, 0xb2, 0x85, 0xd6,
  0xff, 0xc1, 0x92, 0xff, 0xff, 0xb1, 0x87, 0xff, 0xff, 0xb0, 0x86, 0xfb, 0xff, 0xb0, 0x86, 0xff,
  0xff, 0xb0, 0x86, 0xff, 0xff, 0xb0, 0x86, 0xff, 0xff, 0xb0, 0x86, 0xff, 0xff, 0xb0, 0x86, 0xff,
  0xff, 0xb0, 0x86, 0xff, 0xff, 0xaf, 0x86, 0xff, 0xff, 0xaf, 0x85, 0xff, 0xff, 0xaf, 0x86, 0xff,
  0xff, 0xae, 0x87, 0xff, 0xff, 0xae, 0x87, 0xff, 0xff, 0xae, 0x87, 0xff, 0xff, 0xae, 0x87, 0xff,
  0xff, 0xae, 0x87, 0xff, 0xff, 0xae, 0x87, 0xff, 0xff, 0xad, 0x87, 0xff, 0xff, 0xad, 0x86, 0xff,
  0xff, 0xad, 0x86, 0xf9, 0xff, 0xba, 0x91, 0xff, 0xfd, 0xaf, 0x88, 0xf8, 0xf6, 0xa8, 0x83, 0x5b,
  0x00, 0x00, 0x00, 0x00, 0x00, 0x00, 0x00, 0x00, 0xff, 0xd1, 0x80, 0x5f, 0xff, 0xd9, 0x85, 0xff,
  0xff, 0xe3, 0x8c, 0xff, 0xff, 0xce, 0x7f, 0xf6, 0xff, 0xce, 0x80, 0xfe, 0xff, 0xcf, 0x80, 0xfe,
  0xff, 0xcf, 0x80, 0xfe, 0xff, 0xcf, 0x80, 0xff, 0xff, 0xce, 0x80, 0xff, 0xff, 0xcd, 0x80, 0xfe,
  0xff, 0xcc, 0x81, 0xff, 0xff, 0xcc, 0x81, 0xff, 0xff, 0xcb, 0x80, 0xfe, 0xff, 0xca, 0x80, 0xfe,
  0xff, 0xca, 0x81, 0xff, 0xff, 0xca, 0x80, 0xfe, 0xff, 0xca, 0x80, 0xfe, 0xff, 0xca, 0x82, 0xff,
  0xff, 0xc9, 0x82, 0xff, 0xff, 0xc8, 0x81, 0xfe, 0xff, 0xc9, 0x81, 0xfe, 0xff, 0xc8, 0x82, 0xfa,
  0xff, 0xc8, 0x83, 0xff, 0xff, 0xdc, 0x8f, 0xff, 0xff, 0xca, 0x83, 0xd0, 0xff, 0xc8, 0x88, 0x38,
  0x00, 0x00, 0x00, 0x00, 0xff, 0xff, 0x7f, 0x02, 0x00, 0x00, 0x00, 0x00, 0xff, 0xff, 0xff, 0x01,
  0x00, 0x00, 0x00, 0x00, 0x00, 0x00, 0x00, 0x00, 0x00, 0x00, 0x00, 0x00, 0x00, 0x00, 0x00, 0x00,
  0x00, 0x00, 0x00, 0x00, 0x00, 0x00, 0x00, 0x00, 0x00, 0x00, 0x00, 0x00, 0x00, 0x00, 0x00, 0x00,
  0x00, 0x00, 0x00, 0x00, 0x00, 0x00, 0x00, 0x00, 0x00, 0x00, 0x00, 0x00, 0x00, 0x00, 0x00, 0x00,
  0x00, 0x00, 0x00, 0x00, 0x00, 0x00, 0x00, 0x00, 0x00, 0x00, 0x00, 0x00, 0x00, 0x00, 0x00, 0x00,
  0x00, 0x00, 0x00, 0x00, 0x00, 0x00, 0x00, 0x00, 0x00, 0x00, 0x00, 0x00, 0x00, 0x00, 0x00, 0x00,
  0x00, 0x00, 0x00, 0x00, 0x00, 0x00, 0x00, 0x00, 0x00, 0x00, 0x00, 0x00, 0x00, 0x00, 0x00, 0x00,
  0x00, 0x00, 0x00, 0x00, 0x00, 0x00, 0x00, 0x00, 0x00, 0x00, 0x00, 0x00, 0xff, 0xff, 0x00, 0x01,
  0x00, 0x00, 0x00, 0x00, 0xff, 0xaa, 0x55, 0x03, 0x00, 0x00, 0x00, 0x00, 0xe5, 0x9e, 0x7a, 0x32,
  0xfc, 0xae, 0x85, 0xce, 0xff, 0xc0, 0x95, 0xff, 0xff, 0xaf, 0x88, 0xff, 0xff, 0xad, 0x86, 0xfb,
  0xff, 0xad, 0x86, 0xff, 0xff, 0xad, 0x87, 0xff, 0xff, 0xad, 0x87, 0xff, 0xff, 0xad, 0x87, 0xff,
  0xff, 0xad, 0x87, 0xff, 0xff, 0xad, 0x87, 0xff, 0xff, 0xad, 0x86, 0xff, 0xff, 0xad, 0x87, 0xff,
  0xff, 0xac, 0x88, 0xff, 0xff, 0xab, 0x87, 0xff, 0xff, 0xab, 0x87, 0xff, 0xff, 0xab, 0x87, 0xff,
  0xff, 0xab, 0x88, 0xff, 0xff, 0xab, 0x88, 0xff, 0xff, 0xab, 0x88, 0xff, 0xff, 0xaa, 0x87, 0xff,
  0xff, 0xaa, 0x87, 0xff, 0xff, 0xaa, 0x87, 0xf6, 0xff, 0xba, 0x94, 0xff, 0xff, 0xb1, 0x8c, 0xff,
  0xf4, 0xa4, 0x80, 0x63, 0x00, 0x00, 0x00, 0x00, 0x00, 0x00, 0x00, 0x00, 0xff, 0xce, 0x7f, 0x5e,
  0xff, 0xd7, 0x84, 0xff, 0xff, 0xe2, 0x8c, 0xff, 0xff, 0xcd, 0x80, 0xf6, 0xff, 0xcd, 0x80, 0xfe,
  0xff, 0xcd, 0x81, 0xff, 0xff, 0xcd, 0x81, 0xff, 0xff, 0xcd, 0x81, 0xff, 0xff, 0xcc, 0x81, 0xff,
  0xff, 0xcb, 0x81, 0xff, 0xff, 0xcb, 0x80, 0xfe, 0xff, 0xcb, 0x80, 0xfe, 0xff, 0xca, 0x81, 0xff,
  0xff, 0xc9, 0x81, 0xff, 0xff, 0xc9, 0x81, 0xfe, 0xff, 0xc9, 0x82, 0xff, 0xff, 0xc9, 0x82, 0xff,
  0xff, 0xc9, 0x82, 0xff, 0xff, 0xc8, 0x81, 0xfe, 0xff, 0xc7, 0x81, 0xfe, 0xff, 0xc7, 0x81, 0xfe,
  0xff, 0xc7, 0x82, 0xf9, 0xff, 0xc7, 0x82, 0xff, 0xff, 0xdd, 0x91, 0xff, 0xff, 0xc6, 0x82, 0xc8,
  0xff, 0xc4, 0x89, 0x1a, 0x00, 0x00, 0x00, 0x00, 0xff, 0xcc, 0x66, 0x05, 0xff, 0xff, 0x7f, 0x02,
  0x00, 0x00, 0x00, 0x00, 0x00, 0x00, 0x00, 0x00, 0x00, 0x00, 0x00, 0x00, 0x00, 0x00, 0x00, 0x00,
  0x00, 0x00, 0x00, 0x00, 0x00, 0x00, 0x00, 0x00, 0x00, 0x00, 0x00, 0x00, 0x00, 0x00, 0x00, 0x00,
  0x00, 0x00, 0x00, 0x00, 0x00, 0x00, 0x00, 0x00, 0x00, 0x00, 0x00, 0x00, 0x00, 0x00, 0x00, 0x00,
  0x00, 0x00, 0x00, 0x00, 0x00, 0x00, 0x00, 0x00, 0x00, 0x00, 0x00, 0x00, 0x00, 0x00, 0x00, 0x00,
  0x00, 0x00, 0x00, 0x00, 0x00, 0x00, 0x00, 0x00, 0x00, 0x00, 0x00, 0x00, 0x00, 0x00, 0x00, 0x00,
  0x00, 0x00, 0x00, 0x00, 0x00, 0x00, 0x00, 0x00, 0x00, 0x00, 0x00, 0x00, 0x00, 0x00, 0x00, 0x00,
  0x00, 0x00, 0x00, 0x00, 0x00, 0x00, 0x00, 0x00, 0x00, 0x00, 0x00, 0x00, 0x00, 0x00, 0x00, 0x00,
  0x00, 0x00, 0x00, 0x00, 0xff, 0xff, 0xff, 0x01, 0xcc, 0x66, 0x66, 0x05, 0x00, 0x00, 0x00, 0x00,
  0xce, 0x8d, 0x6c, 0x2f, 0xfa, 0xa9, 0x85, 0xce, 0xff, 0xbe, 0x97, 0xff, 0xff, 0xab, 0x89, 0xff,
  0xff, 0xa9, 0x88, 0xfb, 0xff, 0xaa, 0x88, 0xff, 0xff, 0xaa, 0x88, 0xff, 0xff, 0xab, 0x88, 0xff,
  0xff, 0xaa, 0x88, 0xff, 0xff, 0xa9, 0x88, 0xff, 0xff, 0xa9, 0x88, 0xff, 0xff, 0xaa, 0x88, 0xff,
  0xff, 0xaa, 0x89, 0xff, 0xff, 0xa9, 0x89, 0xff, 0xff, 0xa8, 0x88, 0xff, 0xff, 0xa8, 0x88, 0xff,
  0xff, 0xa7, 0x88, 0xff, 0xff, 0xa8, 0x88, 0xff, 0xff, 0xa8, 0x88, 0xff, 0xff, 0xa8, 0x89, 0xff,
  0xff, 0xa7, 0x89, 0xff, 0xff, 0xa7, 0x89, 0xff, 0xff, 0xa6, 0x89, 0xf7, 0xff, 0xb7, 0x96, 0xff,
  0xff, 0xad, 0x8d, 0xff, 0xf2, 0x9f, 0x83, 0x63, 0x00, 0x00, 0x00, 0x00, 0x00, 0x00, 0x00, 0x00,
  0xff, 0xce, 0x7f, 0x5e, 0xff, 0xd5, 0x84, 0xfe, 0xff, 0xe0, 0x8c, 0xff, 0xff, 0xcd, 0x80, 0xf6,
  0xff, 0xcd, 0x81, 0xff, 0xff, 0xcc, 0x81, 0xff, 0xff, 0xcb, 0x80, 0xfe, 0xff, 0xcc, 0x81, 0xff,
  0xff, 0xcb, 0x81, 0xff, 0xff, 0xca, 0x81, 0xfe, 0xff, 0xcb, 0x81, 0xfe, 0xff, 0xca, 0x81, 0xfe,
  0xff, 0xc9, 0x81, 0xff, 0xff, 0xc8, 0x81, 0xff, 0xff, 0xc8, 0x81, 0xfe, 0xff, 0xc8, 0x82, 0xff,
  0xff, 0xc8, 0x82, 0xff, 0xff, 0xc8, 0x82, 0xff, 0xff, 0xc8, 0x81, 0xfe, 0xff, 0xc7, 0x81, 0xff,
  0xff, 0xc6, 0x82, 0xff, 0xff, 0xc6, 0x82, 0xf9, 0xff, 0xc6, 0x82, 0xff, 0xff, 0xdc, 0x92, 0xff,
  0xff, 0xc5, 0x82, 0xc6, 0xff, 0xc9, 0x86, 0x13, 0xff, 0xff, 0x00, 0x01, 0xff, 0xcc, 0x66, 0x05,
  0xff, 0xff, 0x7f, 0x02, 0x00, 0x00, 0x00, 0x00, 0x00, 0x00, 0x00, 0x00, 0x00, 0x00, 0x00, 0x00,
  0x00, 0x00, 0x00, 0x00, 0x00, 0x00, 0x00, 0x00, 0x00, 0x00, 0x00, 0x00, 0x00, 0x00, 0x00, 0x00,
  0x00, 0x00, 0x00, 0x00, 0x00, 0x00, 0x00, 0x00, 0x00, 0x00, 0x00, 0x00, 0x00, 0x00, 0x00, 0x00,
  0x00, 0x00, 0x00, 0x00, 0x00, 0x00, 0x00, 0x00, 0x00, 0x00, 0x00, 0x00, 0x00, 0x00, 0x00, 0x00,
  0x00, 0x00, 0x00, 0x00, 0x00, 0x00, 0x00, 0x00, 0x00, 0x00, 0x00, 0x00, 0x00, 0x00, 0x00, 0x00,
  0x00, 0x00, 0x00, 0x00, 0x00, 0x00, 0x00, 0x00, 0x00, 0x00, 0x00, 0x00, 0x00, 0x00, 0x00, 0x00,
  0x00, 0x00, 0x00, 0x00, 0x00, 0x00, 0x00, 0x00, 0x00, 0x00, 0x00, 0x00, 0x00, 0x00, 0x00, 0x00,
  0x00, 0x00, 0x00, 0x00, 0x00, 0x00, 0x00, 0x00, 0xff, 0x7f, 0x7f, 0x02, 0xb6, 0x48, 0x6d, 0x07,
  0xff, 0xff, 0xff, 0x01, 0xbc, 0x7f, 0x61, 0x2a, 0xfa, 0xa5, 0x86, 0xcd, 0xff, 0xbb, 0x98, 0xff,
  0xff, 0xa9, 0x89, 0xff, 0xfd, 0xa7, 0x89, 0xfb, 0xff, 0xa8, 0x89, 0xff, 0xff, 0xa8, 0x88, 0xff,
  0xff, 0xa7, 0x88, 0xff, 0xff, 0xa6, 0x88, 0xff, 0xff, 0xa5, 0x88, 0xff, 0xff, 0xa5, 0x88, 0xff,
  0xff, 0xa6, 0x89, 0xff, 0xff, 0xa7, 0x8a, 0xff, 0xff, 0xa7, 0x8a, 0xff, 0xff, 0xa6, 0x89, 0xff,
  0xff, 0xa6, 0x89, 0xff, 0xff, 0xa5, 0x89, 0xff, 0xff, 0xa4, 0x89, 0xff, 0xff, 0xa4, 0x89, 0xff,
  0xff, 0xa5, 0x89, 0xff, 0xff, 0xa5, 0x89, 0xff, 0xff, 0xa3, 0x89, 0xff, 0xfd, 0xa2, 0x88, 0xf8,
  0xff, 0xb4, 0x97, 0xff, 0xff, 0xaa, 0x8e, 0xfe, 0xef, 0x9b, 0x82, 0x64, 0x00, 0x00, 0x00, 0x00,
  0x00, 0x00, 0x00, 0x00, 0xff, 0xce, 0x82, 0x5e, 0xff, 0xd4, 0x85, 0xff, 0xff, 0xdf, 0x8d, 0xff,
  0xff, 0xcc, 0x80, 0xf6, 0xff, 0xcc, 0x81, 0xff, 0xff, 0xcb, 0x81, 0xff, 0xff, 0xca, 0x80, 0xfe,
  0xff, 0xca, 0x80, 0xfe, 0xff, 0xca, 0x80, 0xfe, 0xff, 0xc9, 0x81, 0xfe, 0xff, 0xca, 0x82, 0xff,
  0xff, 0xca, 0x82, 0xff, 0xff, 0xc8, 0x81, 0xfe, 0xff, 0xc8, 0x81, 0xfe, 0xff, 0xc8, 0x82, 0xff,
  0xff, 0xc7, 0x81, 0xfe, 0xff, 0xc7, 0x81, 0xfe, 0xff, 0xc7, 0x82, 0xff, 0xff, 0xc7, 0x82, 0xff,
  0xff, 0xc6, 0x82, 0xff, 0xff, 0xc5, 0x82, 0xff, 0xff, 0xc4, 0x82, 0xfa, 0xff, 0xc5, 0x83, 0xff,
  0xff, 0xdb, 0x92, 0xff, 0xff, 0xc4, 0x82, 0xc7, 0xff, 0xc9, 0x7f, 0x18, 0x00, 0x00, 0x00, 0x00,
  0xff, 0xcc, 0x66, 0x05, 0xff, 0xff, 0x7f, 0x02, 0x00, 0x00, 0x00, 0x00, 0x00, 0x00, 0x00, 0x00,
  0x00, 0x00, 0x00, 0x00, 0x00, 0x00, 0x00, 0x00, 0x00, 0x00, 0x00, 0x00, 0x00, 0x00, 0x00, 0x00,
  0x00, 0x00, 0x00, 0x00, 0x00, 0x00, 0x00, 0x00, 0x00, 0x00, 0x00, 0x00, 0x00, 0x00, 0x00, 0x00,
  0x00, 0x00, 0x00, 0x00, 0x00, 0x00, 0x00, 0x00, 0x00, 0x00, 0x00, 0x00, 0x00, 0x00, 0x00, 0x00,
  0x00, 0x00, 0x00, 0x00, 0x00, 0x00, 0x00, 0x00, 0x00, 0x00, 0x00, 0x00, 0x00, 0x00, 0x00, 0x00,
  0x00, 0x00, 0x00, 0x00, 0x00, 0x00, 0x00, 0x00, 0x00, 0x00, 0x00, 0x00, 0x00, 0x00, 0x00, 0x00,
  0x00, 0x00, 0x00, 0x00, 0x00, 0x00, 0x00, 0x00, 0x00, 0x00, 0x00, 0x00, 0x00, 0x00, 0x00, 0x00,
  0x00, 0x00, 0x00, 0x00, 0x00, 0x00, 0x00, 0x00, 0x00, 0x00, 0x00, 0x00, 0xaa, 0x55, 0x55, 0x03,
  0x8d, 0x55, 0x55, 0x09, 0x00, 0x00, 0x00, 0x00, 0x9b, 0x6a, 0x55, 0x24, 0xf9, 0xa0, 0x86, 0xcb,
  0xff, 0xb8, 0x99, 0xff, 0xff, 0xa6, 0x8a, 0xff, 0xfd, 0xa3, 0x89, 0xfb, 0xff, 0xa4, 0x89, 0xff,
  0xff, 0xa4, 0x89, 0xff, 0xff, 0xa3, 0x89, 0xff, 0xff, 0xa2, 0x89, 0xff, 0xff, 0xa3, 0x89, 0xff,
  0xff, 0xa3, 0x89, 0xff, 0xff, 0xa3, 0x89, 0xff, 0xff, 0xa3, 0x8a, 0xff, 0xff, 0xa3, 0x8a, 0xff,
  0xff, 0xa2, 0x89, 0xff, 0xff, 0xa2, 0x89, 0xff, 0xff, 0xa2, 0x89, 0xff, 0xff, 0xa2, 0x8a, 0xff,
  0xff, 0xa2, 0x8a, 0xff, 0xff, 0xa1, 0x89, 0xff, 0xff, 0xa1, 0x89, 0xff, 0xff, 0xa1, 0x89, 0xff,
  0xfd, 0xa0, 0x88, 0xf8, 0xff, 0xb0, 0x97, 0xff, 0xff, 0xa7, 0x8f, 0xff, 0xeb, 0x96, 0x7f, 0x66,
  0x00, 0x00, 0x00, 0x00, 0x00, 0x00, 0x00, 0x00, 0xff, 0xcb, 0x7f, 0x5e, 0xff, 0xd2, 0x86, 0xff,
  0xff, 0xde, 0x8d, 0xff, 0xff, 0xc9, 0x81, 0xf7, 0xff, 0xca, 0x81, 0xff, 0xff, 0xc9, 0x82, 0xff,
  0xff, 0xc9, 0x82, 0xff, 0xff, 0xc8, 0x81, 0xfe, 0xff, 0xc8, 0x81, 0xfe, 0xff, 0xc8, 0x82, 0xff,
  0xff, 0xc9, 0x82, 0xff, 0xff, 0xc9, 0x82, 0xfe, 0xff, 0xc8, 0x82, 0xfe, 0xff, 0xc8, 0x83, 0xff,
  0xff, 0xc8, 0x83, 0xff, 0xff, 0xc6, 0x82, 0xfe, 0xff, 0xc5, 0x82, 0xfe, 0xff, 0xc5, 0x83, 0xff,
  0xff, 0xc4, 0x83, 0xff, 0xff, 0xc4, 0x82, 0xfe, 0xff, 0xc3, 0x82, 0xfe, 0xff, 0xc3, 0x82, 0xfa,
  0xff, 0xc4, 0x83, 0xff, 0xff, 0xd9, 0x91, 0xff, 0xff, 0xc2, 0x83, 0xc6, 0xff, 0xc7, 0x85, 0x17,
  0x00, 0x00, 0x00, 0x00, 0xff, 0xcc, 0x66, 0x05, 0xff, 0xff, 0x7f, 0x02, 0x00, 0x00, 0x00, 0x00,
  0x00, 0x00, 0x00, 0x00, 0x00, 0x00, 0x00, 0x00, 0x00, 0x00, 0x00, 0x00, 0x00, 0x00, 0x00, 0x00,
  0x00, 0x00, 0x00, 0x00, 0x00, 0x00, 0x00, 0x00, 0x00, 0x00, 0x00, 0x00, 0x00, 0x00, 0x00, 0x00,
  0x00, 0x00, 0x00, 0x00, 0x00, 0x00, 0x00, 0x00, 0x00, 0x00, 0x00, 0x00, 0x00, 0x00, 0x00, 0x00,
  0x00, 0x00, 0x00, 0x00, 0x00, 0x00, 0x00, 0x00, 0x00, 0x00, 0x00, 0x00, 0x00, 0x00, 0x00, 0x00,
  0x00, 0x00, 0x00, 0x00, 0x00, 0x00, 0x00, 0x00, 0x00, 0x00, 0x00, 0x00, 0x00, 0x00, 0x00, 0x00,
  0x00, 0x00, 0x00, 0x00, 0x00, 0x00, 0x00, 0x00, 0x00, 0x00, 0x00, 0x00, 0x00, 0x00, 0x00, 0x00,
  0x00, 0x00, 0x00, 0x00, 0x00, 0x00, 0x00, 0x00, 0x00, 0x00, 0x00, 0x00, 0x00, 0x00, 0x00, 0x01,
  0x7f, 0x3f, 0x3f, 0x04, 0x7f, 0x4c, 0x4c, 0x0a, 0x00, 0x00, 0x00, 0x00, 0x8f, 0x62, 0x4e, 0x27,
  0xf7, 0x9d, 0x83, 0xcc, 0xff, 0xb5, 0x98, 0xff, 0xff, 0xa3, 0x8b, 0xff, 0xff, 0xa0, 0x8a, 0xfb,
  0xff, 0xa1, 0x8a, 0xff, 0xff, 0xa1, 0x8a, 0xff, 0xff, 0xa1, 0x8a, 0xff, 0xff, 0xa0, 0x8a, 0xff,
  0xff, 0xa0, 0x8a, 0xff, 0xff, 0xa0, 0x8a, 0xff, 0xff, 0xa0, 0x8a, 0xff, 0xff, 0x9f, 0x8a, 0xff,
  0xff, 0x9f, 0x8a, 0xff, 0xff, 0x9f, 0x8a, 0xff, 0xff, 0x9f, 0x8a, 0xff, 0xff, 0x9e, 0x8a, 0xff,
  0xff, 0x9f, 0x8a, 0xff, 0xff, 0x9f, 0x8a, 0xff, 0xff, 0x9e, 0x8a, 0xff, 0xff, 0x9e, 0x8a, 0xff,
  0xff, 0x9e, 0x8a, 0xff, 0xfd, 0x9d, 0x8a, 0xf8, 0xff, 0xac, 0x98, 0xff, 0xfe, 0xa2, 0x8e, 0xff,
  0xe4, 0x8e, 0x7a, 0x68, 0x00, 0x00, 0x00, 0x00, 0x00, 0x00, 0x00, 0x00, 0xff, 0xcb, 0x7f, 0x5e,
  0xff, 0xd2, 0x87, 0xff, 0xff, 0xde, 0x8d, 0xff, 0xff, 0xc9, 0x82, 0xf7, 0xff, 0xc8, 0x81, 0xff,
  0xff, 0xc8, 0x82, 0xff, 0xff, 0xc8, 0x82, 0xff, 0xff, 0xc8, 0x81, 0xfe, 0xff, 0xc8, 0x81, 0xfe,
  0xff, 0xc7, 0x82, 0xff, 0xff, 0xc7, 0x82, 0xff, 0xff, 0xc7, 0x82, 0xfe, 0xff, 0xc6, 0x82, 0xfe,
  0xff, 0xc6, 0x83, 0xff, 0xff, 0xc6, 0x83, 0xff, 0xff, 0xc5, 0x83, 0xfe, 0xff, 0xc4, 0x82, 0xfe,
  0xff, 0xc4, 0x83, 0xff, 0xff, 0xc2, 0x83, 0xff, 0xff, 0xc2, 0x82, 0xfe, 0xff, 0xc2, 0x82, 0xfe,
  0xff, 0xc3, 0x82, 0xfa, 0xff, 0xc3, 0x83, 0xff, 0xff, 0xd7, 0x91, 0xff, 0xff, 0xc1, 0x83, 0xc6,
  0xff, 0xbc, 0x85, 0x17, 0x00, 0x00, 0x00, 0x00, 0xff, 0xcc, 0x66, 0x05, 0xff, 0xff, 0x7f, 0x02,
  0x00, 0x00, 0x00, 0x00, 0x00, 0x00, 0x00, 0x00, 0x00, 0x00, 0x00, 0x00, 0x00, 0x00, 0x00, 0x00,
  0x00, 0x00, 0x00, 0x00, 0x00, 0x00, 0x00, 0x00, 0x00, 0x00, 0x00, 0x00, 0x00, 0x00, 0x00, 0x00,
  0x00, 0x00, 0x00, 0x00, 0x00, 0x00, 0x00, 0x00, 0x00, 0x00, 0x00, 0x00, 0x00, 0x00, 0x00, 0x00,
  0x00, 0x00, 0x00, 0x00, 0x00, 0x00, 0x00, 0x00, 0x00, 0x00, 0x00, 0x00, 0x00, 0x00, 0x00, 0x00,
  0x00, 0x00, 0x00, 0x00, 0x00, 0x00, 0x00, 0x00, 0x00, 0x00, 0x00, 0x00, 0x00, 0x00, 0x00, 0x00,
  0x00, 0x00, 0x00, 0x00, 0x00, 0x00, 0x00, 0x00, 0x00, 0x00, 0x00, 0x00, 0x00, 0x00, 0x00, 0x00,
  0x00, 0x00, 0x00, 0x00, 0x00, 0x00, 0x00, 0x00, 0x00, 0x00, 0x00, 0x00, 0x00, 0x00, 0x00, 0x00,
  0x00, 0x00, 0x00, 0x01, 0x55, 0x2a, 0x2a, 0x06, 0x73, 0x45, 0x45, 0x0b, 0x00, 0x00, 0x00, 0x00,
  0x88, 0x58, 0x47, 0x2b, 0xf5, 0x9b, 0x83, 0xcc, 0xff, 0xb1, 0x98, 0xff, 0xff, 0x9f, 0x8b, 0xff,
  0xff, 0x9d, 0x8a, 0xfb, 0xff, 0x9e, 0x8a, 0xff, 0xff, 0x9e, 0x8a, 0xff, 0xff, 0x9e, 0x8a, 0xff,
  0xff, 0x9e, 0x8a, 0xff, 0xff, 0x9d, 0x8a, 0xff, 0xff, 0x9d, 0x8a, 0xff, 0xff, 0x9d, 0x8b, 0xff,
  0xff, 0x9c, 0x8b, 0xff, 0xff, 0x9c, 0x8b, 0xff, 0xff, 0x9d, 0x8b, 0xff, 0xff, 0x9c, 0x8b, 0xff,
  0xff, 0x9b, 0x8a, 0xff, 0xff, 0x9c, 0x8b, 0xff, 0xff, 0x9c, 0x8b, 0xff, 0xff, 0x9b, 0x8b, 0xff,
  0xff, 0x9b, 0x8c, 0xff, 0xff, 0x9b, 0x8c, 0xff, 0xfd, 0x9a, 0x8a, 0xf8, 0xff, 0xa8, 0x98, 0xff,
  0xff, 0x9e, 0x8e, 0xff, 0xdb, 0x85, 0x77, 0x6b, 0x00, 0x00, 0x00, 0x00, 0x00, 0x00, 0x00, 0x00,
  0xff, 0xc8, 0x82, 0x5e, 0xff, 0xd1, 0x87, 0xff, 0xff, 0xdd, 0x8e, 0xff, 0xff, 0xc8, 0x82, 0xf7,
  0xff, 0xc8, 0x82, 0xff, 0xff, 0xc7, 0x82, 0xfe, 0xff, 0xc7, 0x81, 0xfe, 0xff, 0xc7, 0x81, 0xfe,
  0xff, 0xc7, 0x81, 0xfe, 0xff, 0xc6, 0x82, 0xfe, 0xff, 0xc6, 0x82, 0xfe, 0xff, 0xc5, 0x82, 0xfe,
  0xff, 0xc3, 0x82, 0xfe, 0xff, 0xc3, 0x82, 0xff, 0xff, 0xc3, 0x83, 0xff, 0xff, 0xc3, 0x83, 0xfe,
  0xff, 0xc3, 0x83, 0xfe, 0xff, 0xc3, 0x83, 0xfe, 0xff, 0xc2, 0x82, 0xfe, 0xff, 0xc1, 0x82, 0xfe,
  0xff, 0xc1, 0x83, 0xff, 0xff, 0xc1, 0x83, 0xfa, 0xff, 0xc2, 0x84, 0xff, 0xff, 0xd7, 0x92, 0xff,
  0xff, 0xc1, 0x83, 0xc6, 0xff, 0xbc, 0x85, 0x17, 0x00, 0x00, 0x00, 0x00, 0xff, 0xcc, 0x66, 0x05,
  0xff, 0xff, 0x7f, 0x02, 0x00, 0x00, 0x00, 0x00, 0x00, 0x00, 0x00, 0x00, 0x00, 0x00, 0x00, 0x00,
  0x00, 0x00, 0x00, 0x00, 0x00, 0x00, 0x00, 0x00, 0x00, 0x00, 0x00, 0x00, 0x00, 0x00, 0x00, 0x00,
  0x00, 0x00, 0x00, 0x00, 0x00, 0x00, 0x00, 0x00, 0x00, 0x00, 0x00, 0x00, 0x00, 0x00, 0x00, 0x00,
  0x00, 0x00, 0x00, 0x00, 0x00, 0x00, 0x00, 0x00, 0x00, 0x00, 0x00, 0x00, 0x00, 0x00, 0x00, 0x00,
  0x00, 0x00, 0x00, 0x00, 0x00, 0x00, 0x00, 0x00, 0x00, 0x00, 0x00, 0x00, 0x00, 0x00, 0x00, 0x00,
  0x00, 0x00, 0x00, 0x00, 0x00, 0x00, 0x00, 0x00, 0x00, 0x00, 0x00, 0x00, 0x00, 0x00, 0x00, 0x00,
  0x00, 0x00, 0x00, 0x00, 0x00, 0x00, 0x00, 0x00, 0x00, 0x00, 0x00, 0x00, 0x00, 0x00, 0x00, 0x00,
  0x00, 0x00, 0x00, 0x00, 0x00, 0x00, 0x00, 0x02, 0x48, 0x24, 0x24, 0x07, 0x62, 0x3a, 0x3a, 0x0d,
  0x00, 0x00, 0x00, 0x00, 0x7c, 0x4f, 0x44, 0x2d, 0xed, 0x97, 0x80, 0xcc, 0xff, 0xad, 0x96, 0xff,
  0xff, 0x9c, 0x8b, 0xff, 0xff, 0x9a, 0x8b, 0xfb, 0xff, 0x9b, 0x8b, 0xff, 0xff, 0x9b, 0x8b, 0xff,
  0xff, 0x9b, 0x8b, 0xff, 0xff, 0x9a, 0x8b, 0xff, 0xff, 0x9a, 0x8b, 0xff, 0xff, 0x9a, 0x8b, 0xff,
  0xff, 0x9a, 0x8c, 0xff, 0xff, 0x9a, 0x8c, 0xff, 0xff, 0x9a, 0x8c, 0xff, 0xff, 0x9a, 0x8c, 0xff,
  0xff, 0x99, 0x8c, 0xff, 0xff, 0x98, 0x8b, 0xff, 0xff, 0x99, 0x8c, 0xff, 0xff, 0x99, 0x8c, 0xff,
  0xff, 0x98, 0x8c, 0xff, 0xff, 0x97, 0x8c, 0xff, 0xff, 0x97, 0x8c, 0xff, 0xff, 0x97, 0x8b, 0xf8,
  0xff, 0xa5, 0x97, 0xff, 0xff, 0x9a, 0x8c, 0xff, 0xd2, 0x80, 0x72, 0x6d, 0x00, 0x00, 0x00, 0x00,
  0x00, 0x00, 0x00, 0x00, 0xff, 0xc6, 0x82, 0x5e, 0xff, 0xcf, 0x86, 0xff, 0xff, 0xdb, 0x8d, 0xff,
  0xff, 0xc9, 0x81, 0xf6, 0xff, 0xc7, 0x82, 0xfe, 0xff, 0xc6, 0x82, 0xfe, 0xff, 0xc6, 0x81, 0xfe,
  0xff, 0xc6, 0x82, 0xff, 0xff, 0xc6, 0x82, 0xff, 0xff, 0xc5, 0x83, 0xfe, 0xff, 0xc5, 0x82, 0xfe,
  0xff, 0xc4, 0x82, 0xfe, 0xff, 0xc3, 0x82, 0xfe, 0xff, 0xc3, 0x82, 0xfe, 0xff, 0xc2, 0x82, 0xfe,
  0xff, 0xc2, 0x82, 0xfe, 0xff, 0xc2, 0x83, 0xfe, 0xff, 0xc2, 0x84, 0xff, 0xff, 0xc2, 0x83, 0xff,
  0xff, 0xc1, 0x83, 0xfe, 0xff, 0xbf, 0x83, 0xfe, 0xff, 0xbf, 0x83, 0xfa, 0xff, 0xc1, 0x84, 0xff,
  0xff, 0xd6, 0x93, 0xff, 0xff, 0xbf, 0x84, 0xc6, 0xff, 0xbc, 0x85, 0x17, 0x00, 0x00, 0x00, 0x00,
  0xff, 0xcc, 0x66, 0x05, 0xff, 0xff, 0x7f, 0x02, 0x00, 0x00, 0x00, 0x00, 0x00, 0x00, 0x00, 0x00,
  0x00, 0x00, 0x00, 0x00, 0x00, 0x00, 0x00, 0x00, 0x00, 0x00, 0x00, 0x00, 0x00, 0x00, 0x00, 0x00,
  0x00, 0x00, 0x00, 0x00, 0x00, 0x00, 0x00, 0x00, 0x00, 0x00, 0x00, 0x00, 0x00, 0x00, 0x00, 0x00,
  0x00, 0x00, 0x00, 0x00, 0x00, 0x00, 0x00, 0x00, 0x00, 0x00, 0x00, 0x00, 0x00, 0x00, 0x00, 0x00,
  0x00, 0x00, 0x00, 0x00, 0x00, 0x00, 0x00, 0x00, 0x00, 0x00, 0x00, 0x00, 0x00, 0x00, 0x00, 0x00,
  0x00, 0x00, 0x00, 0x00, 0x00, 0x00, 0x00, 0x00, 0x00, 0x00, 0x00, 0x00, 0x00, 0x00, 0x00, 0x00,
  0x00, 0x00, 0x00, 0x00, 0x00, 0x00, 0x00, 0x00, 0x00, 0x00, 0x00, 0x00, 0x00, 0x00, 0x00, 0x00,
  0x00, 0x00, 0x00, 0x00, 0x00, 0x00, 0x00, 0x00, 0x00, 0x00, 0x00, 0x02, 0x48, 0x24, 0x24, 0x07,
  0x48, 0x36, 0x24, 0x0e, 0x00, 0x00, 0x00, 0x00, 0x79, 0x4d, 0x42, 0x2e, 0xe2, 0x92, 0x79, 0xcd,
  0xff, 0xaa, 0x92, 0xff, 0xff, 0x9a, 0x8c, 0xff, 0xff, 0x98, 0x8d, 0xfb, 0xfe, 0x98, 0x8b, 0xff,
  0xff, 0x98, 0x8c, 0xff, 0xff, 0x97, 0x8c, 0xff, 0xff, 0x96, 0x8c, 0xff, 0xff, 0x97, 0x8b, 0xff,
  0xff, 0x97, 0x8b, 0xff, 0xff, 0x96, 0x8c, 0xff, 0xff, 0x97, 0x8c, 0xff, 0xff, 0x97, 0x8c, 0xff,
  0xff, 0x96, 0x8c, 0xff, 0xff, 0x95, 0x8c, 0xff, 0xff, 0x95, 0x8b, 0xff, 0xff, 0x96, 0x8d, 0xff,
  0xff, 0x96, 0x8d, 0xff, 0xff, 0x96, 0x8d, 0xff, 0xfe, 0x94, 0x8c, 0xff, 0xff, 0x94, 0x8c, 0xff,
  0xff, 0x94, 0x8c, 0xf8, 0xfe, 0xa2, 0x95, 0xff, 0xf6, 0x96, 0x87, 0xff, 0xc7, 0x7a, 0x6c, 0x6e,
  0x00, 0x00, 0x00, 0x02, 0x00, 0x00, 0x00, 0x00, 0xff, 0xc6, 0x82, 0x5e, 0xff, 0xce, 0x86, 0xff,
  0xff, 0xda, 0x8d, 0xff, 0xff, 0xc7, 0x81, 0xf6, 0xff, 0xc5, 0x82, 0xfe, 0xff, 0xc4, 0x82, 0xfe,
  0xff, 0xc5, 0x82, 0xfe, 0xff, 0xc5, 0x83, 0xff, 0xff, 0xc5, 0x83, 0xff, 0xff, 0xc5, 0x83, 0xfe,
  0xff, 0xc3, 0x82, 0xfe, 0xff, 0xc3, 0x82, 0xfe, 0xff, 0xc3, 0x82, 0xfe, 0xff, 0xc3, 0x82, 0xfe,
  0xff, 0xc2, 0x82, 0xfe, 0xff, 0xc1, 0x82, 0xfe, 0xff, 0xc1, 0x83, 0xfe, 0xff, 0xc1, 0x84, 0xff,
  0xff, 0xc0, 0x84, 0xff, 0xff, 0xbf, 0x83, 0xfe, 0xff, 0xbe, 0x83, 0xfe, 0xff, 0xbe, 0x83, 0xfa,
  0xff, 0xc0, 0x84, 0xff, 0xff, 0xd4, 0x93, 0xff, 0xff, 0xbd, 0x84, 0xc6, 0xff, 0xbc, 0x85, 0x17,
  0x00, 0x00, 0x00, 0x00, 0xff, 0xcc, 0x66, 0x05, 0xff, 0xff, 0x7f, 0x02, 0x00, 0x00, 0x00, 0x00,
  0x00, 0x00, 0x00, 0x00, 0x00, 0x00, 0x00, 0x00, 0x00, 0x00, 0x00, 0x00, 0x00, 0x00, 0x00, 0x00,
  0x00, 0x00, 0x00, 0x00, 0x00, 0x00, 0x00, 0x00, 0x00, 0x00, 0x00, 0x00, 0x00, 0x00, 0x00, 0x00,
  0x00, 0x00, 0x00, 0x00, 0x00, 0x00, 0x00, 0x00, 0x00, 0x00, 0x00, 0x00, 0x00, 0x00, 0x00, 0x00,
  0x00, 0x00, 0x00, 0x00, 0x00, 0x00, 0x00, 0x00, 0x00, 0x00, 0x00, 0x00, 0x00, 0x00, 0x00, 0x00,
  0x00, 0x00, 0x00, 0x00, 0x00, 0x00, 0x00, 0x00, 0x00, 0x00, 0x00, 0x00, 0x00, 0x00, 0x00, 0x00,
  0x00, 0x00, 0x00, 0x00, 0x00, 0x00, 0x00, 0x00, 0x00, 0x00, 0x00, 0x00, 0x00, 0x00, 0x00, 0x00,
  0x00, 0x00, 0x00, 0x00, 0x00, 0x00, 0x00, 0x00, 0x00, 0x00, 0x00, 0x00, 0x00, 0x00, 0x00, 0x02,
  0x48, 0x24, 0x24, 0x07, 0x3f, 0x2f, 0x1f, 0x10, 0x00, 0x00, 0x00, 0x00, 0x6c, 0x4b, 0x41, 0x2f,
  0xd3, 0x8f, 0x71, 0xcd, 0xfe, 0xa5, 0x8c, 0xff, 0xff, 0x97, 0x8c, 0xff, 0xff, 0x95, 0x8f, 0xfb,
  0xfe, 0x95, 0x8b, 0xff, 0xff, 0x95, 0x8c, 0xff, 0xff, 0x94, 0x8c, 0xff, 0xff, 0x93, 0x8c, 0xff,
  0xff, 0x94, 0x8c, 0xff, 0xff, 0x94, 0x8c, 0xff, 0xff, 0x93, 0x8c, 0xff, 0xff, 0x94, 0x8c, 0xff,
  0xff, 0x94, 0x8c, 0xff, 0xff, 0x93, 0x8c, 0xff, 0xff, 0x92, 0x8c, 0xff, 0xff, 0x92, 0x8c, 0xff,
  0xff, 0x93, 0x8d, 0xff, 0xff, 0x93, 0x8d, 0xff, 0xff, 0x93, 0x8d, 0xff, 0xfe, 0x92, 0x8c, 0xff,
  0xff, 0x91, 0x8d, 0xff, 0xff, 0x90, 0x8e, 0xf8, 0xff, 0x9e, 0x93, 0xff, 0xe7, 0x91, 0x7f, 0xff,
  0xb7, 0x76, 0x66, 0x6e, 0x00, 0x00, 0x00, 0x03, 0x00, 0x00, 0x00, 0x00, 0xff, 0xc6, 0x82, 0x5e,
  0xff, 0xcd, 0x88, 0xff, 0xff, 0xd9, 0x8f, 0xff, 0xff, 0xc4, 0x82, 0xf6, 0xff, 0xc3, 0x82, 0xfe,
  0xff, 0xc3, 0x83, 0xff, 0xff, 0xc3, 0x83, 0xff, 0xff, 0xc3, 0x83, 0xfe, 0xff, 0xc3, 0x83, 0xfe,
  0xff, 0xc2, 0x82, 0xfe, 0xff, 0xc1, 0x82, 0xfe, 0xff, 0xc1, 0x82, 0xfe, 0xff, 0xc0, 0x82, 0xfe,
  0xff, 0xc0, 0x83, 0xff, 0xff, 0xc0, 0x84, 0xff, 0xff, 0xbf, 0x83, 0xfe, 0xff, 0xbf, 0x83, 0xfe,
  0xff, 0xbf, 0x84, 0xff, 0xff, 0xbe, 0x83, 0xfe, 0xff, 0xbd, 0x83, 0xfe, 0xff, 0xbe, 0x84, 0xff,
  0xff, 0xbe, 0x84, 0xfa, 0xff, 0xbe, 0x85, 0xff, 0xff, 0xd1, 0x93, 0xff, 0xff, 0xbc, 0x83, 0xc6,
  0xff, 0xbc, 0x85, 0x17, 0x00, 0x00, 0x00, 0x00, 0xff, 0xcc, 0x66, 0x05, 0xff, 0xff, 0x7f, 0x02,
  0x00, 0x00, 0x00, 0x00, 0x00, 0x00, 0x00, 0x00, 0x00, 0x00, 0x00, 0x00, 0x00, 0x00, 0x00, 0x00,
  0x00, 0x00, 0x00, 0x00, 0x00, 0x00, 0x00, 0x00, 0x00, 0x00, 0x00, 0x00, 0x00, 0x00, 0x00, 0x00,
  0x00, 0x00, 0x00, 0x00, 0x00, 0x00, 0x00, 0x00, 0x00, 0x00, 0x00, 0x00, 0x00, 0x00, 0x00, 0x00,
  0x00, 0x00, 0x00, 0x00, 0x00, 0x00, 0x00, 0x00, 0x00, 0x00, 0x00, 0x00, 0x00, 0x00, 0x00, 0x00,
  0x00, 0x00, 0x00, 0x00, 0x00, 0x00, 0x00, 0x00, 0x00, 0x00, 0x00, 0x00, 0x00, 0x00, 0x00, 0x00,
  0x00, 0x00, 0x00, 0x00, 0x00, 0x00, 0x00, 0x00, 0x00, 0x00, 0x00, 0x00, 0x00, 0x00, 0x00, 0x00,
  0x00, 0x00, 0x00, 0x00, 0x00, 0x00, 0x00, 0x00, 0x00, 0x00, 0x00, 0x00, 0x00, 0x00, 0x00, 0x00,
  0x00, 0x00, 0x00, 0x02, 0x3f, 0x1f, 0x1f, 0x08, 0x3c, 0x2d, 0x1e, 0x11, 0x00, 0x00, 0x00, 0x00,
  0x5d, 0x43, 0x34, 0x31, 0xc7, 0x8a, 0x69, 0xcd, 0xf6, 0xa0, 0x86, 0xff, 0xf8, 0x93, 0x89, 0xff,
  0xff, 0x91, 0x8d, 0xfb, 0xfe, 0x92, 0x8c, 0xff, 0xff, 0x92, 0x8d, 0xff, 0xff, 0x91, 0x8d, 0xff,
  0xff, 0x91, 0x8d, 0xff, 0xff, 0x92, 0x8e, 0xff, 0xff, 0x92, 0x8e, 0xff, 0xff, 0x91, 0x8e, 0xff,
  0xff, 0x91, 0x8d, 0xff, 0xff, 0x90, 0x8d, 0xff, 0xff, 0x90, 0x8e, 0xff, 0xff, 0x90, 0x8e, 0xff,
  0xff, 0x90, 0x8e, 0xff, 0xff, 0x90, 0x8e, 0xff, 0xff, 0x90, 0x8e, 0xff, 0xff, 0x8f, 0x8e, 0xff,
  0xfe, 0x8f, 0x8d, 0xff, 0xff, 0x8f, 0x8e, 0xff, 0xff, 0x8d, 0x8d, 0xf8, 0xff, 0x99, 0x8f, 0xff,
  0xda, 0x8d, 0x78, 0xff, 0xa9, 0x71, 0x5c, 0x6e, 0x00, 0x00, 0x00, 0x03, 0x00, 0x00, 0x00, 0x00,
  0xff, 0xc6, 0x82, 0x5e, 0xff, 0xcc, 0x88, 0xff, 0xff, 0xd8, 0x90, 0xff, 0xff, 0xc3, 0x83, 0xf7,
  0xff, 0xc3, 0x82, 0xff, 0xff, 0xc3, 0x83, 0xff, 0xff, 0xc3, 0x83, 0xff, 0xff, 0xc2, 0x83, 0xfe,
  0xff, 0xc2, 0x83, 0xfe, 0xff, 0xc1, 0x82, 0xfe, 0xff, 0xc0, 0x83, 0xfe, 0xff, 0xc0, 0x83, 0xfe,
  0xff, 0xbf, 0x82, 0xfe, 0xff, 0xbf, 0x83, 0xff, 0xff, 0xbf, 0x84, 0xff, 0xff, 0xbe, 0x83, 0xfe,
  0xff, 0xbe, 0x83, 0xfe, 0xff, 0xbe, 0x83, 0xff, 0xff, 0xbd, 0x83, 0xfe, 0xff, 0xbd, 0x83, 0xff,
  0xff, 0xbd, 0x84, 0xff, 0xff, 0xbc, 0x84, 0xfa, 0xff, 0xbd, 0x85, 0xff, 0xff, 0xd1, 0x93, 0xff,
  0xff, 0xbc, 0x83, 0xc6, 0xff, 0xbc, 0x85, 0x17, 0x00, 0x00, 0x00, 0x00, 0xff, 0xcc, 0x66, 0x05,
  0xff, 0xff, 0x7f, 0x02, 0x00, 0x00, 0x00, 0x00, 0x00, 0x00, 0x00, 0x00, 0x00, 0x00, 0x00, 0x00,
  0x00, 0x00, 0x00, 0x00, 0x00, 0x00, 0x00, 0x00, 0x00, 0x00, 0x00, 0x00, 0x00, 0x00, 0x00, 0x00,
  0x00, 0x00, 0x00, 0x00, 0x00, 0x00, 0x00, 0x00, 0x00, 0x00, 0x00, 0x00, 0x00, 0x00, 0x00, 0x00,
  0x00, 0x00, 0x00, 0x00, 0x00, 0x00, 0x00, 0x00, 0x00, 0x00, 0x00, 0x00, 0x00, 0x00, 0x00, 0x00,
  0x00, 0x00, 0x00, 0x00, 0x00, 0x00, 0x00, 0x00, 0x00, 0x00, 0x00, 0x00, 0x00, 0x00, 0x00, 0x00,
  0x00, 0x00, 0x00, 0x00, 0x00, 0x00, 0x00, 0x00, 0x00, 0x00, 0x00, 0x00, 0x00, 0x00, 0x00, 0x00,
  0x00, 0x00, 0x00, 0x00, 0x00, 0x00, 0x00, 0x00, 0x00, 0x00, 0x00, 0x00, 0x00, 0x00, 0x00, 0x00,
  0x00, 0x00, 0x00, 0x00, 0x00, 0x00, 0x00, 0x03, 0x3f, 0x1f, 0x1f, 0x08, 0x3f, 0x2f, 0x1f, 0x10,
  0x00, 0x00, 0x00, 0x00, 0x5d, 0x43, 0x34, 0x31, 0xc8, 0x88, 0x6a, 0xcd, 0xea, 0x9c, 0x7f, 0xff,
  0xe1, 0x8b, 0x7a, 0xff, 0xf6, 0x8c, 0x87, 0xfb, 0xff, 0x8f, 0x90, 0xff, 0xff, 0x8f, 0x8e, 0xff,
  0xfe, 0x8e, 0x8d, 0xff, 0xfe, 0x8e, 0x8d, 0xff, 0xfe, 0x8e, 0x8e, 0xff, 0xff, 0x8e, 0x8e, 0xff,
  0xff, 0x8e, 0x8f, 0xff, 0xff, 0x8d, 0x8e, 0xff, 0xff, 0x8d, 0x8e, 0xff, 0xff, 0x8d, 0x8f, 0xff,
  0xff, 0x8d, 0x8e, 0xff, 0xff, 0x8d, 0x8e, 0xff, 0xfe, 0x8c, 0x8e, 0xff, 0xfe, 0x8c, 0x8e, 0xff,
  0xff, 0x8c, 0x8e, 0xff, 0xff, 0x8c, 0x91, 0xff, 0xff, 0x8b, 0x8e, 0xff, 0xec, 0x86, 0x82, 0xf8,
  0xee, 0x91, 0x81, 0xff, 0xd6, 0x8a, 0x75, 0xff, 0xad, 0x71, 0x5f, 0x6e, 0x00, 0x00, 0x00, 0x03,
  0x00, 0x00, 0x00, 0x00, 0xff, 0xc3, 0x82, 0x5e, 0xff, 0xca, 0x88, 0xff, 0xff, 0xd6, 0x90, 0xff,
  0xff, 0xc3, 0x83, 0xf7, 0xff, 0xc3, 0x83, 0xff, 0xff, 0xc3, 0x83, 0xff, 0xff, 0xc2, 0x83, 0xff,
  0xff, 0xc1, 0x83, 0xfe, 0xff, 0xc1, 0x83, 0xfe, 0xff, 0xc0, 0x83, 0xfe, 0xff, 0xbf, 0x84, 0xff,
  0xff, 0xbf, 0x84, 0xff, 0xff, 0xbf, 0x83, 0xfe, 0xff, 0xbf, 0x83, 0xfe, 0xff, 0xbe, 0x83, 0xfe,
  0xff, 0xbd, 0x83, 0xfe, 0xff, 0xbd, 0x83, 0xfe, 0xff, 0xbc, 0x83, 0xfe, 0xff, 0xbd, 0x84, 0xff,
  0xff, 0xbd, 0x84, 0xff, 0xff, 0xbb, 0x84, 0xfe, 0xff, 0xbb, 0x85, 0xf9, 0xff, 0xbc, 0x85, 0xff,
  0xff, 0xd1, 0x93, 0xff, 0xff, 0xbc, 0x84, 0xc6, 0xff, 0xbc, 0x85, 0x17, 0x00, 0x00, 0x00, 0x00,
  0xff, 0xcc, 0x66, 0x05, 0xff, 0xff, 0x7f, 0x02, 0x00, 0x00, 0x00, 0x00, 0x00, 0x00, 0x00, 0x00,
  0x00, 0x00, 0x00, 0x00, 0x00, 0x00, 0x00, 0x00, 0x00, 0x00, 0x00, 0x00, 0x00, 0x00, 0x00, 0x00,
  0x00, 0x00, 0x00, 0x00, 0x00, 0x00, 0x00, 0x00, 0x00, 0x00, 0x00, 0x00, 0x00, 0x00, 0x00, 0x00,
  0x00, 0x00, 0x00, 0x00, 0x00, 0x00, 0x00, 0x00, 0x00, 0x00, 0x00, 0x00, 0x00, 0x00, 0x00, 0x00,
  0x00, 0x00, 0x00, 0x00, 0x00, 0x00, 0x00, 0x00, 0x00, 0x00, 0x00, 0x00, 0x00, 0x00, 0x00, 0x00,
  0x00, 0x00, 0x00, 0x00, 0x00, 0x00, 0x00, 0x00, 0x00, 0x00, 0x00, 0x00, 0x00, 0x00, 0x00, 0x00,
  0x00, 0x00, 0x00, 0x00, 0x00, 0x00, 0x00, 0x00, 0x00, 0x00, 0x00, 0x00, 0x00, 0x00, 0x00, 0x00,
  0x00, 0x00, 0x00, 0x00, 0x00, 0x00, 0x00, 0x00, 0x00, 0x00, 0x00, 0x03, 0x3f, 0x1f, 0x1f, 0x08,
  0x44, 0x33, 0x22, 0x0f, 0x00, 0x00, 0x00, 0x00, 0x64, 0x45, 0x35, 0x30, 0xcf, 0x8a, 0x6e, 0xcd,
  0xe4, 0x9a, 0x7b, 0xff, 0xc9, 0x84, 0x6c, 0xff, 0xdf, 0x85, 0x7a, 0xfb, 0xf9, 0x8a, 0x8b, 0xff,
  0xff, 0x8c, 0x8f, 0xff, 0xff, 0x8c, 0x90, 0xff, 0xff, 0x8b, 0x8f, 0xff, 0xff, 0x8b, 0x8e, 0xff,
  0xff, 0x8b, 0x8e, 0xff, 0xff, 0x8b, 0x8f, 0xff, 0xff, 0x8a, 0x8f, 0xff, 0xff, 0x8a, 0x8f, 0xff,
  0xff, 0x8a, 0x8f, 0xff, 0xff, 0x8a, 0x8f, 0xff, 0xff, 0x8a, 0x8f, 0xff, 0xff, 0x8a, 0x8f, 0xff,
  0xff, 0x8a, 0x90, 0xff, 0xff, 0x89, 0x8f, 0xff, 0xfd, 0x88, 0x8f, 0xff, 0xef, 0x85, 0x85, 0xff,
  0xcf, 0x7d, 0x72, 0xf8, 0xdb, 0x8c, 0x76, 0xff, 0xd9, 0x8a, 0x76, 0xff, 0xb7, 0x73, 0x63, 0x6e,
  0x00, 0x00, 0x00, 0x02, 0x00, 0x00, 0x00, 0x00, 0xff, 0xc3, 0x82, 0x5e, 0xff, 0xc9, 0x88, 0xff,
  0xff, 0xd5, 0x90, 0xff, 0xff, 0xc2, 0x83, 0xf6, 0xff, 0xc1, 0x83, 0xfe, 0xff, 0xc0, 0x84, 0xfe,
  0xff, 0xc0, 0x84, 0xfe, 0xff, 0xc0, 0x83, 0xfe, 0xff, 0xc0, 0x83, 0xfe, 0xff, 0xbf, 0x83, 0xfe,
  0xff, 0xbe, 0x84, 0xff, 0xff, 0xbe, 0x84, 0xff, 0xff, 0xbe, 0x84, 0xfe, 0xff, 0xbe, 0x84, 0xfe,
  0xff, 0xbd, 0x84, 0xff, 0xff, 0xbc, 0x84, 0xfe, 0xff, 0xbb, 0x84, 0xfe, 0xff, 0xbb, 0x84, 0xfe,
  0xff, 0xbb, 0x85, 0xfe, 0xff, 0xbc, 0x85, 0xfe, 0xff, 0xba, 0x84, 0xfe, 0xff, 0xba, 0x85, 0xf9,
  0xff, 0xbb, 0x85, 0xff, 0xff, 0xd0, 0x93, 0xff, 0xff, 0xba, 0x84, 0xc6, 0xff, 0xbc, 0x85, 0x17,
  0x00, 0x00, 0x00, 0x00, 0xff, 0x99, 0x66, 0x05, 0xff, 0xff, 0x7f, 0x02, 0x00, 0x00, 0x00, 0x00,
  0x00, 0x00, 0x00, 0x00, 0x00, 0x00, 0x00, 0x00, 0x00, 0x00, 0x00, 0x00, 0x00, 0x00, 0x00, 0x00,
  0x00, 0x00, 0x00, 0x00, 0x00, 0x00, 0x00, 0x00, 0x00, 0x00, 0x00, 0x00, 0x00, 0x00, 0x00, 0x00,
  0x00, 0x00, 0x00, 0x00, 0x00, 0x00, 0x00, 0x00, 0x00, 0x00, 0x00, 0x00, 0x00, 0x00, 0x00, 0x00,
  0x00, 0x00, 0x00, 0x00, 0x00, 0x00, 0x00, 0x00, 0x00, 0x00, 0x00, 0x00, 0x00, 0x00, 0x00, 0x00,
  0x00, 0x00, 0x00, 0x00, 0x00, 0x00, 0x00, 0x00, 0x00, 0x00, 0x00, 0x00, 0x00, 0x00, 0x00, 0x00,
  0x00, 0x00, 0x00, 0x00, 0x00, 0x00, 0x00, 0x00, 0x00, 0x00, 0x00, 0x00, 0x00, 0x00, 0x00, 0x00,
  0x00, 0x00, 0x00, 0x00, 0x00, 0x00, 0x00, 0x00, 0x00, 0x00, 0x00, 0x00, 0x00, 0x00, 0x00, 0x02,
  0x48, 0x24, 0x24, 0x07, 0x48, 0x36, 0x24, 0x0e, 0x00, 0x00, 0x00, 0x00, 0x6e, 0x48, 0x3c, 0x2e,
  0xd3, 0x8c, 0x71, 0xcc, 0xe8, 0x9a, 0x7d, 0xff, 0xc5, 0x83, 0x6a, 0xff, 0xc2, 0x7c, 0x69, 0xfb,
  0xd9, 0x81, 0x78, 0xff, 0xf9, 0x88, 0x8c, 0xff, 0xff, 0x8b, 0x94, 0xff, 0xff, 0x89, 0x92, 0xff,
  0xff, 0x88, 0x90, 0xff, 0xfe, 0x87, 0x8f, 0xff, 0xfd, 0x87, 0x8f, 0xff, 0xfd, 0x86, 0x8e, 0xff,
  0xfd, 0x86, 0x8d, 0xff, 0xfd, 0x87, 0x8e, 0xff, 0xfe, 0x87, 0x8f, 0xff, 0xff, 0x87, 0x90, 0xff,
  0xff, 0x88, 0x91, 0xff, 0xff, 0x89, 0x93, 0xff, 0xff, 0x85, 0x90, 0xff, 0xe7, 0x80, 0x81, 0xff,
  0xcc, 0x7b, 0x6f, 0xff, 0xc1, 0x79, 0x67, 0xf7, 0xdc, 0x8d, 0x77, 0xff, 0xdc, 0x8a, 0x79, 0xff,
  0xbb, 0x77, 0x69, 0x6d, 0x00, 0x00, 0x00, 0x00, 0x00, 0x00, 0x00, 0x00, 0xff, 0xc0, 0x82, 0x5e,
  0xff, 0xc8, 0x88, 0xff, 0xff, 0xd3, 0x90, 0xff, 0xff, 0xc0, 0x83, 0xf6, 0xff, 0xbf, 0x83, 0xfe,
  0xff, 0xbe, 0x84, 0xfe, 0xff, 0xbf, 0x84, 0xfe, 0xff, 0xbe, 0x83, 0xfe, 0xff, 0xbe, 0x83, 0xfe,
  0xff, 0xbd, 0x83, 0xfe, 0xff, 0xbc, 0x84, 0xff, 0xff, 0xbc, 0x84, 0xff, 0xff, 0xbc, 0x84, 0xfe,
  0xff, 0xbc, 0x85, 0xfe, 0xff, 0xbd, 0x85, 0xff, 0xff, 0xbb, 0x84, 0xfe, 0xff, 0xbb, 0x84, 0xfe,
  0xff, 0xbb, 0x85, 0xfe, 0xff, 0xbb, 0x85, 0xfe, 0xff, 0xba, 0x85, 0xfe, 0xff, 0xba, 0x84, 0xfe,
  0xff, 0xba, 0x85, 0xf9, 0xff, 0xb9, 0x85, 0xff, 0xff, 0xce, 0x94, 0xff, 0xff, 0xb9, 0x85, 0xc6,
  0xff, 0xbc, 0x85, 0x17, 0x00, 0x00, 0x00, 0x00, 0xff, 0x99, 0x66, 0x05, 0xff, 0xff, 0x7f, 0x02,
  0x00, 0x00, 0x00, 0x00, 0x00, 0x00, 0x00, 0x00, 0x00, 0x00, 0x00, 0x00, 0x00, 0x00, 0x00, 0x00,
  0x00, 0x00, 0x00, 0x00, 0x00, 0x00, 0x00, 0x00, 0x00, 0x00, 0x00, 0x00, 0x00, 0x00, 0x00, 0x00,
  0x00, 0x00, 0x00, 0x00, 0x00, 0x00, 0x00, 0x00, 0x00, 0x00, 0x00, 0x00, 0x00, 0x00, 0x00, 0x00,
  0x00, 0x00, 0x00, 0x00, 0x00, 0x00, 0x00, 0x00, 0x00, 0x00, 0x00, 0x00, 0x00, 0x00, 0x00, 0x00,
  0x00, 0x00, 0x00, 0x00, 0x00, 0x00, 0x00, 0x00, 0x00, 0x00, 0x00, 0x00, 0x00, 0x00, 0x00, 0x00,
  0x00, 0x00, 0x00, 0x00, 0x00, 0x00, 0x00, 0x00, 0x00, 0x00, 0x00, 0x00, 0x00, 0x00, 0x00, 0x00,
  0x00, 0x00, 0x00, 0x00, 0x00, 0x00, 0x00, 0x00, 0x00, 0x00, 0x00, 0x00, 0x00, 0x00, 0x00, 0x00,
  0x00, 0x00, 0x00, 0x02, 0x55, 0x2a, 0x2a, 0x06, 0x55, 0x3f, 0x2a, 0x0c, 0x00, 0x00, 0x00, 0x00,
  0x76, 0x4d, 0x41, 0x2b, 0xd4, 0x8c, 0x73, 0xcc, 0xee, 0x9c, 0x7f, 0xff, 0xc9, 0x84, 0x6c, 0xff,
  0xb7, 0x7a, 0x62, 0xfb, 0xbf, 0x7b, 0x68, 0xff, 0xda, 0x7e, 0x79, 0xff, 0xec, 0x82, 0x84, 0xff,
  0xf3, 0x83, 0x89, 0xff, 0xfb, 0x84, 0x8e, 0xff, 0xff, 0x84, 0x91, 0xff, 0xff, 0x85, 0x93, 0xff,
  0xff, 0x85, 0x93, 0xff, 0xff, 0x85, 0x93, 0xff, 0xff, 0x85, 0x94, 0xff, 0xff, 0x85, 0x92, 0xff,
  0xfe, 0x84, 0x90, 0xff, 0xf7, 0x82, 0x8c, 0xff, 0xef, 0x81, 0x87, 0xff, 0xe2, 0x7c, 0x7e, 0xff,
  0xca, 0x78, 0x6f, 0xff, 0xb9, 0x76, 0x63, 0xff, 0xc0, 0x79, 0x66, 0xf7, 0xe3, 0x8f, 0x7c, 0xff,
  0xdf, 0x8c, 0x7b, 0xff, 0xc1, 0x79, 0x6b, 0x6b, 0x00, 0x00, 0x00, 0x00, 0x00, 0x00, 0x00, 0x00,
  0xff, 0xbf, 0x83, 0x5d, 0xff, 0xc6, 0x88, 0xff, 0xff, 0xd1, 0x90, 0xff, 0xff, 0xbe, 0x84, 0xf7,
  0xff, 0xbe, 0x83, 0xfe, 0xff, 0xbe, 0x83, 0xfe, 0xff, 0xbe, 0x84, 0xfe, 0xff, 0xbd, 0x84, 0xff,
  0xff, 0xbd, 0x84, 0xff, 0xff, 0xbc, 0x83, 0xfe, 0xff, 0xbb, 0x83, 0xfe, 0xff, 0xbb, 0x84, 0xfe,
  0xff, 0xbb, 0x85, 0xff, 0xff, 0xbb, 0x85, 0xff, 0xff, 0xbb, 0x85, 0xff, 0xff, 0xba, 0x84, 0xfe,
  0xff, 0xba, 0x84, 0xfe, 0xff, 0xba, 0x85, 0xfe, 0xff, 0xba, 0x85, 0xff, 0xff, 0xb9, 0x85, 0xff,
  0xff, 0xb8, 0x85, 0xfe, 0xff, 0xb8, 0x86, 0xf9, 0xff, 0xb8, 0x86, 0xff, 0xff, 0xcc, 0x95, 0xff,
  0xff, 0xb8, 0x87, 0xc6, 0xff, 0xbc, 0x85, 0x17, 0x00, 0x00, 0x00, 0x00, 0xff, 0x99, 0x99, 0x05,
  0xff, 0xff, 0x7f, 0x02, 0x00, 0x00, 0x00, 0x00, 0x00, 0x00, 0x00, 0x00, 0x00, 0x00, 0x00, 0x00,
  0x00, 0x00, 0x00, 0x00, 0x00, 0x00, 0x00, 0x00, 0x00, 0x00, 0x00, 0x00, 0x00, 0x00, 0x00, 0x00,
  0x00, 0x00, 0x00, 0x00, 0x00, 0x00, 0x00, 0x00, 0x00, 0x00, 0x00, 0x00, 0x00, 0x00, 0x00, 0x00,
  0x00, 0x00, 0x00, 0x00, 0x00, 0x00, 0x00, 0x00, 0x00, 0x00, 0x00, 0x00, 0x00, 0x00, 0x00, 0x00,
  0x00, 0x00, 0x00, 0x00, 0x00, 0x00, 0x00, 0x00, 0x00, 0x00, 0x00, 0x00, 0x00, 0x00, 0x00, 0x00,
  0x00, 0x00, 0x00, 0x00, 0x00, 0x00, 0x00, 0x00, 0x00, 0x00, 0x00, 0x00, 0x00, 0x00, 0x00, 0x00,
  0x00, 0x00, 0x00, 0x00, 0x00, 0x00, 0x00, 0x00, 0x00, 0x00, 0x00, 0x00, 0x00, 0x00, 0x00, 0x00,
  0x00, 0x00, 0x00, 0x00, 0x00, 0x00, 0x00, 0x01, 0x66, 0x33, 0x33, 0x05, 0x5c, 0x45, 0x2e, 0x0b,
  0x00, 0x00, 0x00, 0x00, 0x7f, 0x52, 0x46, 0x28, 0xd8, 0x8e, 0x74, 0xcc, 0xf2, 0x9f, 0x81, 0xff,
  0xcd, 0x86, 0x6e, 0xff, 0xc2, 0x7f, 0x68, 0xfa, 0xba, 0x7b, 0x64, 0xfe, 0xb6, 0x75, 0x61, 0xfe,
  0xbf, 0x77, 0x69, 0xfe, 0xd3, 0x7b, 0x75, 0xfe, 0xe7, 0x7d, 0x81, 0xff, 0xf4, 0x7f, 0x89, 0xff,
  0xfb, 0x81, 0x8e, 0xff, 0xff, 0x82, 0x91, 0xff, 0xff, 0x82, 0x92, 0xff, 0xfe, 0x81, 0x90, 0xff,
  0xf8, 0x7f, 0x8e, 0xff, 0xee, 0x7d, 0x87, 0xff, 0xdc, 0x79, 0x7c, 0xfe, 0xc9, 0x75, 0x70, 0xfe,
  0xb9, 0x72, 0x65, 0xfe, 0xb8, 0x73, 0x63, 0xff, 0xbe, 0x77, 0x67, 0xff, 0xc6, 0x7b, 0x6c, 0xf7,
  0xe8, 0x90, 0x7f, 0xff, 0xe4, 0x8f, 0x7e, 0xff, 0xc9, 0x7e, 0x6f, 0x69, 0x00, 0x00, 0x00, 0x00,
  0x00, 0x00, 0x00, 0x00, 0xff, 0xbf, 0x83, 0x5d, 0xff, 0xc5, 0x88, 0xff, 0xff, 0xd0, 0x90, 0xff,
  0xff, 0xbd, 0x84, 0xf7, 0xff, 0xbd, 0x83, 0xff, 0xff, 0xbe, 0x83, 0xff, 0xff, 0xbd, 0x84, 0xff,
  0xff, 0xbc, 0x84, 0xfe, 0xff, 0xbc, 0x84, 0xfe, 0xff, 0xbb, 0x83, 0xfe, 0xff, 0xba, 0x83, 0xfe,
  0xff, 0xbb, 0x84, 0xfe, 0xff, 0xba, 0x84, 0xff, 0xff, 0xb9, 0x84, 0xff, 0xff, 0xb9, 0x84, 0xfe,
  0xff, 0xb9, 0x84, 0xff, 0xff, 0xba, 0x85, 0xff, 0xff, 0xb8, 0x86, 0xfe, 0xff, 0xb8, 0x85, 0xff,
  0xff, 0xb6, 0x85, 0xff, 0xff, 0xb6, 0x86, 0xfe, 0xff, 0xb7, 0x86, 0xf9, 0xff, 0xb7, 0x86, 0xff,
  0xff, 0xcb, 0x95, 0xff, 0xff, 0xb6, 0x87, 0xc6, 0xff, 0xb1, 0x85, 0x17, 0x00, 0x00, 0x00, 0x00,
  0xff, 0x99, 0x99, 0x05, 0xff, 0xff, 0x7f, 0x02, 0x00, 0x00, 0x00, 0x00, 0x00, 0x00, 0x00, 0x00,
  0x00, 0x00, 0x00, 0x00, 0x00, 0x00, 0x00, 0x00, 0x00, 0x00, 0x00, 0x00, 0x00, 0x00, 0x00, 0x00,
  0x00, 0x00, 0x00, 0x00, 0x00, 0x00, 0x00, 0x00, 0x00, 0x00, 0x00, 0x00, 0x00, 0x00, 0x00, 0x00,
  0x00, 0x00, 0x00, 0x00, 0x00, 0x00, 0x00, 0x00, 0x00, 0x00, 0x00, 0x00, 0x00, 0x00, 0x00, 0x00,
  0x00, 0x00, 0x00, 0x00, 0x00, 0x00, 0x00, 0x00, 0x00, 0x00, 0x00, 0x00, 0x00, 0x00, 0x00, 0x00,
  0x00, 0x00, 0x00, 0x00, 0x00, 0x00, 0x00, 0x00, 0x00, 0x00, 0x00, 0x00, 0x00, 0x00, 0x00, 0x00,
  0x00, 0x00, 0x00, 0x00, 0x00, 0x00, 0x00, 0x00, 0x00, 0x00, 0x00, 0x00, 0x00, 0x00, 0x00, 0x00,
  0x00, 0x00, 0x00, 0x00, 0x00, 0x00, 0x00, 0x00, 0x00, 0x00, 0x00, 0x00, 0x7f, 0x3f, 0x3f, 0x04,
  0x66, 0x4c, 0x33, 0x0a, 0x00, 0x00, 0x00, 0x00, 0x8c, 0x5d, 0x50, 0x26, 0xdd, 0x91, 0x76, 0xcb,
  0xf7, 0xa1, 0x84, 0xff, 0xd2, 0x89, 0x71, 0xff, 0xc8, 0x82, 0x6d, 0xfa, 0xbf, 0x7c, 0x66, 0xfe,
  0xb3, 0x76, 0x5f, 0xfe, 0xb2, 0x74, 0x60, 0xfe, 0xbb, 0x75, 0x65, 0xfe, 0xc4, 0x75, 0x6b, 0xfe,
  0xca, 0x76, 0x6f, 0xfe, 0xcd, 0x76, 0x72, 0xff, 0xcf, 0x76, 0x74, 0xfe, 0xd0, 0x76, 0x75, 0xfe,
  0xcf, 0x75, 0x73, 0xff, 0xcc, 0x74, 0x72, 0xff, 0xc7, 0x73, 0x6e, 0xff, 0xc0, 0x72, 0x6a, 0xfe,
  0xb7, 0x71, 0x64, 0xfe, 0xb2, 0x73, 0x61, 0xfe, 0xb8, 0x75, 0x65, 0xff, 0xc4, 0x79, 0x6c, 0xff,
  0xcc, 0x7d, 0x70, 0xf7, 0xed, 0x92, 0x82, 0xff, 0xe9, 0x90, 0x80, 0xff, 0xcf, 0x80, 0x74, 0x67,
  0x00, 0x00, 0x00, 0x00, 0x00, 0x00, 0x00, 0x00, 0xff, 0xbd, 0x82, 0x5e, 0xff, 0xc4, 0x88, 0xff,
  0xff, 0xcf, 0x90, 0xff, 0xff, 0xbd, 0x84, 0xf6, 0xff, 0xbd, 0x84, 0xff, 0xff, 0xbd, 0x84, 0xff,
  0xff, 0xbc, 0x84, 0xff, 0xff, 0xbb, 0x84, 0xfe, 0xff, 0xbb, 0x84, 0xfe, 0xff, 0xbb, 0x84, 0xfe,
  0xff, 0xba, 0x84, 0xfe, 0xff, 0xba, 0x84, 0xfe, 0xff, 0xb9, 0x84, 0xfe, 0xff, 0xb8, 0x84, 0xfe,
  0xff, 0xb8, 0x84, 0xfe, 0xff, 0xb9, 0x85, 0xff, 0xff, 0xb9, 0x86, 0xff, 0xff, 0xb7, 0x86, 0xfe,
  0xff, 0xb6, 0x85, 0xfe, 0xff, 0xb5, 0x85, 0xfe, 0xff, 0xb4, 0x86, 0xfe, 0xff, 0xb6, 0x86, 0xf9,
  0xff, 0xb6, 0x86, 0xff, 0xff, 0xca, 0x95, 0xff, 0xff, 0xb5, 0x87, 0xc6, 0xff, 0xb1, 0x85, 0x17,
  0x00, 0x00, 0x00, 0x00, 0xff, 0x99, 0x99, 0x05, 0xff, 0xff, 0x7f, 0x02, 0x00, 0x00, 0x00, 0x00,
  0x00, 0x00, 0x00, 0x00, 0x00, 0x00, 0x00, 0x00, 0x00, 0x00, 0x00, 0x00, 0x00, 0x00, 0x00, 0x00,
  0x00, 0x00, 0x00, 0x00, 0x00, 0x00, 0x00, 0x00, 0x00, 0x00, 0x00, 0x00, 0x00, 0x00, 0x00, 0x00,
  0x00, 0x00, 0x00, 0x00, 0x00, 0x00, 0x00, 0x00, 0x00, 0x00, 0x00, 0x00, 0x00, 0x00, 0x00, 0x00,
  0x00, 0x00, 0x00, 0x00, 0x00, 0x00, 0x00, 0x00, 0x00, 0x00, 0x00, 0x00, 0x00, 0x00, 0x00, 0x00,
  0x00, 0x00, 0x00, 0x00, 0x00, 0x00, 0x00, 0x00, 0x00, 0x00, 0x00, 0x00, 0x00, 0x00, 0x00, 0x00,
  0x00, 0x00, 0x00, 0x00, 0x00, 0x00, 0x00, 0x00, 0x00, 0x00, 0x00, 0x00, 0x00, 0x00, 0x00, 0x00,
  0x00, 0x00, 0x00, 0x00, 0x00, 0x00, 0x00, 0x00, 0x00, 0x00, 0x00, 0x00, 0x00, 0x00, 0x00, 0x00,
  0xaa, 0x55, 0x55, 0x03, 0x71, 0x55, 0x38, 0x09, 0x00, 0x00, 0x00, 0x00, 0xa0, 0x6d, 0x57, 0x23,
  0xe3, 0x93, 0x79, 0xca, 0xfc, 0xa4, 0x87, 0xff, 0xd8, 0x8c, 0x75, 0xff, 0xce, 0x84, 0x70, 0xfa,
  0xc8, 0x7f, 0x6c, 0xfe, 0xc1, 0x7c, 0x68, 0xfe, 0xba, 0x78, 0x65, 0xfe, 0xb5, 0x74, 0x61, 0xfe,
  0xaf, 0x72, 0x5e, 0xfe, 0xac, 0x70, 0x5d, 0xfe, 0xaa, 0x6f, 0x5d, 0xff, 0xa9, 0x6e, 0x5c, 0xfe,
  0xa8, 0x6e, 0x5c, 0xfe, 0xaa, 0x6e, 0x5c, 0xff, 0xab, 0x6e, 0x5d, 0xff, 0xad, 0x6e, 0x5d, 0xff,
  0xb2, 0x71, 0x61, 0xfe, 0xb8, 0x74, 0x64, 0xfe, 0xbd, 0x77, 0x68, 0xfe, 0xc2, 0x79, 0x6c, 0xff,
  0xc9, 0x7c, 0x6f, 0xff, 0xd1, 0x81, 0x73, 0xf7, 0xf3, 0x95, 0x85, 0xff, 0xed, 0x92, 0x82, 0xff,
  0xd4, 0x82, 0x75, 0x66, 0x00, 0x00, 0x00, 0x00, 0x00, 0x00, 0x00, 0x00, 0xff, 0xbb, 0x84, 0x5e,
  0xff, 0xc3, 0x89, 0xff, 0xff, 0xcd, 0x91, 0xff, 0xff, 0xbb, 0x85, 0xf6, 0xff, 0xbb, 0x85, 0xff,
  0xff, 0xbb, 0x84, 0xfe, 0xff, 0xba, 0x84, 0xfe, 0xff, 0xb9, 0x85, 0xff, 0xff, 0xb9, 0x85, 0xff,
  0xff, 0xb9, 0x85, 0xff, 0xff, 0xb8, 0x85, 0xfe, 0xff, 0xb8, 0x85, 0xfe, 0xff, 0xb7, 0x85, 0xfe,
  0xff, 0xb7, 0x85, 0xfe, 0xff, 0xb7, 0x86, 0xff, 0xff, 0xb7, 0x86, 0xff, 0xff, 0xb7, 0x86, 0xff,
  0xff, 0xb5, 0x86, 0xfe, 0xff, 0xb5, 0x85, 0xfe, 0xff, 0xb5, 0x85, 0xfe, 0xff, 0xb3, 0x85, 0xfe,
  0xff, 0xb4, 0x86, 0xf9, 0xff, 0xb4, 0x87, 0xff, 0xff, 0xc8, 0x96, 0xff, 0xff, 0xb4, 0x87, 0xc6,
  0xff, 0xb1, 0x85, 0x17, 0x00, 0x00, 0x00, 0x00, 0xff, 0x99, 0x99, 0x05, 0xff, 0xff, 0x7f, 0x02,
  0x00, 0x00, 0x00, 0x00, 0x00, 0x00, 0x00, 0x00, 0x00, 0x00, 0x00, 0x00, 0x00, 0x00, 0x00, 0x00,
  0x00, 0x00, 0x00, 0x00, 0x00, 0x00, 0x00, 0x00, 0x00, 0x00, 0x00, 0x00, 0x00, 0x00, 0x00, 0x00,
  0x00, 0x00, 0x00, 0x00, 0x00, 0x00, 0x00, 0x00, 0x00, 0x00, 0x00, 0x00, 0x00, 0x00, 0x00, 0x00,
  0x00, 0x00, 0x00, 0x00, 0x00, 0x00, 0x00, 0x00, 0x00, 0x00, 0x00, 0x00, 0x00, 0x00, 0x00, 0x00,
  0x00, 0x00, 0x00, 0x00, 0x00, 0x00, 0x00, 0x00, 0x00, 0x00, 0x00, 0x00, 0x00, 0x00, 0x00, 0x00,
  0x00, 0x00, 0x00, 0x00, 0x00, 0x00, 0x00, 0x00, 0x00, 0x00, 0x00, 0x00, 0x00, 0x00, 0x00, 0x00,
  0x00, 0x00, 0x00, 0x00, 0x00, 0x00, 0x00, 0x00, 0x00, 0x00, 0x00, 0x00, 0x00, 0x00, 0x00, 0x00,
  0x00, 0x00, 0x00, 0x00, 0xff, 0x7f, 0x7f, 0x02, 0x91, 0x6d, 0x48, 0x07, 0x00, 0x00, 0x00, 0x00,
  0xaa, 0x6c, 0x5c, 0x21, 0xea, 0x96, 0x7d, 0xc9, 0xff, 0xa7, 0x8c, 0xff, 0xde, 0x90, 0x79, 0xff,
  0xd5, 0x87, 0x73, 0xfa, 0xcf, 0x82, 0x70, 0xfe, 0xc7, 0x7f, 0x6d, 0xff, 0xc0, 0x7b, 0x69, 0xff,
  0xbb, 0x78, 0x66, 0xff, 0xb6, 0x75, 0x63, 0xfe, 0xb4, 0x73, 0x62, 0xfe, 0xb1, 0x71, 0x61, 0xff,
  0xb0, 0x70, 0x60, 0xff, 0xb0, 0x70, 0x5f, 0xfe, 0xb1, 0x71, 0x61, 0xfe, 0xb2, 0x71, 0x61, 0xfe,
  0xb5, 0x72, 0x61, 0xfe, 0xb9, 0x74, 0x63, 0xff, 0xbe, 0x76, 0x67, 0xff, 0xc4, 0x79, 0x6b, 0xfe,
  0xcb, 0x7d, 0x6f, 0xfe, 0xd2, 0x81, 0x72, 0xfe, 0xd9, 0x86, 0x78, 0xf6, 0xfa, 0x99, 0x89, 0xff,
  0xf3, 0x94, 0x85, 0xff, 0xdd, 0x89, 0x7a, 0x64, 0x00, 0x00, 0x00, 0x00, 0x00, 0x00, 0x00, 0x00,
  0xff, 0xbb, 0x84, 0x5e, 0xff, 0xc2, 0x8a, 0xff, 0xff, 0xcc, 0x91, 0xff, 0xff, 0xba, 0x85, 0xf6,
  0xff, 0xba, 0x85, 0xff, 0xff, 0xba, 0x84, 0xfe, 0xff, 0xb9, 0x85, 0xfe, 0xff, 0xb8, 0x85, 0xff,
  0xff, 0xb8, 0x85, 0xff, 0xff, 0xb8, 0x85, 0xff, 0xff, 0xb7, 0x86, 0xfe, 0xff, 0xb6, 0x86, 0xfe,
  0xff, 0xb6, 0x85, 0xfe, 0xff, 0xb6, 0x85, 0xfe, 0xff, 0xb6, 0x86, 0xff, 0xff, 0xb6, 0x85, 0xff,
  0xff, 0xb5, 0x85, 0xff, 0xff, 0xb4, 0x86, 0xfe, 0xff, 0xb4, 0x85, 0xfe, 0xff, 0xb4, 0x85, 0xfe,
  0xff, 0xb3, 0x86, 0xfe, 0xff, 0xb3, 0x86, 0xfa, 0xff, 0xb4, 0x88, 0xff, 0xff, 0xc7, 0x96, 0xff,
  0xff, 0xb3, 0x87, 0xc6, 0xff, 0xb1, 0x85, 0x17, 0x00, 0x00, 0x00, 0x00, 0xff, 0x99, 0x99, 0x05,
  0xff, 0xff, 0x7f, 0x02, 0x00, 0x00, 0x00, 0x00, 0x00, 0x00, 0x00, 0x00, 0x00, 0x00, 0x00, 0x00,
  0x00, 0x00, 0x00, 0x00, 0x00, 0x00, 0x00, 0x00, 0x00, 0x00, 0x00, 0x00, 0x00, 0x00, 0x00, 0x00,
  0x00, 0x00, 0x00, 0x00, 0x00, 0x00, 0x00, 0x00, 0x00, 0x00, 0x00, 0x00, 0x00, 0x00, 0x00, 0x00,
  0x00, 0x00, 0x00, 0x00, 0x00, 0x00, 0x00, 0x00, 0x00, 0x00, 0x00, 0x00, 0x00, 0x00, 0x00, 0x00,
  0x00, 0x00, 0x00, 0x00, 0x00, 0x00, 0x00, 0x00, 0x00, 0x00, 0x00, 0x00, 0x00, 0x00, 0x00, 0x00,
  0x00, 0x00, 0x00, 0x00, 0x00, 0x00, 0x00, 0x00, 0x00, 0x00, 0x00, 0x00, 0x00, 0x00, 0x00, 0x00,
  0x00, 0x00, 0x00, 0x00, 0x00, 0x00, 0x00, 0x00, 0x00, 0x00, 0x00, 0x00, 0x00, 0x00, 0x00, 0x00,
  0x00, 0x00, 0x00, 0x00, 0x00, 0x00, 0x00, 0x01, 0xff, 0x7f, 0x7f, 0x02, 0x91, 0x6d, 0x48, 0x07,
  0x00, 0x00, 0x00, 0x00, 0xbb, 0x77, 0x66, 0x1e, 0xef, 0x98, 0x80, 0xc9, 0xff, 0xa9, 0x90, 0xff,
  0xe5, 0x93, 0x7d, 0xff, 0xdd, 0x8c, 0x77, 0xf9, 0xd6, 0x86, 0x74, 0xfe, 0xce, 0x82, 0x71, 0xff,
  0xc8, 0x7e, 0x6e, 0xff, 0xc5, 0x7c, 0x6c, 0xff, 0xc0, 0x79, 0x6a, 0xfe, 0xbe, 0x77, 0x68, 0xfe,
  0xbc, 0x75, 0x67, 0xff, 0xbb, 0x74, 0x66, 0xff, 0xbb, 0x74, 0x66, 0xfe, 0xbc, 0x74, 0x68, 0xfe,
  0xbe, 0x75, 0x68, 0xfe, 0xc0, 0x76, 0x68, 0xfe, 0xc2, 0x77, 0x69, 0xff, 0xc5, 0x79, 0x6c, 0xff,
  0xcc, 0x7d, 0x70, 0xfe, 0xd3, 0x81, 0x73, 0xfe, 0xd9, 0x85, 0x76, 0xfe, 0xe0, 0x89, 0x7c, 0xf6,
  0xfe, 0x9c, 0x8c, 0xff, 0xf8, 0x96, 0x88, 0xff, 0xe5, 0x8b, 0x7e, 0x63, 0x00, 0x00, 0x00, 0x00,
  0x00, 0x00, 0x00, 0x00, 0xff, 0xbb, 0x84, 0x5e, 0xff, 0xc1, 0x8a, 0xff, 0xff, 0xcb, 0x91, 0xff,
  0xff, 0xb8, 0x84, 0xf6, 0xff, 0xb8, 0x84, 0xfe, 0xff, 0xb8, 0x85, 0xff, 0xff, 0xb8, 0x86, 0xff,
  0xff, 0xb7, 0x85, 0xff, 0xff, 0xb7, 0x85, 0xff, 0xff, 0xb7, 0x85, 0xfe, 0xff, 0xb6, 0x86, 0xfe,
  0xff, 0xb5, 0x86, 0xfe, 0xff, 0xb5, 0x85, 0xfe, 0xff, 0xb5, 0x85, 0xfe, 0xff, 0xb5, 0x86, 0xfe,
  0xff, 0xb4, 0x85, 0xfe, 0xff, 0xb4, 0x85, 0xfe, 0xff, 0xb3, 0x86, 0xfe, 0xff, 0xb3, 0x86, 0xfe,
  0xff, 0xb3, 0x86, 0xfe, 0xff, 0xb3, 0x87, 0xfe, 0xff, 0xb3, 0x87, 0xfa, 0xff, 0xb3, 0x88, 0xff,
  0xff, 0xc6, 0x96, 0xff, 0xff, 0xb1, 0x87, 0xc6, 0xff, 0xb1, 0x85, 0x17, 0x00, 0x00, 0x00, 0x00,
  0xff, 0x99, 0x99, 0x05, 0xff, 0xff, 0x7f, 0x02, 0x00, 0x00, 0x00, 0x00, 0x00, 0x00, 0x00, 0x00,
  0x00, 0x00, 0x00, 0x00, 0x00, 0x00, 0x00, 0x00, 0x00, 0x00, 0x00, 0x00, 0x00, 0x00, 0x00, 0x00,
  0x00, 0x00, 0x00, 0x00, 0x00, 0x00, 0x00, 0x00, 0x00, 0x00, 0x00, 0x00, 0x00, 0x00, 0x00, 0x00,
  0x00, 0x00, 0x00, 0x00, 0x00, 0x00, 0x00, 0x00, 0x00, 0x00, 0x00, 0x00, 0x00, 0x00, 0x00, 0x00,
  0x00, 0x00, 0x00, 0x00, 0x00, 0x00, 0x00, 0x00, 0x00, 0x00, 0x00, 0x00, 0x00, 0x00, 0x00, 0x00,
  0x00, 0x00, 0x00, 0x00, 0x00, 0x00, 0x00, 0x00, 0x00, 0x00, 0x00, 0x00, 0x00, 0x00, 0x00, 0x00,
  0x00, 0x00, 0x00, 0x00, 0x00, 0x00, 0x00, 0x00, 0x00, 0x00, 0x00, 0x00, 0x00, 0x00, 0x00, 0x00,
  0x00, 0x00, 0x00, 0x00, 0x00, 0x00, 0x00, 0x00, 0x00, 0x00, 0x00, 0x01, 0xaa, 0x55, 0x55, 0x03,
  0xd4, 0x7f, 0x55, 0x06, 0x00, 0x00, 0x00, 0x00, 0xc8, 0x7f, 0x6d, 0x1c, 0xf4, 0x9a, 0x83, 0xc8,
  0xff, 0xab, 0x93, 0xff, 0xed, 0x96, 0x81, 0xff, 0xe6, 0x91, 0x7b, 0xf9, 0xdf, 0x8b, 0x78, 0xfe,
  0xd7, 0x86, 0x75, 0xff, 0xd2, 0x82, 0x72, 0xff, 0xce, 0x80, 0x70, 0xff, 0xc8, 0x7d, 0x6d, 0xff,
  0xc4, 0x7b, 0x6b, 0xff, 0xc2, 0x79, 0x69, 0xfe, 0xc1, 0x78, 0x69, 0xfe, 0xc1, 0x77, 0x69, 0xfe,
  0xc1, 0x77, 0x6b, 0xff, 0xc4, 0x78, 0x6b, 0xff, 0xc7, 0x79, 0x6c, 0xfe, 0xca, 0x7b, 0x6e, 0xff,
  0xce, 0x7d, 0x71, 0xff, 0xd6, 0x81, 0x75, 0xfe, 0xdb, 0x85, 0x78, 0xfe, 0xe0, 0x88, 0x7b, 0xfe,
  0xe7, 0x8c, 0x7f, 0xf6, 0xff, 0x9e, 0x90, 0xff, 0xfc, 0x97, 0x8b, 0xff, 0xef, 0x8d, 0x83, 0x61,
  0x00, 0x00, 0x00, 0x00, 0x00, 0x00, 0x00, 0x00, 0xff, 0xb8, 0x84, 0x5e, 0xff, 0xbf, 0x8a, 0xff,
  0xff, 0xca, 0x92, 0xff, 0xff, 0xb7, 0x85, 0xf6, 0xff, 0xb6, 0x84, 0xfe, 0xff, 0xb6, 0x85, 0xfe,
  0xff, 0xb6, 0x85, 0xfe, 0xff, 0xb6, 0x85, 0xfe, 0xff, 0xb6, 0x85, 0xfe, 0xff, 0xb6, 0x85, 0xfe,
  0xff, 0xb5, 0x86, 0xfe, 0xff, 0xb5, 0x86, 0xfe, 0xff, 0xb4, 0x86, 0xff, 0xff, 0xb4, 0x86, 0xff,
  0xff, 0xb4, 0x86, 0xfe, 0xff, 0xb3, 0x86, 0xfe, 0xff, 0xb3, 0x86, 0xfe, 0xff, 0xb2, 0x86, 0xfe,
  0xff, 0xb2, 0x86, 0xfe, 0xff, 0xb2, 0x86, 0xfe, 0xff, 0xb1, 0x86, 0xfe, 0xff, 0xb1, 0x87, 0xf9,
  0xff, 0xb1, 0x87, 0xff, 0xff, 0xc4, 0x96, 0xff, 0xff, 0xb0, 0x87, 0xc6, 0xff, 0xb1, 0x85, 0x17,
  0x00, 0x00, 0x00, 0x00, 0xff, 0x99, 0x99, 0x05, 0xff, 0x7f, 0x7f, 0x02, 0x00, 0x00, 0x00, 0x00,
  0x00, 0x00, 0x00, 0x00, 0x00, 0x00, 0x00, 0x00, 0x00, 0x00, 0x00, 0x00, 0x00, 0x00, 0x00, 0x00,
  0x00, 0x00, 0x00, 0x00, 0x00, 0x00, 0x00, 0x00, 0x00, 0x00, 0x00, 0x00, 0x00, 0x00, 0x00, 0x00,
  0x00, 0x00, 0x00, 0x00, 0x00, 0x00, 0x00, 0x00, 0x00, 0x00, 0x00, 0x00, 0x00, 0x00, 0x00, 0x00,
  0x00, 0x00, 0x00, 0x00, 0x00, 0x00, 0x00, 0x00, 0x00, 0x00, 0x00, 0x00, 0x00, 0x00, 0x00, 0x00,
  0x00, 0x00, 0x00, 0x00, 0x00, 0x00, 0x00, 0x00, 0x00, 0x00, 0x00, 0x00, 0x00, 0x00, 0x00, 0x00,
  0x00, 0x00, 0x00, 0x00, 0x00, 0x00, 0x00, 0x00, 0x00, 0x00, 0x00, 0x00, 0x00, 0x00, 0x00, 0x00,
  0x00, 0x00, 0x00, 0x00, 0x00, 0x00, 0x00, 0x00, 0x00, 0x00, 0x00, 0x00, 0x00, 0x00, 0x00, 0x00,
  0xff, 0x7f, 0x7f, 0x02, 0xff, 0x99, 0x99, 0x05, 0x00, 0x00, 0x00, 0x00, 0xe1, 0x89, 0x7f, 0x1a,
  0xf8, 0x9d, 0x87, 0xc7, 0xff, 0xad, 0x97, 0xff, 0xf3, 0x98, 0x85, 0xff, 0xed, 0x94, 0x7f, 0xfa,
  0xe7, 0x91, 0x7d, 0xfe, 0xe1, 0x8c, 0x7a, 0xfe, 0xdc, 0x89, 0x78, 0xfe, 0xd8, 0x86, 0x76, 0xfe,
  0xd2, 0x82, 0x73, 0xff, 0xce, 0x7f, 0x71, 0xff, 0xcc, 0x7f, 0x70, 0xfe, 0xcb, 0x7d, 0x70, 0xff,
  0xcb, 0x7d, 0x70, 0xff, 0xcc, 0x7d, 0x71, 0xfe, 0xcd, 0x7e, 0x72, 0xfe, 0xd1, 0x7f, 0x73, 0xfe,
  0xd5, 0x81, 0x75, 0xff, 0xd9, 0x83, 0x77, 0xff, 0xdf, 0x87, 0x7b, 0xfe, 0xe3, 0x8a, 0x7e, 0xfe,
  0xe7, 0x8c, 0x80, 0xfe, 0xed, 0x8f, 0x83, 0xf7, 0xff, 0xa0, 0x94, 0xff, 0xff, 0x98, 0x8e, 0xff,
  0xf7, 0x92, 0x87, 0x60, 0x00, 0x00, 0x00, 0x00, 0x00, 0x00, 0x00, 0x00, 0xff, 0xb8, 0x84, 0x5e,
  0xff, 0xbd, 0x8a, 0xff, 0xff, 0xc8, 0x92, 0xff, 0xff, 0xb7, 0x85, 0xf6, 0xff, 0xb6, 0x85, 0xfe,
  0xff, 0xb5, 0x85, 0xfe, 0xff, 0xb5, 0x85, 0xfe, 0xff, 0xb4, 0x85, 0xfe, 0xff, 0xb4, 0x85, 0xfe,
  0xff, 0xb4, 0x85, 0xfe, 0xff, 0xb5, 0x86, 0xfe, 0xff, 0xb4, 0x86, 0xfe, 0xff, 0xb2, 0x86, 0xff,
  0xff, 0xb2, 0x86, 0xff, 0xff, 0xb2, 0x86, 0xfe, 0xff, 0xb1, 0x87, 0xfe, 0xff, 0xb1, 0x87, 0xfe,
  0xff, 0xb0, 0x86, 0xfe, 0xff, 0xb0, 0x86, 0xfe, 0xff, 0xb0, 0x86, 0xfe, 0xff, 0xaf, 0x86, 0xfe,
  0xff, 0xb0, 0x87, 0xf9, 0xff, 0xb0, 0x87, 0xff, 0xff, 0xc3, 0x96, 0xff, 0xff, 0xb0, 0x87, 0xc6,
  0xff, 0xb1, 0x85, 0x17, 0x00, 0x00, 0x00, 0x00, 0xff, 0x99, 0x99, 0x05, 0xff, 0x7f, 0x7f, 0x02,
  0x00, 0x00, 0x00, 0x00, 0x00, 0x00, 0x00, 0x00, 0x00, 0x00, 0x00, 0x00, 0x00, 0x00, 0x00, 0x00,
  0x00, 0x00, 0x00, 0x00, 0x00, 0x00, 0x00, 0x00, 0x00, 0x00, 0x00, 0x00, 0x00, 0x00, 0x00, 0x00,
  0x00, 0x00, 0x00, 0x00, 0x00, 0x00, 0x00, 0x00, 0x00, 0x00, 0x00, 0x00, 0x00, 0x00, 0x00, 0x00,
  0x00, 0x00, 0x00, 0x00, 0x00, 0x00, 0x00, 0x00, 0x00, 0x00, 0x00, 0x00, 0x00, 0x00, 0x00, 0x00,
  0x00, 0x00, 0x00, 0x00, 0x00, 0x00, 0x00, 0x00, 0x00, 0x00, 0x00, 0x00, 0x00, 0x00, 0x00, 0x00,
  0x00, 0x00, 0x00, 0x00, 0x00, 0x00, 0x00, 0x00, 0x00, 0x00, 0x00, 0x00, 0x00, 0x00, 0x00, 0x00,
  0x00, 0x00, 0x00, 0x00, 0x00, 0x00, 0x00, 0x00, 0x00, 0x00, 0x00, 0x00, 0x00, 0x00, 0x00, 0x00,
  0x00, 0x00, 0x00, 0x00, 0xff, 0x7f, 0x7f, 0x02, 0xff, 0x99, 0x99, 0x05, 0x00, 0x00, 0x00, 0x00,
  0xf4, 0x94, 0x8a, 0x18, 0xfb, 0x9d, 0x89, 0xc7, 0xff, 0xae, 0x98, 0xff, 0xf8, 0x9a, 0x87, 0xff,
  0xf2, 0x96, 0x83, 0xfa, 0xee, 0x95, 0x81, 0xfe, 0xea, 0x91, 0x7f, 0xfe, 0xe5, 0x8e, 0x7d, 0xfe,
  0xe1, 0x8b, 0x7b, 0xfe, 0xdd, 0x88, 0x79, 0xff, 0xd9, 0x85, 0x77, 0xff, 0xd7, 0x83, 0x77, 0xfe,
  0xd6, 0x82, 0x76, 0xff, 0xd6, 0x83, 0x76, 0xff, 0xd7, 0x83, 0x77, 0xfe, 0xd8, 0x83, 0x77, 0xfe,
  0xdb, 0x84, 0x79, 0xfe, 0xde, 0x87, 0x7b, 0xff, 0xe2, 0x89, 0x7d, 0xff, 0xe6, 0x8b, 0x7f, 0xfe,
  0xeb, 0x8e, 0x82, 0xfe, 0xee, 0x8f, 0x84, 0xfe, 0xf3, 0x91, 0x86, 0xf7, 0xff, 0xa2, 0x97, 0xff,
  0xff, 0x99, 0x90, 0xff, 0xfc, 0x95, 0x8a, 0x5e, 0x00, 0x00, 0x00, 0x00, 0x00, 0x00, 0x00, 0x00,
  0xff, 0xb5, 0x84, 0x5e, 0xff, 0xbc, 0x8a, 0xff, 0xff, 0xc7, 0x92, 0xff, 0xff, 0xb6, 0x85, 0xf6,
  0xff, 0xb6, 0x86, 0xfe, 0xff, 0xb5, 0x86, 0xfe, 0xff, 0xb4, 0x86, 0xfe, 0xff, 0xb3, 0x86, 0xfe,
  0xff, 0xb3, 0x86, 0xfe, 0xff, 0xb3, 0x86, 0xfe, 0xff, 0xb3, 0x86, 0xfe, 0xff, 0xb2, 0x86, 0xfe,
  0xff, 0xb1, 0x86, 0xfe, 0xff, 0xb1, 0x86, 0xfe, 0xff, 0xb1, 0x86, 0xfe, 0xff, 0xb0, 0x86, 0xfe,
  0xff, 0xaf, 0x86, 0xfe, 0xff, 0xaf, 0x86, 0xfe, 0xff, 0xaf, 0x86, 0xff, 0xff, 0xaf, 0x87, 0xff,
  0xff, 0xae, 0x88, 0xff, 0xff, 0xad, 0x88, 0xfb, 0xff, 0xaf, 0x89, 0xff, 0xff, 0xc2, 0x97, 0xff,
  0xff, 0xad, 0x87, 0xc6, 0xff, 0xb1, 0x85, 0x17, 0x00, 0x00, 0x00, 0x00, 0xff, 0x99, 0x99, 0x05,
  0xff, 0x7f, 0x7f, 0x02, 0x00, 0x00, 0x00, 0x00, 0x00, 0x00, 0x00, 0x00, 0x00, 0x00, 0x00, 0x00,
  0x00, 0x00, 0x00, 0x00, 0x00, 0x00, 0x00, 0x00, 0x00, 0x00, 0x00, 0x00, 0x00, 0x00, 0x00, 0x00,
  0x00, 0x00, 0x00, 0x00, 0x00, 0x00, 0x00, 0x00, 0x00, 0x00, 0x00, 0x00, 0x00, 0x00, 0x00, 0x00,
  0x00, 0x00, 0x00, 0x00, 0x00, 0x00, 0x00, 0x00, 0x00, 0x00, 0x00, 0x00, 0x00, 0x00, 0x00, 0x00,
  0x00, 0x00, 0x00, 0x00, 0x00, 0x00, 0x00, 0x00, 0x00, 0x00, 0x00, 0x00, 0x00, 0x00, 0x00, 0x00,
  0x00, 0x00, 0x00, 0x00, 0x00, 0x00, 0x00, 0x00, 0x00, 0x00, 0x00, 0x00, 0x00, 0x00, 0x00, 0x00,
  0x00, 0x00, 0x00, 0x00, 0x00, 0x00, 0x00, 0x00, 0x00, 0x00, 0x00, 0x00, 0x00, 0x00, 0x00, 0x00,
  0x00, 0x00, 0x00, 0x00, 0x00, 0x00, 0x00, 0x00, 0xff, 0x7f, 0x7f, 0x02, 0xff, 0x99, 0x99, 0x05,
  0x00, 0x00, 0x00, 0x00, 0xff, 0x9b, 0x85, 0x17, 0xfd, 0x9e, 0x89, 0xc6, 0xff, 0xaf, 0x99, 0xff,
  0xfb, 0x9c, 0x8a, 0xff, 0xf7, 0x99, 0x88, 0xfa, 0xf3, 0x97, 0x86, 0xfe, 0xf1, 0x96, 0x85, 0xfe,
  0xee, 0x93, 0x82, 0xfe, 0xeb, 0x90, 0x80, 0xfe, 0xe7, 0x8d, 0x7f, 0xfe, 0xe5, 0x8b, 0x7e, 0xfe,
  0xe3, 0x88, 0x7c, 0xff, 0xe2, 0x88, 0x7c, 0xff, 0xe2, 0x88, 0x7c, 0xff, 0xe3, 0x88, 0x7c, 0xfe,
  0xe4, 0x88, 0x7c, 0xfe, 0xe6, 0x89, 0x7e, 0xfe, 0xe8, 0x8b, 0x81, 0xfe, 0xeb, 0x8e, 0x83, 0xfe,
  0xee, 0x8f, 0x84, 0xff, 0xf2, 0x91, 0x86, 0xff, 0xf5, 0x92, 0x88, 0xfe, 0xf8, 0x92, 0x89, 0xf7,
  0xff, 0xa2, 0x98, 0xff, 0xff, 0x99, 0x91, 0xff, 0xff, 0x96, 0x8e, 0x5d, 0x00, 0x00, 0x00, 0x00,
  0x00, 0x00, 0x00, 0x00, 0xff, 0xb5, 0x84, 0x5e, 0xff, 0xbc, 0x8b, 0xff, 0xff, 0xc6, 0x92, 0xff,
  0xff, 0xb3, 0x85, 0xf7, 0xff, 0xb5, 0x86, 0xfe, 0xff, 0xb4, 0x87, 0xff, 0xff, 0xb4, 0x87, 0xff,
  0xff, 0xb2, 0x86, 0xfe, 0xff, 0xb2, 0x86, 0xfe, 0xff, 0xb2, 0x87, 0xff, 0xff, 0xb2, 0x86, 0xfe,
  0xff, 0xb1, 0x86, 0xfe, 0xff, 0xb0, 0x86, 0xfe, 0xff, 0xb0, 0x86, 0xfe, 0xff, 0xb0, 0x87, 0xfe,
  0xff, 0xaf, 0x86, 0xfe, 0xff, 0xaf, 0x86, 0xfe, 0xff, 0xaf, 0x87, 0xfe, 0xff, 0xaf, 0x87, 0xfe,
  0xff, 0xae, 0x88, 0xfe, 0xff, 0xad, 0x88, 0xff, 0xff, 0xab, 0x88, 0xfb, 0xff, 0xad, 0x89, 0xff,
  0xff, 0xc0, 0x98, 0xff, 0xff, 0xac, 0x87, 0xc6, 0xff, 0xb1, 0x85, 0x17, 0x00, 0x00, 0x00, 0x00,
  0xff, 0x99, 0x99, 0x05, 0xff, 0x7f, 0x7f, 0x02, 0x00, 0x00, 0x00, 0x00, 0x00, 0x00, 0x00, 0x00,
  0x00, 0x00, 0x00, 0x00, 0x00, 0x00, 0x00, 0x00, 0x00, 0x00, 0x00, 0x00, 0x00, 0x00, 0x00, 0x00,
  0x00, 0x00, 0x00, 0x00, 0x00, 0x00, 0x00, 0x00, 0x00, 0x00, 0x00, 0x00, 0x00, 0x00, 0x00, 0x00,
  0x00, 0x00, 0x00, 0x00, 0x00, 0x00, 0x00, 0x00, 0x00, 0x00, 0x00, 0x00, 0x00, 0x00, 0x00, 0x00,
  0x00, 0x00, 0x00, 0x00, 0x00, 0x00, 0x00, 0x00, 0x00, 0x00, 0x00, 0x00, 0x00, 0x00, 0x00, 0x00,
  0x00, 0x00, 0x00, 0x00, 0x00, 0x00, 0x00, 0x00, 0x00, 0x00, 0x00, 0x00, 0x00, 0x00, 0x00, 0x00,
  0x00, 0x00, 0x00, 0x00, 0x00, 0x00, 0x00, 0x00, 0x00, 0x00, 0x00, 0x00, 0x00, 0x00, 0x00, 0x00,
  0x00, 0x00, 0x00, 0x00, 0x00, 0x00, 0x00, 0x00, 0x00, 0x00, 0x00, 0x00, 0xff, 0x7f, 0x7f, 0x02,
  0xff, 0x99, 0x99, 0x05, 0x00, 0x00, 0x00, 0x00, 0xff, 0x9b, 0x85, 0x17, 0xff, 0x9e, 0x8b, 0xc6,
  0xff, 0xaf, 0x9b, 0xff, 0xfc, 0x9c, 0x8b, 0xff, 0xfa, 0x9a, 0x8a, 0xfa, 0xf9, 0x98, 0x89, 0xfe,
  0xf7, 0x98, 0x88, 0xff, 0xf4, 0x96, 0x85, 0xff, 0xf2, 0x93, 0x84, 0xfe, 0xf0, 0x91, 0x83, 0xfe,
  0xee, 0x90, 0x83, 0xfe, 0xeb, 0x8e, 0x82, 0xfe, 0xeb, 0x8e, 0x82, 0xff, 0xeb, 0x8d, 0x82, 0xff,
  0xec, 0x8d, 0x82, 0xfe, 0xed, 0x8d, 0x82, 0xfe, 0xef, 0x8e, 0x84, 0xfe, 0xf1, 0x8f, 0x86, 0xfe,
  0xf3, 0x90, 0x87, 0xfe, 0xf5, 0x91, 0x88, 0xff, 0xf8, 0x92, 0x89, 0xfe, 0xfa, 0x94, 0x8b, 0xff,
  0xfa, 0x93, 0x8b, 0xf7, 0xff, 0xa2, 0x99, 0xff, 0xff, 0x99, 0x92, 0xff, 0xff, 0x96, 0x8e, 0x5d,
  0x00, 0x00, 0x00, 0x00, 0x00, 0x00, 0x00, 0x00, 0xff, 0xb5, 0x84, 0x5e, 0xff, 0xbb, 0x8b, 0xff,
  0xff, 0xc5, 0x93, 0xff, 0xff, 0xb2, 0x86, 0xf7, 0xff, 0xb3, 0x86, 0xfe, 0xff, 0xb3, 0x87, 0xff,
  0xff, 0xb3, 0x87, 0xff, 0xff, 0xb1, 0x86, 0xfe, 0xff, 0xb1, 0x86, 0xfe, 0xff, 0xb1, 0x87, 0xff,
  0xff, 0xb1, 0x86, 0xfe, 0xff, 0xb1, 0x86, 0xfe, 0xff, 0xaf, 0x87, 0xfe, 0xff, 0xaf, 0x87, 0xfe,
  0xff, 0xaf, 0x87, 0xfe, 0xff, 0xae, 0x87, 0xfe, 0xff, 0xae, 0x87, 0xfe, 0xff, 0xae, 0x88, 0xfe,
  0xff, 0xae, 0x88, 0xfe, 0xff, 0xad, 0x88, 0xfe, 0xff, 0xac, 0x87, 0xfe, 0xff, 0xab, 0x87, 0xfa,
  0xff, 0xac, 0x89, 0xff, 0xff, 0xbf, 0x98, 0xff, 0xff, 0xac, 0x88, 0xc6, 0xff, 0xb1, 0x85, 0x17,
  0x00, 0x00, 0x00, 0x00, 0xff, 0x99, 0x99, 0x05, 0xff, 0x7f, 0x7f, 0x02, 0x00, 0x00, 0x00, 0x00,
  0x00, 0x00, 0x00, 0x00, 0x00, 0x00, 0x00, 0x00, 0x00, 0x00, 0x00, 0x00, 0x00, 0x00, 0x00, 0x00,
  0x00, 0x00, 0x00, 0x00, 0x00, 0x00, 0x00, 0x00, 0x00, 0x00, 0x00, 0x00, 0x00, 0x00, 0x00, 0x00,
  0x00, 0x00, 0x00, 0x00, 0x00, 0x00, 0x00, 0x00, 0x00, 0x00, 0x00, 0x00, 0x00, 0x00, 0x00, 0x00,
  0x00, 0x00, 0x00, 0x00, 0x00, 0x00, 0x00, 0x00, 0x00, 0x00, 0x00, 0x00, 0x00, 0x00, 0x00, 0x00,
  0x00, 0x00, 0x00, 0x00, 0x00, 0x00, 0x00, 0x00, 0x00, 0x00, 0x00, 0x00, 0x00, 0x00, 0x00, 0x00,
  0x00, 0x00, 0x00, 0x00, 0x00, 0x00, 0x00, 0x00, 0x00, 0x00, 0x00, 0x00, 0x00, 0x00, 0x00, 0x00,
  0x00, 0x00, 0x00, 0x00, 0x00, 0x00, 0x00, 0x00, 0x00, 0x00, 0x00, 0x00, 0x00, 0x00, 0x00, 0x00,
  0xff, 0x7f, 0x7f, 0x02, 0xff, 0x99, 0x99, 0x05, 0x00, 0x00, 0x00, 0x00, 0xff, 0x9b, 0x90, 0x17,
  0xff, 0x9e, 0x8c, 0xc6, 0xff, 0xaf, 0x9c, 0xff, 0xfd, 0x9c, 0x8c, 0xff, 0xfc, 0x9a, 0x8a, 0xfa,
  0xfc, 0x99, 0x8a, 0xfe, 0xfa, 0x98, 0x89, 0xff, 0xf8, 0x97, 0x89, 0xff, 0xf7, 0x95, 0x88, 0xfe,
  0xf6, 0x94, 0x86, 0xfe, 0xf4, 0x93, 0x86, 0xfe, 0xf3, 0x92, 0x86, 0xfe, 0xf3, 0x92, 0x86, 0xff,
  0xf3, 0x91, 0x86, 0xff, 0xf3, 0x90, 0x86, 0xfe, 0xf4, 0x90, 0x87, 0xfe, 0xf5, 0x90, 0x88, 0xfe,
  0xf7, 0x91, 0x89, 0xfe, 0xf8, 0x91, 0x89, 0xfe, 0xfa, 0x92, 0x8b, 0xfe, 0xfc, 0x93, 0x8b, 0xfe,
  0xfc, 0x94, 0x8c, 0xff, 0xfb, 0x93, 0x8c, 0xf7, 0xff, 0xa1, 0x9a, 0xff, 0xff, 0x98, 0x92, 0xff,
  0xff, 0x94, 0x8e, 0x5d, 0x00, 0x00, 0x00, 0x00, 0x00, 0x00, 0x00, 0x00, 0xff, 0xb4, 0x86, 0x5d,
  0xff, 0xb9, 0x8b, 0xff, 0xff, 0xc4, 0x94, 0xff, 0xff, 0xb1, 0x87, 0xf7, 0xff, 0xb1, 0x87, 0xff,
  0xff, 0xb0, 0x86, 0xfe, 0xff, 0xb1, 0x86, 0xfe, 0xff, 0xaf, 0x87, 0xff, 0xff, 0xaf, 0x87, 0xff,
  0xff, 0xaf, 0x87, 0xfe, 0xff, 0xaf, 0x86, 0xfe, 0xff, 0xaf, 0x86, 0xfe, 0xff, 0xae, 0x88, 0xff,
  0xff, 0xae, 0x88, 0xff, 0xff, 0xad, 0x87, 0xff, 0xff, 0xab, 0x87, 0xfe, 0xff, 0xab, 0x87, 0xfe,
  0xff, 0xac, 0x88, 0xff, 0xff, 0xac, 0x88, 0xff, 0xff, 0xab, 0x88, 0xff, 0xff, 0xaa, 0x88, 0xfe,
  0xff, 0xaa, 0x88, 0xfa, 0xff, 0xac, 0x8a, 0xff, 0xff, 0xbe, 0x99, 0xff, 0xff, 0xaa, 0x89, 0xc7,
  0xff, 0xa6, 0x85, 0x17, 0x00, 0x00, 0x00, 0x00, 0xff, 0x99, 0x99, 0x05, 0xff, 0x7f, 0x7f, 0x02,
  0x00, 0x00, 0x00, 0x00, 0x00, 0x00, 0x00, 0x00, 0x00, 0x00, 0x00, 0x00, 0x00, 0x00, 0x00, 0x00,
  0x00, 0x00, 0x00, 0x00, 0x00, 0x00, 0x00, 0x00, 0x00, 0x00, 0x00, 0x00, 0x00, 0x00, 0x00, 0x00,
  0x00, 0x00, 0x00, 0x00, 0x00, 0x00, 0x00, 0x00, 0x00, 0x00, 0x00, 0x00, 0x00, 0x00, 0x00, 0x00,
  0x00, 0x00, 0x00, 0x00, 0x00, 0x00, 0x00, 0x00, 0x00, 0x00, 0x00, 0x00, 0x00, 0x00, 0x00, 0x00,
  0x00, 0x00, 0x00, 0x00, 0x00, 0x00, 0x00, 0x00, 0x00, 0x00, 0x00, 0x00, 0x00, 0x00, 0x00, 0x00,
  0x00, 0x00, 0x00, 0x00, 0x00, 0x00, 0x00, 0x00, 0x00, 0x00, 0x00, 0x00, 0x00, 0x00, 0x00, 0x00,
  0x00, 0x00, 0x00, 0x00, 0x00, 0x00, 0x00, 0x00, 0x00, 0x00, 0x00, 0x00, 0x00, 0x00, 0x00, 0x00,
  0x00, 0x00, 0x00, 0x00, 0xff, 0x7f, 0x7f, 0x02, 0xff, 0x99, 0x99, 0x05, 0x00, 0x00, 0x00, 0x00,
  0xff, 0x9b, 0x90, 0x17, 0xff, 0x9b, 0x8b, 0xc6, 0xff, 0xad, 0x9c, 0xff, 0xff, 0x9a, 0x8d, 0xff,
  0xfc, 0x98, 0x8b, 0xfb, 0xfd, 0x98, 0x8b, 0xff, 0xfc, 0x98, 0x8c, 0xff, 0xfb, 0x98, 0x8c, 0xff,
  0xfb, 0x97, 0x8b, 0xff, 0xfa, 0x96, 0x8a, 0xfe, 0xfa, 0x95, 0x89, 0xfe, 0xfa, 0x94, 0x89, 0xff,
  0xfa, 0x94, 0x89, 0xff, 0xfa, 0x94, 0x89, 0xfe, 0xf9, 0x92, 0x89, 0xfe, 0xfa, 0x92, 0x89, 0xfe,
  0xfa, 0x92, 0x8a, 0xff, 0xfb, 0x92, 0x8b, 0xfe, 0xfb, 0x92, 0x8b, 0xfe, 0xfc, 0x93, 0x8d, 0xfe,
  0xfd, 0x93, 0x8d, 0xff, 0xfe, 0x92, 0x8d, 0xff, 0xff, 0x92, 0x8c, 0xf6, 0xff, 0x9f, 0x9b, 0xff,
  0xff, 0x97, 0x93, 0xff, 0xff, 0x8f, 0x8d, 0x5e, 0x00, 0x00, 0x00, 0x00, 0x00, 0x00, 0x00, 0x00,
  0xff, 0xb2, 0x86, 0x5d, 0xff, 0xb7, 0x8a, 0xff, 0xff, 0xc2, 0x93, 0xff, 0xff, 0xb0, 0x87, 0xf7,
  0xff, 0xb0, 0x87, 0xff, 0xff, 0xb0, 0x86, 0xfe, 0xff, 0xb0, 0x86, 0xfe, 0xff, 0xae, 0x87, 0xff,
  0xff, 0xae, 0x87, 0xff, 0xff, 0xae, 0x87, 0xfe, 0xff, 0xad, 0x86, 0xfe, 0xff, 0xad, 0x86, 0xfe,
  0xff, 0xad, 0x88, 0xff, 0xff, 0xad, 0x88, 0xff, 0xff, 0xac, 0x87, 0xff, 0xff, 0xab, 0x87, 0xfe,
  0xff, 0xab, 0x87, 0xfe, 0xff, 0xaa, 0x88, 0xff, 0xff, 0xaa, 0x88, 0xff, 0xff, 0xaa, 0x88, 0xff,
  0xff, 0xaa, 0x89, 0xfe, 0xff, 0xaa, 0x89, 0xfa, 0xff, 0xac, 0x8a, 0xff, 0xff, 0xbd, 0x99, 0xff,
  0xff, 0xa9, 0x89, 0xc7, 0xff, 0xa6, 0x85, 0x17, 0x00, 0x00, 0x00, 0x00, 0xff, 0x99, 0x99, 0x05,
  0xff, 0x7f, 0x7f, 0x02, 0x00, 0x00, 0x00, 0x00, 0x00, 0x00, 0x00, 0x00, 0x00, 0x00, 0x00, 0x00,
  0x00, 0x00, 0x00, 0x00, 0x00, 0x00, 0x00, 0x00, 0x00, 0x00, 0x00, 0x00, 0x00, 0x00, 0x00, 0x00,
  0x00, 0x00, 0x00, 0x00, 0x00, 0x00, 0x00, 0x00, 0x00, 0x00, 0x00, 0x00, 0x00, 0x00, 0x00, 0x00,
  0x00, 0x00, 0x00, 0x00, 0x00, 0x00, 0x00, 0x00, 0x00, 0x00, 0x00, 0x00, 0x00, 0x00, 0x00, 0x00,
  0x00, 0x00, 0x00, 0x00, 0x00, 0x00, 0x00, 0x00, 0x00, 0x00, 0x00, 0x00, 0x00, 0x00, 0x00, 0x00,
  0x00, 0x00, 0x00, 0x00, 0x00, 0x00, 0x00, 0x00, 0x00, 0x00, 0x00, 0x00, 0x00, 0x00, 0x00, 0x00,
  0x00, 0x00, 0x00, 0x00, 0x00, 0x00, 0x00, 0x00, 0x00, 0x00, 0x00, 0x00, 0x00, 0x00, 0x00, 0x00,
  0x00, 0x00, 0x00, 0x00, 0x00, 0x00, 0x00, 0x00, 0xff, 0x7f, 0x7f, 0x02, 0xff, 0x99, 0x99, 0x05,
  0x00, 0x00, 0x00, 0x00, 0xff, 0x9b, 0x90, 0x17, 0xff, 0x99, 0x8b, 0xc6, 0xff, 0xab, 0x9c, 0xff,
  0xff, 0x9a, 0x8d, 0xff, 0xfd, 0x99, 0x8b, 0xfa, 0xfd, 0x98, 0x8c, 0xff, 0xfd, 0x97, 0x8c, 0xff,
  0xfd, 0x97, 0x8c, 0xfe, 0xfd, 0x97, 0x8c, 0xff, 0xfc, 0x96, 0x8c, 0xfe, 0xfd, 0x95, 0x8c, 0xfe,
  0xfc, 0x94, 0x8b, 0xff, 0xfc, 0x94, 0x8b, 0xff, 0xfd, 0x94, 0x8b, 0xfe, 0xfd, 0x93, 0x8b, 0xfe,
  0xfd, 0x93, 0x8c, 0xfe, 0xfd, 0x93, 0x8c, 0xff, 0xfd, 0x92, 0x8d, 0xfe, 0xfd, 0x92, 0x8d, 0xfe,
  0xfd, 0x92, 0x8e, 0xff, 0xfd, 0x92, 0x8d, 0xff, 0xff, 0x92, 0x8d, 0xff, 0xff, 0x92, 0x8e, 0xf6,
  0xff, 0x9f, 0x9b, 0xff, 0xff, 0x95, 0x93, 0xff, 0xff, 0x8f, 0x8d, 0x5e, 0x00, 0x00, 0x00, 0x00,
  0x00, 0x00, 0x00, 0x00, 0xff, 0xb0, 0x84, 0x5e, 0xff, 0xb6, 0x8a, 0xff, 0xff, 0xc0, 0x92, 0xff,
  0xff, 0xaf, 0x86, 0xf6, 0xff, 0xaf, 0x87, 0xff, 0xff, 0xaf, 0x87, 0xff, 0xff, 0xaf, 0x87, 0xfe,
  0xff, 0xad, 0x87, 0xfe, 0xff, 0xad, 0x87, 0xfe, 0xff, 0xad, 0x87, 0xfe, 0xff, 0xac, 0x87, 0xfe,
  0xff, 0xab, 0x87, 0xfe, 0xff, 0xab, 0x88, 0xff, 0xff, 0xab, 0x88, 0xff, 0xff, 0xab, 0x87, 0xfe,
  0xff, 0xab, 0x88, 0xff, 0xff, 0xab, 0x88, 0xff, 0xff, 0xaa, 0x88, 0xff, 0xff, 0xa9, 0x88, 0xfe,
  0xff, 0xa9, 0x88, 0xfe, 0xff, 0xa9, 0x89, 0xfe, 0xff, 0xa9, 0x89, 0xfa, 0xff, 0xaa, 0x8a, 0xff,
  0xff, 0xbb, 0x98, 0xff, 0xff, 0xa6, 0x87, 0xc7, 0xff, 0xa6, 0x85, 0x17, 0x00, 0x00, 0x00, 0x00,
  0xff, 0x99, 0x99, 0x05, 0xff, 0x7f, 0x7f, 0x02, 0x00, 0x00, 0x00, 0x00, 0x00, 0x00, 0x00, 0x00,
  0x00, 0x00, 0x00, 0x00, 0x00, 0x00, 0x00, 0x00, 0x00, 0x00, 0x00, 0x00, 0x00, 0x00, 0x00, 0x00,
  0x00, 0x00, 0x00, 0x00, 0x00, 0x00, 0x00, 0x00, 0x00, 0x00, 0x00, 0x00, 0x00, 0x00, 0x00, 0x00,
  0x00, 0x00, 0x00, 0x00, 0x00, 0x00, 0x00, 0x00, 0x00, 0x00, 0x00, 0x00, 0x00, 0x00, 0x00, 0x00,
  0x00, 0x00, 0x00, 0x00, 0x00, 0x00, 0x00, 0x00, 0x00, 0x00, 0x00, 0x00, 0x00, 0x00, 0x00, 0x00,
  0x00, 0x00, 0x00, 0x00, 0x00, 0x00, 0x00, 0x00, 0x00, 0x00, 0x00, 0x00, 0x00, 0x00, 0x00, 0x00,
  0x00, 0x00, 0x00, 0x00, 0x00, 0x00, 0x00, 0x00, 0x00, 0x00, 0x00, 0x00, 0x00, 0x00, 0x00, 0x00,
  0x00, 0x00, 0x00, 0x00, 0x00, 0x00, 0x00, 0x00, 0x00, 0x00, 0x00, 0x00, 0xff, 0x7f, 0x7f, 0x02,
  0xff, 0x99, 0x99, 0x05, 0x00, 0x00, 0x00, 0x00, 0xff, 0x9b, 0x90, 0x17, 0xff, 0x97, 0x8c, 0xc6,
  0xff, 0xa9, 0x9c, 0xff, 0xff, 0x99, 0x8d, 0xff, 0xff, 0x98, 0x8d, 0xf9, 0xff, 0x97, 0x8d, 0xfe,
  0xff, 0x96, 0x8c, 0xfe, 0xff, 0x96, 0x8c, 0xfe, 0xff, 0x96, 0x8c, 0xfe, 0xff, 0x95, 0x8d, 0xfe,
  0xff, 0x95, 0x8d, 0xfe, 0xfd, 0x94, 0x8c, 0xfe, 0xfd, 0x93, 0x8c, 0xfe, 0xff, 0x93, 0x8c, 0xfe,
  0xfe, 0x93, 0x8d, 0xff, 0xfe, 0x93, 0x8e, 0xff, 0xff, 0x93, 0x8e, 0xfe, 0xff, 0x92, 0x8d, 0xfe,
  0xff, 0x92, 0x8d, 0xfe, 0xfe, 0x91, 0x8e, 0xff, 0xfe, 0x91, 0x8e, 0xff, 0xff, 0x91, 0x8e, 0xff,
  0xff, 0x91, 0x8e, 0xf7, 0xff, 0x9e, 0x9b, 0xff, 0xff, 0x93, 0x92, 0xff, 0xff, 0x8e, 0x8e, 0x5d,
  0x00, 0x00, 0x00, 0x00, 0x00, 0x00, 0x00, 0x00, 0xff, 0xb0, 0x87, 0x5e, 0xff, 0xb5, 0x8b, 0xff,
  0xff, 0xbf, 0x93, 0xff, 0xff, 0xae, 0x87, 0xf6, 0xff, 0xae, 0x87, 0xfe, 0xff, 0xad, 0x87, 0xfe,
  0xff, 0xad, 0x87, 0xfe, 0xff, 0xac, 0x88, 0xff, 0xff, 0xac, 0x88, 0xff, 0xff, 0xac, 0x88, 0xfe,
  0xff, 0xab, 0x88, 0xff, 0xff, 0xab, 0x88, 0xff, 0xff, 0xab, 0x89, 0xff, 0xff, 0xaa, 0x89, 0xff,
  0xff, 0xaa, 0x88, 0xff, 0xff, 0xa9, 0x88, 0xfe, 0xff, 0xa9, 0x88, 0xfe, 0xff, 0xaa, 0x89, 0xff,
  0xff, 0xa8, 0x89, 0xff, 0xff, 0xa8, 0x89, 0xff, 0xff, 0xa8, 0x88, 0xfe, 0xff, 0xa8, 0x89, 0xf9,
  0xff, 0xa8, 0x8a, 0xff, 0xff, 0xba, 0x98, 0xff, 0xff, 0xa6, 0x89, 0xc7, 0xff, 0xa6, 0x85, 0x17,
  0x00, 0x00, 0x00, 0x00, 0xff, 0x99, 0x99, 0x05, 0xff, 0x7f, 0x7f, 0x02, 0x00, 0x00, 0x00, 0x00,
  0x00, 0x00, 0x00, 0x00, 0x00, 0x00, 0x00, 0x00, 0x00, 0x00, 0x00, 0x00, 0x00, 0x00, 0x00, 0x00,
  0x00, 0x00, 0x00, 0x00, 0x00, 0x00, 0x00, 0x00, 0x00, 0x00, 0x00, 0x00, 0x00, 0x00, 0x00, 0x00,
  0x00, 0x00, 0x00, 0x00, 0x00, 0x00, 0x00, 0x00, 0x00, 0x00, 0x00, 0x00, 0x00, 0x00, 0x00, 0x00,
  0x00, 0x00, 0x00, 0x00, 0x00, 0x00, 0x00, 0x00, 0x00, 0x00, 0x00, 0x00, 0x00, 0x00, 0x00, 0x00,
  0x00, 0x00, 0x00, 0x00, 0x00, 0x00, 0x00, 0x00, 0x00, 0x00, 0x00, 0x00, 0x00, 0x00, 0x00, 0x00,
  0x00, 0x00, 0x00, 0x00, 0x00, 0x00, 0x00, 0x00, 0x00, 0x00, 0x00, 0x00, 0x00, 0x00, 0x00, 0x00,
  0x00, 0x00, 0x00, 0x00, 0x00, 0x00, 0x00, 0x00, 0x00, 0x00, 0x00, 0x00, 0x00, 0x00, 0x00, 0x00,
  0xff, 0x7f, 0x7f, 0x02, 0xff, 0x99, 0x99, 0x05, 0x00, 0x00, 0x00, 0x00, 0xff, 0x9b, 0x90, 0x17,
  0xff, 0x96, 0x8c, 0xc6, 0xff, 0xa8, 0x9d, 0xff, 0xff, 0x98, 0x8e, 0xff, 0xff, 0x96, 0x8c, 0xfa,
  0xff, 0x96, 0x8c, 0xfe, 0xff, 0x95, 0x8c, 0xfe, 0xff, 0x95, 0x8c, 0xff, 0xff, 0x95, 0x8c, 0xff,
  0xff, 0x94, 0x8c, 0xfe, 0xff, 0x94, 0x8c, 0xfe, 0xfe, 0x93, 0x8d, 0xff, 0xff, 0x93, 0x8e, 0xff,
  0xff, 0x93, 0x8e, 0xff, 0xff, 0x93, 0x8e, 0xff, 0xff, 0x91, 0x8e, 0xff, 0xff, 0x90, 0x8d, 0xfe,
  0xff, 0x91, 0x8d, 0xfe, 0xff, 0x91, 0x8d, 0xfe, 0xff, 0x90, 0x8e, 0xfe, 0xff, 0x8f, 0x8e, 0xfe,
  0xff, 0x8f, 0x8e, 0xfe, 0xff, 0x90, 0x8f, 0xf6, 0xff, 0x9d, 0x9c, 0xff, 0xff, 0x93, 0x93, 0xff,
  0xff, 0x8d, 0x8f, 0x5e, 0x00, 0x00, 0x00, 0x00, 0x00, 0x00, 0x00, 0x00, 0xff, 0xb0, 0x87, 0x5e,
  0xff, 0xb5, 0x8c, 0xff, 0xff, 0xbf, 0x94, 0xff, 0xff, 0xae, 0x87, 0xf6, 0xff, 0xad, 0x87, 0xfe,
  0xff, 0xac, 0x87, 0xfe, 0xff, 0xac, 0x87, 0xfe, 0xff, 0xab, 0x88, 0xff, 0xff, 0xab, 0x88, 0xff,
  0xff, 0xab, 0x88, 0xfe, 0xff, 0xab, 0x88, 0xff, 0xff, 0xab, 0x88, 0xff, 0xff, 0xab, 0x89, 0xff,
  0xff, 0xaa, 0x89, 0xff, 0xff, 0xa9, 0x89, 0xff, 0xff, 0xa8, 0x88, 0xfe, 0xff, 0xa8, 0x88, 0xfe,
  0xff, 0xa8, 0x89, 0xff, 0xff, 0xa8, 0x89, 0xff, 0xff, 0xa7, 0x89, 0xff, 0xff, 0xa6, 0x88, 0xfe,
  0xff, 0xa6, 0x89, 0xf9, 0xff, 0xa6, 0x8a, 0xff, 0xff, 0xb9, 0x99, 0xff, 0xff, 0xa7, 0x89, 0xc6,
  0xff, 0xad, 0x8b, 0x16, 0x00, 0x00, 0x00, 0x00, 0xff, 0x99, 0x99, 0x05, 0xff, 0x7f, 0x7f, 0x02,
  0x00, 0x00, 0x00, 0x00, 0x00, 0x00, 0x00, 0x00, 0x00, 0x00, 0x00, 0x00, 0x00, 0x00, 0x00, 0x00,
  0x00, 0x00, 0x00, 0x00, 0x00, 0x00, 0x00, 0x00, 0x00, 0x00, 0x00, 0x00, 0x00, 0x00, 0x00, 0x00,
  0x00, 0x00, 0x00, 0x00, 0x00, 0x00, 0x00, 0x00, 0x00, 0x00, 0x00, 0x00, 0x00, 0x00, 0x00, 0x00,
  0x00, 0x00, 0x00, 0x00, 0x00, 0x00, 0x00, 0x00, 0x00, 0x00, 0x00, 0x00, 0x00, 0x00, 0x00, 0x00,
  0x00, 0x00, 0x00, 0x00, 0x00, 0x00, 0x00, 0x00, 0x00, 0x00, 0x00, 0x00, 0x00, 0x00, 0x00, 0x00,
  0x00, 0x00, 0x00, 0x00, 0x00, 0x00, 0x00, 0x00, 0x00, 0x00, 0x00, 0x00, 0x00, 0x00, 0x00, 0x00,
  0x00, 0x00, 0x00, 0x00, 0x00, 0x00, 0x00, 0x00, 0x00, 0x00, 0x00, 0x00, 0x00, 0x00, 0x00, 0x00,
  0x00, 0x00, 0x00, 0x00, 0xff, 0x7f, 0x7f, 0x02, 0xff, 0x99, 0x99, 0x05, 0x00, 0x00, 0x00, 0x00,
  0xff, 0x9b, 0x90, 0x17, 0xff, 0x96, 0x8c, 0xc6, 0xff, 0xa7, 0x9d, 0xff, 0xff, 0x96, 0x8e, 0xff,
  0xff, 0x94, 0x8c, 0xfa, 0xff, 0x94, 0x8c, 0xfe, 0xff, 0x94, 0x8c, 0xfe, 0xff, 0x94, 0x8d, 0xff,
  0xff, 0x93, 0x8d, 0xff, 0xff, 0x92, 0x8c, 0xfe, 0xff, 0x92, 0x8c, 0xfe, 0xff, 0x93, 0x8e, 0xff,
  0xff, 0x92, 0x8e, 0xff, 0xff, 0x92, 0x8e, 0xff, 0xff, 0x91, 0x8e, 0xff, 0xff, 0x90, 0x8e, 0xff,
  0xff, 0x8e, 0x8d, 0xfe, 0xff, 0x8f, 0x8d, 0xfe, 0xff, 0x8f, 0x8d, 0xfe, 0xff, 0x8f, 0x8e, 0xfe,
  0xff, 0x8e, 0x8e, 0xfe, 0xff, 0x8d, 0x8e, 0xfe, 0xff, 0x8e, 0x8f, 0xf6, 0xff, 0x9c, 0x9d, 0xff,
  0xff, 0x93, 0x94, 0xff, 0xff, 0x8d, 0x8f, 0x5e, 0x00, 0x00, 0x00, 0x00, 0x00, 0x00, 0x00, 0x00,
  0xff, 0xad, 0x87, 0x5e, 0xff, 0xb3, 0x8c, 0xff, 0xff, 0xbd, 0x94, 0xff, 0xff, 0xac, 0x87, 0xf6,
  0xff, 0xab, 0x88, 0xfe, 0xff, 0xab, 0x88, 0xff, 0xff, 0xab, 0x88, 0xff, 0xff, 0xa9, 0x88, 0xfe,
  0xff, 0xa9, 0x88, 0xfe, 0xff, 0xa9, 0x88, 0xfe, 0xff, 0xa9, 0x88, 0xfe, 0xff, 0xa9, 0x88, 0xfe,
  0xff, 0xa9, 0x89, 0xff, 0xff, 0xa8, 0x89, 0xff, 0xff, 0xa7, 0x88, 0xfe, 0xff, 0xa7, 0x88, 0xfe,
  0xff, 0xa7, 0x88, 0xfe, 0xff, 0xa6, 0x88, 0xfe, 0xff, 0xa6, 0x89, 0xff, 0xff, 0xa6, 0x89, 0xff,
  0xff, 0xa5, 0x89, 0xfe, 0xff, 0xa5, 0x8a, 0xf9, 0xff, 0xa5, 0x8b, 0xff, 0xff, 0xb7, 0x9a, 0xff,
  0xff, 0xa4, 0x8b, 0xc6, 0xff, 0xad, 0x96, 0x16, 0x00, 0x00, 0x00, 0x00, 0xff, 0x99, 0x99, 0x05,
  0xff, 0x7f, 0x7f, 0x02, 0x00, 0x00, 0x00, 0x00, 0x00, 0x00, 0x00, 0x00, 0x00, 0x00, 0x00, 0x00,
  0x00, 0x00, 0x00, 0x00, 0x00, 0x00, 0x00, 0x00, 0x00, 0x00, 0x00, 0x00, 0x00, 0x00, 0x00, 0x00,
  0x00, 0x00, 0x00, 0x00, 0x00, 0x00, 0x00, 0x00, 0x00, 0x00, 0x00, 0x00, 0x00, 0x00, 0x00, 0x00,
  0x00, 0x00, 0x00, 0x00, 0x00, 0x00, 0x00, 0x00, 0x00, 0x00, 0x00, 0x00, 0x00, 0x00, 0x00, 0x00,
  0x00, 0x00, 0x00, 0x00, 0x00, 0x00, 0x00, 0x00, 0x00, 0x00, 0x00, 0x00, 0x00, 0x00, 0x00, 0x00,
  0x00, 0x00, 0x00, 0x00, 0x00, 0x00, 0x00, 0x00, 0x00, 0x00, 0x00, 0x00, 0x00, 0x00, 0x00, 0x00,
  0x00, 0x00, 0x00, 0x00, 0x00, 0x00, 0x00, 0x00, 0x00, 0x00, 0x00, 0x00, 0x00, 0x00, 0x00, 0x00,
  0x00, 0x00, 0x00, 0x00, 0x00, 0x00, 0x00, 0x00, 0xff, 0x7f, 0x7f, 0x02, 0xff, 0x99, 0x99, 0x05,
  0x00, 0x00, 0x00, 0x00, 0xff, 0x94, 0x8a, 0x18, 0xff, 0x95, 0x8c, 0xc6, 0xff, 0xa5, 0x9c, 0xff,
  0xff, 0x94, 0x8d, 0xff, 0xff, 0x93, 0x8d, 0xf9, 0xff, 0x93, 0x8d, 0xfe, 0xff, 0x93, 0x8d, 0xfe,
  0xff, 0x92, 0x8e, 0xfe, 0xff, 0x91, 0x8e, 0xfe, 0xff, 0x91, 0x8d, 0xfe, 0xff, 0x91, 0x8d, 0xfe,
  0xff, 0x91, 0x8e, 0xfe, 0xff, 0x90, 0x8d, 0xfe, 0xff, 0x8f, 0x8d, 0xfe, 0xff, 0x8f, 0x8e, 0xff,
  0xff, 0x8f, 0x8e, 0xff, 0xff, 0x8e, 0x8e, 0xfe, 0xff, 0x8d, 0x8e, 0xfe, 0xff, 0x8d, 0x8e, 0xfe,
  0xff, 0x8e, 0x8f, 0xff, 0xff, 0x8d, 0x8f, 0xff, 0xff, 0x8c, 0x8e, 0xfe, 0xff, 0x8c, 0x8e, 0xf6,
  0xff, 0x9a, 0x9c, 0xff, 0xff, 0x91, 0x94, 0xff, 0xff, 0x8a, 0x8f, 0x5e, 0x00, 0x00, 0x00, 0x00,
  0x00, 0x00, 0x00, 0x00, 0xff, 0xaa, 0x87, 0x5e, 0xff, 0xb1, 0x8d, 0xfe, 0xff, 0xbb, 0x94, 0xff,
  0xff, 0xaa, 0x88, 0xf6, 0xff, 0xaa, 0x88, 0xfe, 0xff, 0xaa, 0x88, 0xff, 0xff, 0xaa, 0x88, 0xff,
  0xff, 0xa8, 0x88, 0xfe, 0xff, 0xa8, 0x88, 0xfe, 0xff, 0xa8, 0x88, 0xfe, 0xff, 0xa8, 0x88, 0xfe,
  0xff, 0xa8, 0x88, 0xfe, 0xff, 0xa7, 0x89, 0xff, 0xff, 0xa6, 0x89, 0xff, 0xff, 0xa6, 0x88, 0xfe,
  0xff, 0xa6, 0x88, 0xfe, 0xff, 0xa6, 0x88, 0xfe, 0xff, 0xa5, 0x89, 0xff, 0xff, 0xa5, 0x89, 0xff,
  0xff, 0xa5, 0x89, 0xff, 0xff, 0xa4, 0x89, 0xfe, 0xff, 0xa4, 0x89, 0xfa, 0xff, 0xa4, 0x8b, 0xff,
  0xff, 0xb5, 0x9a, 0xff, 0xff, 0xa3, 0x8a, 0xc9, 0xff, 0xa4, 0x8b, 0x1f, 0xff, 0xff, 0xff, 0x01,
  0xff, 0x66, 0x99, 0x05, 0xff, 0x7f, 0x7f, 0x02, 0x00, 0x00, 0x00, 0x00, 0x00, 0x00, 0x00, 0x00,
  0x00, 0x00, 0x00, 0x00, 0x00, 0x00, 0x00, 0x00, 0x00, 0x00, 0x00, 0x00, 0x00, 0x00, 0x00, 0x00,
  0x00, 0x00, 0x00, 0x00, 0x00, 0x00, 0x00, 0x00, 0x00, 0x00, 0x00, 0x00, 0x00, 0x00, 0x00, 0x00,
  0x00, 0x00, 0x00, 0x00, 0x00, 0x00, 0x00, 0x00, 0x00, 0x00, 0x00, 0x00, 0x00, 0x00, 0x00, 0x00,
  0x00, 0x00, 0x00, 0x00, 0x00, 0x00, 0x00, 0x00, 0x00, 0x00, 0x00, 0x00, 0x00, 0x00, 0x00, 0x00,
  0x00, 0x00, 0x00, 0x00, 0x00, 0x00, 0x00, 0x00, 0x00, 0x00, 0x00, 0x00, 0x00, 0x00, 0x00, 0x00,
  0x00, 0x00, 0x00, 0x00, 0x00, 0x00, 0x00, 0x00, 0x00, 0x00, 0x00, 0x00, 0x00, 0x00, 0x00, 0x00,
  0x00, 0x00, 0x00, 0x00, 0x00, 0x00, 0x00, 0x00, 0x00, 0x00, 0x00, 0x00, 0xff, 0x7f, 0x7f, 0x02,
  0xff, 0x99, 0x99, 0x05, 0xff, 0x00, 0x00, 0x01, 0xff, 0x93, 0x93, 0x13, 0xff, 0x94, 0x8d, 0xc5,
  0xff, 0xa5, 0x9d, 0xff, 0xff, 0x93, 0x8d, 0xff, 0xff, 0x92, 0x8e, 0xf9, 0xff, 0x92, 0x8e, 0xff,
  0xff, 0x92, 0x8e, 0xff, 0xff, 0x91, 0x8e, 0xff, 0xff, 0x90, 0x8e, 0xfe, 0xff, 0x90, 0x8d, 0xfe,
  0xff, 0x90, 0x8d, 0xfe, 0xff, 0x90, 0x8e, 0xfe, 0xfe, 0x8f, 0x8e, 0xff, 0xff, 0x8e, 0x8e, 0xfe,
  0xfe, 0x8e, 0x8e, 0xff, 0xfe, 0x8e, 0x8e, 0xff, 0xff, 0x8d, 0x8f, 0xfe, 0xff, 0x8c, 0x8f, 0xff,
  0xff, 0x8c, 0x8f, 0xff, 0xff, 0x8d, 0x8e, 0xff, 0xfe, 0x8d, 0x8f, 0xff, 0xff, 0x8c, 0x8f, 0xfe,
  0xff, 0x8a, 0x8e, 0xf6, 0xff, 0x98, 0x9b, 0xff, 0xff, 0x8f, 0x94, 0xfe, 0xff, 0x87, 0x8f, 0x5e,
  0x00, 0x00, 0x00, 0x00, 0x00, 0x00, 0x00, 0x00, 0xff, 0xaa, 0x8a, 0x5e, 0xff, 0xb1, 0x8e, 0xff,
  0xff, 0xba, 0x95, 0xff, 0xff, 0xa8, 0x88, 0xf6, 0xff, 0xa9, 0x88, 0xfe, 0xff, 0xa9, 0x88, 0xfe,
  0xff, 0xa9, 0x88, 0xfe, 0xff, 0xa7, 0x88, 0xfe, 0xff, 0xa7, 0x88, 0xfe, 0xff, 0xa7, 0x88, 0xfe,
  0xff, 0xa7, 0x89, 0xff, 0xff, 0xa7, 0x89, 0xff, 0xff, 0xa6, 0x89, 0xfe, 0xff, 0xa5, 0x89, 0xfe,
  0xff, 0xa5, 0x89, 0xfe, 0xff, 0xa5, 0x89, 0xfe, 0xff, 0xa5, 0x89, 0xfe, 0xff, 0xa5, 0x8a, 0xff,
  0xff, 0xa5, 0x8a, 0xff, 0xff, 0xa4, 0x8a, 0xff, 0xff, 0xa3, 0x89, 0xfe, 0xff, 0xa3, 0x89, 0xfa,
  0xff, 0xa3, 0x8b, 0xff, 0xff, 0xb3, 0x99, 0xff, 0xff, 0xa2, 0x8a, 0xcb, 0xff, 0x9c, 0x89, 0x27,
  0x00, 0x00, 0x00, 0x00, 0xff, 0x7f, 0x7f, 0x04, 0xff, 0xff, 0xff, 0x01, 0x00, 0x00, 0x00, 0x00,
  0x00, 0x00, 0x00, 0x00, 0x00, 0x00, 0x00, 0x00, 0x00, 0x00, 0x00, 0x00, 0x00, 0x00, 0x00, 0x00,
  0x00, 0x00, 0x00, 0x00, 0x00, 0x00, 0x00, 0x00, 0x00, 0x00, 0x00, 0x00, 0x00, 0x00, 0x00, 0x00,
  0x00, 0x00, 0x00, 0x00, 0x00, 0x00, 0x00, 0x00, 0x00, 0x00, 0x00, 0x00, 0x00, 0x00, 0x00, 0x00,
  0x00, 0x00, 0x00, 0x00, 0x00, 0x00, 0x00, 0x00, 0x00, 0x00, 0x00, 0x00, 0x00, 0x00, 0x00, 0x00,
  0x00, 0x00, 0x00, 0x00, 0x00, 0x00, 0x00, 0x00, 0x00, 0x00, 0x00, 0x00, 0x00, 0x00, 0x00, 0x00,
  0x00, 0x00, 0x00, 0x00, 0x00, 0x00, 0x00, 0x00, 0x00, 0x00, 0x00, 0x00, 0x00, 0x00, 0x00, 0x00,
  0x00, 0x00, 0x00, 0x00, 0x00, 0x00, 0x00, 0x00, 0x00, 0x00, 0x00, 0x00, 0x00, 0x00, 0x00, 0x00,
  0xff, 0x7f, 0x7f, 0x02, 0xff, 0x99, 0x99, 0x05, 0x00, 0x00, 0x00, 0x00, 0xff, 0x93, 0x93, 0x1a,
  0xff, 0x93, 0x8e, 0xc7, 0xff, 0xa4, 0x9d, 0xff, 0xff, 0x92, 0x8e, 0xff, 0xff, 0x90, 0x8d, 0xfa,
  0xff, 0x91, 0x8e, 0xff, 0xff, 0x91, 0x8e, 0xff, 0xff, 0x90, 0x8e, 0xff, 0xff, 0x8f, 0x8e, 0xfe,
  0xff, 0x8f, 0x8d, 0xfe, 0xff, 0x8f, 0x8d, 0xfe, 0xff, 0x8f, 0x8e, 0xfe, 0xff, 0x8f, 0x8f, 0xff,
  0xff, 0x8e, 0x8f, 0xff, 0xff, 0x8d, 0x8e, 0xfe, 0xff, 0x8d, 0x8e, 0xfe, 0xff, 0x8c, 0x8f, 0xfe,
  0xff, 0x8c, 0x8f, 0xff, 0xff, 0x8c, 0x8f, 0xff, 0xff, 0x8c, 0x8e, 0xfe, 0xff, 0x8c, 0x8f, 0xfe,
  0xff, 0x8b, 0x8f, 0xfe, 0xff, 0x89, 0x8f, 0xf6, 0xff, 0x96, 0x9c, 0xff, 0xff, 0x8e, 0x95, 0xff,
  0xff, 0x87, 0x8f, 0x5e, 0x00, 0x00, 0x00, 0x00, 0x00, 0x00, 0x00, 0x00, 0xff, 0xa9, 0x88, 0x5f,
  0xff, 0xb1, 0x8f, 0xff, 0xff, 0xba, 0x96, 0xff, 0xff, 0xa8, 0x88, 0xf6, 0xff, 0xa8, 0x89, 0xfe,
  0xff, 0xa7, 0x89, 0xfe, 0xff, 0xa7, 0x89, 0xff, 0xff, 0xa7, 0x89, 0xff, 0xff, 0xa6, 0x89, 0xff,
  0xff, 0xa5, 0x88, 0xfe, 0xff, 0xa5, 0x89, 0xfe, 0xff, 0xa5, 0x89, 0xfe, 0xff, 0xa5, 0x89, 0xfe,
  0xff, 0xa5, 0x89, 0xfe, 0xff, 0xa4, 0x8a, 0xff, 0xff, 0xa4, 0x8a, 0xff, 0xff, 0xa3, 0x8a, 0xff,
  0xff, 0xa3, 0x89, 0xfe, 0xff, 0xa4, 0x8a, 0xff, 0xff, 0xa3, 0x8a, 0xff, 0xff, 0xa1, 0x89, 0xfe,
  0xff, 0xa1, 0x89, 0xfa, 0xff, 0xa1, 0x8b, 0xff, 0xff, 0xb0, 0x99, 0xff, 0xff, 0x9f, 0x8b, 0xcd,
  0xff, 0x9e, 0x8d, 0x2d, 0x00, 0x00, 0x00, 0x00, 0xff, 0xaa, 0x55, 0x03, 0x00, 0x00, 0x00, 0x00,
  0xff, 0xff, 0xff, 0x01, 0x00, 0x00, 0x00, 0x00, 0x00, 0x00, 0x00, 0x00, 0x00, 0x00, 0x00, 0x00,
  0x00, 0x00, 0x00, 0x00, 0x00, 0x00, 0x00, 0x00, 0x00, 0x00, 0x00, 0x00, 0x00, 0x00, 0x00, 0x00,
  0x00, 0x00, 0x00, 0x00, 0x00, 0x00, 0x00, 0x00, 0x00, 0x00, 0x00, 0x00, 0x00, 0x00, 0x00, 0x00,
  0x00, 0x00, 0x00, 0x00, 0x00, 0x00, 0x00, 0x00, 0x00, 0x00, 0x00, 0x00, 0x00, 0x00, 0x00, 0x00,
  0x00, 0x00, 0x00, 0x00, 0x00, 0x00, 0x00, 0x00, 0x00, 0x00, 0x00, 0x00, 0x00, 0x00, 0x00, 0x00,
  0x00, 0x00, 0x00, 0x00, 0x00, 0x00, 0x00, 0x00, 0x00, 0x00, 0x00, 0x00, 0x00, 0x00, 0x00, 0x00,
  0x00, 0x00, 0x00, 0x00, 0x00, 0x00, 0x00, 0x00, 0x00, 0x00, 0x00, 0x00, 0x00, 0x00, 0x00, 0x00,
  0xff, 0xff, 0xff, 0x01, 0x00, 0x00, 0x00, 0x00, 0xff, 0xff, 0xff, 0x02, 0x00, 0x00, 0x00, 0x00,
  0xff, 0x8f, 0x8a, 0x39, 0xff, 0x91, 0x8d, 0xd1, 0xff, 0xa0, 0x9b, 0xff, 0xff, 0x91, 0x8e, 0xff,
  0xff, 0x8f, 0x8d, 0xfa, 0xff, 0x8f, 0x8e, 0xfe, 0xff, 0x8f, 0x8e, 0xfe, 0xff, 0x8e, 0x8e, 0xfe,
  0xff, 0x8e, 0x8f, 0xff, 0xff, 0x8e, 0x8f, 0xff, 0xff, 0x8d, 0x8f, 0xff, 0xff, 0x8d, 0x8f, 0xfe,
  0xff, 0x8e, 0x8e, 0xfe, 0xff, 0x8d, 0x8e, 0xfe, 0xff, 0x8b, 0x8e, 0xfe, 0xff, 0x8b, 0x8e, 0xfe,
  0xff, 0x8a, 0x8e, 0xfe, 0xff, 0x8b, 0x8f, 0xfe, 0xff, 0x8b, 0x8f, 0xfe, 0xff, 0x8b, 0x8f, 0xff,
  0xff, 0x8b, 0x8f, 0xff, 0xff, 0x8a, 0x8f, 0xfe, 0xff, 0x88, 0x8f, 0xf7, 0xff, 0x96, 0x9e, 0xff,
  0xff, 0x8e, 0x96, 0xff, 0xff, 0x8a, 0x92, 0x5e, 0x00, 0x00, 0x00, 0x00, 0x00, 0x00, 0x00, 0x00,
  0xff, 0xa9, 0x86, 0x59, 0xff, 0xac, 0x8b, 0xf8, 0xff, 0xb6, 0x93, 0xff, 0xff, 0xa7, 0x88, 0xf8,
  0xff, 0xa6, 0x89, 0xfe, 0xff, 0xa6, 0x89, 0xfe, 0xff, 0xa6, 0x89, 0xff, 0xff, 0xa6, 0x89, 0xff,
  0xff, 0xa5, 0x89, 0xff, 0xff, 0xa5, 0x89, 0xfe, 0xff, 0xa5, 0x89, 0xfe, 0xff, 0xa4, 0x89, 0xfe,
  0xff, 0xa4, 0x89, 0xfe, 0xff, 0xa4, 0x89, 0xfe, 0xff, 0xa3, 0x8a, 0xff, 0xff, 0xa3, 0x8a, 0xff,
  0xff, 0xa2, 0x8a, 0xff, 0xff, 0xa1, 0x89, 0xfe, 0xff, 0xa2, 0x8a, 0xff, 0xff, 0xa2, 0x8a, 0xff,
  0xff, 0xa0, 0x8a, 0xfe, 0xff, 0x9f, 0x8a, 0xfb, 0xff, 0xa0, 0x8b, 0xff, 0xff, 0xad, 0x96, 0xff,
  0xff, 0x9f, 0x8a, 0xd5, 0xff, 0xa1, 0x8d, 0x4a, 0xff, 0x99, 0x7f, 0x0a, 0xff, 0xff, 0xff, 0x01,
  0x00, 0x00, 0x00, 0x00, 0xff, 0xff, 0xff, 0x01, 0x00, 0x00, 0x00, 0x00, 0x00, 0x00, 0x00, 0x00,
  0x00, 0x00, 0x00, 0x00, 0x00, 0x00, 0x00, 0x00, 0x00, 0x00, 0x00, 0x00, 0x00, 0x00, 0x00, 0x00,
  0x00, 0x00, 0x00, 0x00, 0x00, 0x00, 0x00, 0x00, 0x00, 0x00, 0x00, 0x00, 0x00, 0x00, 0x00, 0x00,
  0x00, 0x00, 0x00, 0x00, 0x00, 0x00, 0x00, 0x00, 0x00, 0x00, 0x00, 0x00, 0x00, 0x00, 0x00, 0x00,
  0x00, 0x00, 0x00, 0x00, 0x00, 0x00, 0x00, 0x00, 0x00, 0x00, 0x00, 0x00, 0x00, 0x00, 0x00, 0x00,
  0x00, 0x00, 0x00, 0x00, 0x00, 0x00, 0x00, 0x00, 0x00, 0x00, 0x00, 0x00, 0x00, 0x00, 0x00, 0x00,
  0x00, 0x00, 0x00, 0x00, 0x00, 0x00, 0x00, 0x00, 0x00, 0x00, 0x00, 0x00, 0x00, 0x00, 0x00, 0x00,
  0x00, 0x00, 0x00, 0x00, 0xff, 0x7f, 0x7f, 0x02, 0x00, 0x00, 0x00, 0x00, 0x00, 0x01, 0x01, 0x00,
  0xff, 0x91, 0x91, 0x07, 0xff, 0x8d, 0x8a, 0x55, 0xff, 0x8f, 0x8e, 0xd9, 0xff, 0x9c, 0x99, 0xff,
  0xff, 0x90, 0x8e, 0xff, 0xff, 0x8f, 0x8e, 0xfb, 0xff, 0x8f, 0x8e, 0xfe, 0xff, 0x8e, 0x8e, 0xfe,
  0xff, 0x8e, 0x8e, 0xfe, 0xff, 0x8d, 0x8f, 0xff, 0xff, 0x8c, 0x8f, 0xff, 0xff, 0x8c, 0x8f, 0xff,
  0xff, 0x8c, 0x8f, 0xfe, 0xff, 0x8c, 0x8e, 0xfe, 0xff, 0x8b, 0x8e, 0xfe, 0xff, 0x8b, 0x8f, 0xfe,
  0xff, 0x8b, 0x8f, 0xfe, 0xff, 0x8a, 0x8e, 0xfe, 0xff, 0x89, 0x8f, 0xfe, 0xff, 0x89, 0x8f, 0xfe,
  0xff, 0x89, 0x90, 0xff, 0xff, 0x89, 0x8f, 0xff, 0xff, 0x88, 0x8f, 0xfe, 0xff, 0x87, 0x8f, 0xf8,
  0xff, 0x93, 0x9c, 0xff, 0xff, 0x89, 0x93, 0xf8, 0xff, 0x86, 0x92, 0x59, 0x00, 0x00, 0x00, 0x00,
  0x00, 0x00, 0x00, 0x00, 0xff, 0xa7, 0x87, 0x4f, 0xff, 0xa7, 0x88, 0xe7, 0xff, 0xae, 0x8f, 0xff,
  0xff, 0xa5, 0x89, 0xfb, 0xff, 0xa5, 0x89, 0xff, 0xff, 0xa5, 0x89, 0xff, 0xff, 0xa5, 0x89, 0xff,
  0xff, 0xa4, 0x89, 0xfe, 0xff, 0xa4, 0x89, 0xfe, 0xff, 0xa4, 0x8a, 0xff, 0xff, 0xa4, 0x89, 0xfe,
  0xff, 0xa3, 0x89, 0xfe, 0xff, 0xa2, 0x8a, 0xfe, 0xff, 0xa2, 0x8a, 0xfe, 0xff, 0xa2, 0x89, 0xfe,
  0xff, 0xa1, 0x8a, 0xfe, 0xff, 0xa1, 0x8a, 0xfe, 0xff, 0xa0, 0x8a, 0xfe, 0xff, 0xa0, 0x8a, 0xfe,
  0xff, 0xa0, 0x8a, 0xfe, 0xff, 0x9f, 0x8b, 0xff, 0xff, 0x9e, 0x8b, 0xfd, 0xff, 0x9f, 0x8b, 0xff,
  0xff, 0xa7, 0x91, 0xff, 0xff, 0x9f, 0x8a, 0xe6, 0xff, 0x9e, 0x8b, 0x82, 0xff, 0xa3, 0x8f, 0x27,
  0x00, 0x00, 0x00, 0x00, 0x00, 0x00, 0x00, 0x00, 0xff, 0xaa, 0xaa, 0x03, 0x00, 0x00, 0x00, 0x00,
  0x00, 0x00, 0x00, 0x00, 0x00, 0x00, 0x00, 0x00, 0x00, 0x00, 0x00, 0x00, 0x00, 0x00, 0x00, 0x00,
  0x00, 0x00, 0x00, 0x00, 0x00, 0x00, 0x00, 0x00, 0x00, 0x00, 0x00, 0x00, 0x00, 0x00, 0x00, 0x00,
  0x00, 0x00, 0x00, 0x00, 0x00, 0x00, 0x00, 0x00, 0x00, 0x00, 0x00, 0x00, 0x00, 0x00, 0x00, 0x00,
  0x00, 0x00, 0x00, 0x00, 0x00, 0x00, 0x00, 0x00, 0x00, 0x00, 0x00, 0x00, 0x00, 0x00, 0x00, 0x00,
  0x00, 0x00, 0x00, 0x00, 0x00, 0x00, 0x00, 0x00, 0x00, 0x00, 0x00, 0x00, 0x00, 0x00, 0x00, 0x00,
  0x00, 0x00, 0x00, 0x00, 0x00, 0x00, 0x00, 0x00, 0x00, 0x00, 0x00, 0x00, 0x00, 0x00, 0x00, 0x00,
  0x00, 0x00, 0x00, 0x00, 0x00, 0x00, 0x00, 0x00, 0xff, 0xaa, 0xaa, 0x03, 0x00, 0x00, 0x00, 0x00,
  0x00, 0x00, 0x00, 0x00, 0xff, 0x95, 0x95, 0x1d, 0xff, 0x8f, 0x8c, 0x72, 0xff, 0x8e, 0x8e, 0xe1,
  0xff, 0x97, 0x97, 0xff, 0xff, 0x8e, 0x8f, 0xff, 0xff, 0x8e, 0x8e, 0xfc, 0xff, 0x8e, 0x8f, 0xff,
  0xff, 0x8d, 0x8f, 0xff, 0xff, 0x8d, 0x8f, 0xff, 0xff, 0x8c, 0x8e, 0xfe, 0xff, 0x8b, 0x8e, 0xfe,
  0xff, 0x8b, 0x8e, 0xfe, 0xff, 0x8b, 0x8f, 0xff, 0xff, 0x8a, 0x8f, 0xff, 0xff, 0x8a, 0x8f, 0xfe,
  0xff, 0x8a, 0x90, 0xfe, 0xff, 0x8a, 0x90, 0xfe, 0xff, 0x89, 0x8f, 0xfe, 0xff, 0x88, 0x8f, 0xfe,
  0xff, 0x88, 0x8f, 0xfe, 0xff, 0x87, 0x90, 0xff, 0xff, 0x86, 0x8f, 0xfe, 0xff, 0x87, 0x8f, 0xfe,
  0xff, 0x87, 0x90, 0xfa, 0xff, 0x8d, 0x97, 0xff, 0xff, 0x86, 0x8f, 0xe8, 0xff, 0x84, 0x91, 0x4f,
  0x00, 0x00, 0x00, 0x00, 0x00, 0x00, 0x00, 0x00, 0xff, 0xa6, 0x88, 0x4b, 0xff, 0xa5, 0x88, 0xdf,
  0xff, 0xaa, 0x8d, 0xff, 0xff, 0xa5, 0x89, 0xfc, 0xff, 0xa5, 0x8a, 0xff, 0xff, 0xa4, 0x89, 0xff,
  0xff, 0xa4, 0x8a, 0xff, 0xff, 0xa4, 0x8a, 0xfe, 0xff, 0xa4, 0x8a, 0xfe, 0xff, 0xa3, 0x8a, 0xfe,
  0xff, 0xa2, 0x89, 0xfe, 0xff, 0xa2, 0x89, 0xfe, 0xff, 0xa1, 0x8a, 0xfe, 0xff, 0xa1, 0x8a, 0xfe,
  0xff, 0xa1, 0x8a, 0xfe, 0xff, 0xa0, 0x8b, 0xff, 0xff, 0xa0, 0x8b, 0xff, 0xff, 0xa0, 0x8b, 0xff,
  0xff, 0x9f, 0x8b, 0xff, 0xff, 0x9f, 0x8b, 0xff, 0xff, 0x9e, 0x8a, 0xfe, 0xff, 0x9e, 0x8b, 0xfd,
  0xff, 0x9e, 0x8b, 0xfe, 0xff, 0xa1, 0x8e, 0xff, 0xff, 0x9c, 0x89, 0xf6, 0xff, 0x9c, 0x8b, 0xb5,
  0xff, 0x9e, 0x8f, 0x47, 0xff, 0xaa, 0xaa, 0x03, 0xff, 0xff, 0xff, 0x01, 0xff, 0xcc, 0x99, 0x05,
  0x00, 0x00, 0x00, 0x00, 0x00, 0x00, 0x00, 0x00, 0x00, 0x00, 0x00, 0x00, 0x00, 0x00, 0x00, 0x00,
  0x00, 0x00, 0x00, 0x00, 0x00, 0x00, 0x00, 0x00, 0x00, 0x00, 0x00, 0x00, 0x00, 0x00, 0x00, 0x00,
  0x00, 0x00, 0x00, 0x00, 0x00, 0x00, 0x00, 0x00, 0x00, 0x00, 0x00, 0x00, 0x00, 0x00, 0x00, 0x00,
  0x00, 0x00, 0x00, 0x00, 0x00, 0x00, 0x00, 0x00, 0x00, 0x00, 0x00, 0x00, 0x00, 0x00, 0x00, 0x00,
  0x00, 0x00, 0x00, 0x00, 0x00, 0x00, 0x00, 0x00, 0x00, 0x00, 0x00, 0x00, 0x00, 0x00, 0x00, 0x00,
  0x00, 0x00, 0x00, 0x00, 0x00, 0x00, 0x00, 0x00, 0x00, 0x00, 0x00, 0x00, 0x00, 0x00, 0x00, 0x00,
  0x00, 0x00, 0x00, 0x00, 0x00, 0x00, 0x00, 0x00, 0x00, 0x00, 0x00, 0x00, 0xff, 0x99, 0x99, 0x05,
  0xff, 0x00, 0xff, 0x01, 0xff, 0x7f, 0x7f, 0x02, 0xff, 0x8c, 0x91, 0x3a, 0xff, 0x8c, 0x8c, 0xa0,
  0xff, 0x8d, 0x8d, 0xef, 0xff, 0x92, 0x93, 0xff, 0xff, 0x8c, 0x8e, 0xfe, 0xff, 0x8d, 0x8e, 0xfd,
  0xff, 0x8d, 0x8e, 0xfe, 0xff, 0x8c, 0x8e, 0xfe, 0xff, 0x8c, 0x8e, 0xfe, 0xff, 0x8b, 0x8e, 0xfe,
  0xff, 0x8a, 0x8f, 0xfe, 0xff, 0x8a, 0x8f, 0xfe, 0xff, 0x8a, 0x8f, 0xfe, 0xff, 0x89, 0x8f, 0xff,
  0xff, 0x89, 0x8f, 0xff, 0xff, 0x88, 0x90, 0xfe, 0xff, 0x88, 0x90, 0xfe, 0xff, 0x88, 0x8f, 0xfe,
  0xff, 0x87, 0x90, 0xfe, 0xff, 0x87, 0x90, 0xfe, 0xff, 0x86, 0x90, 0xfe, 0xff, 0x86, 0x91, 0xfd,
  0xff, 0x86, 0x91, 0xff, 0xff, 0x85, 0x90, 0xfc, 0xff, 0x8a, 0x95, 0xff, 0xff, 0x85, 0x8f, 0xde,
  0xff, 0x82, 0x90, 0x4a, 0x00, 0x00, 0x00, 0x00, 0x00, 0x00, 0x00, 0x00, 0xff, 0xa2, 0x88, 0x45,
  0xff, 0xa4, 0x89, 0xd0, 0xff, 0xa7, 0x8b, 0xfd, 0xff, 0xa5, 0x8a, 0xfd, 0xff, 0xa5, 0x8a, 0xff,
  0xff, 0xa2, 0x89, 0xfe, 0xff, 0xa3, 0x8a, 0xff, 0xff, 0xa2, 0x8a, 0xfe, 0xff, 0xa2, 0x8a, 0xfe,
  0xff, 0xa1, 0x8a, 0xfe, 0xff, 0xa0, 0x8a, 0xfe, 0xff, 0xa1, 0x8a, 0xfe, 0xff, 0xa1, 0x8a, 0xfe,
  0xff, 0xa1, 0x8a, 0xfe, 0xff, 0xa0, 0x8a, 0xfe, 0xff, 0x9f, 0x8b, 0xff, 0xff, 0x9e, 0x8b, 0xff,
  0xff, 0x9e, 0x8b, 0xff, 0xff, 0x9f, 0x8b, 0xff, 0xff, 0x9f, 0x8b, 0xff, 0xff, 0x9d, 0x8a, 0xfe,
  0xff, 0x9d, 0x8b, 0xfd, 0xff, 0x9d, 0x8b, 0xfe, 0xff, 0x9b, 0x8b, 0xfe, 0xff, 0x9d, 0x8d, 0xfe,
  0xff, 0x9d, 0x8e, 0xdf, 0xff, 0x9d, 0x8d, 0x63, 0x00, 0x00, 0x00, 0x00, 0x00, 0x00, 0x00, 0x00,
  0xff, 0xaa, 0x7f, 0x06, 0x00, 0x00, 0x00, 0x00, 0x00, 0x00, 0x00, 0x00, 0x00, 0x00, 0x00, 0x00,
  0x00, 0x00, 0x00, 0x00, 0x00, 0x00, 0x00, 0x00, 0x00, 0x00, 0x00, 0x00, 0x00, 0x00, 0x00, 0x00,
  0x00, 0x00, 0x00, 0x00, 0x00, 0x00, 0x00, 0x00, 0x00, 0x00, 0x00, 0x00, 0x00, 0x00, 0x00, 0x00,
  0x00, 0x00, 0x00, 0x00, 0x00, 0x00, 0x00, 0x00, 0x00, 0x00, 0x00, 0x00, 0x00, 0x00, 0x00, 0x00,
  0x00, 0x00, 0x00, 0x00, 0x00, 0x00, 0x00, 0x00, 0x00, 0x00, 0x00, 0x00, 0x00, 0x00, 0x00, 0x00,
  0x00, 0x00, 0x00, 0x00, 0x00, 0x00, 0x00, 0x00, 0x00, 0x00, 0x00, 0x00, 0x00, 0x00, 0x00, 0x00,
  0x00, 0x00, 0x00, 0x00, 0x00, 0x00, 0x00, 0x00, 0x00, 0x00, 0x00, 0x00, 0x00, 0x00, 0x00, 0x00,
  0xff, 0x99, 0x99, 0x05, 0x00, 0x00, 0x00, 0x00, 0x00, 0x00, 0x00, 0x00, 0xff, 0x8b, 0x8e, 0x5d,
  0xff, 0x8e, 0x91, 0xd3, 0xff, 0x8f, 0x90, 0xfb, 0xff, 0x8c, 0x8f, 0xfe, 0xff, 0x8b, 0x8e, 0xfe,
  0xff, 0x8c, 0x8e, 0xfd, 0xff, 0x8b, 0x8e, 0xfe, 0xff, 0x8b, 0x8e, 0xfe, 0xff, 0x8b, 0x8e, 0xfe,
  0xff, 0x8b, 0x8f, 0xfe, 0xff, 0x8a, 0x8f, 0xfe, 0xff, 0x89, 0x8f, 0xfe, 0xff, 0x89, 0x8f, 0xfe,
  0xff, 0x89, 0x8f, 0xff, 0xff, 0x89, 0x8f, 0xff, 0xff, 0x87, 0x90, 0xfe, 0xff, 0x86, 0x90, 0xfe,
  0xff, 0x87, 0x8f, 0xfe, 0xff, 0x87, 0x90, 0xfe, 0xff, 0x87, 0x90, 0xfe, 0xff, 0x86, 0x90, 0xfe,
  0xff, 0x86, 0x91, 0xfd, 0xff, 0x85, 0x92, 0xff, 0xff, 0x84, 0x90, 0xfe, 0xff, 0x87, 0x93, 0xff,
  0xff, 0x83, 0x8f, 0xd3, 0xff, 0x83, 0x91, 0x46, 0x00, 0x00, 0x00, 0x00, 0x00, 0x00, 0x00, 0x00,
  0xff, 0xa0, 0x8d, 0x36, 0xff, 0xa3, 0x8b, 0xaf, 0xff, 0xa3, 0x88, 0xf4, 0xff, 0xa5, 0x8b, 0xff,
  0xff, 0xa3, 0x8b, 0xff, 0xff, 0xa1, 0x8a, 0xfd, 0xff, 0xa1, 0x8a, 0xff, 0xff, 0x9f, 0x89, 0xfe,
  0xff, 0x9f, 0x8a, 0xfe, 0xff, 0xa0, 0x8b, 0xff, 0xff, 0x9f, 0x8b, 0xff, 0xff, 0x9f, 0x8b, 0xff,
  0xff, 0x9f, 0x8b, 0xff, 0xff, 0x9f, 0x8b, 0xff, 0xff, 0x9f, 0x8a, 0xfe, 0xff, 0x9e, 0x8a, 0xfe,
  0xff, 0x9c, 0x8a, 0xfe, 0xff, 0x9c, 0x8a, 0xfe, 0xff, 0x9c, 0x8a, 0xfe, 0xff, 0x9c, 0x8b, 0xfe,
  0xff, 0x9b, 0x8c, 0xff, 0xff, 0x9b, 0x8c, 0xff, 0xff, 0x9b, 0x8c, 0xfe, 0xff, 0x99, 0x8b, 0xf9,
  0xff, 0xa2, 0x94, 0xff, 0xff, 0xa1, 0x93, 0xfc, 0xff, 0x9b, 0x8a, 0x88, 0xff, 0xaa, 0x55, 0x03,
  0x00, 0x00, 0x00, 0x00, 0xff, 0x99, 0x99, 0x05, 0x00, 0x00, 0x00, 0x00, 0xff, 0x00, 0x00, 0x01,
  0x00, 0x00, 0x00, 0x00, 0x00, 0x00, 0x00, 0x00, 0x00, 0x00, 0x00, 0x00, 0x00, 0x00, 0x00, 0x00,
  0x00, 0x00, 0x00, 0x00, 0x00, 0x00, 0x00, 0x00, 0x00, 0x00, 0x00, 0x00, 0x00, 0x00, 0x00, 0x00,
  0x00, 0x00, 0x00, 0x00, 0x00, 0x00, 0x00, 0x00, 0x00, 0x00, 0x00, 0x00, 0x00, 0x00, 0x00, 0x00,
  0x00, 0x00, 0x00, 0x00, 0x00, 0x00, 0x00, 0x00, 0x00, 0x00, 0x00, 0x00, 0x00, 0x00, 0x00, 0x00,
  0x00, 0x00, 0x00, 0x00, 0x00, 0x00, 0x00, 0x00, 0x00, 0x00, 0x00, 0x00, 0x00, 0x00, 0x00, 0x00,
  0x00, 0x00, 0x00, 0x00, 0x00, 0x00, 0x00, 0x00, 0x00, 0x00, 0x00, 0x00, 0xff, 0x00, 0x00, 0x01,
  0x00, 0x00, 0x00, 0x00, 0xff, 0x99, 0x99, 0x05, 0xff, 0x00, 0x00, 0x01, 0xff, 0x6d, 0x6d, 0x07,
  0xff, 0x8b, 0x8f, 0x89, 0xff, 0x92, 0x96, 0xfa, 0xff, 0x93, 0x96, 0xff, 0xff, 0x8b, 0x8f, 0xf9,
  0xff, 0x8b, 0x90, 0xff, 0xff, 0x8a, 0x90, 0xfe, 0xff, 0x89, 0x8f, 0xfe, 0xff, 0x89, 0x8f, 0xfe,
  0xff, 0x89, 0x90, 0xfe, 0xff, 0x89, 0x90, 0xfe, 0xff, 0x88, 0x8f, 0xfe, 0xff, 0x87, 0x8f, 0xfe,
  0xff, 0x87, 0x90, 0xff, 0xff, 0x87, 0x90, 0xff, 0xff, 0x87, 0x90, 0xfe, 0xff, 0x86, 0x90, 0xfe,
  0xff, 0x85, 0x90, 0xfe, 0xff, 0x85, 0x90, 0xfe, 0xff, 0x85, 0x90, 0xfe, 0xff, 0x85, 0x90, 0xfe,
  0xff, 0x84, 0x91, 0xfe, 0xff, 0x83, 0x90, 0xfc, 0xff, 0x84, 0x91, 0xff, 0xff, 0x85, 0x93, 0xff,
  0xff, 0x82, 0x90, 0xfa, 0xff, 0x80, 0x8f, 0xbe, 0xff, 0x7f, 0x8c, 0x3c, 0x00, 0x00, 0x00, 0x00,
  0x00, 0x00, 0x00, 0x00, 0xff, 0x9f, 0x8c, 0x28, 0xff, 0xa1, 0x8a, 0x90, 0xff, 0xa0, 0x89, 0xe9,
  0xff, 0xa7, 0x8f, 0xff, 0xff, 0xa2, 0x8c, 0xff, 0xff, 0xa0, 0x8a, 0xfc, 0xff, 0xa1, 0x8b, 0xff,
  0xff, 0x9f, 0x8a, 0xff, 0xff, 0x9f, 0x8a, 0xff, 0xff, 0xa0, 0x8b, 0xff, 0xff, 0x9f, 0x8b, 0xff,
  0xff, 0x9e, 0x8b, 0xff, 0xff, 0x9e, 0x8b, 0xff, 0xff, 0x9e, 0x8c, 0xff, 0xff, 0x9e, 0x8b, 0xfe,
  0xff, 0x9d, 0x8a, 0xfe, 0xff, 0x9b, 0x8a, 0xfe, 0xff, 0x9b, 0x8b, 0xfe, 0xff, 0x9b, 0x8b, 0xfe,
  0xff, 0x9b, 0x8b, 0xfe, 0xff, 0x9b, 0x8c, 0xff, 0xff, 0x9b, 0x8c, 0xff, 0xff, 0x9a, 0x8b, 0xfe,
  0xff, 0x98, 0x8b, 0xf9, 0xff, 0x9e, 0x92, 0xff, 0xff, 0xa0, 0x93, 0xff, 0xff, 0x98, 0x8b, 0xc4,
  0xff, 0x97, 0x8d, 0x51, 0xff, 0x9f, 0x9f, 0x08, 0x00, 0x00, 0x00, 0x00, 0xff, 0xff, 0xff, 0x01,
  0xff, 0x55, 0x55, 0x03, 0x00, 0x00, 0x00, 0x00, 0x00, 0x00, 0x00, 0x00, 0x00, 0x00, 0x00, 0x00,
  0x00, 0x00, 0x00, 0x00, 0x00, 0x00, 0x00, 0x00, 0x00, 0x00, 0x00, 0x00, 0x00, 0x00, 0x00, 0x00,
  0x00, 0x00, 0x00, 0x00, 0x00, 0x00, 0x00, 0x00, 0x00, 0x00, 0x00, 0x00, 0x00, 0x00, 0x00, 0x00,
  0x00, 0x00, 0x00, 0x00, 0x00, 0x00, 0x00, 0x00, 0x00, 0x00, 0x00, 0x00, 0x00, 0x00, 0x00, 0x00,
  0x00, 0x00, 0x00, 0x00, 0x00, 0x00, 0x00, 0x00, 0x00, 0x00, 0x00, 0x00, 0x00, 0x00, 0x00, 0x00,
  0x00, 0x00, 0x00, 0x00, 0x00, 0x00, 0x00, 0x00, 0x00, 0x00, 0x00, 0x00, 0x00, 0x00, 0x00, 0x00,
  0xff, 0x7f, 0x7f, 0x02, 0xff, 0x00, 0xff, 0x01, 0x00, 0x00, 0x00, 0x00, 0xff, 0xff, 0xff, 0x02,
  0xff, 0x87, 0x8b, 0x40, 0xff, 0x8a, 0x8e, 0xba, 0xff, 0x94, 0x99, 0xff, 0xff, 0x91, 0x96, 0xff,
  0xff, 0x89, 0x90, 0xf8, 0xff, 0x8a, 0x90, 0xff, 0xff, 0x89, 0x90, 0xfe, 0xff, 0x88, 0x8f, 0xfe,
  0xff, 0x88, 0x8f, 0xfe, 0xff, 0x88, 0x90, 0xfe, 0xff, 0x88, 0x90, 0xfe, 0xff, 0x87, 0x8f, 0xfe,
  0xff, 0x87, 0x8f, 0xfe, 0xff, 0x86, 0x90, 0xff, 0xff, 0x86, 0x91, 0xff, 0xff, 0x86, 0x91, 0xfe,
  0xff, 0x85, 0x90, 0xff, 0xff, 0x84, 0x90, 0xff, 0xff, 0x84, 0x91, 0xff, 0xff, 0x83, 0x90, 0xfe,
  0xff, 0x84, 0x90, 0xfe, 0xff, 0x83, 0x91, 0xfe, 0xff, 0x82, 0x90, 0xfc, 0xff, 0x83, 0x92, 0xff,
  0xff, 0x85, 0x95, 0xff, 0xff, 0x81, 0x90, 0xf1, 0xff, 0x7f, 0x90, 0xa4, 0xff, 0x84, 0x8f, 0x30,
  0x00, 0x00, 0x00, 0x00, 0x00, 0x00, 0x00, 0x00, 0xff, 0x9c, 0x89, 0x1a, 0xff, 0x9f, 0x87, 0x73,
  0xff, 0x9f, 0x89, 0xde, 0xff, 0xa9, 0x92, 0xff, 0xff, 0xa2, 0x8c, 0xff, 0xff, 0xa0, 0x8b, 0xfb,
  0xff, 0xa0, 0x8b, 0xff, 0xff, 0x9f, 0x8b, 0xff, 0xff, 0x9f, 0x8b, 0xff, 0xff, 0x9f, 0x8b, 0xff,
  0xff, 0x9e, 0x8a, 0xfe, 0xff, 0x9d, 0x8a, 0xfe, 0xff, 0x9d, 0x8b, 0xff, 0xff, 0x9d, 0x8c, 0xff,
  0xff, 0x9d, 0x8c, 0xfe, 0xff, 0x9c, 0x8b, 0xfe, 0xff, 0x9b, 0x8b, 0xfe, 0xff, 0x9b, 0x8c, 0xff,
  0xff, 0x9a, 0x8c, 0xff, 0xff, 0x9a, 0x8c, 0xfe, 0xff, 0x9a, 0x8c, 0xfe, 0xff, 0x9a, 0x8c, 0xfe,
  0xff, 0x99, 0x8b, 0xfe, 0xff, 0x97, 0x8b, 0xfc, 0xff, 0x97, 0x8c, 0xff, 0xff, 0x97, 0x8c, 0xfd,
  0xff, 0x98, 0x8d, 0xf8, 0xff, 0x97, 0x8c, 0xb7, 0xff, 0x97, 0x8d, 0x2f, 0xff, 0xff, 0x00, 0x01,
  0x00, 0x00, 0x00, 0x00, 0xff, 0x7f, 0x7f, 0x04, 0x00, 0x00, 0x00, 0x00, 0x00, 0x00, 0x00, 0x00,
  0x00, 0x00, 0x00, 0x00, 0x00, 0x00, 0x00, 0x00, 0x00, 0x00, 0x00, 0x00, 0x00, 0x00, 0x00, 0x00,
  0x00, 0x00, 0x00, 0x00, 0x00, 0x00, 0x00, 0x00, 0x00, 0x00, 0x00, 0x00, 0x00, 0x00, 0x00, 0x00,
  0x00, 0x00, 0x00, 0x00, 0x00, 0x00, 0x00, 0x00, 0x00, 0x00, 0x00, 0x00, 0x00, 0x00, 0x00, 0x00,
  0x00, 0x00, 0x00, 0x00, 0x00, 0x00, 0x00, 0x00, 0x00, 0x00, 0x00, 0x00, 0x00, 0x00, 0x00, 0x00,
  0x00, 0x00, 0x00, 0x00, 0x00, 0x00, 0x00, 0x00, 0x00, 0x00, 0x00, 0x00, 0x00, 0x00, 0x00, 0x00,
  0x00, 0x00, 0x00, 0x00, 0xff, 0xaa, 0xaa, 0x03, 0x00, 0x00, 0x00, 0x00, 0xff, 0x00, 0xff, 0x01,
  0xff, 0x89, 0x90, 0x25, 0xff, 0x89, 0x8e, 0x98, 0xff, 0x8b, 0x90, 0xe6, 0xff, 0x8b, 0x91, 0xfe,
  0xff, 0x8b, 0x91, 0xff, 0xff, 0x89, 0x90, 0xfb, 0xff, 0x89, 0x90, 0xff, 0xff, 0x88, 0x90, 0xfe,
  0xff, 0x87, 0x8f, 0xfe, 0xff, 0x87, 0x8f, 0xfe, 0xff, 0x87, 0x8f, 0xfe, 0xff, 0x86, 0x90, 0xfe,
  0xff, 0x86, 0x90, 0xfe, 0xff, 0x86, 0x90, 0xfe, 0xff, 0x85, 0x90, 0xfe, 0xff, 0x85, 0x91, 0xfe,
  0xff, 0x85, 0x91, 0xfe, 0xff, 0x83, 0x91, 0xff, 0xff, 0x83, 0x91, 0xff, 0xff, 0x83, 0x91, 0xff,
  0xff, 0x82, 0x90, 0xfe, 0xff, 0x82, 0x90, 0xfe, 0xff, 0x82, 0x91, 0xfe, 0xff, 0x82, 0x91, 0xfb,
  0xff, 0x82, 0x93, 0xff, 0xff, 0x86, 0x97, 0xff, 0xff, 0x81, 0x92, 0xe3, 0xff, 0x80, 0x93, 0x83,
  0xff, 0x83, 0x92, 0x21, 0x00, 0x00, 0x00, 0x00, 0x00, 0x00, 0x00, 0x00, 0xff, 0xa2, 0x8b, 0x0b,
  0xff, 0x9f, 0x87, 0x55, 0xff, 0x9f, 0x8b, 0xd1, 0xff, 0xaa, 0x94, 0xfe, 0xff, 0xa1, 0x8c, 0xff,
  0xff, 0x9f, 0x89, 0xfa, 0xff, 0x9e, 0x8a, 0xfe, 0xff, 0x9e, 0x8b, 0xfe, 0xff, 0x9d, 0x8b, 0xfe,
  0xff, 0x9c, 0x8b, 0xfe, 0xff, 0x9c, 0x8b, 0xfe, 0xff, 0x9b, 0x8b, 0xfe, 0xff, 0x9c, 0x8c, 0xff,
  0xff, 0x9b, 0x8c, 0xff, 0xff, 0x9a, 0x8b, 0xfe, 0xff, 0x9a, 0x8b, 0xfe, 0xff, 0x99, 0x8b, 0xfe,
  0xff, 0x9a, 0x8c, 0xff, 0xff, 0x99, 0x8c, 0xff, 0xff, 0x99, 0x8c, 0xff, 0xff, 0x98, 0x8c, 0xfe,
  0xff, 0x98, 0x8c, 0xfe, 0xff, 0x98, 0x8d, 0xff, 0xff, 0x96, 0x8c, 0xfe, 0xff, 0x96, 0x8d, 0xfd,
  0xff, 0x95, 0x8b, 0xfc, 0xff, 0x9f, 0x95, 0xff, 0xff, 0x95, 0x8c, 0xec, 0xff, 0x90, 0x88, 0x76,
  0xff, 0x94, 0x8b, 0x1f, 0xff, 0xff, 0xff, 0x01, 0xff, 0x91, 0x91, 0x07, 0xff, 0x99, 0x99, 0x05,
  0x00, 0x00, 0x00, 0x00, 0x00, 0x00, 0x00, 0x00, 0x00, 0x00, 0x00, 0x00, 0x00, 0x00, 0x00, 0x00,
  0x00, 0x00, 0x00, 0x00, 0x00, 0x00, 0x00, 0x00, 0x00, 0x00, 0x00, 0x00, 0x00, 0x00, 0x00, 0x00,
  0x00, 0x00, 0x00, 0x00, 0x00, 0x00, 0x00, 0x00, 0x00, 0x00, 0x00, 0x00, 0x00, 0x00, 0x00, 0x00,
  0x00, 0x00, 0x00, 0x00, 0x00, 0x00, 0x00, 0x00, 0x00, 0x00, 0x00, 0x00, 0x00, 0x00, 0x00, 0x00,
  0x00, 0x00, 0x00, 0x00, 0x00, 0x00, 0x00, 0x00, 0x00, 0x00, 0x00, 0x00, 0x00, 0x00, 0x00, 0x00,
  0x00, 0x00, 0x00, 0x00, 0xff, 0x99, 0x99, 0x05, 0xff, 0x91, 0x91, 0x07, 0xff, 0xff, 0xff, 0x01,
  0xff, 0x83, 0x94, 0x1f, 0xff, 0x82, 0x8b, 0x73, 0xff, 0x88, 0x8f, 0xe2, 0xff, 0x8f, 0x95, 0xfd,
  0xff, 0x88, 0x8f, 0xfb, 0xff, 0x88, 0x8f, 0xfd, 0xff, 0x87, 0x8f, 0xfe, 0xff, 0x87, 0x8f, 0xfe,
  0xff, 0x86, 0x8f, 0xff, 0xff, 0x86, 0x90, 0xff, 0xff, 0x86, 0x91, 0xff, 0xff, 0x86, 0x91, 0xff,
  0xff, 0x84, 0x90, 0xfe, 0xff, 0x84, 0x90, 0xfe, 0xff, 0x84, 0x90, 0xfe, 0xff, 0x84, 0x90, 0xfe,
  0xff, 0x84, 0x91, 0xfe, 0xff, 0x84, 0x91, 0xfe, 0xff, 0x82, 0x91, 0xfe, 0xff, 0x82, 0x91, 0xfe,
  0xff, 0x82, 0x91, 0xfe, 0xff, 0x81, 0x90, 0xfe, 0xff, 0x80, 0x90, 0xfe, 0xff, 0x81, 0x91, 0xfe,
  0xff, 0x80, 0x90, 0xfa, 0xff, 0x81, 0x94, 0xff, 0xff, 0x86, 0x9a, 0xfe, 0xff, 0x7f, 0x91, 0xd2,
  0xff, 0x7c, 0x92, 0x5c, 0xff, 0x75, 0x89, 0x0d, 0x00, 0x00, 0x00, 0x00, 0xff, 0xff, 0xff, 0x01,
  0xff, 0xff, 0x7f, 0x02, 0xff, 0xa0, 0x88, 0x36, 0xff, 0x9f, 0x8b, 0xc2, 0xff, 0xa9, 0x95, 0xff,
  0xff, 0xa1, 0x8c, 0xff, 0xff, 0x9d, 0x8a, 0xfa, 0xff, 0x9d, 0x8b, 0xfe, 0xff, 0x9c, 0x8b, 0xfe,
  0xff, 0x9b, 0x8b, 0xfe, 0xff, 0x9a, 0x8b, 0xfe, 0xff, 0x9b, 0x8b, 0xfe, 0xff, 0x9b, 0x8b, 0xfe,
  0xff, 0x9a, 0x8c, 0xff, 0xff, 0x9a, 0x8c, 0xff, 0xff, 0x99, 0x8b, 0xfe, 0xff, 0x99, 0x8b, 0xfe,
  0xff, 0x99, 0x8b, 0xfe, 0xff, 0x98, 0x8c, 0xff, 0xff, 0x99, 0x8c, 0xff, 0xff, 0x99, 0x8c, 0xff,
  0xff, 0x97, 0x8c, 0xfe, 0xff, 0x96, 0x8c, 0xfe, 0xff, 0x96, 0x8d, 0xff, 0xff, 0x95, 0x8c, 0xfe,
  0xff, 0x96, 0x8d, 0xfd, 0xff, 0x95, 0x8d, 0xfd, 0xff, 0x9b, 0x93, 0xfb, 0xff, 0x95, 0x8e, 0xfb,
  0xff, 0x97, 0x92, 0xc6, 0xff, 0x91, 0x8c, 0x64, 0x00, 0x01, 0x00, 0x00, 0x00, 0x00, 0x00, 0x00,
  0x00, 0x00, 0x00, 0x00, 0xff, 0xff, 0xff, 0x01, 0xff, 0x7f, 0x7f, 0x02, 0x00, 0x00, 0x00, 0x00,
  0x00, 0x00, 0x00, 0x00, 0x00, 0x00, 0x00, 0x00, 0x00, 0x00, 0x00, 0x00, 0x00, 0x00, 0x00, 0x00,
  0x00, 0x00, 0x00, 0x00, 0x00, 0x00, 0x00, 0x00, 0x00, 0x00, 0x00, 0x00, 0x00, 0x00, 0x00, 0x00,
  0x00, 0x00, 0x00, 0x00, 0x00, 0x00, 0x00, 0x00, 0x00, 0x00, 0x00, 0x00, 0x00, 0x00, 0x00, 0x00,
  0x00, 0x00, 0x00, 0x00, 0x00, 0x00, 0x00, 0x00, 0x00, 0x00, 0x00, 0x00, 0x00, 0x00, 0x00, 0x00,
  0xff, 0x7f, 0x7f, 0x02, 0xff, 0x7f, 0x7f, 0x02, 0x00, 0x00, 0x00, 0x00, 0x00, 0x00, 0x00, 0x00,
  0x00, 0x01, 0x00, 0x00, 0xff, 0x87, 0x91, 0x64, 0xff, 0x8c, 0x94, 0xc7, 0xff, 0x8a, 0x91, 0xff,
  0xff, 0x8d, 0x94, 0xfe, 0xff, 0x87, 0x8f, 0xfb, 0xff, 0x86, 0x8f, 0xfd, 0xff, 0x86, 0x8f, 0xfe,
  0xff, 0x85, 0x8f, 0xfe, 0xff, 0x86, 0x90, 0xff, 0xff, 0x86, 0x91, 0xff, 0xff, 0x85, 0x91, 0xff,
  0xff, 0x84, 0x91, 0xff, 0xff, 0x83, 0x90, 0xfe, 0xff, 0x82, 0x90, 0xfe, 0xff, 0x83, 0x90, 0xfe,
  0xff, 0x82, 0x90, 0xfe, 0xff, 0x82, 0x91, 0xfe, 0xff, 0x82, 0x91, 0xfe, 0xff, 0x82, 0x91, 0xfe,
  0xff, 0x81, 0x91, 0xfe, 0xff, 0x81, 0x91, 0xfe, 0xff, 0x80, 0x90, 0xfe, 0xff, 0x7f, 0x90, 0xfe,
  0xff, 0x7f, 0x91, 0xfe, 0xff, 0x7e, 0x91, 0xf9, 0xff, 0x81, 0x95, 0xff, 0xff, 0x8c, 0xa2, 0xff,
  0xff, 0x7e, 0x92, 0xc7, 0xff, 0x7a, 0x8f, 0x30, 0xff, 0x7f, 0x7f, 0x02, 0xff, 0x7f, 0xff, 0x02,
  0xff, 0x99, 0x99, 0x05, 0x00, 0x00, 0x00, 0x00, 0xff, 0x99, 0x8e, 0x19, 0xff, 0x9d, 0x8c, 0xad,
  0xff, 0xa4, 0x91, 0xff, 0xff, 0x9f, 0x8d, 0xff, 0xff, 0x9c, 0x8c, 0xfb, 0xff, 0x9c, 0x8c, 0xff,
  0xff, 0x9b, 0x8b, 0xfe, 0xff, 0x9b, 0x8b, 0xfe, 0xff, 0x9a, 0x8c, 0xff, 0xff, 0x9a, 0x8c, 0xff,
  0xff, 0x9a, 0x8c, 0xfe, 0xff, 0x99, 0x8b, 0xfe, 0xff, 0x99, 0x8b, 0xff, 0xff, 0x99, 0x8c, 0xff,
  0xff, 0x98, 0x8c, 0xfe, 0xff, 0x98, 0x8c, 0xfe, 0xff, 0x97, 0x8c, 0xfe, 0xff, 0x97, 0x8d, 0xff,
  0xff, 0x97, 0x8d, 0xff, 0xff, 0x96, 0x8d, 0xff, 0xff, 0x95, 0x8d, 0xff, 0xff, 0x94, 0x8c, 0xfe,
  0xff, 0x94, 0x8c, 0xfe, 0xff, 0x94, 0x8c, 0xfe, 0xff, 0x94, 0x8d, 0xff, 0xff, 0x94, 0x8c, 0xfa,
  0xff, 0x96, 0x90, 0xff, 0xff, 0x9f, 0x99, 0xfd, 0xff, 0x91, 0x8d, 0xbb, 0xff, 0x99, 0x8d, 0x2d,
  0x00, 0x00, 0x00, 0x00, 0x00, 0x01, 0x01, 0x00, 0xff, 0xff, 0xff, 0x01, 0xff, 0xff, 0xff, 0x02,
  0x00, 0x00, 0x00, 0x00, 0x00, 0x00, 0x00, 0x00, 0x00, 0x00, 0x00, 0x00, 0x00, 0x00, 0x00, 0x00,
  0x00, 0x00, 0x00, 0x00, 0x00, 0x00, 0x00, 0x00, 0x00, 0x00, 0x00, 0x00, 0x00, 0x00, 0x00, 0x00,
  0x00, 0x00, 0x00, 0x00, 0x00, 0x00, 0x00, 0x00, 0x00, 0x00, 0x00, 0x00, 0x00, 0x00, 0x00, 0x00,
  0x00, 0x00, 0x00, 0x00, 0x00, 0x00, 0x00, 0x00, 0x00, 0x00, 0x00, 0x00, 0x00, 0x00, 0x00, 0x00,
  0x00, 0x00, 0x00, 0x00, 0xff, 0xff, 0xff, 0x02, 0xff, 0x7f, 0x7f, 0x02, 0x00, 0x01, 0x01, 0x00,
  0x00, 0x00, 0x00, 0x00, 0xff, 0x88, 0x93, 0x2d, 0xff, 0x87, 0x8f, 0xbb, 0xff, 0x92, 0x9b, 0xfd,
  0xff, 0x8b, 0x92, 0xff, 0xff, 0x88, 0x90, 0xf9, 0xff, 0x86, 0x90, 0xfe, 0xff, 0x85, 0x90, 0xfe,
  0xff, 0x84, 0x90, 0xfe, 0xff, 0x84, 0x90, 0xfe, 0xff, 0x85, 0x91, 0xfe, 0xff, 0x85, 0x91, 0xfe,
  0xff, 0x83, 0x90, 0xfe, 0xff, 0x83, 0x90, 0xfe, 0xff, 0x83, 0x91, 0xfe, 0xff, 0x82, 0x91, 0xfe,
  0xff, 0x82, 0x91, 0xfe, 0xff, 0x81, 0x90, 0xfe, 0xff, 0x81, 0x90, 0xfe, 0xff, 0x81, 0x91, 0xfe,
  0xff, 0x81, 0x92, 0xff, 0xff, 0x80, 0x92, 0xff, 0xff, 0x7f, 0x91, 0xfe, 0xff, 0x7e, 0x91, 0xfe,
  0xff, 0x7e, 0x91, 0xfe, 0xff, 0x7d, 0x92, 0xfe, 0xff, 0x7d, 0x92, 0xf9, 0xff, 0x81, 0x95, 0xff,
  0xff, 0x8c, 0xa3, 0xff, 0xff, 0x7d, 0x92, 0xb5, 0xff, 0x7f, 0x7f, 0x0a, 0x00, 0x00, 0x00, 0x00,
  0xff, 0x7f, 0x9f, 0x08, 0xff, 0x91, 0x91, 0x07, 0x00, 0x00, 0x00, 0x00, 0xff, 0x8d, 0x8d, 0x09,
  0xff, 0x9a, 0x8b, 0x9b, 0xff, 0x9e, 0x8d, 0xfa, 0xff, 0x9d, 0x8c, 0xff, 0xff, 0x9b, 0x8c, 0xfd,
  0xff, 0x9b, 0x8c, 0xff, 0xff, 0x9a, 0x8c, 0xff, 0xff, 0x9a, 0x8c, 0xff, 0xff, 0x9a, 0x8c, 0xff,
  0xff, 0x99, 0x8c, 0xff, 0xff, 0x99, 0x8c, 0xfe, 0xff, 0x98, 0x8b, 0xfe, 0xff, 0x97, 0x8b, 0xff,
  0xff, 0x98, 0x8c, 0xff, 0xff, 0x97, 0x8d, 0xff, 0xff, 0x96, 0x8d, 0xff, 0xff, 0x95, 0x8c, 0xfe,
  0xff, 0x95, 0x8c, 0xfe, 0xff, 0x95, 0x8c, 0xfe, 0xff, 0x94, 0x8c, 0xff, 0xff, 0x94, 0x8c, 0xff,
  0xff, 0x93, 0x8c, 0xfe, 0xff, 0x93, 0x8d, 0xfe, 0xff, 0x94, 0x8d, 0xfe, 0xff, 0x93, 0x8d, 0xff,
  0xff, 0x91, 0x8c, 0xfc, 0xff, 0x93, 0x8e, 0xfe, 0xff, 0x9b, 0x95, 0xff, 0xff, 0x95, 0x91, 0xf2,
  0xff, 0x92, 0x8d, 0xb0, 0xff, 0x8f, 0x8c, 0x60, 0xff, 0x8d, 0x8d, 0x1b, 0x00, 0x00, 0x00, 0x00,
  0x00, 0x00, 0x00, 0x00, 0xff, 0x7f, 0xbf, 0x04, 0xff, 0x91, 0x91, 0x07, 0xff, 0x7f, 0xbf, 0x04,
  0xff, 0xaa, 0xaa, 0x03, 0xff, 0x7f, 0x7f, 0x02, 0xff, 0xff, 0xff, 0x01, 0x00, 0x00, 0x00, 0x00,
  0x00, 0x00, 0x00, 0x00, 0x00, 0x00, 0x00, 0x00, 0x00, 0x00, 0x00, 0x00, 0x00, 0x00, 0x00, 0x00,
  0xff, 0x00, 0x00, 0x01, 0xff, 0x7f, 0x7f, 0x02, 0xff, 0xaa, 0xaa, 0x03, 0xff, 0x66, 0x99, 0x05,
  0xff, 0x91, 0x91, 0x07, 0xff, 0xbf, 0xbf, 0x04, 0x00, 0x00, 0x00, 0x00, 0x00, 0x00, 0x00, 0x00,
  0xff, 0x8d, 0x8d, 0x1b, 0xff, 0x88, 0x90, 0x61, 0xff, 0x86, 0x90, 0xb0, 0xff, 0x8a, 0x94, 0xf2,
  0xff, 0x8e, 0x99, 0xff, 0xff, 0x87, 0x91, 0xfd, 0xff, 0x85, 0x8f, 0xfb, 0xff, 0x85, 0x90, 0xfe,
  0xff, 0x84, 0x91, 0xff, 0xff, 0x83, 0x91, 0xfe, 0xff, 0x83, 0x91, 0xff, 0xff, 0x83, 0x90, 0xfe,
  0xff, 0x83, 0x90, 0xfe, 0xff, 0x82, 0x90, 0xfe, 0xff, 0x82, 0x91, 0xfe, 0xff, 0x82, 0x92, 0xff,
  0xff, 0x82, 0x92, 0xff, 0xff, 0x81, 0x92, 0xff, 0xff, 0x80, 0x91, 0xfe, 0xff, 0x80, 0x91, 0xfe,
  0xff, 0x80, 0x91, 0xfe, 0xff, 0x80, 0x91, 0xff, 0xff, 0x80, 0x91, 0xff, 0xff, 0x7f, 0x92, 0xff,
  0xff, 0x7e, 0x92, 0xfe, 0xff, 0x7d, 0x92, 0xfe, 0xff, 0x7c, 0x92, 0xfe, 0xff, 0x7d, 0x93, 0xfc,
  0xff, 0x7d, 0x94, 0xfd, 0xff, 0x83, 0x9a, 0xeb, 0xff, 0x7c, 0x91, 0x91, 0xff, 0x00, 0xff, 0x01,
  0x00, 0x00, 0x00, 0x00, 0xff, 0x7f, 0x7f, 0x08, 0xff, 0xcc, 0x99, 0x05, 0x00, 0x00, 0x00, 0x00,
  0xff, 0x7f, 0x7f, 0x04, 0xff, 0x9a, 0x8c, 0x6d, 0xff, 0x9a, 0x8c, 0xd2, 0xff, 0x9a, 0x8b, 0xfd,
  0xff, 0x9d, 0x8f, 0xff, 0xff, 0x98, 0x8b, 0xfe, 0xff, 0x98, 0x8c, 0xff, 0xff, 0x99, 0x8c, 0xff,
  0xff, 0x99, 0x8c, 0xff, 0xff, 0x98, 0x8c, 0xfe, 0xff, 0x98, 0x8c, 0xfe, 0xff, 0x97, 0x8c, 0xff,
  0xff, 0x96, 0x8c, 0xff, 0xff, 0x95, 0x8c, 0xfe, 0xff, 0x95, 0x8d, 0xff, 0xff, 0x94, 0x8d, 0xff,
  0xff, 0x94, 0x8c, 0xfe, 0xff, 0x94, 0x8c, 0xfe, 0xff, 0x94, 0x8c, 0xfe, 0xff, 0x92, 0x8c, 0xfe,
  0xff, 0x93, 0x8c, 0xfe, 0xff, 0x93, 0x8d, 0xfe, 0xff, 0x93, 0x8d, 0xfe, 0xff, 0x93, 0x8d, 0xfe,
  0xff, 0x92, 0x8d, 0xff, 0xff, 0x91, 0x8d, 0xff, 0xff, 0x90, 0x8c, 0xfe, 0xff, 0x8f, 0x8b, 0xf8,
  0xff, 0x97, 0x94, 0xff, 0xff, 0x9a, 0x98, 0xff, 0xff, 0x91, 0x8e, 0xcf, 0xff, 0x8e, 0x8e, 0x6f,
  0xff, 0x8b, 0x8b, 0x21, 0xff, 0x91, 0x91, 0x07, 0x00, 0x00, 0x00, 0x00, 0x00, 0x00, 0x00, 0x00,
  0x00, 0x00, 0x00, 0x00, 0x00, 0x00, 0x00, 0x00, 0x00, 0x00, 0x00, 0x00, 0x00, 0x00, 0x00, 0x00,
  0xff, 0x00, 0x00, 0x01, 0xff, 0xff, 0xff, 0x01, 0xff, 0xff, 0xff, 0x01, 0x00, 0x00, 0x00, 0x00,
  0x00, 0x00, 0x00, 0x00, 0x00, 0x00, 0x00, 0x00, 0x00, 0x00, 0x00, 0x00, 0x00, 0x00, 0x00, 0x00,
  0x00, 0x00, 0x00, 0x00, 0x00, 0x00, 0x00, 0x00, 0x00, 0x00, 0x00, 0x00, 0xff, 0x7f, 0x7f, 0x0c,
  0xff, 0x7f, 0x8c, 0x28, 0xff, 0x87, 0x90, 0x71, 0xff, 0x86, 0x91, 0xd0, 0xff, 0x8f, 0x9a, 0xff,
  0xff, 0x8b, 0x97, 0xff, 0xff, 0x82, 0x8e, 0xf8, 0xff, 0x83, 0x90, 0xfe, 0xff, 0x84, 0x90, 0xff,
  0xff, 0x84, 0x90, 0xfe, 0xff, 0x83, 0x91, 0xff, 0xff, 0x83, 0x91, 0xff, 0xff, 0x83, 0x91, 0xff,
  0xff, 0x82, 0x90, 0xfe, 0xff, 0x82, 0x90, 0xfe, 0xff, 0x82, 0x91, 0xfe, 0xff, 0x82, 0x92, 0xfe,
  0xff, 0x81, 0x92, 0xff, 0xff, 0x81, 0x92, 0xff, 0xff, 0x80, 0x92, 0xff, 0xff, 0x7f, 0x91, 0xfe,
  0xff, 0x7f, 0x91, 0xfe, 0xff, 0x7f, 0x91, 0xfe, 0xff, 0x7e, 0x91, 0xfe, 0xff, 0x7f, 0x91, 0xfe,
  0xff, 0x7f, 0x92, 0xff, 0xff, 0x7e, 0x92, 0xfe, 0xff, 0x7c, 0x92, 0xfe, 0xff, 0x7b, 0x92, 0xfd,
  0xff, 0x7f, 0x96, 0xff, 0xff, 0x7b, 0x93, 0xfc, 0xff, 0x7a, 0x91, 0xca, 0xff, 0x7c, 0x93, 0x64,
  0xff, 0x99, 0xcc, 0x05, 0x00, 0x00, 0x00, 0x00, 0xff, 0x99, 0x99, 0x05, 0xff, 0xaa, 0x55, 0x03,
  0x00, 0x00, 0x00, 0x00, 0x00, 0x00, 0x00, 0x00, 0xff, 0x9a, 0x8c, 0x26, 0xff, 0x99, 0x8c, 0x88,
  0xff, 0x99, 0x8b, 0xf3, 0xff, 0xa2, 0x95, 0xfe, 0xff, 0x97, 0x8b, 0xfc, 0xff, 0x97, 0x8b, 0xfe,
  0xff, 0x97, 0x8c, 0xff, 0xff, 0x96, 0x8c, 0xfe, 0xff, 0x96, 0x8c, 0xfe, 0xff, 0x96, 0x8c, 0xfe,
  0xff, 0x95, 0x8c, 0xff, 0xff, 0x95, 0x8d, 0xff, 0xff, 0x94, 0x8d, 0xfe, 0xff, 0x93, 0x8c, 0xfe,
  0xff, 0x93, 0x8c, 0xfe, 0xff, 0x94, 0x8e, 0xff, 0xff, 0x94, 0x8e, 0xff, 0xff, 0x93, 0x8d, 0xfe,
  0xff, 0x91, 0x8d, 0xfe, 0xff, 0x91, 0x8e, 0xfe, 0xff, 0x92, 0x8e, 0xfe, 0xff, 0x92, 0x8d, 0xfe,
  0xff, 0x91, 0x8d, 0xfe, 0xff, 0x91, 0x8e, 0xff, 0xff, 0x90, 0x8d, 0xfe, 0xff, 0x8f, 0x8d, 0xfe,
  0xff, 0x8e, 0x8d, 0xfe, 0xff, 0x91, 0x90, 0xff, 0xff, 0x94, 0x93, 0xff, 0xff, 0x91, 0x92, 0xfc,
  0xff, 0x8e, 0x8e, 0xe0, 0xff, 0x8d, 0x8c, 0x97, 0xff, 0x88, 0x88, 0x45, 0xff, 0xaa, 0xaa, 0x03,
  0x00, 0x00, 0x00, 0x00, 0x00, 0x00, 0x00, 0x00, 0x00, 0x00, 0x00, 0x00, 0x00, 0x00, 0x00, 0x00,
  0xff, 0x7f, 0x7f, 0x02, 0xff, 0x7f, 0x7f, 0x06, 0xff, 0x91, 0x91, 0x07, 0xff, 0x91, 0x91, 0x07,
  0xff, 0x99, 0x99, 0x05, 0xff, 0x99, 0x99, 0x05, 0xff, 0x7f, 0x7f, 0x04, 0xff, 0x00, 0x00, 0x01,
  0x00, 0x00, 0x00, 0x00, 0x00, 0x00, 0x00, 0x00, 0x00, 0x00, 0x00, 0x00, 0xff, 0x55, 0xaa, 0x03,
  0xff, 0x83, 0x8f, 0x59, 0xff, 0x85, 0x8f, 0xb3, 0xff, 0x86, 0x90, 0xe6, 0xff, 0x86, 0x91, 0xfc,
  0xff, 0x89, 0x95, 0xff, 0xff, 0x86, 0x92, 0xff, 0xff, 0x83, 0x90, 0xfd, 0xff, 0x83, 0x90, 0xfe,
  0xff, 0x83, 0x90, 0xff, 0xff, 0x83, 0x91, 0xff, 0xff, 0x82, 0x92, 0xff, 0xff, 0x82, 0x92, 0xff,
  0xff, 0x82, 0x92, 0xff, 0xff, 0x81, 0x92, 0xff, 0xff, 0x81, 0x92, 0xff, 0xff, 0x80, 0x91, 0xff,
  0xff, 0x81, 0x91, 0xff, 0xff, 0x7f, 0x92, 0xff, 0xff, 0x7f, 0x92, 0xff, 0xff, 0x7e, 0x92, 0xff,
  0xff, 0x7d, 0x91, 0xfe, 0xff, 0x7d, 0x91, 0xfe, 0xff, 0x7d, 0x92, 0xfe, 0xff, 0x7c, 0x92, 0xfe,
  0xff, 0x7c, 0x92, 0xfe, 0xff, 0x7c, 0x92, 0xfe, 0xff, 0x7c, 0x92, 0xfe, 0xff, 0x7b, 0x92, 0xfd,
  0xff, 0x7a, 0x92, 0xfb, 0xff, 0x82, 0x9b, 0xfd, 0xff, 0x7b, 0x93, 0xf6, 0xff, 0x79, 0x91, 0x9f,
  0xff, 0x79, 0x92, 0x3b, 0xff, 0x7f, 0xff, 0x02, 0x00, 0x00, 0x00, 0x00, 0xff, 0x3f, 0x7f, 0x04,
  0xff, 0x00, 0x00, 0x01, 0xff, 0x7f, 0x7f, 0x02, 0x00, 0x00, 0x00, 0x00, 0xff, 0x7f, 0x7f, 0x02,
  0xff, 0x9b, 0x8f, 0x52, 0xff, 0x98, 0x8c, 0xf1, 0xff, 0xa7, 0x9b, 0xff, 0xff, 0x95, 0x8b, 0xfa,
  0xff, 0x96, 0x8c, 0xfd, 0xff, 0x96, 0x8c, 0xff, 0xff, 0x95, 0x8c, 0xfe, 0xff, 0x95, 0x8c, 0xfe,
  0xff, 0x95, 0x8c, 0xfe, 0xff, 0x94, 0x8c, 0xfe, 0xff, 0x94, 0x8e, 0xff, 0xff, 0x94, 0x8e, 0xff,
  0xff, 0x93, 0x8d, 0xfe, 0xff, 0x93, 0x8d, 0xfe, 0xff, 0x94, 0x8e, 0xff, 0xff, 0x93, 0x8e, 0xff,
  0xff, 0x92, 0x8d, 0xfe, 0xff, 0x91, 0x8d, 0xfe, 0xff, 0x91, 0x8e, 0xfe, 0xff, 0x91, 0x8e, 0xfe,
  0xff, 0x90, 0x8d, 0xfe, 0xff, 0x90, 0x8d, 0xfe, 0xff, 0x90, 0x8f, 0xff, 0xff, 0x8f, 0x8e, 0xfe,
  0xff, 0x8f, 0x8e, 0xfe, 0xff, 0x8f, 0x90, 0xff, 0xff, 0x8e, 0x8e, 0xfb, 0xff, 0x8e, 0x8e, 0xf7,
  0xff, 0x92, 0x94, 0xff, 0xff, 0x94, 0x96, 0xff, 0xff, 0x8c, 0x8d, 0xe8, 0xff, 0x8e, 0x8f, 0xae,
  0xff, 0x8b, 0x8f, 0x7c, 0xff, 0x89, 0x8f, 0x57, 0xff, 0x85, 0x8e, 0x3b, 0xff, 0x93, 0x93, 0x1a,
  0xff, 0x8d, 0x8d, 0x09, 0x00, 0x00, 0x00, 0x00, 0x00, 0x00, 0x00, 0x00, 0x00, 0x00, 0x00, 0x00,
  0x00, 0x00, 0x00, 0x00, 0x00, 0x00, 0x00, 0x00, 0x00, 0x00, 0x00, 0x00, 0x00, 0x00, 0x00, 0x00,
  0xff, 0x91, 0x91, 0x07, 0xff, 0x8a, 0x91, 0x23, 0xff, 0x87, 0x94, 0x3e, 0xff, 0x87, 0x93, 0x55,
  0xff, 0x84, 0x91, 0x7b, 0xff, 0x86, 0x92, 0xbe, 0xff, 0x84, 0x90, 0xfd, 0xff, 0x8d, 0x9a, 0xff,
  0xff, 0x87, 0x93, 0xff, 0xff, 0x83, 0x8f, 0xf9, 0xff, 0x83, 0x8f, 0xfb, 0xff, 0x83, 0x90, 0xfe,
  0xff, 0x82, 0x90, 0xfe, 0xff, 0x82, 0x91, 0xff, 0xff, 0x82, 0x92, 0xff, 0xff, 0x81, 0x92, 0xff,
  0xff, 0x80, 0x92, 0xff, 0xff, 0x80, 0x92, 0xfe, 0xff, 0x80, 0x92, 0xff, 0xff, 0x80, 0x92, 0xff,
  0xff, 0x7f, 0x91, 0xff, 0xff, 0x7e, 0x91, 0xff, 0xff, 0x7e, 0x91, 0xff, 0xff, 0x7d, 0x92, 0xff,
  0xff, 0x7d, 0x92, 0xff, 0xff, 0x7c, 0x91, 0xfe, 0xff, 0x7c, 0x91, 0xfe, 0xff, 0x7c, 0x92, 0xfe,
  0xff, 0x7b, 0x92, 0xfe, 0xff, 0x7c, 0x92, 0xfe, 0xff, 0x7a, 0x92, 0xfe, 0xff, 0x7a, 0x92, 0xfe,
  0xff, 0x7a, 0x92, 0xfd, 0xff, 0x7a, 0x91, 0xfa, 0xff, 0x83, 0x9d, 0xff, 0xff, 0x79, 0x92, 0xef,
  0xff, 0x79, 0x94, 0x67, 0xff, 0x7f, 0x96, 0x16, 0x00, 0x01, 0x00, 0x00, 0xff, 0x7f, 0x7f, 0x02,
  0xff, 0x00, 0xff, 0x01, 0x00, 0x00, 0x00, 0x00, 0xff, 0x7f, 0x7f, 0x04, 0x00, 0x00, 0x00, 0x00,
  0x00, 0x00, 0x00, 0x00, 0xff, 0x99, 0x8f, 0x37, 0xff, 0x96, 0x8c, 0xda, 0xff, 0xa1, 0x96, 0xfe,
  0xff, 0x95, 0x8c, 0xfa, 0xff, 0x96, 0x8d, 0xfd, 0xff, 0x95, 0x8c, 0xfe, 0xff, 0x95, 0x8c, 0xfe,
  0xff, 0x94, 0x8c, 0xfe, 0xff, 0x93, 0x8c, 0xfe, 0xff, 0x93, 0x8d, 0xfe, 0xff, 0x93, 0x8e, 0xfe,
  0xff, 0x93, 0x8e, 0xff, 0xff, 0x93, 0x8e, 0xff, 0xff, 0x93, 0x8e, 0xff, 0xff, 0x92, 0x8e, 0xff,
  0xff, 0x91, 0x8d, 0xfe, 0xff, 0x90, 0x8d, 0xfe, 0xff, 0x90, 0x8d, 0xfe, 0xff, 0x90, 0x8d, 0xfe,
  0xff, 0x8f, 0x8e, 0xfe, 0xff, 0x8e, 0x8e, 0xfe, 0xff, 0x8e, 0x8e, 0xfe, 0xff, 0x8e, 0x8f, 0xff,
  0xff, 0x8e, 0x8f, 0xff, 0xff, 0x8e, 0x8f, 0xff, 0xff, 0x8d, 0x8e, 0xfe, 0xff, 0x8d, 0x8e, 0xfe,
  0xff, 0x8c, 0x8e, 0xfe, 0xff, 0x8b, 0x8e, 0xfe, 0xff, 0x8b, 0x8e, 0xfe, 0xff, 0x8b, 0x8f, 0xfc,
  0xff, 0x90, 0x94, 0xff, 0xff, 0x8d, 0x93, 0xff, 0xff, 0x89, 0x8e, 0xe3, 0xff, 0x88, 0x90, 0xaa,
  0xff, 0x8a, 0x93, 0x6d, 0xff, 0x8d, 0x94, 0x4a, 0xff, 0x84, 0x8e, 0x32, 0xff, 0x87, 0x87, 0x11,
  0xff, 0x8d, 0x8d, 0x09, 0xff, 0x8d, 0x8d, 0x09, 0xff, 0x85, 0x91, 0x15, 0xff, 0x84, 0x8e, 0x19,
  0xff, 0x7b, 0x91, 0x23, 0xff, 0x86, 0x95, 0x46, 0xff, 0x85, 0x91, 0x7e, 0xff, 0x85, 0x92, 0xb0,
  0xff, 0x85, 0x91, 0xdf, 0xff, 0x87, 0x94, 0xff, 0xff, 0x87, 0x96, 0xff, 0xff, 0x83, 0x91, 0xfc,
  0xff, 0x83, 0x90, 0xfc, 0xff, 0x83, 0x91, 0xfd, 0xff, 0x82, 0x90, 0xfe, 0xff, 0x82, 0x90, 0xfe,
  0xff, 0x82, 0x90, 0xfe, 0xff, 0x81, 0x91, 0xfe, 0xff, 0x81, 0x92, 0xff, 0xff, 0x81, 0x92, 0xff,
  0xff, 0x80, 0x91, 0xfe, 0xff, 0x7e, 0x91, 0xfe, 0xff, 0x7e, 0x91, 0xfe, 0xff, 0x7e, 0x91, 0xfe,
  0xff, 0x7e, 0x91, 0xfe, 0xff, 0x7d, 0x92, 0xfe, 0xff, 0x7c, 0x92, 0xfe, 0xff, 0x7c, 0x91, 0xfe,
  0xff, 0x7c, 0x92, 0xfe, 0xff, 0x7c, 0x92, 0xfe, 0xff, 0x7b, 0x92, 0xfe, 0xff, 0x7b, 0x92, 0xfe,
  0xff, 0x7b, 0x92, 0xfe, 0xff, 0x7b, 0x92, 0xfe, 0xff, 0x7b, 0x92, 0xfe, 0xff, 0x7a, 0x93, 0xff,
  0xff, 0x79, 0x93, 0xfd, 0xff, 0x79, 0x92, 0xfe, 0xff, 0x79, 0x93, 0xfb, 0xff, 0x7b, 0x96, 0xfe,
  0xff, 0x77, 0x91, 0xc8, 0xff, 0x72, 0x91, 0x31, 0x00, 0x00, 0x00, 0x00, 0x00, 0x00, 0x00, 0x00,
  0xff, 0x7f, 0x7f, 0x04, 0x00, 0x00, 0x00, 0x00, 0x00, 0x00, 0x00, 0x00, 0xff, 0xaa, 0xaa, 0x03,
  0x00, 0x00, 0x00, 0x00, 0x00, 0x00, 0x00, 0x00, 0xff, 0x97, 0x87, 0x20, 0xff, 0x96, 0x8c, 0x9a,
  0xff, 0x99, 0x90, 0xe3, 0xff, 0x96, 0x8e, 0xfa, 0xff, 0x96, 0x8f, 0xfe, 0xff, 0x94, 0x8d, 0xfc,
  0xff, 0x94, 0x8e, 0xfe, 0xff, 0x93, 0x8e, 0xfe, 0xff, 0x93, 0x8d, 0xff, 0xff, 0x93, 0x8e, 0xff,
  0xff, 0x93, 0x8d, 0xfe, 0xff, 0x92, 0x8d, 0xfe, 0xff, 0x92, 0x8e, 0xff, 0xff, 0x92, 0x8e, 0xff,
  0xff, 0x90, 0x8d, 0xfe, 0xff, 0x8f, 0x8d, 0xfe, 0xff, 0x8e, 0x8e, 0xfe, 0xff, 0x8f, 0x8e, 0xfe,
  0xff, 0x8f, 0x8d, 0xfe, 0xff, 0x8e, 0x8f, 0xff, 0xff, 0x8d, 0x8e, 0xfe, 0xff, 0x8d, 0x8e, 0xfe,
  0xff, 0x8d, 0x8f, 0xfe, 0xff, 0x8d, 0x8f, 0xff, 0xff, 0x8d, 0x8f, 0xff, 0xff, 0x8c, 0x8e, 0xfe,
  0xff, 0x8c, 0x8f, 0xfe, 0xff, 0x8b, 0x8f, 0xff, 0xff, 0x8a, 0x8f, 0xfe, 0xff, 0x8b, 0x90, 0xfd,
  0xff, 0x8b, 0x91, 0xff, 0xff, 0x90, 0x97, 0xff, 0xff, 0x92, 0x99, 0xff, 0xff, 0x8c, 0x94, 0xff,
  0xff, 0x89, 0x90, 0xf0, 0xff, 0x87, 0x8f, 0xda, 0xff, 0x87, 0x90, 0xcd, 0xff, 0x88, 0x90, 0xc2,
  0xff, 0x86, 0x90, 0xb6, 0xff, 0x85, 0x91, 0xb3, 0xff, 0x85, 0x91, 0xb3, 0xff, 0x85, 0x90, 0xb8,
  0xff, 0x85, 0x90, 0xb9, 0xff, 0x82, 0x90, 0xbd, 0xff, 0x84, 0x91, 0xca, 0xff, 0x84, 0x91, 0xdf,
  0xff, 0x83, 0x91, 0xf2, 0xff, 0x87, 0x94, 0xff, 0xff, 0x8c, 0x9a, 0xff, 0xff, 0x88, 0x97, 0xff,
  0xff, 0x82, 0x91, 0xfe, 0xff, 0x81, 0x90, 0xfc, 0xff, 0x81, 0x91, 0xfd, 0xff, 0x81, 0x92, 0xfe,
  0xff, 0x80, 0x92, 0xff, 0xff, 0x80, 0x91, 0xff, 0xff, 0x80, 0x92, 0xff, 0xff, 0x80, 0x92, 0xfe,
  0xff, 0x7f, 0x92, 0xfe, 0xff, 0x7e, 0x91, 0xfe, 0xff, 0x7d, 0x91, 0xfe, 0xff, 0x7d, 0x91, 0xff,
  0xff, 0x7d, 0x92, 0xfe, 0xff, 0x7c, 0x92, 0xfe, 0xff, 0x7b, 0x93, 0xfe, 0xff, 0x7b, 0x93, 0xfe,
  0xff, 0x7b, 0x92, 0xfe, 0xff, 0x7b, 0x92, 0xfe, 0xff, 0x7b, 0x92, 0xfe, 0xff, 0x7a, 0x92, 0xfe,
  0xff, 0x7a, 0x93, 0xff, 0xff, 0x7a, 0x93, 0xff, 0xff, 0x7a, 0x93, 0xfe, 0xff, 0x79, 0x93, 0xfe,
  0xff, 0x78, 0x93, 0xfe, 0xff, 0x78, 0x93, 0xfa, 0xff, 0x7a, 0x96, 0xfe, 0xff, 0x7a, 0x97, 0xfb,
  0xff, 0x77, 0x94, 0xd6, 0xff, 0x76, 0x91, 0x7b, 0xff, 0x78, 0x93, 0x13, 0x00, 0x00, 0x00, 0x00,
  0x00, 0x00, 0x00, 0x00, 0xff, 0xaa, 0xaa, 0x03, 0x00, 0x00, 0x00, 0x00, 0x00, 0x00, 0x00, 0x00,
  0xff, 0xff, 0xff, 0x01, 0x00, 0x00, 0x00, 0x00, 0xff, 0x7f, 0x7f, 0x02, 0xff, 0x91, 0x91, 0x0e,
  0xff, 0x94, 0x8d, 0x48, 0xff, 0x92, 0x8d, 0xbc, 0xff, 0x9a, 0x94, 0xff, 0xff, 0x98, 0x93, 0xff,
  0xff, 0x91, 0x8c, 0xfa, 0xff, 0x93, 0x8e, 0xfe, 0xff, 0x93, 0x8e, 0xfe, 0xff, 0x93, 0x8e, 0xff,
  0xff, 0x92, 0x8e, 0xff, 0xff, 0x91, 0x8d, 0xfe, 0xff, 0x90, 0x8d, 0xfe, 0xff, 0x90, 0x8e, 0xff,
  0xff, 0x90, 0x8e, 0xff, 0xff, 0x8e, 0x8d, 0xfe, 0xff, 0x8e, 0x8d, 0xfe, 0xff, 0x8e, 0x8e, 0xfe,
  0xff, 0x8e, 0x8e, 0xfe, 0xff, 0x8e, 0x8e, 0xfe, 0xff, 0x8e, 0x8f, 0xff, 0xff, 0x8d, 0x8e, 0xfe,
  0xff, 0x8d, 0x8e, 0xfe, 0xff, 0x8d, 0x8f, 0xfe, 0xff, 0x8d, 0x8f, 0xff, 0xff, 0x8b, 0x8f, 0xff,
  0xff, 0x8a, 0x8f, 0xfe, 0xff, 0x8b, 0x8f, 0xfe, 0xff, 0x8a, 0x90, 0xff, 0xff, 0x8a, 0x90, 0xff,
  0xff, 0x89, 0x90, 0xfe, 0xff, 0x88, 0x8f, 0xfc, 0xff, 0x87, 0x8f, 0xf9, 0xff, 0x87, 0x8f, 0xf7,
  0xff, 0x88, 0x90, 0xfb, 0xff, 0x8b, 0x93, 0xff, 0xff, 0x8e, 0x98, 0xff, 0xff, 0x90, 0x9b, 0xff,
  0xff, 0x92, 0x9d, 0xff, 0xff, 0x94, 0x9f, 0xff, 0xff, 0x94, 0xa0, 0xff, 0xff, 0x93, 0xa0, 0xff,
  0xff, 0x92, 0x9f, 0xff, 0xff, 0x92, 0x9f, 0xff, 0xff, 0x90, 0x9e, 0xff, 0xff, 0x8d, 0x9b, 0xff,
  0xff, 0x88, 0x97, 0xff, 0xff, 0x85, 0x93, 0xff, 0xff, 0x82, 0x91, 0xfc, 0xff, 0x81, 0x90, 0xf8,
  0xff, 0x81, 0x90, 0xfa, 0xff, 0x82, 0x92, 0xfd, 0xff, 0x80, 0x90, 0xfe, 0xff, 0x80, 0x91, 0xfe,
  0xff, 0x7f, 0x92, 0xfe, 0xff, 0x7f, 0x92, 0xff, 0xff, 0x7f, 0x92, 0xff, 0xff, 0x7f, 0x92, 0xff,
  0xff, 0x7e, 0x92, 0xfe, 0xff, 0x7d, 0x92, 0xfe, 0xff, 0x7c, 0x91, 0xfe, 0xff, 0x7d, 0x91, 0xfe,
  0xff, 0x7d, 0x92, 0xff, 0xff, 0x7d, 0x92, 0xfe, 0xff, 0x7c, 0x92, 0xfe, 0xff, 0x7b, 0x93, 0xfe,
  0xff, 0x7b, 0x93, 0xfe, 0xff, 0x7a, 0x92, 0xfe, 0xff, 0x7a, 0x92, 0xfe, 0xff, 0x7a, 0x92, 0xfe,
  0xff, 0x79, 0x92, 0xfe, 0xff, 0x78, 0x93, 0xff, 0xff, 0x78, 0x93, 0xff, 0xff, 0x78, 0x93, 0xfe,
  0xff, 0x77, 0x93, 0xfe, 0xff, 0x77, 0x93, 0xfe, 0xff, 0x76, 0x92, 0xf9, 0xff, 0x7b, 0x9a, 0xff,
  0xff, 0x7b, 0x9a, 0xff, 0xff, 0x74, 0x92, 0xa7, 0xff, 0x77, 0x92, 0x2f, 0xff, 0x91, 0x91, 0x07,
  0xff, 0x7f, 0x7f, 0x04, 0x00, 0x00, 0x00, 0x00, 0xff, 0xff, 0xff, 0x01, 0x00, 0x00, 0x00, 0x00,
  0x00, 0x00, 0x00, 0x00, 0x00, 0x00, 0x00, 0x00, 0x00, 0x00, 0x00, 0x00, 0xff, 0x99, 0x99, 0x05,
  0xff, 0x00, 0x00, 0x01, 0xff, 0x9f, 0x9f, 0x08, 0xff, 0x91, 0x8e, 0x8a, 0xff, 0x94, 0x8f, 0xff,
  0xff, 0x97, 0x92, 0xff, 0xff, 0x90, 0x8c, 0xf8, 0xff, 0x91, 0x8d, 0xfe, 0xff, 0x91, 0x8d, 0xfe,
  0xff, 0x91, 0x8e, 0xfe, 0xff, 0x8f, 0x8e, 0xff, 0xff, 0x8e, 0x8e, 0xff, 0xff, 0x8e, 0x8e, 0xfe,
  0xff, 0x8e, 0x8e, 0xff, 0xff, 0x8e, 0x8e, 0xff, 0xff, 0x8d, 0x8e, 0xfe, 0xff, 0x8d, 0x8e, 0xfe,
  0xff, 0x8d, 0x8e, 0xfe, 0xff, 0x8d, 0x8f, 0xff, 0xff, 0x8d, 0x8f, 0xff, 0xff, 0x8c, 0x8e, 0xfe,
  0xff, 0x8b, 0x8f, 0xfe, 0xff, 0x8b, 0x8f, 0xfe, 0xff, 0x8b, 0x8f, 0xfe, 0xff, 0x8b, 0x8f, 0xfe,
  0xff, 0x8a, 0x8f, 0xfe, 0xff, 0x89, 0x90, 0xfe, 0xff, 0x89, 0x90, 0xfe, 0xff, 0x88, 0x90, 0xfe,
  0xff, 0x88, 0x90, 0xfe, 0xff, 0x88, 0x90, 0xfe, 0xff, 0x87, 0x8f, 0xfe, 0xff, 0x86, 0x8f, 0xfe,
  0xff, 0x86, 0x90, 0xfe, 0xff, 0x86, 0x90, 0xff, 0xff, 0x87, 0x91, 0xff, 0xff, 0x87, 0x92, 0xff,
  0xff, 0x86, 0x92, 0xff, 0xff, 0x85, 0x92, 0xff, 0xff, 0x88, 0x93, 0xff, 0xff, 0x88, 0x93, 0xff,
  0xff, 0x86, 0x93, 0xff, 0xff, 0x85, 0x93, 0xff, 0xff, 0x85, 0x93, 0xff, 0xff, 0x84, 0x93, 0xff,
  0xff, 0x84, 0x92, 0xff, 0xff, 0x82, 0x91, 0xff, 0xff, 0x82, 0x92, 0xff, 0xff, 0x82, 0x92, 0xff,
  0xff, 0x81, 0x92, 0xff, 0xff, 0x80, 0x92, 0xff, 0xff, 0x7f, 0x92, 0xff, 0xff, 0x7f, 0x92, 0xff,
  0xff, 0x7f, 0x92, 0xff, 0xff, 0x7e, 0x91, 0xfe, 0xff, 0x7e, 0x92, 0xfe, 0xff, 0x7e, 0x92, 0xfe,
  0xff, 0x7d, 0x92, 0xff, 0xff, 0x7d, 0x92, 0xff, 0xff, 0x7c, 0x92, 0xfe, 0xff, 0x7b, 0x92, 0xfe,
  0xff, 0x7b, 0x92, 0xfe, 0xff, 0x7c, 0x93, 0xff, 0xff, 0x7b, 0x92, 0xfe, 0xff, 0x7b, 0x92, 0xfe,
  0xff, 0x7b, 0x93, 0xff, 0xff, 0x7a, 0x93, 0xff, 0xff, 0x78, 0x92, 0xfe, 0xff, 0x79, 0x92, 0xfe,
  0xff, 0x79, 0x92, 0xfe, 0xff, 0x78, 0x93, 0xfe, 0xff, 0x77, 0x94, 0xfe, 0xff, 0x77, 0x94, 0xfe,
  0xff, 0x77, 0x94, 0xfe, 0xff, 0x76, 0x94, 0xfd, 0xff, 0x76, 0x93, 0xfe, 0xff, 0x74, 0x93, 0xfb,
  0xff, 0x78, 0x98, 0xff, 0xff, 0x74, 0x93, 0xf7, 0xff, 0x73, 0x93, 0x77, 0xff, 0x7f, 0x7f, 0x02,
  0x00, 0x00, 0x00, 0x00, 0xff, 0x6d, 0x91, 0x07, 0x00, 0x00, 0x00, 0x00, 0x00, 0x00, 0x00, 0x00,
  0x00, 0x00, 0x00, 0x00, 0x00, 0x00, 0x00, 0x00, 0x00, 0x00, 0x00, 0x00, 0x00, 0x00, 0x00, 0x00,
  0xff, 0x99, 0x99, 0x05, 0x00, 0x00, 0x00, 0x00, 0x00, 0x00, 0x00, 0x00, 0xff, 0x90, 0x8d, 0x51,
  0xff, 0x90, 0x8c, 0xc9, 0xff, 0x93, 0x8f, 0xf8, 0xff, 0x94, 0x92, 0xfb, 0xff, 0x8f, 0x8d, 0xfe,
  0xff, 0x8f, 0x8e, 0xfd, 0xff, 0x8f, 0x8e, 0xfe, 0xff, 0x8e, 0x8e, 0xfe, 0xff, 0x8e, 0x8e, 0xff,
  0xff, 0x8d, 0x8e, 0xfe, 0xff, 0x8d, 0x8f, 0xfe, 0xff, 0x8d, 0x8f, 0xfe, 0xff, 0x8d, 0x8f, 0xff,
  0xff, 0x8d, 0x8e, 0xff, 0xff, 0x8c, 0x8e, 0xfe, 0xff, 0x8c, 0x8f, 0xff, 0xff, 0x8c, 0x8f, 0xff,
  0xff, 0x8b, 0x8e, 0xfe, 0xff, 0x8b, 0x8f, 0xfe, 0xff, 0x89, 0x8f, 0xfe, 0xff, 0x89, 0x8f, 0xfe,
  0xff, 0x89, 0x8f, 0xfe, 0xff, 0x89, 0x8f, 0xfe, 0xff, 0x88, 0x90, 0xff, 0xff, 0x87, 0x90, 0xff,
  0xff, 0x87, 0x8f, 0xfe, 0xff, 0x87, 0x8f, 0xfe, 0xff, 0x88, 0x90, 0xff, 0xff, 0x86, 0x8f, 0xfe,
  0xff, 0x86, 0x8f, 0xfe, 0xff, 0x86, 0x90, 0xfe, 0xff, 0x85, 0x90, 0xfe, 0xff, 0x85, 0x91, 0xfd,
  0xff, 0x84, 0x91, 0xfa, 0xff, 0x83, 0x90, 0xfa, 0xff, 0x83, 0x90, 0xf9, 0xff, 0x84, 0x90, 0xf9,
  0xff, 0x84, 0x90, 0xf8, 0xff, 0x82, 0x90, 0xf8, 0xff, 0x82, 0x90, 0xf8, 0xff, 0x81, 0x90, 0xf9,
  0xff, 0x81, 0x91, 0xf9, 0xff, 0x80, 0x90, 0xfa, 0xff, 0x81, 0x91, 0xfb, 0xff, 0x80, 0x91, 0xfd,
  0xff, 0x7f, 0x91, 0xfe, 0xff, 0x7f, 0x92, 0xff, 0xff, 0x7e, 0x92, 0xff, 0xff, 0x7e, 0x91, 0xff,
  0xff, 0x7e, 0x92, 0xff, 0xff, 0x7e, 0x92, 0xff, 0xff, 0x7d, 0x91, 0xfe, 0xff, 0x7d, 0x93, 0xff,
  0xff, 0x7d, 0x93, 0xff, 0xff, 0x7c, 0x93, 0xff, 0xff, 0x7c, 0x93, 0xff, 0xff, 0x7c, 0x93, 0xff,
  0xff, 0x7a, 0x92, 0xfe, 0xff, 0x7a, 0x92, 0xfe, 0xff, 0x7a, 0x93, 0xff, 0xff, 0x7a, 0x92, 0xff,
  0xff, 0x7a, 0x92, 0xfe, 0xff, 0x7a, 0x94, 0xff, 0xff, 0x78, 0x94, 0xff, 0xff, 0x77, 0x93, 0xff,
  0xff, 0x78, 0x92, 0xfe, 0xff, 0x78, 0x92, 0xfe, 0xff, 0x77, 0x93, 0xfe, 0xff, 0x76, 0x93, 0xfe,
  0xff, 0x76, 0x93, 0xfe, 0xff, 0x75, 0x93, 0xfe, 0xff, 0x75, 0x94, 0xfb, 0xff, 0x75, 0x94, 0xfd,
  0xff, 0x78, 0x99, 0xfd, 0xff, 0x75, 0x95, 0xf6, 0xff, 0x73, 0x92, 0xb8, 0xff, 0x75, 0x95, 0x41,
  0x00, 0x00, 0x00, 0x00, 0x00, 0x00, 0x00, 0x00, 0xff, 0x55, 0xaa, 0x06, 0x00, 0x00, 0x00, 0x00,
  0x00, 0x00, 0x00, 0x00, 0x00, 0x00, 0x00, 0x00, 0x00, 0x00, 0x00, 0x00, 0x00, 0x00, 0x00, 0x00,
  0x00, 0x00, 0x00, 0x00, 0xff, 0xaa, 0xaa, 0x03, 0xff, 0x00, 0x00, 0x01, 0xff, 0xaa, 0xaa, 0x03,
  0xff, 0x8f, 0x87, 0x20, 0xff, 0x8e, 0x8e, 0x6f, 0xff, 0x8e, 0x8d, 0xe0, 0xff, 0x97, 0x96, 0xff,
  0xff, 0x8e, 0x8e, 0xfe, 0xff, 0x8d, 0x8e, 0xfc, 0xff, 0x8d, 0x8e, 0xfe, 0xff, 0x8e, 0x8e, 0xfe,
  0xff, 0x8e, 0x8e, 0xfe, 0xff, 0x8d, 0x8e, 0xfe, 0xff, 0x8d, 0x8f, 0xfe, 0xff, 0x8d, 0x8f, 0xfe,
  0xff, 0x8d, 0x8f, 0xff, 0xff, 0x8c, 0x8e, 0xff, 0xff, 0x8b, 0x8e, 0xfe, 0xff, 0x8a, 0x8f, 0xfe,
  0xff, 0x8a, 0x8f, 0xfe, 0xff, 0x8a, 0x8f, 0xfe, 0xff, 0x8a, 0x8f, 0xfe, 0xff, 0x88, 0x8f, 0xfe,
  0xff, 0x87, 0x8f, 0xfe, 0xff, 0x87, 0x8f, 0xfe, 0xff, 0x88, 0x8f, 0xfe, 0xff, 0x87, 0x90, 0xff,
  0xff, 0x86, 0x90, 0xff, 0xff, 0x86, 0x8f, 0xfe, 0xff, 0x87, 0x8f, 0xff, 0xff, 0x87, 0x90, 0xff,
  0xff, 0x85, 0x90, 0xfe, 0xff, 0x85, 0x90, 0xfe, 0xff, 0x85, 0x90, 0xfe, 0xff, 0x84, 0x91, 0xfe,
  0xff, 0x84, 0x91, 0xfe, 0xff, 0x83, 0x91, 0xfe, 0xff, 0x83, 0x90, 0xfe, 0xff, 0x83, 0x90, 0xfe,
  0xff, 0x81, 0x90, 0xfe, 0xff, 0x82, 0x90, 0xfe, 0xff, 0x82, 0x90, 0xfe, 0xff, 0x82, 0x91, 0xfe,
  0xff, 0x80, 0x91, 0xfe, 0xff, 0x7f, 0x91, 0xfe, 0xff, 0x7f, 0x91, 0xfe, 0xff, 0x80, 0x91, 0xfe,
  0xff, 0x80, 0x91, 0xfe, 0xff, 0x7e, 0x91, 0xfe, 0xff, 0x7d, 0x91, 0xfe, 0xff, 0x7d, 0x91, 0xfe,
  0xff, 0x7d, 0x91, 0xfe, 0xff, 0x7d, 0x92, 0xff, 0xff, 0x7d, 0x92, 0xff, 0xff, 0x7c, 0x92, 0xfe,
  0xff, 0x7c, 0x93, 0xff, 0xff, 0x7c, 0x93, 0xff, 0xff, 0x7b, 0x93, 0xff, 0xff, 0x7b, 0x93, 0xff,
  0xff, 0x7b, 0x93, 0xff, 0xff, 0x79, 0x92, 0xfe, 0xff, 0x79, 0x92, 0xfe, 0xff, 0x79, 0x93, 0xff,
  0xff, 0x79, 0x92, 0xff, 0xff, 0x79, 0x92, 0xfe, 0xff, 0x78, 0x94, 0xfe, 0xff, 0x77, 0x94, 0xff,
  0xff, 0x77, 0x94, 0xff, 0xff, 0x77, 0x93, 0xfe, 0xff, 0x77, 0x93, 0xfe, 0xff, 0x76, 0x93, 0xfe,
  0xff, 0x75, 0x93, 0xfe, 0xff, 0x75, 0x93, 0xfe, 0xff, 0x74, 0x93, 0xfe, 0xff, 0x74, 0x94, 0xfb,
  0xff, 0x74, 0x95, 0xff, 0xff, 0x7b, 0x9e, 0xff, 0xff, 0x73, 0x94, 0xdc, 0xff, 0x73, 0x93, 0x61,
  0xff, 0x6e, 0x90, 0x17, 0xff, 0x7f, 0x7f, 0x02, 0xff, 0x00, 0x00, 0x01, 0xff, 0x7f, 0xff, 0x02,
  0x00, 0x00, 0x00, 0x00, 0x00, 0x00, 0x00, 0x00, 0x00, 0x00, 0x00, 0x00, 0x00, 0x00, 0x00, 0x00,
  0x00, 0x00, 0x00, 0x00, 0x00, 0x00, 0x00, 0x00, 0xff, 0x00, 0x00, 0x01, 0xff, 0x7f, 0x7f, 0x02,
  0xff, 0xaa, 0xaa, 0x03, 0xff, 0xaa, 0xaa, 0x03, 0xff, 0x92, 0x92, 0x21, 0xff, 0x8d, 0x8d, 0xad,
  0xff, 0x8f, 0x90, 0xf9, 0xff, 0x8d, 0x8e, 0xfb, 0xff, 0x8d, 0x8f, 0xfc, 0xff, 0x8d, 0x8e, 0xfe,
  0xff, 0x8d, 0x8e, 0xfe, 0xff, 0x8c, 0x8e, 0xfe, 0xff, 0x8c, 0x8f, 0xff, 0xff, 0x8c, 0x8f, 0xfe,
  0xff, 0x8c, 0x8f, 0xfe, 0xff, 0x8c, 0x90, 0xff, 0xff, 0x8b, 0x90, 0xff, 0xff, 0x89, 0x8f, 0xfe,
  0xff, 0x88, 0x8f, 0xfe, 0xff, 0x88, 0x8f, 0xfe, 0xff, 0x88, 0x90, 0xfe, 0xff, 0x88, 0x90, 0xff,
  0xff, 0x87, 0x90, 0xff, 0xff, 0x87, 0x90, 0xfe, 0xff, 0x87, 0x90, 0xfe, 0xff, 0x86, 0x90, 0xff,
  0xff, 0x85, 0x90, 0xfe, 0xff, 0x85, 0x90, 0xfe, 0xff, 0x85, 0x90, 0xfe, 0xff, 0x85, 0x91, 0xff,
  0xff, 0x85, 0x91, 0xff, 0xff, 0x83, 0x91, 0xff, 0xff, 0x83, 0x91, 0xff, 0xff, 0x83, 0x90, 0xfe,
  0xff, 0x82, 0x90, 0xfe, 0xff, 0x82, 0x90, 0xfe, 0xff, 0x81, 0x91, 0xff, 0xff, 0x81, 0x91, 0xff,
  0xff, 0x82, 0x91, 0xfe, 0xff, 0x7f, 0x91, 0xfe, 0xff, 0x80, 0x91, 0xfe, 0xff, 0x81, 0x92, 0xff,
  0xff, 0x81, 0x92, 0xff, 0xff, 0x7f, 0x92, 0xff, 0xff, 0x7f, 0x92, 0xff, 0xff, 0x7f, 0x92, 0xff,
  0xff, 0x7f, 0x92, 0xff, 0xff, 0x7e, 0x92, 0xff, 0xff, 0x7e, 0x92, 0xff, 0xff, 0x7c, 0x92, 0xfe,
  0xff, 0x7b, 0x92, 0xfe, 0xff, 0x7b, 0x92, 0xfe, 0xff, 0x7b, 0x93, 0xff, 0xff, 0x7b, 0x93, 0xff,
  0xff, 0x7a, 0x92, 0xfe, 0xff, 0x7a, 0x92, 0xfe, 0xff, 0x7b, 0x92, 0xfe, 0xff, 0x79, 0x93, 0xfe,
  0xff, 0x78, 0x93, 0xfe, 0xff, 0x79, 0x93, 0xfe, 0xff, 0x79, 0x93, 0xfe, 0xff, 0x78, 0x93, 0xfe,
  0xff, 0x77, 0x94, 0xff, 0xff, 0x77, 0x93, 0xfe, 0xff, 0x77, 0x93, 0xfe, 0xff, 0x76, 0x93, 0xfe,
  0xff, 0x76, 0x93, 0xfe, 0xff, 0x76, 0x93, 0xfe, 0xff, 0x75, 0x94, 0xff, 0xff, 0x75, 0x94, 0xff,
  0xff, 0x75, 0x94, 0xfe, 0xff, 0x73, 0x94, 0xfe, 0xff, 0x73, 0x94, 0xfe, 0xff, 0x73, 0x95, 0xfd,
  0xff, 0x73, 0x95, 0xfc, 0xff, 0x71, 0x95, 0xfd, 0xff, 0x74, 0x96, 0xfa, 0xff, 0x72, 0x92, 0xac,
  0xff, 0x77, 0x99, 0x1e, 0xff, 0x7f, 0x7f, 0x02, 0xff, 0x55, 0xaa, 0x03, 0xff, 0x7f, 0x7f, 0x02,
  0x00, 0x00, 0x00, 0x00, 0x00, 0x00, 0x00, 0x00, 0x00, 0x00, 0x00, 0x00, 0x00, 0x00, 0x00, 0x00,
  0x00, 0x00, 0x00, 0x00, 0x00, 0x00, 0x00, 0x00, 0x00, 0x00, 0x00, 0x00, 0x00, 0x00, 0x00, 0x00,
  0xff, 0xff, 0xff, 0x01, 0xff, 0xaa, 0xaa, 0x03, 0x00, 0x00, 0x00, 0x00, 0xff, 0xff, 0xff, 0x01,
  0xff, 0x8e, 0x8e, 0x54, 0xff, 0x8c, 0x8e, 0xc1, 0xff, 0x91, 0x93, 0xff, 0xff, 0x93, 0x95, 0xff,
  0xff, 0x8b, 0x8e, 0xfa, 0xff, 0x8a, 0x8e, 0xfe, 0xff, 0x8a, 0x8f, 0xff, 0xff, 0x8a, 0x90, 0xff,
  0xff, 0x89, 0x8f, 0xfe, 0xff, 0x89, 0x8f, 0xfe, 0xff, 0x89, 0x90, 0xfe, 0xff, 0x89, 0x90, 0xff,
  0xff, 0x88, 0x8f, 0xfe, 0xff, 0x87, 0x8f, 0xfe, 0xff, 0x87, 0x8f, 0xfe, 0xff, 0x88, 0x90, 0xfe,
  0xff, 0x87, 0x90, 0xff, 0xff, 0x87, 0x90, 0xff, 0xff, 0x87, 0x90, 0xfe, 0xff, 0x87, 0x90, 0xfe,
  0xff, 0x86, 0x91, 0xff, 0xff, 0x84, 0x90, 0xfe, 0xff, 0x84, 0x90, 0xfe, 0xff, 0x84, 0x91, 0xfe,
  0xff, 0x84, 0x91, 0xff, 0xff, 0x83, 0x91, 0xfe, 0xff, 0x82, 0x91, 0xff, 0xff, 0x81, 0x91, 0xff,
  0xff, 0x81, 0x90, 0xfe, 0xff, 0x82, 0x91, 0xfe, 0xff, 0x81, 0x91, 0xfe, 0xff, 0x80, 0x91, 0xff,
  0xff, 0x80, 0x91, 0xff, 0xff, 0x80, 0x92, 0xfe, 0xff, 0x7f, 0x91, 0xfe, 0xff, 0x80, 0x91, 0xfe,
  0xff, 0x80, 0x92, 0xff, 0xff, 0x7f, 0x92, 0xff, 0xff, 0x7e, 0x92, 0xff, 0xff, 0x7e, 0x92, 0xff,
  0xff, 0x7e, 0x92, 0xff, 0xff, 0x7d, 0x92, 0xff, 0xff, 0x7d, 0x93, 0xff, 0xff, 0x7e, 0x93, 0xff,
  0xff, 0x7c, 0x92, 0xfe, 0xff, 0x7b, 0x92, 0xfe, 0xff, 0x7a, 0x92, 0xfe, 0xff, 0x7a, 0x93, 0xff,
  0xff, 0x7a, 0x93, 0xff, 0xff, 0x7a, 0x92, 0xfe, 0xff, 0x79, 0x92, 0xfe, 0xff, 0x79, 0x92, 0xfe,
  0xff, 0x78, 0x93, 0xfe, 0xff, 0x77, 0x93, 0xfe, 0xff, 0x77, 0x93, 0xfe, 0xff, 0x78, 0x93, 0xfe,
  0xff, 0x77, 0x93, 0xfe, 0xff, 0x77, 0x94, 0xff, 0xff, 0x76, 0x93, 0xfe, 0xff, 0x76, 0x93, 0xfe,
  0xff, 0x76, 0x93, 0xfe, 0xff, 0x75, 0x93, 0xfe, 0xff, 0x75, 0x93, 0xfe, 0xff, 0x74, 0x94, 0xff,
  0xff, 0x74, 0x94, 0xff, 0xff, 0x73, 0x94, 0xfe, 0xff, 0x72, 0x94, 0xfe, 0xff, 0x72, 0x94, 0xfe,
  0xff, 0x71, 0x94, 0xfa, 0xff, 0x74, 0x99, 0xff, 0xff, 0x70, 0x94, 0xfe, 0xff, 0x6f, 0x93, 0xbd,
  0xff, 0x72, 0x93, 0x55, 0xff, 0x55, 0xaa, 0x03, 0x00, 0x00, 0x00, 0x00, 0xff, 0x55, 0x55, 0x03,
  0xff, 0xff, 0xff, 0x01, 0x00, 0x00, 0x00, 0x00, 0x00, 0x00, 0x00, 0x00, 0x00, 0x00, 0x00, 0x00,
  0x00, 0x00, 0x00, 0x00, 0x00, 0x00, 0x00, 0x00, 0x00, 0x00, 0x00, 0x00, 0x00, 0x00, 0x00, 0x00,
  0x00, 0x00, 0x00, 0x00, 0x00, 0x00, 0x00, 0x00, 0xff, 0x00, 0x00, 0x01, 0xff, 0x7f, 0x7f, 0x02,
  0x00, 0x00, 0x00, 0x00, 0xff, 0x7f, 0x7f, 0x04, 0xff, 0x8d, 0x8f, 0x67, 0xff, 0x8b, 0x8e, 0xeb,
  0xff, 0x93, 0x96, 0xff, 0xff, 0x8a, 0x8f, 0xfa, 0xff, 0x89, 0x90, 0xfe, 0xff, 0x88, 0x90, 0xfe,
  0xff, 0x88, 0x90, 0xfe, 0xff, 0x87, 0x8f, 0xfe, 0xff, 0x87, 0x8f, 0xfe, 0xff, 0x87, 0x8f, 0xfe,
  0xff, 0x87, 0x90, 0xfe, 0xff, 0x87, 0x90, 0xfe, 0xff, 0x87, 0x90, 0xfe, 0xff, 0x87, 0x90, 0xfe,
  0xff, 0x87, 0x90, 0xff, 0xff, 0x86, 0x90, 0xff, 0xff, 0x86, 0x90, 0xff, 0xff, 0x86, 0x91, 0xff,
  0xff, 0x86, 0x91, 0xff, 0xff, 0x85, 0x91, 0xff, 0xff, 0x83, 0x91, 0xff, 0xff, 0x83, 0x91, 0xff,
  0xff, 0x83, 0x91, 0xff, 0xff, 0x83, 0x91, 0xfe, 0xff, 0x82, 0x91, 0xfe, 0xff, 0x81, 0x90, 0xfe,
  0xff, 0x81, 0x90, 0xfe, 0xff, 0x81, 0x91, 0xfe, 0xff, 0x81, 0x92, 0xfe, 0xff, 0x80, 0x92, 0xfe,
  0xff, 0x7f, 0x91, 0xfe, 0xff, 0x7f, 0x91, 0xff, 0xff, 0x7f, 0x92, 0xff, 0xff, 0x7f, 0x92, 0xfe,
  0xff, 0x7f, 0x92, 0xfe, 0xff, 0x7e, 0x92, 0xfe, 0xff, 0x7d, 0x91, 0xfe, 0xff, 0x7c, 0x91, 0xfe,
  0xff, 0x7c, 0x92, 0xff, 0xff, 0x7b, 0x92, 0xff, 0xff, 0x7b, 0x92, 0xfe, 0xff, 0x7c, 0x94, 0xff,
  0xff, 0x7c, 0x94, 0xff, 0xff, 0x7b, 0x92, 0xfe, 0xff, 0x7a, 0x92, 0xfe, 0xff, 0x79, 0x92, 0xfe,
  0xff, 0x79, 0x93, 0xfe, 0xff, 0x79, 0x93, 0xfe, 0xff, 0x79, 0x93, 0xff, 0xff, 0x78, 0x93, 0xfe,
  0xff, 0x77, 0x93, 0xfe, 0xff, 0x77, 0x93, 0xfe, 0xff, 0x77, 0x93, 0xfe, 0xff, 0x77, 0x93, 0xfe,
  0xff, 0x76, 0x94, 0xff, 0xff, 0x76, 0x94, 0xff, 0xff, 0x76, 0x93, 0xfe, 0xff, 0x75, 0x94, 0xfe,
  0xff, 0x75, 0x94, 0xfe, 0xff, 0x75, 0x94, 0xff, 0xff, 0x74, 0x94, 0xff, 0xff, 0x73, 0x94, 0xfe,
  0xff, 0x73, 0x94, 0xfe, 0xff, 0x72, 0x94, 0xfe, 0xff, 0x71, 0x94, 0xfe, 0xff, 0x71, 0x94, 0xfd,
  0xff, 0x72, 0x94, 0xff, 0xff, 0x70, 0x95, 0xfb, 0xff, 0x72, 0x97, 0xff, 0xff, 0x6e, 0x93, 0xdb,
  0xff, 0x6c, 0x94, 0x60, 0xff, 0x33, 0x99, 0x05, 0x00, 0x00, 0x00, 0x00, 0xff, 0xff, 0xff, 0x01,
  0xff, 0x00, 0x00, 0x01, 0x00, 0x00, 0x00, 0x00, 0x00, 0x00, 0x00, 0x00, 0x00, 0x00, 0x00, 0x00,
  0x00, 0x00, 0x00, 0x00, 0x00, 0x00, 0x00, 0x00, 0x00, 0x00, 0x00, 0x00, 0x00, 0x00, 0x00, 0x00,
  0x00, 0x00, 0x00, 0x00, 0x00, 0x00, 0x00, 0x00, 0x00, 0x00, 0x00, 0x00, 0x00, 0x00, 0x00, 0x00,
  0xff, 0xaa, 0xaa, 0x03, 0x00, 0x00, 0x00, 0x00, 0x00, 0x00, 0x00, 0x00, 0xff, 0x91, 0x91, 0x1c,
  0xff, 0x89, 0x8f, 0x7e, 0xff, 0x8c, 0x92, 0xe0, 0xff, 0x92, 0x99, 0xff, 0xff, 0x8a, 0x91, 0xfc,
  0xff, 0x86, 0x8d, 0xf8, 0xff, 0x87, 0x90, 0xfe, 0xff, 0x87, 0x8f, 0xfe, 0xff, 0x87, 0x8f, 0xfe,
  0xff, 0x87, 0x90, 0xff, 0xff, 0x87, 0x90, 0xfe, 0xff, 0x87, 0x90, 0xfe, 0xff, 0x86, 0x90, 0xff,
  0xff, 0x86, 0x90, 0xff, 0xff, 0x85, 0x91, 0xff, 0xff, 0x84, 0x91, 0xfe, 0xff, 0x84, 0x91, 0xfe,
  0xff, 0x84, 0x91, 0xfe, 0xff, 0x84, 0x91, 0xfe, 0xff, 0x83, 0x91, 0xfe, 0xff, 0x82, 0x91, 0xff,
  0xff, 0x82, 0x91, 0xff, 0xff, 0x82, 0x91, 0xfe, 0xff, 0x82, 0x92, 0xfe, 0xff, 0x81, 0x92, 0xff,
  0xff, 0x80, 0x91, 0xff, 0xff, 0x80, 0x91, 0xff, 0xff, 0x80, 0x92, 0xff, 0xff, 0x80, 0x92, 0xff,
  0xff, 0x80, 0x92, 0xff, 0xff, 0x7e, 0x91, 0xfe, 0xff, 0x7e, 0x91, 0xff, 0xff, 0x7e, 0x92, 0xff,
  0xff, 0x7d, 0x92, 0xfe, 0xff, 0x7c, 0x92, 0xfe, 0xff, 0x7c, 0x92, 0xfe, 0xff, 0x7c, 0x91, 0xfe,
  0xff, 0x7b, 0x92, 0xfe, 0xff, 0x7b, 0x93, 0xff, 0xff, 0x7b, 0x93, 0xff, 0xff, 0x7a, 0x92, 0xfe,
  0xff, 0x7a, 0x93, 0xff, 0xff, 0x7a, 0x93, 0xff, 0xff, 0x7a, 0x93, 0xfe, 0xff, 0x7a, 0x93, 0xff,
  0xff, 0x79, 0x93, 0xff, 0xff, 0x78, 0x93, 0xfe, 0xff, 0x78, 0x93, 0xfe, 0xff, 0x78, 0x94, 0xff,
  0xff, 0x77, 0x94, 0xfe, 0xff, 0x76, 0x94, 0xfe, 0xff, 0x77, 0x94, 0xff, 0xff, 0x76, 0x94, 0xfe,
  0xff, 0x76, 0x94, 0xfe, 0xff, 0x75, 0x94, 0xff, 0xff, 0x75, 0x94, 0xff, 0xff, 0x74, 0x93, 0xfe,
  0xff, 0x74, 0x95, 0xfe, 0xff, 0x74, 0x95, 0xfe, 0xff, 0x74, 0x95, 0xfe, 0xff, 0x74, 0x95, 0xff,
  0xff, 0x73, 0x95, 0xff, 0xff, 0x72, 0x95, 0xfe, 0xff, 0x71, 0x95, 0xfe, 0xff, 0x70, 0x95, 0xfe,
  0xff, 0x70, 0x94, 0xf8, 0xff, 0x73, 0x97, 0xfc, 0xff, 0x77, 0x9f, 0xff, 0xff, 0x70, 0x96, 0xe5,
  0xff, 0x6d, 0x93, 0x83, 0xff, 0x6a, 0x94, 0x1f, 0x00, 0x00, 0x00, 0x00, 0x00, 0x00, 0x00, 0x00,
  0xff, 0x7f, 0x7f, 0x02, 0x00, 0x00, 0x00, 0x00, 0x00, 0x00, 0x00, 0x00, 0x00, 0x00, 0x00, 0x00,
  0x00, 0x00, 0x00, 0x00, 0x00, 0x00, 0x00, 0x00, 0x00, 0x00, 0x00, 0x00, 0x00, 0x00, 0x00, 0x00,
  0x00, 0x00, 0x00, 0x00, 0x00, 0x00, 0x00, 0x00, 0x00, 0x00, 0x00, 0x00, 0x00, 0x00, 0x00, 0x00,
  0x00, 0x00, 0x00, 0x00, 0xff, 0x7f, 0x7f, 0x02, 0xff, 0x00, 0x00, 0x01, 0xff, 0x99, 0x99, 0x05,
  0x00, 0x00, 0x00, 0x00, 0xff, 0x88, 0x90, 0x1e, 0xff, 0x86, 0x8e, 0x9f, 0xff, 0x8f, 0x96, 0xf5,
  0xff, 0x8e, 0x95, 0xff, 0xff, 0x88, 0x8f, 0xfc, 0xff, 0x87, 0x8f, 0xfc, 0xff, 0x87, 0x8f, 0xfd,
  0xff, 0x87, 0x8f, 0xfe, 0xff, 0x87, 0x90, 0xff, 0xff, 0x86, 0x90, 0xfe, 0xff, 0x85, 0x90, 0xfe,
  0xff, 0x84, 0x90, 0xff, 0xff, 0x84, 0x90, 0xff, 0xff, 0x83, 0x91, 0xff, 0xff, 0x83, 0x91, 0xfe,
  0xff, 0x83, 0x91, 0xfe, 0xff, 0x82, 0x91, 0xfe, 0xff, 0x82, 0x91, 0xfe, 0xff, 0x81, 0x91, 0xfe,
  0xff, 0x82, 0x91, 0xff, 0xff, 0x82, 0x91, 0xff, 0xff, 0x81, 0x91, 0xfe, 0xff, 0x81, 0x92, 0xfe,
  0xff, 0x81, 0x92, 0xff, 0xff, 0x7f, 0x92, 0xff, 0xff, 0x7f, 0x92, 0xff, 0xff, 0x7e, 0x92, 0xff,
  0xff, 0x7e, 0x92, 0xff, 0xff, 0x7e, 0x92, 0xff, 0xff, 0x7e, 0x91, 0xfe, 0xff, 0x7d, 0x91, 0xff,
  0xff, 0x7d, 0x92, 0xff, 0xff, 0x7c, 0x92, 0xfe, 0xff, 0x7a, 0x92, 0xfe, 0xff, 0x7a, 0x92, 0xfe,
  0xff, 0x7a, 0x92, 0xfe, 0xff, 0x7b, 0x92, 0xfe, 0xff, 0x7a, 0x93, 0xff, 0xff, 0x7b, 0x93, 0xff,
  0xff, 0x7a, 0x92, 0xfe, 0xff, 0x79, 0x93, 0xff, 0xff, 0x78, 0x93, 0xff, 0xff, 0x79, 0x93, 0xfe,
  0xff, 0x78, 0x94, 0xff, 0xff, 0x78, 0x94, 0xff, 0xff, 0x77, 0x93, 0xfe, 0xff, 0x77, 0x93, 0xfe,
  0xff, 0x76, 0x94, 0xff, 0xff, 0x76, 0x94, 0xfe, 0xff, 0x76, 0x94, 0xfe, 0xff, 0x75, 0x94, 0xff,
  0xff, 0x74, 0x94, 0xfe, 0xff, 0x74, 0x94, 0xfe, 0xff, 0x75, 0x94, 0xff, 0xff, 0x74, 0x94, 0xff,
  0xff, 0x73, 0x94, 0xfe, 0xff, 0x73, 0x95, 0xfe, 0xff, 0x72, 0x95, 0xfe, 0xff, 0x72, 0x95, 0xfe,
  0xff, 0x72, 0x95, 0xff, 0xff, 0x72, 0x95, 0xff, 0xff, 0x71, 0x95, 0xfe, 0xff, 0x6f, 0x96, 0xfd,
  0xff, 0x6f, 0x95, 0xfd, 0xff, 0x72, 0x97, 0xfc, 0xff, 0x75, 0x9c, 0xff, 0xff, 0x75, 0x9c, 0xf5,
  0xff, 0x6f, 0x94, 0xa5, 0xff, 0x6e, 0x95, 0x2e, 0xff, 0x7f, 0xbf, 0x04, 0xff, 0x66, 0x99, 0x05,
  0xff, 0x00, 0x00, 0x01, 0xff, 0x7f, 0x7f, 0x02, 0x00, 0x00, 0x00, 0x00, 0x00, 0x00, 0x00, 0x00,
  0x00, 0x00, 0x00, 0x00, 0x00, 0x00, 0x00, 0x00, 0x00, 0x00, 0x00, 0x00, 0x00, 0x00, 0x00, 0x00,
  0x00, 0x00, 0x00, 0x00, 0x00, 0x00, 0x00, 0x00, 0x00, 0x00, 0x00, 0x00, 0x00, 0x00, 0x00, 0x00,
  0x00, 0x00, 0x00, 0x00, 0x00, 0x00, 0x00, 0x00, 0x00, 0x00, 0x00, 0x00, 0x00, 0x00, 0x00, 0x00,
  0xff, 0x7f, 0x7f, 0x04, 0x00, 0x00, 0x00, 0x00, 0xff, 0x00, 0x00, 0x01, 0xff, 0x89, 0x8f, 0x4e,
  0xff, 0x89, 0x91, 0xb4, 0xff, 0x89, 0x91, 0xfb, 0xff, 0x8c, 0x95, 0xff, 0xff, 0x85, 0x8f, 0xfa,
  0xff, 0x85, 0x8f, 0xfc, 0xff, 0x86, 0x90, 0xfe, 0xff, 0x84, 0x90, 0xfe, 0xff, 0x83, 0x90, 0xfe,
  0xff, 0x83, 0x90, 0xfe, 0xff, 0x83, 0x90, 0xfe, 0xff, 0x82, 0x90, 0xfe, 0xff, 0x81, 0x90, 0xfe,
  0xff, 0x82, 0x91, 0xff, 0xff, 0x82, 0x91, 0xff, 0xff, 0x81, 0x91, 0xff, 0xff, 0x80, 0x91, 0xfe,
  0xff, 0x80, 0x92, 0xfe, 0xff, 0x80, 0x92, 0xfe, 0xff, 0x80, 0x92, 0xfe, 0xff, 0x7f, 0x92, 0xfe,
  0xff, 0x7f, 0x91, 0xfe, 0xff, 0x7f, 0x91, 0xfe, 0xff, 0x7e, 0x91, 0xfe, 0xff, 0x7e, 0x91, 0xfe,
  0xff, 0x7d, 0x91, 0xfe, 0xff, 0x7c, 0x92, 0xfe, 0xff, 0x7c, 0x92, 0xfe, 0xff, 0x7c, 0x93, 0xfe,
  0xff, 0x7b, 0x93, 0xfe, 0xff, 0x7b, 0x93, 0xfe, 0xff, 0x7b, 0x92, 0xfe, 0xff, 0x7a, 0x92, 0xfe,
  0xff, 0x79, 0x93, 0xff, 0xff, 0x79, 0x93, 0xfe, 0xff, 0x79, 0x92, 0xfe, 0xff, 0x78, 0x92, 0xfe,
  0xff, 0x79, 0x93, 0xff, 0xff, 0x79, 0x94, 0xff, 0xff, 0x78, 0x93, 0xfe, 0xff, 0x77, 0x93, 0xfe,
  0xff, 0x77, 0x93, 0xfe, 0xff, 0x76, 0x93, 0xfe, 0xff, 0x75, 0x93, 0xfe, 0xff, 0x76, 0x94, 0xfe,
  0xff, 0x75, 0x94, 0xfe, 0xff, 0x74, 0x93, 0xfe, 0xff, 0x75, 0x94, 0xfe, 0xff, 0x75, 0x94, 0xfe,
  0xff, 0x73, 0x94, 0xfe, 0xff, 0x73, 0x94, 0xfe, 0xff, 0x73, 0x94, 0xfe, 0xff, 0x73, 0x94, 0xfe,
  0xff, 0x73, 0x94, 0xfe, 0xff, 0x72, 0x95, 0xff, 0xff, 0x71, 0x94, 0xfe, 0xff, 0x70, 0x94, 0xfe,
  0xff, 0x70, 0x95, 0xfe, 0xff, 0x70, 0x95, 0xfe, 0xff, 0x6f, 0x94, 0xfe, 0xff, 0x6f, 0x95, 0xfe,
  0xff, 0x6f, 0x95, 0xfc, 0xff, 0x6f, 0x95, 0xfb, 0xff, 0x75, 0x9d, 0xff, 0xff, 0x70, 0x96, 0xfb,
  0xff, 0x70, 0x93, 0xb5, 0xff, 0x6f, 0x8f, 0x50, 0xff, 0x55, 0xaa, 0x03, 0x00, 0x00, 0x00, 0x00,
  0xff, 0x7f, 0x7f, 0x04, 0x00, 0x00, 0x00, 0x00, 0x00, 0x00, 0x00, 0x00, 0x00, 0x00, 0x00, 0x00,
  0x00, 0x00, 0x00, 0x00, 0x00, 0x00, 0x00, 0x00, 0x00, 0x00, 0x00, 0x00, 0x00, 0x00, 0x00, 0x00,
  0x00, 0x00, 0x00, 0x00, 0x00, 0x00, 0x00, 0x00, 0x00, 0x00, 0x00, 0x00, 0x00, 0x00, 0x00, 0x00,
  0x00, 0x00, 0x00, 0x00, 0x00, 0x00, 0x00, 0x00, 0x00, 0x00, 0x00, 0x00, 0x00, 0x00, 0x00, 0x00,
  0x00, 0x00, 0x00, 0x00, 0xff, 0x55, 0x55, 0x03, 0xff, 0xaa, 0xaa, 0x03, 0x00, 0x00, 0x00, 0x00,
  0xff, 0x8c, 0x8c, 0x14, 0xff, 0x84, 0x8d, 0x51, 0xff, 0x85, 0x90, 0xb7, 0xff, 0x88, 0x93, 0xf5,
  0xff, 0x8a, 0x97, 0xff, 0xff, 0x86, 0x92, 0xfc, 0xff, 0x83, 0x8f, 0xf8, 0xff, 0x84, 0x91, 0xfd,
  0xff, 0x83, 0x91, 0xff, 0xff, 0x82, 0x90, 0xfe, 0xff, 0x82, 0x90, 0xfe, 0xff, 0x81, 0x90, 0xfe,
  0xff, 0x80, 0x90, 0xfe, 0xff, 0x81, 0x92, 0xff, 0xff, 0x81, 0x92, 0xff, 0xff, 0x80, 0x91, 0xff,
  0xff, 0x80, 0x91, 0xfe, 0xff, 0x80, 0x92, 0xfe, 0xff, 0x80, 0x92, 0xfe, 0xff, 0x7f, 0x92, 0xfe,
  0xff, 0x7e, 0x92, 0xff, 0xff, 0x7e, 0x92, 0xff, 0xff, 0x7e, 0x92, 0xfe, 0xff, 0x7d, 0x92, 0xfe,
  0xff, 0x7d, 0x91, 0xfe, 0xff, 0x7c, 0x91, 0xfe, 0xff, 0x7b, 0x93, 0xff, 0xff, 0x7b, 0x93, 0xff,
  0xff, 0x7a, 0x93, 0xfe, 0xff, 0x7a, 0x93, 0xfe, 0xff, 0x7a, 0x93, 0xff, 0xff, 0x7a, 0x93, 0xff,
  0xff, 0x7a, 0x93, 0xff, 0xff, 0x79, 0x93, 0xff, 0xff, 0x79, 0x93, 0xfe, 0xff, 0x78, 0x93, 0xfe,
  0xff, 0x78, 0x92, 0xfe, 0xff, 0x78, 0x94, 0xff, 0xff, 0x77, 0x94, 0xff, 0xff, 0x77, 0x93, 0xfe,
  0xff, 0x76, 0x93, 0xfe, 0xff, 0x75, 0x93, 0xfe, 0xff, 0x75, 0x93, 0xfe, 0xff, 0x75, 0x93, 0xfe,
  0xff, 0x75, 0x94, 0xfe, 0xff, 0x74, 0x94, 0xfe, 0xff, 0x73, 0x93, 0xff, 0xff, 0x74, 0x95, 0xff,
  0xff, 0x74, 0x95, 0xff, 0xff, 0x73, 0x95, 0xfe, 0xff, 0x72, 0x95, 0xfe, 0xff, 0x72, 0x94, 0xff,
  0xff, 0x72, 0x95, 0xff, 0xff, 0x72, 0x94, 0xff, 0xff, 0x70, 0x95, 0xff, 0xff, 0x70, 0x94, 0xff,
  0xff, 0x70, 0x95, 0xff, 0xff, 0x70, 0x95, 0xfe, 0xff, 0x70, 0x95, 0xfe, 0xff, 0x6f, 0x95, 0xfd,
  0xff, 0x6f, 0x95, 0xf8, 0xff, 0x72, 0x98, 0xfc, 0xff, 0x75, 0x9d, 0xff, 0xff, 0x73, 0x99, 0xf5,
  0xff, 0x6f, 0x93, 0xb7, 0xff, 0x6c, 0x8b, 0x52, 0xff, 0x78, 0x86, 0x13, 0x00, 0x00, 0x00, 0x00,
  0xff, 0x7f, 0x7f, 0x02, 0xff, 0x55, 0x55, 0x03, 0x00, 0x00, 0x00, 0x00, 0x00, 0x00, 0x00, 0x00,
  0x00, 0x00, 0x00, 0x00, 0x00, 0x00, 0x00, 0x00, 0x00, 0x00, 0x00, 0x00, 0x00, 0x00, 0x00, 0x00,
  0x00, 0x00, 0x00, 0x00, 0x00, 0x00, 0x00, 0x00, 0x00, 0x00, 0x00, 0x00, 0x00, 0x00, 0x00, 0x00,
  0x00, 0x00, 0x00, 0x00, 0x00, 0x00, 0x00, 0x00, 0x00, 0x00, 0x00, 0x00, 0x00, 0x00, 0x00, 0x00,
  0x00, 0x00, 0x00, 0x00, 0x00, 0x00, 0x00, 0x00, 0x00, 0x00, 0x00, 0x00, 0xff, 0x7f, 0x7f, 0x02,
  0xff, 0xff, 0xff, 0x01, 0x00, 0x00, 0x00, 0x00, 0xff, 0x91, 0x91, 0x07, 0xff, 0x85, 0x91, 0x54,
  0xff, 0x82, 0x8e, 0xb8, 0xff, 0x84, 0x93, 0xf9, 0xff, 0x88, 0x97, 0xff, 0xff, 0x83, 0x91, 0xfe,
  0xff, 0x83, 0x92, 0xff, 0xff, 0x83, 0x91, 0xff, 0xff, 0x82, 0x91, 0xff, 0xff, 0x81, 0x91, 0xfe,
  0xff, 0x81, 0x91, 0xfe, 0xff, 0x80, 0x91, 0xfe, 0xff, 0x80, 0x92, 0xff, 0xff, 0x80, 0x92, 0xff,
  0xff, 0x7f, 0x91, 0xfe, 0xff, 0x7f, 0x91, 0xfe, 0xff, 0x7f, 0x91, 0xfe, 0xff, 0x7f, 0x92, 0xfe,
  0xff, 0x7e, 0x92, 0xfe, 0xff, 0x7d, 0x92, 0xff, 0xff, 0x7d, 0x93, 0xff, 0xff, 0x7d, 0x93, 0xff,
  0xff, 0x7c, 0x93, 0xff, 0xff, 0x7b, 0x92, 0xfe, 0xff, 0x7b, 0x92, 0xfe, 0xff, 0x7b, 0x93, 0xff,
  0xff, 0x7b, 0x93, 0xff, 0xff, 0x79, 0x93, 0xfe, 0xff, 0x79, 0x93, 0xfe, 0xff, 0x79, 0x93, 0xff,
  0xff, 0x79, 0x93, 0xff, 0xff, 0x79, 0x93, 0xff, 0xff, 0x79, 0x93, 0xfe, 0xff, 0x78, 0x93, 0xfe,
  0xff, 0x77, 0x93, 0xfe, 0xff, 0x77, 0x93, 0xfe, 0xff, 0x77, 0x94, 0xff, 0xff, 0x76, 0x94, 0xff,
  0xff, 0x75, 0x93, 0xfe, 0xff, 0x75, 0x93, 0xfe, 0xff, 0x74, 0x93, 0xfe, 0xff, 0x75, 0x94, 0xff,
  0xff, 0x75, 0x94, 0xff, 0xff, 0x74, 0x94, 0xfe, 0xff, 0x73, 0x94, 0xfe, 0xff, 0x73, 0x94, 0xff,
  0xff, 0x73, 0x95, 0xff, 0xff, 0x73, 0x95, 0xff, 0xff, 0x72, 0x95, 0xfe, 0xff, 0x71, 0x95, 0xfe,
  0xff, 0x71, 0x95, 0xff, 0xff, 0x71, 0x95, 0xff, 0xff, 0x70, 0x94, 0xff, 0xff, 0x6f, 0x94, 0xfe,
  0xff, 0x6f, 0x95, 0xff, 0xff, 0x70, 0x96, 0xff, 0xff, 0x70, 0x95, 0xfe, 0xff, 0x70, 0x95, 0xfe,
  0xff, 0x70, 0x96, 0xfe, 0xff, 0x70, 0x97, 0xfe, 0xff, 0x75, 0x9d, 0xff, 0xff, 0x71, 0x97, 0xf9,
  0xff, 0x6e, 0x92, 0xb8, 0xff, 0x6f, 0x90, 0x55, 0xff, 0x5f, 0x7f, 0x08, 0x00, 0x00, 0x00, 0x00,
  0xff, 0x7f, 0x7f, 0x02, 0xff, 0x7f, 0x7f, 0x02, 0x00, 0x00, 0x00, 0x00, 0x00, 0x00, 0x00, 0x00,
  0x00, 0x00, 0x00, 0x00, 0x00, 0x00, 0x00, 0x00, 0x00, 0x00, 0x00, 0x00, 0x00, 0x00, 0x00, 0x00,
  0x00, 0x00, 0x00, 0x00, 0x00, 0x00, 0x00, 0x00, 0x00, 0x00, 0x00, 0x00, 0x00, 0x00, 0x00, 0x00,
  0x00, 0x00, 0x00, 0x00, 0x00, 0x00, 0x00, 0x00, 0x00, 0x00, 0x00, 0x00, 0x00, 0x00, 0x00, 0x00,
  0x00, 0x00, 0x00, 0x00, 0x00, 0x00, 0x00, 0x00, 0x00, 0x00, 0x00, 0x00, 0x00, 0x00, 0x00, 0x00,
  0xff, 0x00, 0x00, 0x01, 0x00, 0x00, 0x00, 0x00, 0x00, 0x00, 0x00, 0x00, 0x00, 0x00, 0x00, 0x00,
  0xff, 0x89, 0x9c, 0x0d, 0xff, 0x81, 0x91, 0x4f, 0xff, 0x81, 0x92, 0xb3, 0xff, 0x83, 0x93, 0xfd,
  0xff, 0x8a, 0x9b, 0xff, 0xff, 0x83, 0x93, 0xfd, 0xff, 0x81, 0x93, 0xf8, 0xff, 0x80, 0x91, 0xfe,
  0xff, 0x7f, 0x92, 0xff, 0xff, 0x80, 0x92, 0xff, 0xff, 0x7f, 0x91, 0xfe, 0xff, 0x7e, 0x92, 0xfe,
  0xff, 0x7e, 0x92, 0xfe, 0xff, 0x7d, 0x92, 0xff, 0xff, 0x7d, 0x91, 0xff, 0xff, 0x7c, 0x91, 0xfe,
  0xff, 0x7d, 0x92, 0xff, 0xff, 0x7c, 0x93, 0xff, 0xff, 0x7b, 0x93, 0xff, 0xff, 0x7b, 0x93, 0xfe,
  0xff, 0x7b, 0x93, 0xfe, 0xff, 0x7b, 0x93, 0xff, 0xff, 0x7a, 0x93, 0xff, 0xff, 0x7a, 0x93, 0xfe,
  0xff, 0x7a, 0x92, 0xfe, 0xff, 0x7a, 0x92, 0xfe, 0xff, 0x79, 0x93, 0xff, 0xff, 0x78, 0x94, 0xff,
  0xff, 0x77, 0x94, 0xfe, 0xff, 0x77, 0x93, 0xfe, 0xff, 0x78, 0x93, 0xfe, 0xff, 0x77, 0x93, 0xfe,
  0xff, 0x76, 0x93, 0xfe, 0xff, 0x75, 0x93, 0xfe, 0xff, 0x75, 0x93, 0xfe, 0xff, 0x75, 0x93, 0xfe,
  0xff, 0x75, 0x94, 0xfe, 0xff, 0x74, 0x94, 0xff, 0xff, 0x74, 0x94, 0xff, 0xff, 0x74, 0x95, 0xff,
  0xff, 0x74, 0x95, 0xff, 0xff, 0x74, 0x94, 0xff, 0xff, 0x73, 0x94, 0xfe, 0xff, 0x72, 0x94, 0xfe,
  0xff, 0x72, 0x94, 0xfe, 0xff, 0x71, 0x95, 0xff, 0xff, 0x71, 0x95, 0xff, 0xff, 0x70, 0x94, 0xfe,
  0xff, 0x6f, 0x94, 0xfe, 0xff, 0x6f, 0x95, 0xfe, 0xff, 0x6f, 0x95, 0xfe, 0xff, 0x6f, 0x95, 0xfe,
  0xff, 0x6f, 0x95, 0xfe, 0xff, 0x6f, 0x95, 0xfe, 0xff, 0x6f, 0x95, 0xfe, 0xff, 0x70, 0x95, 0xfe,
  0xff, 0x6f, 0x95, 0xf8, 0xff, 0x6f, 0x96, 0xfb, 0xff, 0x78, 0xa1, 0xff, 0xff, 0x72, 0x98, 0xff,
  0xff, 0x71, 0x94, 0xb3, 0xff, 0x6f, 0x93, 0x4e, 0xff, 0x6d, 0x7f, 0x0e, 0x00, 0x00, 0x00, 0x00,
  0x00, 0x00, 0x00, 0x00, 0xff, 0x00, 0x00, 0x01, 0xff, 0x00, 0x00, 0x01, 0x00, 0x00, 0x00, 0x00,
  0x00, 0x00, 0x00, 0x00, 0x00, 0x00, 0x00, 0x00, 0x00, 0x00, 0x00, 0x00, 0x00, 0x00, 0x00, 0x00,
  0x00, 0x00, 0x00, 0x00, 0x00, 0x00, 0x00, 0x00, 0x00, 0x00, 0x00, 0x00, 0x00, 0x00, 0x00, 0x00,
  0x00, 0x00, 0x00, 0x00, 0x00, 0x00, 0x00, 0x00, 0x00, 0x00, 0x00, 0x00, 0x00, 0x00, 0x00, 0x00,
  0x00, 0x00, 0x00, 0x00, 0x00, 0x00, 0x00, 0x00, 0x00, 0x00, 0x00, 0x00, 0x00, 0x00, 0x00, 0x00,
  0x00, 0x00, 0x00, 0x00, 0x00, 0x00, 0x00, 0x00, 0x00, 0x00, 0x00, 0x00, 0xff, 0x99, 0x99, 0x05,
  0xff, 0x55, 0xaa, 0x03, 0x00, 0x00, 0x00, 0x00, 0xff, 0x75, 0x89, 0x0d, 0xff, 0x7f, 0x92, 0x50,
  0xff, 0x80, 0x91, 0xa7, 0xff, 0x84, 0x96, 0xe0, 0xff, 0x83, 0x95, 0xff, 0xff, 0x83, 0x97, 0xff,
  0xff, 0x7f, 0x92, 0xff, 0xff, 0x7e, 0x92, 0xfd, 0xff, 0x7d, 0x92, 0xfd, 0xff, 0x7d, 0x92, 0xfd,
  0xff, 0x7d, 0x92, 0xfe, 0xff, 0x7d, 0x92, 0xfe, 0xff, 0x7c, 0x92, 0xff, 0xff, 0x7b, 0x92, 0xff,
  0xff, 0x7b, 0x92, 0xfe, 0xff, 0x7b, 0x92, 0xff, 0xff, 0x7b, 0x93, 0xff, 0xff, 0x7a, 0x93, 0xff,
  0xff, 0x7a, 0x92, 0xfe, 0xff, 0x7a, 0x92, 0xfe, 0xff, 0x7b, 0x93, 0xff, 0xff, 0x7a, 0x94, 0xff,
  0xff, 0x78, 0x93, 0xfe, 0xff, 0x78, 0x93, 0xfe, 0xff, 0x78, 0x93, 0xfe, 0xff, 0x78, 0x93, 0xff,
  0xff, 0x77, 0x94, 0xff, 0xff, 0x76, 0x94, 0xfe, 0xff, 0x76, 0x93, 0xfe, 0xff, 0x76, 0x93, 0xfe,
  0xff, 0x75, 0x93, 0xfe, 0xff, 0x74, 0x93, 0xfe, 0xff, 0x74, 0x93, 0xfe, 0xff, 0x74, 0x93, 0xfe,
  0xff, 0x74, 0x93, 0xfe, 0xff, 0x74, 0x94, 0xfe, 0xff, 0x73, 0x94, 0xff, 0xff, 0x74, 0x94, 0xff,
  0xff, 0x73, 0x95, 0xff, 0xff, 0x73, 0x95, 0xff, 0xff, 0x72, 0x94, 0xff, 0xff, 0x71, 0x94, 0xfe,
  0xff, 0x71, 0x94, 0xfe, 0xff, 0x70, 0x94, 0xfe, 0xff, 0x70, 0x95, 0xff, 0xff, 0x70, 0x95, 0xff,
  0xff, 0x6f, 0x94, 0xfe, 0xff, 0x6f, 0x94, 0xfe, 0xff, 0x6f, 0x95, 0xfe, 0xff, 0x6f, 0x95, 0xfe,
  0xff, 0x6f, 0x95, 0xfe, 0xff, 0x6f, 0x95, 0xfe, 0xff, 0x6f, 0x95, 0xfd, 0xff, 0x6f, 0x95, 0xfc,
  0xff, 0x70, 0x96, 0xff, 0xff, 0x75, 0x9d, 0xff, 0xff, 0x74, 0x9b, 0xff, 0xff, 0x73, 0x9a, 0xdd,
  0xff, 0x6e, 0x93, 0xa2, 0xff, 0x70, 0x91, 0x4f, 0xff, 0x6a, 0x94, 0x0c, 0x00, 0x00, 0x00, 0x00,
  0xff, 0x55, 0xaa, 0x03, 0xff, 0x66, 0x99, 0x05, 0x00, 0x00, 0x00, 0x00, 0x00, 0x00, 0x00, 0x00,
  0x00, 0x00, 0x00, 0x00, 0x00, 0x00, 0x00, 0x00, 0x00, 0x00, 0x00, 0x00, 0x00, 0x00, 0x00, 0x00,
  0x00, 0x00, 0x00, 0x00, 0x00, 0x00, 0x00, 0x00, 0x00, 0x00, 0x00, 0x00, 0x00, 0x00, 0x00, 0x00,
  0x00, 0x00, 0x00, 0x00, 0x00, 0x00, 0x00, 0x00, 0x00, 0x00, 0x00, 0x00, 0x00, 0x00, 0x00, 0x00,
  0x00, 0x00, 0x00, 0x00, 0x00, 0x00, 0x00, 0x00, 0x00, 0x00, 0x00, 0x00, 0x00, 0x00, 0x00, 0x00,
  0x00, 0x00, 0x00, 0x00, 0x00, 0x00, 0x00, 0x00, 0x00, 0x00, 0x00, 0x00, 0x00, 0x00, 0x00, 0x00,
  0x00, 0x00, 0x00, 0x00, 0x00, 0x00, 0x00, 0x00, 0xff, 0x7f, 0x7f, 0x02, 0x00, 0x00, 0x00, 0x00,
  0xff, 0xaa, 0xaa, 0x03, 0xff, 0x82, 0x8d, 0x2d, 0xff, 0x7e, 0x92, 0x81, 0xff, 0x80, 0x91, 0xd9,
  0xff, 0x7e, 0x92, 0xfe, 0xff, 0x7d, 0x92, 0xfd, 0xff, 0x7e, 0x92, 0xfe, 0xff, 0x7d, 0x91, 0xfe,
  0xff, 0x7c, 0x92, 0xfe, 0xff, 0x7c, 0x93, 0xfe, 0xff, 0x7c, 0x93, 0xfe, 0xff, 0x7b, 0x93, 0xff,
  0xff, 0x7b, 0x93, 0xff, 0xff, 0x7b, 0x93, 0xff, 0xff, 0x7a, 0x93, 0xfe, 0xff, 0x7a, 0x93, 0xfe,
  0xff, 0x79, 0x92, 0xfe, 0xff, 0x79, 0x92, 0xfe, 0xff, 0x79, 0x92, 0xfe, 0xff, 0x79, 0x94, 0xff,
  0xff, 0x78, 0x94, 0xff, 0xff, 0x77, 0x93, 0xfe, 0xff, 0x77, 0x94, 0xff, 0xff, 0x77, 0x94, 0xff,
  0xff, 0x76, 0x94, 0xff, 0xff, 0x75, 0x93, 0xfe, 0xff, 0x75, 0x93, 0xfe, 0xff, 0x75, 0x94, 0xff,
  0xff, 0x75, 0x94, 0xff, 0xff, 0x74, 0x94, 0xff, 0xff, 0x73, 0x94, 0xfe, 0xff, 0x73, 0x94, 0xfe,
  0xff, 0x73, 0x94, 0xfe, 0xff, 0x73, 0x94, 0xfe, 0xff, 0x72, 0x94, 0xfe, 0xff, 0x72, 0x94, 0xfe,
  0xff, 0x72, 0x94, 0xfe, 0xff, 0x71, 0x95, 0xfe, 0xff, 0x71, 0x95, 0xff, 0xff, 0x71, 0x95, 0xff,
  0xff, 0x70, 0x94, 0xfe, 0xff, 0x6f, 0x94, 0xfe, 0xff, 0x6f, 0x95, 0xfe, 0xff, 0x70, 0x96, 0xff,
  0xff, 0x70, 0x96, 0xff, 0xff, 0x6f, 0x95, 0xfe, 0xff, 0x6f, 0x95, 0xfe, 0xff, 0x6f, 0x95, 0xfe,
  0xff, 0x6f, 0x95, 0xfe, 0xff, 0x6f, 0x95, 0xfe, 0xff, 0x70, 0x96, 0xff, 0xff, 0x70, 0x96, 0xfe,
  0xff, 0x70, 0x97, 0xfd, 0xff, 0x70, 0x95, 0xfc, 0xff, 0x74, 0x9d, 0xff, 0xff, 0x6f, 0x94, 0xe9,
  0xff, 0x6e, 0x94, 0x7a, 0xff, 0x6e, 0x90, 0x1e, 0xff, 0x00, 0xff, 0x01, 0x00, 0x00, 0x00, 0x00,
  0xff, 0x7f, 0x7f, 0x02, 0x00, 0x00, 0x00, 0x00, 0x00, 0x00, 0x00, 0x00, 0x00, 0x00, 0x00, 0x00,
  0x00, 0x00, 0x00, 0x00, 0x00, 0x00, 0x00, 0x00, 0x00, 0x00, 0x00, 0x00, 0x00, 0x00, 0x00, 0x00,
  0x00, 0x00, 0x00, 0x00, 0x00, 0x00, 0x00, 0x00, 0x00, 0x00, 0x00, 0x00, 0x00, 0x00, 0x00, 0x00,
  0x00, 0x00, 0x00, 0x00, 0x00, 0x00, 0x00, 0x00, 0x00, 0x00, 0x00, 0x00, 0x00, 0x00, 0x00, 0x00,
  0x00, 0x00, 0x00, 0x00, 0x00, 0x00, 0x00, 0x00, 0x00, 0x00, 0x00, 0x00, 0x00, 0x00, 0x00, 0x00,
  0x00, 0x00, 0x00, 0x00, 0x00, 0x00, 0x00, 0x00, 0x00, 0x00, 0x00, 0x00, 0x00, 0x00, 0x00, 0x00,
  0x00, 0x00, 0x00, 0x00, 0x00, 0x00, 0x00, 0x00, 0x00, 0x00, 0x00, 0x00, 0xff, 0x55, 0x55, 0x03,
  0x00, 0x00, 0x00, 0x00, 0x00, 0x00, 0x00, 0x00, 0x00, 0x00, 0x00, 0x00, 0xff, 0x7b, 0x8a, 0x23,
  0xff, 0x80, 0x90, 0x5f, 0xff, 0x7c, 0x91, 0xb6, 0xff, 0x7d, 0x92, 0xfa, 0xff, 0x85, 0x9d, 0xff,
  0xff, 0x80, 0x98, 0xff, 0xff, 0x7b, 0x92, 0xfc, 0xff, 0x7b, 0x93, 0xf7, 0xff, 0x7a, 0x93, 0xfb,
  0xff, 0x79, 0x93, 0xfd, 0xff, 0x7a, 0x93, 0xff, 0xff, 0x7a, 0x93, 0xff, 0xff, 0x7a, 0x94, 0xff,
  0xff, 0x79, 0x94, 0xff, 0xff, 0x78, 0x93, 0xff, 0xff, 0x78, 0x93, 0xff, 0xff, 0x78, 0x93, 0xff,
  0xff, 0x77, 0x94, 0xfe, 0xff, 0x76, 0x94, 0xfe, 0xff, 0x77, 0x93, 0xfe, 0xff, 0x76, 0x94, 0xff,
  0xff, 0x76, 0x94, 0xff, 0xff, 0x75, 0x94, 0xfe, 0xff, 0x74, 0x93, 0xfe, 0xff, 0x74, 0x93, 0xfe,
  0xff, 0x74, 0x95, 0xff, 0xff, 0x74, 0x95, 0xff, 0xff, 0x73, 0x94, 0xfe, 0xff, 0x73, 0x95, 0xfe,
  0xff, 0x72, 0x95, 0xfe, 0xff, 0x71, 0x94, 0xfe, 0xff, 0x71, 0x94, 0xfe, 0xff, 0x71, 0x95, 0xff,
  0xff, 0x71, 0x94, 0xff, 0xff, 0x70, 0x94, 0xff, 0xff, 0x6f, 0x94, 0xfe, 0xff, 0x70, 0x95, 0xfe,
  0xff, 0x70, 0x95, 0xfe, 0xff, 0x6f, 0x95, 0xfe, 0xff, 0x6f, 0x95, 0xfe, 0xff, 0x70, 0x96, 0xff,
  0xff, 0x6f, 0x95, 0xfe, 0xff, 0x6f, 0x95, 0xfe, 0xff, 0x6f, 0x95, 0xfe, 0xff, 0x6f, 0x95, 0xfe,
  0xff, 0x6f, 0x96, 0xfd, 0xff, 0x70, 0x96, 0xfb, 0xff, 0x6f, 0x95, 0xf8, 0xff, 0x6f, 0x96, 0xf9,
  0xff, 0x72, 0x9a, 0xff, 0xff, 0x77, 0x9f, 0xff, 0xff, 0x6f, 0x96, 0xf9, 0xff, 0x71, 0x9b, 0xb6,
  0xff, 0x6e, 0x96, 0x66, 0xff, 0x67, 0x87, 0x20, 0x00, 0x00, 0x00, 0x00, 0x00, 0x00, 0x00, 0x00,
  0x00, 0x00, 0x00, 0x00, 0xff, 0x55, 0x55, 0x03, 0x00, 0x00, 0x00, 0x00, 0x00, 0x00, 0x00, 0x00,
  0x00, 0x00, 0x00, 0x00, 0x00, 0x00, 0x00, 0x00, 0x00, 0x00, 0x00, 0x00, 0x00, 0x00, 0x00, 0x00,
  0x00, 0x00, 0x00, 0x00, 0x00, 0x00, 0x00, 0x00, 0x00, 0x00, 0x00, 0x00, 0x00, 0x00, 0x00, 0x00,
  0x00, 0x00, 0x00, 0x00, 0x00, 0x00, 0x00, 0x00, 0x00, 0x00, 0x00, 0x00, 0x00, 0x00, 0x00, 0x00,
  0x00, 0x00, 0x00, 0x00, 0x00, 0x00, 0x00, 0x00, 0x00, 0x00, 0x00, 0x00, 0x00, 0x00, 0x00, 0x00,
  0x00, 0x00, 0x00, 0x00, 0x00, 0x00, 0x00, 0x00, 0x00, 0x00, 0x00, 0x00, 0x00, 0x00, 0x00, 0x00,
  0x00, 0x00, 0x00, 0x00, 0x00, 0x00, 0x00, 0x00, 0x00, 0x00, 0x00, 0x00, 0x00, 0x00, 0x00, 0x00,
  0x00, 0x00, 0x00, 0x00, 0xff, 0x7f, 0x7f, 0x02, 0xff, 0x7f, 0x7f, 0x04, 0xff, 0x7f, 0xff, 0x02,
  0x00, 0x00, 0x00, 0x00, 0xff, 0xaa, 0xaa, 0x03, 0xff, 0x7c, 0x92, 0x52, 0xff, 0x7c, 0x93, 0xaa,
  0xff, 0x7b, 0x92, 0xdd, 0xff, 0x7c, 0x95, 0xf4, 0xff, 0x7e, 0x97, 0xff, 0xff, 0x7f, 0x98, 0xff,
  0xff, 0x7c, 0x96, 0xff, 0xff, 0x79, 0x94, 0xff, 0xff, 0x78, 0x92, 0xfe, 0xff, 0x78, 0x93, 0xfe,
  0xff, 0x78, 0x93, 0xfe, 0xff, 0x77, 0x94, 0xff, 0xff, 0x77, 0x94, 0xff, 0xff, 0x77, 0x94, 0xff,
  0xff, 0x77, 0x94, 0xff, 0xff, 0x74, 0x93, 0xfe, 0xff, 0x74, 0x93, 0xfe, 0xff, 0x75, 0x93, 0xfe,
  0xff, 0x75, 0x94, 0xff, 0xff, 0x75, 0x94, 0xff, 0xff, 0x75, 0x94, 0xfe, 0xff, 0x74, 0x94, 0xfe,
  0xff, 0x73, 0x94, 0xfe, 0xff, 0x73, 0x95, 0xff, 0xff, 0x73, 0x95, 0xff, 0xff, 0x73, 0x94, 0xfe,
  0xff, 0x73, 0x95, 0xfe, 0xff, 0x71, 0x95, 0xfe, 0xff, 0x70, 0x94, 0xfe, 0xff, 0x6f, 0x94, 0xfe,
  0xff, 0x71, 0x95, 0xff, 0xff, 0x70, 0x95, 0xff, 0xff, 0x6f, 0x95, 0xff, 0xff, 0x6f, 0x94, 0xfe,
  0xff, 0x70, 0x95, 0xfe, 0xff, 0x70, 0x95, 0xfe, 0xff, 0x6f, 0x95, 0xfe, 0xff, 0x6f, 0x95, 0xfe,
  0xff, 0x70, 0x96, 0xff, 0xff, 0x6f, 0x95, 0xfe, 0xff, 0x6f, 0x95, 0xfe, 0xff, 0x6f, 0x96, 0xfd,
  0xff, 0x6f, 0x95, 0xfc, 0xff, 0x6f, 0x95, 0xfe, 0xff, 0x72, 0x98, 0xff, 0xff, 0x74, 0x9b, 0xff,
  0xff, 0x73, 0x9a, 0xff, 0xff, 0x6f, 0x96, 0xf9, 0xff, 0x70, 0x95, 0xdf, 0xff, 0x6f, 0x96, 0xaa,
  0xff, 0x6b, 0x97, 0x51, 0x00, 0x00, 0x01, 0x00, 0x00, 0x00, 0x00, 0x00, 0xff, 0x7f, 0xbf, 0x04,
  0xff, 0x7f, 0x7f, 0x04, 0xff, 0x7f, 0x7f, 0x02, 0x00, 0x00, 0x00, 0x00, 0x00, 0x00, 0x00, 0x00,
  0x00, 0x00, 0x00, 0x00, 0x00, 0x00, 0x00, 0x00, 0x00, 0x00, 0x00, 0x00, 0x00, 0x00, 0x00, 0x00,
  0x00, 0x00, 0x00, 0x00, 0x00, 0x00, 0x00, 0x00, 0x00, 0x00, 0x00, 0x00, 0x00, 0x00, 0x00, 0x00,
  0x00, 0x00, 0x00, 0x00, 0x00, 0x00, 0x00, 0x00, 0x00, 0x00, 0x00, 0x00, 0x00, 0x00, 0x00, 0x00,
  0x00, 0x00, 0x00, 0x00, 0x00, 0x00, 0x00, 0x00, 0x00, 0x00, 0x00, 0x00, 0x00, 0x00, 0x00, 0x00,
  0x00, 0x00, 0x00, 0x00, 0x00, 0x00, 0x00, 0x00, 0x00, 0x00, 0x00, 0x00, 0x00, 0x00, 0x00, 0x00,
  0x00, 0x00, 0x00, 0x00, 0x00, 0x00, 0x00, 0x00, 0x00, 0x00, 0x00, 0x00, 0x00, 0x00, 0x00, 0x00,
  0x00, 0x00, 0x00, 0x00, 0x00, 0x00, 0x00, 0x00, 0x00, 0x00, 0x00, 0x00, 0x00, 0x00, 0x00, 0x00,
  0x00, 0x00, 0x00, 0x00, 0x00, 0x00, 0x00, 0x00, 0x00, 0x00, 0x00, 0x00, 0xff, 0x71, 0x8d, 0x09,
  0xff, 0x7f, 0x90, 0x1e, 0xff, 0x7c, 0x92, 0x5e, 0xff, 0x7b, 0x93, 0xb0, 0xff, 0x79, 0x92, 0xf5,
  0xff, 0x7f, 0x99, 0xff, 0xff, 0x7a, 0x96, 0xff, 0xff, 0x76, 0x93, 0xfd, 0xff, 0x77, 0x93, 0xf9,
  0xff, 0x77, 0x93, 0xfc, 0xff, 0x75, 0x93, 0xfc, 0xff, 0x75, 0x94, 0xfd, 0xff, 0x75, 0x94, 0xfe,
  0xff, 0x75, 0x94, 0xfe, 0xff, 0x75, 0x93, 0xfe, 0xff, 0x73, 0x93, 0xfe, 0xff, 0x73, 0x93, 0xfe,
  0xff, 0x73, 0x94, 0xfe, 0xff, 0x73, 0x94, 0xfe, 0xff, 0x73, 0x94, 0xfe, 0xff, 0x73, 0x94, 0xfe,
  0xff, 0x73, 0x95, 0xfe, 0xff, 0x72, 0x95, 0xfe, 0xff, 0x71, 0x95, 0xff, 0xff, 0x71, 0x95, 0xff,
  0xff, 0x71, 0x95, 0xfe, 0xff, 0x70, 0x94, 0xfe, 0xff, 0x70, 0x94, 0xfe, 0xff, 0x70, 0x96, 0xff,
  0xff, 0x6f, 0x96, 0xff, 0xff, 0x6f, 0x95, 0xfe, 0xff, 0x70, 0x96, 0xfe, 0xff, 0x70, 0x96, 0xfe,
  0xff, 0x70, 0x96, 0xfe, 0xff, 0x70, 0x96, 0xff, 0xff, 0x70, 0x96, 0xff, 0xff, 0x70, 0x96, 0xff,
  0xff, 0x70, 0x96, 0xfe, 0xff, 0x6f, 0x95, 0xfe, 0xff, 0x70, 0x95, 0xfe, 0xff, 0x6f, 0x96, 0xfd,
  0xff, 0x70, 0x95, 0xfa, 0xff, 0x6f, 0x96, 0xf7, 0xff, 0x6f, 0x95, 0xfa, 0xff, 0x71, 0x96, 0xff,
  0xff, 0x77, 0xa0, 0xff, 0xff, 0x71, 0x98, 0xff, 0xff, 0x6f, 0x95, 0xc3, 0xff, 0x71, 0x92, 0x6a,
  0xff, 0x6f, 0x97, 0x20, 0xff, 0x55, 0x8d, 0x09, 0x00, 0x00, 0x00, 0x00, 0x00, 0x00, 0x00, 0x00,
  0x00, 0x00, 0x00, 0x00, 0x00, 0x00, 0x00, 0x00, 0x00, 0x00, 0x00, 0x00, 0x00, 0x00, 0x00, 0x00,
  0x00, 0x00, 0x00, 0x00, 0x00, 0x00, 0x00, 0x00, 0x00, 0x00, 0x00, 0x00, 0x00, 0x00, 0x00, 0x00,
  0x00, 0x00, 0x00, 0x00, 0x00, 0x00, 0x00, 0x00, 0x00, 0x00, 0x00, 0x00, 0x00, 0x00, 0x00, 0x00,
  0x00, 0x00, 0x00, 0x00, 0x00, 0x00, 0x00, 0x00, 0x00, 0x00, 0x00, 0x00, 0x00, 0x00, 0x00, 0x00,
  0x00, 0x00, 0x00, 0x00, 0x00, 0x00, 0x00, 0x00, 0x00, 0x00, 0x00, 0x00, 0x00, 0x00, 0x00, 0x00,
  0x00, 0x00, 0x00, 0x00, 0x00, 0x00, 0x00, 0x00, 0x00, 0x00, 0x00, 0x00, 0x00, 0x00, 0x00, 0x00,
  0x00, 0x00, 0x00, 0x00, 0x00, 0x00, 0x00, 0x00, 0x00, 0x00, 0x00, 0x00, 0x00, 0x00, 0x00, 0x00,
  0x00, 0x00, 0x00, 0x00, 0x00, 0x00, 0x00, 0x00, 0x00, 0x00, 0x00, 0x00, 0x00, 0x00, 0x00, 0x00,
  0x00, 0x00, 0x00, 0x00, 0xff, 0x00, 0x00, 0x01, 0xff, 0x7f, 0xbf, 0x04, 0xff, 0xaa, 0xaa, 0x03,
  0x00, 0x00, 0x00, 0x00, 0x00, 0x00, 0x00, 0x00, 0xff, 0x78, 0x96, 0x11, 0xff, 0x7a, 0x93, 0x47,
  0xff, 0x79, 0x92, 0x76, 0xff, 0x79, 0x93, 0xa4, 0xff, 0x77, 0x94, 0xd3, 0xff, 0x78, 0x95, 0xff,
  0xff, 0x80, 0x9e, 0xff, 0xff, 0x7c, 0x9c, 0xff, 0xff, 0x77, 0x98, 0xff, 0xff, 0x73, 0x93, 0xfe,
  0xff, 0x74, 0x95, 0xf8, 0xff, 0x73, 0x94, 0xf9, 0xff, 0x74, 0x93, 0xfa, 0xff, 0x73, 0x94, 0xfb,
  0xff, 0x73, 0x94, 0xfc, 0xff, 0x72, 0x95, 0xfd, 0xff, 0x72, 0x95, 0xfd, 0xff, 0x72, 0x95, 0xfd,
  0xff, 0x71, 0x95, 0xfd, 0xff, 0x71, 0x94, 0xfe, 0xff, 0x71, 0x94, 0xfe, 0xff, 0x70, 0x95, 0xff,
  0xff, 0x70, 0x96, 0xff, 0xff, 0x70, 0x96, 0xfe, 0xff, 0x6f, 0x94, 0xfe, 0xff, 0x6f, 0x94, 0xfe,
  0xff, 0x70, 0x96, 0xff, 0xff, 0x6f, 0x96, 0xfe, 0xff, 0x6e, 0x95, 0xfd, 0xff, 0x70, 0x97, 0xfd,
  0xff, 0x70, 0x96, 0xfd, 0xff, 0x70, 0x95, 0xfc, 0xff, 0x6e, 0x95, 0xfd, 0xff, 0x70, 0x95, 0xfc,
  0xff, 0x6f, 0x96, 0xfb, 0xff, 0x70, 0x96, 0xfa, 0xff, 0x70, 0x95, 0xfa, 0xff, 0x6f, 0x95, 0xfe,
  0xff, 0x72, 0x99, 0xff, 0xff, 0x77, 0xa0, 0xff, 0xff, 0x7a, 0xa5, 0xff, 0xff, 0x75, 0x9e, 0xff,
  0xff, 0x6f, 0x95, 0xe4, 0xff, 0x71, 0x98, 0xb6, 0xff, 0x70, 0x97, 0x8a, 0xff, 0x6d, 0x91, 0x54,
  0xff, 0x7a, 0x8e, 0x19, 0x00, 0x00, 0x00, 0x00, 0x00, 0x00, 0x00, 0x00, 0xff, 0xaa, 0xaa, 0x03,
  0xff, 0x7f, 0x7f, 0x04, 0xff, 0x00, 0x00, 0x01, 0x00, 0x00, 0x00, 0x00, 0x00, 0x00, 0x00, 0x00,
  0x00, 0x00, 0x00, 0x00, 0x00, 0x00, 0x00, 0x00, 0x00, 0x00, 0x00, 0x00, 0x00, 0x00, 0x00, 0x00,
  0x00, 0x00, 0x00, 0x00, 0x00, 0x00, 0x00, 0x00, 0x00, 0x00, 0x00, 0x00, 0x00, 0x00, 0x00, 0x00,
  0x00, 0x00, 0x00, 0x00, 0x00, 0x00, 0x00, 0x00, 0x00, 0x00, 0x00, 0x00, 0x00, 0x00, 0x00, 0x00,
  0x00, 0x00, 0x00, 0x00, 0x00, 0x00, 0x00, 0x00, 0x00, 0x00, 0x00, 0x00, 0x00, 0x00, 0x00, 0x00,
  0x00, 0x00, 0x00, 0x00, 0x00, 0x00, 0x00, 0x00, 0x00, 0x00, 0x00, 0x00, 0x00, 0x00, 0x00, 0x00,
  0x00, 0x00, 0x00, 0x00, 0x00, 0x00, 0x00, 0x00, 0x00, 0x00, 0x00, 0x00, 0x00, 0x00, 0x00, 0x00,
  0x00, 0x00, 0x00, 0x00, 0x00, 0x00, 0x00, 0x00, 0x00, 0x00, 0x00, 0x00, 0x00, 0x00, 0x00, 0x00,
  0x00, 0x00, 0x00, 0x00, 0x00, 0x00, 0x00, 0x00, 0x00, 0x00, 0x00, 0x00, 0x00, 0x00, 0x00, 0x00,
  0x00, 0x00, 0x00, 0x00, 0xff, 0x7f, 0x7f, 0x02, 0xff, 0x55, 0xaa, 0x03, 0xff, 0x55, 0xaa, 0x03,
  0x00, 0x00, 0x00, 0x00, 0x00, 0x00, 0x00, 0x00, 0xff, 0x75, 0x97, 0x25, 0xff, 0x77, 0x96, 0x75,
  0xff, 0x75, 0x92, 0xc6, 0xff, 0x75, 0x93, 0xef, 0xff, 0x76, 0x95, 0xf6, 0xff, 0x74, 0x94, 0xfc,
  0xff, 0x73, 0x94, 0xfe, 0xff, 0x75, 0x97, 0xff, 0xff, 0x75, 0x97, 0xff, 0xff, 0x74, 0x96, 0xff,
  0xff, 0x74, 0x97, 0xff, 0xff, 0x74, 0x96, 0xff, 0xff, 0x72, 0x96, 0xff, 0xff, 0x71, 0x96, 0xff,
  0xff, 0x71, 0x95, 0xff, 0xff, 0x70, 0x95, 0xfe, 0xff, 0x70, 0x94, 0xfe, 0xff, 0x70, 0x94, 0xfe,
  0xff, 0x6f, 0x95, 0xfe, 0xff, 0x6f, 0x96, 0xfe, 0xff, 0x70, 0x96, 0xff, 0xff, 0x6f, 0x95, 0xfe,
  0xff, 0x6f, 0x95, 0xfe, 0xff, 0x70, 0x96, 0xfe, 0xff, 0x70, 0x96, 0xfe, 0xff, 0x6f, 0x95, 0xfe,
  0xff, 0x70, 0x96, 0xff, 0xff, 0x70, 0x97, 0xff, 0xff, 0x70, 0x96, 0xff, 0xff, 0x70, 0x96, 0xff,
  0xff, 0x71, 0x98, 0xff, 0xff, 0x72, 0x98, 0xff, 0xff, 0x72, 0x98, 0xff, 0xff, 0x71, 0x98, 0xff,
  0xff, 0x70, 0x96, 0xff, 0xff, 0x6f, 0x95, 0xfb, 0xff, 0x6f, 0x96, 0xf4, 0xff, 0x70, 0x97, 0xf1,
  0xff, 0x6d, 0x95, 0xd8, 0xff, 0x6f, 0x96, 0x93, 0xff, 0x6d, 0x95, 0x41, 0xff, 0x7f, 0xaa, 0x06,
  0x00, 0x00, 0x00, 0x00, 0xff, 0x00, 0x00, 0x01, 0xff, 0x55, 0xaa, 0x03, 0xff, 0x7f, 0x7f, 0x02,
  0x00, 0x00, 0x00, 0x00, 0x00, 0x00, 0x00, 0x00, 0x00, 0x00, 0x00, 0x00, 0x00, 0x00, 0x00, 0x00,
  0x00, 0x00, 0x00, 0x00, 0x00, 0x00, 0x00, 0x00, 0x00, 0x00, 0x00, 0x00, 0x00, 0x00, 0x00, 0x00,
  0x00, 0x00, 0x00, 0x00, 0x00, 0x00, 0x00, 0x00, 0x00, 0x00, 0x00, 0x00, 0x00, 0x00, 0x00, 0x00,
  0x00, 0x00, 0x00, 0x00, 0x00, 0x00, 0x00, 0x00, 0x00, 0x00, 0x00, 0x00, 0x00, 0x00, 0x00, 0x00,
  0x00, 0x00, 0x00, 0x00, 0x00, 0x00, 0x00, 0x00, 0x00, 0x00, 0x00, 0x00, 0x00, 0x00, 0x00, 0x00,
  0x00, 0x00, 0x00, 0x00, 0x00, 0x00, 0x00, 0x00, 0x00, 0x00, 0x00, 0x00, 0x00, 0x00, 0x00, 0x00,
  0x00, 0x00, 0x00, 0x00, 0x00, 0x00, 0x00, 0x00, 0x00, 0x00, 0x00, 0x00, 0x00, 0x00, 0x00, 0x00,
  0x00, 0x00, 0x00, 0x00, 0x00, 0x00, 0x00, 0x00, 0x00, 0x00, 0x00, 0x00, 0x00, 0x00, 0x00, 0x00,
  0x00, 0x00, 0x00, 0x00, 0x00, 0x00, 0x00, 0x00, 0x00, 0x00, 0x00, 0x00, 0x00, 0x00, 0x00, 0x00,
  0x00, 0x00, 0x00, 0x00, 0x00, 0x00, 0x00, 0x00, 0xff, 0xff, 0xff, 0x01, 0xff, 0x7f, 0x7f, 0x02,
  0x00, 0x00, 0x00, 0x00, 0x00, 0x00, 0x00, 0x00, 0x00, 0x00, 0x00, 0x00, 0xff, 0x00, 0xff, 0x01,
  0xff, 0x7a, 0x99, 0x19, 0xff, 0x75, 0x93, 0x34, 0xff, 0x72, 0x96, 0x62, 0xff, 0x73, 0x96, 0x9a,
  0xff, 0x73, 0x96, 0xc5, 0xff, 0x72, 0x94, 0xf2, 0xff, 0x80, 0xa4, 0xff, 0xff, 0x7f, 0xa5, 0xff,
  0xff, 0x78, 0x9d, 0xff, 0xff, 0x77, 0x9c, 0xff, 0xff, 0x75, 0x99, 0xff, 0xff, 0x72, 0x96, 0xff,
  0xff, 0x6f, 0x95, 0xfe, 0xff, 0x70, 0x95, 0xfc, 0xff, 0x6f, 0x95, 0xfb, 0xff, 0x70, 0x96, 0xf8,
  0xff, 0x6f, 0x96, 0xf6, 0xff, 0x6e, 0x95, 0xf6, 0xff, 0x6f, 0x96, 0xf6, 0xff, 0x70, 0x96, 0xf7,
  0xff, 0x6f, 0x96, 0xf6, 0xff, 0x6f, 0x96, 0xf6, 0xff, 0x70, 0x96, 0xf6, 0xff, 0x71, 0x96, 0xf8,
  0xff, 0x6f, 0x96, 0xfb, 0xff, 0x6f, 0x95, 0xfc, 0xff, 0x6f, 0x96, 0xff, 0xff, 0x72, 0x99, 0xff,
  0xff, 0x73, 0x9a, 0xff, 0xff, 0x75, 0x9d, 0xff, 0xff, 0x78, 0xa1, 0xff, 0xff, 0x78, 0xa1, 0xff,
  0xff, 0x75, 0x9d, 0xff, 0xff, 0x6e, 0x95, 0xfb, 0xff, 0x6f, 0x94, 0xcb, 0xff, 0x6e, 0x95, 0x83,
  0xff, 0x6f, 0x95, 0x52, 0xff, 0x6d, 0x95, 0x3a, 0xff, 0x6d, 0x99, 0x23, 0xff, 0x71, 0x8d, 0x09,
  0x00, 0x00, 0x00, 0x00, 0x00, 0x00, 0x00, 0x00, 0x00, 0x00, 0x00, 0x00, 0xff, 0xff, 0xff, 0x01,
  0xff, 0xff, 0xff, 0x01, 0x00, 0x00, 0x00, 0x00, 0x00, 0x00, 0x00, 0x00, 0x00, 0x00, 0x00, 0x00,
  0x00, 0x00, 0x00, 0x00, 0x00, 0x00, 0x00, 0x00, 0x00, 0x00, 0x00, 0x00, 0x00, 0x00, 0x00, 0x00,
  0x00, 0x00, 0x00, 0x00, 0x00, 0x00, 0x00, 0x00, 0x00, 0x00, 0x00, 0x00, 0x00, 0x00, 0x00, 0x00,
  0x00, 0x00, 0x00, 0x00, 0x00, 0x00, 0x00, 0x00, 0x00, 0x00, 0x00, 0x00, 0x00, 0x00, 0x00, 0x00,
  0x00, 0x00, 0x00, 0x00, 0x00, 0x00, 0x00, 0x00, 0x00, 0x00, 0x00, 0x00, 0x00, 0x00, 0x00, 0x00,
  0x00, 0x00, 0x00, 0x00, 0x00, 0x00, 0x00, 0x00, 0x00, 0x00, 0x00, 0x00, 0x00, 0x00, 0x00, 0x00,
  0x00, 0x00, 0x00, 0x00, 0x00, 0x00, 0x00, 0x00, 0x00, 0x00, 0x00, 0x00, 0x00, 0x00, 0x00, 0x00,
  0x00, 0x00, 0x00, 0x00, 0x00, 0x00, 0x00, 0x00, 0x00, 0x00, 0x00, 0x00, 0x00, 0x00, 0x00, 0x00,
  0x00, 0x00, 0x00, 0x00, 0x00, 0x00, 0x00, 0x00, 0x00, 0x00, 0x00, 0x00, 0x00, 0x00, 0x00, 0x00,
  0x00, 0x00, 0x00, 0x00, 0x00, 0x00, 0x00, 0x00, 0x00, 0x00, 0x00, 0x00, 0x00, 0x00, 0x00, 0x00,
  0x00, 0x00, 0x00, 0x00, 0xff, 0x7f, 0x7f, 0x02, 0xff, 0x66, 0x99, 0x05, 0xff, 0x6d, 0x91, 0x07,
  0xff, 0x55, 0xaa, 0x03, 0x00, 0x00, 0x00, 0x00, 0x00, 0x00, 0x00, 0x00, 0xff, 0x3f, 0xbf, 0x04,
  0xff, 0x6d, 0x95, 0x3a, 0xff, 0x73, 0x97, 0x63, 0xff, 0x74, 0x95, 0x8e, 0xff, 0x73, 0x95, 0xb5,
  0xff, 0x74, 0x97, 0xc3, 0xff, 0x71, 0x94, 0xd1, 0xff, 0x70, 0x94, 0xe2, 0xff, 0x70, 0x96, 0xee,
  0xff, 0x70, 0x95, 0xf8, 0xff, 0x70, 0x97, 0xff, 0xff, 0x72, 0x99, 0xff, 0xff, 0x74, 0x9c, 0xff,
  0xff, 0x78, 0xa1, 0xff, 0xff, 0x7b, 0xa5, 0xff, 0xff, 0x7a, 0xa3, 0xff, 0xff, 0x79, 0xa2, 0xff,
  0xff, 0x7a, 0xa4, 0xff, 0xff, 0x7a, 0xa4, 0xff, 0xff, 0x7b, 0xa4, 0xff, 0xff, 0x7a, 0xa4, 0xff,
  0xff, 0x78, 0xa1, 0xff, 0xff, 0x75, 0x9d, 0xff, 0xff, 0x72, 0x9a, 0xff, 0xff, 0x6f, 0x95, 0xff,
  0xff, 0x70, 0x97, 0xf3, 0xff, 0x6f, 0x96, 0xe7, 0xff, 0x6e, 0x94, 0xdd, 0xff, 0x70, 0x96, 0xd1,
  0xff, 0x71, 0x97, 0xc2, 0xff, 0x6e, 0x94, 0xaf, 0xff, 0x6e, 0x95, 0x98, 0xff, 0x70, 0x95, 0x68,
  0xff, 0x6d, 0x91, 0x23, 0x00, 0x00, 0x00, 0x00, 0x00, 0x00, 0x00, 0x00, 0x00, 0x00, 0x00, 0x00,
  0x00, 0x00, 0x00, 0x00, 0xff, 0x66, 0x99, 0x05, 0xff, 0x66, 0x99, 0x05, 0xff, 0x7f, 0x7f, 0x02,
  0x00, 0x00, 0x00, 0x00, 0x00, 0x00, 0x00, 0x00, 0x00, 0x00, 0x00, 0x00, 0x00, 0x00, 0x00, 0x00,
  0x00, 0x00, 0x00, 0x00, 0x00, 0x00, 0x00, 0x00, 0x00, 0x00, 0x00, 0x00, 0x00, 0x00, 0x00, 0x00,
  0x00, 0x00, 0x00, 0x00, 0x00, 0x00, 0x00, 0x00, 0x00, 0x00, 0x00, 0x00, 0x00, 0x00, 0x00, 0x00,
  0x00, 0x00, 0x00, 0x00, 0x00, 0x00, 0x00, 0x00, 0x00, 0x00, 0x00, 0x00, 0x00, 0x00, 0x00, 0x00,
  0x00, 0x00, 0x00, 0x00, 0x00, 0x00, 0x00, 0x00, 0x00, 0x00, 0x00, 0x00, 0x00, 0x00, 0x00, 0x00,
  0x00, 0x00, 0x00, 0x00, 0x00, 0x00, 0x00, 0x00, 0x00, 0x00, 0x00, 0x00, 0x00, 0x00, 0x00, 0x00,
  0x00, 0x00, 0x00, 0x00, 0x00, 0x00, 0x00, 0x00, 0x00, 0x00, 0x00, 0x00, 0x00, 0x00, 0x00, 0x00,
  0x00, 0x00, 0x00, 0x00, 0x00, 0x00, 0x00, 0x00, 0x00, 0x00, 0x00, 0x00, 0x00, 0x00, 0x00, 0x00,
  0x00, 0x00, 0x00, 0x00, 0x00, 0x00, 0x00, 0x00, 0x00, 0x00, 0x00, 0x00, 0x00, 0x00, 0x00, 0x00,
  0x00, 0x00, 0x00, 0x00, 0x00, 0x00, 0x00, 0x00, 0x00, 0x00, 0x00, 0x00, 0x00, 0x00, 0x00, 0x00,
  0x00, 0x00, 0x00, 0x00, 0x00, 0x00, 0x00, 0x00, 0x00, 0x00, 0x00, 0x00, 0x00, 0x00, 0x00, 0x00,
  0x00, 0x00, 0x00, 0x00, 0x00, 0x00, 0x00, 0x00, 0x00, 0x00, 0x00, 0x00, 0x00, 0x00, 0x00, 0x00,
  0x00, 0x00, 0x00, 0x00, 0xff, 0x7f, 0x7f, 0x02, 0xff, 0x7f, 0xaa, 0x06, 0xff, 0x6d, 0x91, 0x07,
  0xff, 0x71, 0x8d, 0x09, 0xff, 0x6d, 0x91, 0x2a, 0xff, 0x6f, 0x95, 0x57, 0xff, 0x70, 0x96, 0x7f,
  0xff, 0x6f, 0x95, 0xa0, 0xff, 0x6f, 0x96, 0xbb, 0xff, 0x6f, 0x96, 0xd2, 0xff, 0x6e, 0x96, 0xdd,
  0xff, 0x6e, 0x96, 0xe7, 0xff, 0x6e, 0x96, 0xfb, 0xff, 0x75, 0x9d, 0xff, 0xff, 0x74, 0x9c, 0xff,
  0xff, 0x72, 0x9a, 0xff, 0xff, 0x73, 0x9b, 0xff, 0xff, 0x73, 0x9b, 0xff, 0xff, 0x76, 0x9d, 0xff,
  0xff, 0x74, 0x9c, 0xff, 0xff, 0x6f, 0x96, 0xfa, 0xff, 0x6f, 0x97, 0xe7, 0xff, 0x6f, 0x96, 0xde,
  0xff, 0x6f, 0x96, 0xcc, 0xff, 0x6f, 0x97, 0xac, 0xff, 0x6e, 0x96, 0x8d, 0xff, 0x6e, 0x92, 0x71,
  0xff, 0x6f, 0x92, 0x52, 0xff, 0x73, 0x96, 0x33, 0xff, 0x79, 0x9b, 0x17, 0xff, 0x71, 0x8d, 0x09,
  0xff, 0x66, 0x99, 0x05, 0xff, 0x00, 0x00, 0x01, 0x00, 0x00, 0x00, 0x00, 0x00, 0x00, 0x00, 0x00,
  0x00, 0x00, 0x00, 0x00, 0x00, 0x00, 0x00, 0x00, 0x00, 0x00, 0x00, 0x00, 0x00, 0x00, 0x00, 0x00,
  0x00, 0x00, 0x00, 0x00, 0x00, 0x00, 0x00, 0x00, 0x00, 0x00, 0x00, 0x00, 0x00, 0x00, 0x00, 0x00,
  0x00, 0x00, 0x00, 0x00, 0x00, 0x00, 0x00, 0x00, 0x00, 0x00, 0x00, 0x00, 0x00, 0x00, 0x00, 0x00,
  0x00, 0x00, 0x00, 0x00, 0x00, 0x00, 0x00, 0x00, 0x00, 0x00, 0x00, 0x00, 0x00, 0x00, 0x00, 0x00,
  0x00, 0x00, 0x00, 0x00, 0x00, 0x00, 0x00, 0x00, 0x00, 0x00, 0x00, 0x00, 0x00, 0x00, 0x00, 0x00,
  0x00, 0x00, 0x00, 0x00, 0x00, 0x00, 0x00, 0x00, 0x00, 0x00, 0x00, 0x00, 0x00, 0x00, 0x00, 0x00,
  0x00, 0x00, 0x00, 0x00, 0x00, 0x00, 0x00, 0x00, 0x00, 0x00, 0x00, 0x00, 0x00, 0x00, 0x00, 0x00,
  0x00, 0x00, 0x00, 0x00, 0x00, 0x00, 0x00, 0x00, 0x00, 0x00, 0x00, 0x00, 0x00, 0x00, 0x00, 0x00,
  0x00, 0x00, 0x00, 0x00, 0x00, 0x00, 0x00, 0x00, 0x00, 0x00, 0x00, 0x00, 0x00, 0x00, 0x00, 0x00,
  0x00, 0x00, 0x00, 0x00, 0x00, 0x00, 0x00, 0x00, 0x00, 0x00, 0x00, 0x00, 0x00, 0x00, 0x00, 0x00,
  0x00, 0x00, 0x00, 0x00, 0x00, 0x00, 0x00, 0x00, 0x00, 0x00, 0x00, 0x00, 0x00, 0x00, 0x00, 0x00,
  0x00, 0x00, 0x00, 0x00, 0x00, 0x00, 0x00, 0x00, 0x00, 0x00, 0x00, 0x00, 0x00, 0x00, 0x00, 0x00,
  0x00, 0x00, 0x00, 0x00, 0x00, 0x00, 0x00, 0x00, 0xff, 0x00, 0x00, 0x01, 0xff, 0x7f, 0x7f, 0x02,
  0xff, 0x7f, 0x7f, 0x04, 0x00, 0x00, 0x00, 0x00, 0x00, 0x00, 0x00, 0x00, 0x00, 0x00, 0x00, 0x00,
  0x00, 0x00, 0x00, 0x00, 0x00, 0x00, 0x00, 0x00, 0x00, 0x00, 0x00, 0x00, 0xff, 0x75, 0x9c, 0x0d,
  0xff, 0x6f, 0x8f, 0x20, 0xff, 0x6e, 0x95, 0x2e, 0xff, 0x70, 0x97, 0x3b, 0xff, 0x70, 0x95, 0x46,
  0xff, 0x70, 0x95, 0x4b, 0xff, 0x6d, 0x97, 0x4f, 0xff, 0x6c, 0x94, 0x59, 0xff, 0x70, 0x96, 0x5f,
  0xff, 0x70, 0x96, 0x5f, 0xff, 0x6f, 0x95, 0x5e, 0xff, 0x6e, 0x93, 0x5f, 0xff, 0x6e, 0x93, 0x5f,
  0xff, 0x70, 0x96, 0x5f, 0xff, 0x70, 0x96, 0x5f, 0xff, 0x6e, 0x96, 0x58, 0xff, 0x70, 0x97, 0x4f,
  0xff, 0x70, 0x95, 0x4b, 0xff, 0x6e, 0x94, 0x43, 0xff, 0x70, 0x98, 0x34, 0xff, 0x6b, 0x93, 0x26,
  0xff, 0x70, 0x8e, 0x19, 0xff, 0x73, 0x8b, 0x0b, 0x00, 0x00, 0x00, 0x00, 0x00, 0x00, 0x00, 0x00,
  0x00, 0x00, 0x00, 0x00, 0x00, 0x00, 0x00, 0x00, 0x00, 0x00, 0x00, 0x00, 0xff, 0x7f, 0x7f, 0x02,
  0xff, 0x7f, 0x7f, 0x04, 0xff, 0x55, 0xaa, 0x03, 0xff, 0x00, 0xff, 0x01, 0x00, 0x00, 0x00, 0x00,
  0x00, 0x00, 0x00, 0x00, 0x00, 0x00, 0x00, 0x00, 0x00, 0x00, 0x00, 0x00, 0x00, 0x00, 0x00, 0x00,
  0x00, 0x00, 0x00, 0x00, 0x00, 0x00, 0x00, 0x00, 0x00, 0x00, 0x00, 0x00, 0x00, 0x00, 0x00, 0x00,
  0x00, 0x00, 0x00, 0x00, 0x00, 0x00, 0x00, 0x00, 0x00, 0x00, 0x00, 0x00, 0x00, 0x00, 0x00, 0x00,
  0x00, 0x00, 0x00, 0x00, 0x00, 0x00, 0x00, 0x00, 0x00, 0x00, 0x00, 0x00, 0x00, 0x00, 0x00, 0x00,
  0x00, 0x00, 0x00, 0x00, 0x00, 0x00, 0x00, 0x00, 0x00, 0x00, 0x00, 0x00, 0x00, 0x00, 0x00, 0x00,
  0x00, 0x00, 0x00, 0x00, 0x00, 0x00, 0x00, 0x00, 0x00, 0x00, 0x00, 0x00, 0x00, 0x00, 0x00, 0x00,
  0x00, 0x00, 0x00, 0x00, 0x00, 0x00, 0x00, 0x00, 0x00, 0x00, 0x00, 0x00, 0x00, 0x00, 0x00, 0x00,
  0x00, 0x00, 0x00, 0x00, 0x00, 0x00, 0x00, 0x00, 0x00, 0x00, 0x00, 0x00, 0x00, 0x00, 0x00, 0x00,
  0x00, 0x00, 0x00, 0x00, 0x00, 0x00, 0x00, 0x00, 0x00, 0x00, 0x00, 0x00, 0x00, 0x00, 0x00, 0x00,
  0x00, 0x00, 0x00, 0x00, 0x00, 0x00, 0x00, 0x00, 0x00, 0x00, 0x00, 0x00, 0x00, 0x00, 0x00, 0x00,
  0x00, 0x00, 0x00, 0x00, 0x00, 0x00, 0x00, 0x00, 0x00, 0x00, 0x00, 0x00, 0x00, 0x00, 0x00, 0x00,
  0x00, 0x00, 0x00, 0x00, 0x00, 0x00, 0x00, 0x00, 0x00, 0x00, 0x00, 0x00, 0x00, 0x00, 0x00, 0x00,
  0x00, 0x00, 0x00, 0x00, 0x00, 0x00, 0x00, 0x00, 0xff, 0xff, 0xff, 0x01, 0xff, 0x55, 0xaa, 0x03,
  0xff, 0x66, 0x99, 0x05, 0xff, 0x6d, 0x91, 0x07, 0xff, 0x7f, 0x9f, 0x08, 0xff, 0x7f, 0x7f, 0x04,
  0x00, 0x00, 0x00, 0x00, 0x00, 0x00, 0x00, 0x00, 0x00, 0x00, 0x00, 0x00, 0x00, 0x00, 0x00, 0x00,
  0x00, 0x00, 0x00, 0x00, 0x00, 0x00, 0x00, 0x00, 0x00, 0x00, 0x00, 0x00, 0x00, 0x00, 0x00, 0x00,
  0x00, 0x00, 0x00, 0x00, 0x00, 0x00, 0x00, 0x00, 0x00, 0x00, 0x00, 0x00, 0x00, 0x00, 0x00, 0x00,
  0x00, 0x00, 0x00, 0x00, 0x00, 0x00, 0x00, 0x00, 0x00, 0x00, 0x00, 0x00, 0x00, 0x00, 0x00, 0x00,
  0x00, 0x00, 0x00, 0x00, 0x00, 0x00, 0x00, 0x00, 0x00, 0x00, 0x00, 0x00, 0x00, 0x00, 0x00, 0x00,
  0x00, 0x00, 0x00, 0x00, 0x00, 0x00, 0x00, 0x00, 0x00, 0x00, 0x00, 0x00, 0xff, 0x7f, 0x7f, 0x02,
  0xff, 0x55, 0x7f, 0x06, 0xff, 0x6d, 0x91, 0x07, 0xff, 0x66, 0x99, 0x05, 0xff, 0x7f, 0x7f, 0x02,
  0xff, 0x00, 0x00, 0x01, 0x00, 0x00, 0x00, 0x00, 0x00, 0x00, 0x00, 0x00, 0x00, 0x00, 0x00, 0x00,
  0x00, 0x00, 0x00, 0x00, 0x00, 0x00, 0x00, 0x00, 0x00, 0x00, 0x00, 0x00, 0x00, 0x00, 0x00, 0x00,
  0x00, 0x00, 0x00, 0x00, 0x00, 0x00, 0x00, 0x00, 0x00, 0x00, 0x00, 0x00, 0x00, 0x00, 0x00, 0x00,
  0x00, 0x00, 0x00, 0x00, 0x00, 0x00, 0x00, 0x00, 0x00, 0x00, 0x00, 0x00, 0x00, 0x00, 0x00, 0x00,
  0x00, 0x00, 0x00, 0x00, 0x00, 0x00, 0x00, 0x00, 0x00, 0x00, 0x00, 0x00, 0x00, 0x00, 0x00, 0x00,
  0x00, 0x00, 0x00, 0x00, 0x00, 0x00, 0x00, 0x00, 0x00, 0x00, 0x00, 0x00, 0x00, 0x00, 0x00, 0x00,
  0x00, 0x00, 0x00, 0x00, 0x00, 0x00, 0x00, 0x00, 0x00, 0x00, 0x00, 0x00, 0x00, 0x00, 0x00, 0x00
};

const lv_image_dsc_t velaguard_img_icon_rainbow_rain_blue_0 =
{
  .header.magic = LV_IMAGE_HEADER_MAGIC,
  .header.cf = LV_COLOR_FORMAT_ARGB8888,
  .header.flags = 0,
  .header.w = 89,
  .header.h = 116,
  .header.stride = 356,
  .data_size = sizeof(velaguard_img_icon_rainbow_rain_blue_0_data),
  .data = velaguard_img_icon_rainbow_rain_blue_0_data,
};
